gift_id	gift_complete	route_id	route_complete	step_order	required	reaction_id	rhea_master	orientation	reaction_supported	system_id	system_supported	component_id	component_supported	accepted_markers	gene_id	namespace	accession	evidence_type	confidence	source	scenario_id	targeted_supported_gift	removed_gene_ids	gift_type	mechanism_id	mechanism_complete	ordinal	function_id	function_name	function_supported	circuit_id	circuit_complete
acetate_interconversion	FALSE	ACETATE_PTA_ACKA	FALSE	1	TRUE	RHEA:19521	RHEA:19521	forward	FALSE	SYS_19521_PTA	FALSE	COMP_19521_CATALYTIC	FALSE	KO:K00625;KO:K13788;KO:K15024							fixed_annotation_remove_trace_genes_acetate_interconversion	acetate_interconversion	CP009685.1_1212;CP009685.1_1213;CP009685.1_423
acetate_interconversion	FALSE	ACETATE_PTA_ACKA	FALSE	2	TRUE	RHEA:11352	RHEA:11352	reverse	FALSE	SYS_11352_ACKA	FALSE	COMP_11352_CATALYTIC	FALSE	KO:K00925							fixed_annotation_remove_trace_genes_acetate_interconversion	acetate_interconversion	CP009685.1_1212;CP009685.1_1213;CP009685.1_423
acetyl_coa_to_isocitrate	FALSE	TCA1_CS_ACN	FALSE	1	TRUE	RHEA:16845	RHEA:16845	forward	TRUE	SYS_16845_CS_SI	TRUE	COMP_16845_CS_SI	TRUE	KO:K01647	CP009685.1_2775	KO	K01647	orthology	curated	KEGG orthology and Rhea release 141, verified 2026-08-18	fixed_annotation_remove_trace_genes_acetyl_coa_to_isocitrate	acetyl_coa_to_isocitrate	CP009685.1_2227;CP009685.1_3150;CP009685.1_3364
acetyl_coa_to_isocitrate	FALSE	TCA1_CS_ACN	FALSE	2	TRUE	RHEA:10336	RHEA:10336	forward	FALSE	SYS_10336_ACONITASE	FALSE	COMP_10336_CATALYTIC	FALSE	KO:K01681;KO:K01682;KO:K27802							fixed_annotation_remove_trace_genes_acetyl_coa_to_isocitrate	acetyl_coa_to_isocitrate	CP009685.1_2227;CP009685.1_3150;CP009685.1_3364
adenylate_biosynthesis	FALSE	AMP_ADENYLOSUCCINATE	FALSE	1	TRUE	RHEA:15753	RHEA:15753	forward	FALSE	SYS_15753_ADSS	FALSE	COMP_15753_CATALYTIC	FALSE	KO:K01939							fixed_annotation_remove_trace_genes_adenylate_biosynthesis	adenylate_biosynthesis	CP009685.1_2376;CP009685.1_3700
adenylate_biosynthesis	FALSE	AMP_ADENYLOSUCCINATE	FALSE	2	TRUE	RHEA:16853	RHEA:16853	forward	FALSE	SYS_16853_ADSL	FALSE	COMP_16853_CATALYTIC	FALSE	KO:K01756							fixed_annotation_remove_trace_genes_adenylate_biosynthesis	adenylate_biosynthesis	CP009685.1_2376;CP009685.1_3700
purine_core_biosynthesis	FALSE	PCR_FOLATE_TWOSTEP_FOLATE	FALSE	1	TRUE	RHEA:14905	RHEA:14905	reverse	TRUE	SYS_14905_PURF	TRUE	COMP_14905_CATALYTIC	TRUE	KO:K00764	CP009685.1_1197	KO	K00764	orthology	curated	KEGG M00048 2026-08-17	fixed_annotation_remove_trace_genes_adenylate_biosynthesis	adenylate_biosynthesis	CP009685.1_2376;CP009685.1_3700
purine_core_biosynthesis	FALSE	PCR_FOLATE_TWOSTEP_FOLATE	FALSE	2	TRUE	RHEA:17453	RHEA:17453	forward	TRUE	SYS_17453_MONOMER	TRUE	COMP_17453_CATALYTIC	TRUE	KO:K01945;KO:K11787;KO:K11788;KO:K13713	CP009685.1_3875	KO	K01945	orthology	curated	KEGG M00048 2026-08-17	fixed_annotation_remove_trace_genes_adenylate_biosynthesis	adenylate_biosynthesis	CP009685.1_2376;CP009685.1_3700
purine_core_biosynthesis	FALSE	PCR_FOLATE_TWOSTEP_FOLATE	FALSE	3	TRUE	RHEA:15053	RHEA:15053	forward	TRUE	SYS_15053_FOLATE	TRUE	COMP_15053_CATALYTIC	TRUE	KO:K00601;KO:K01492;KO:K11175;KO:K11787	CP009685.1_1012	KO	K11175	orthology	curated	KEGG M00048 2026-08-17	fixed_annotation_remove_trace_genes_adenylate_biosynthesis	adenylate_biosynthesis	CP009685.1_2376;CP009685.1_3700
purine_core_biosynthesis	FALSE	PCR_FOLATE_TWOSTEP_FOLATE	FALSE	4	TRUE	RHEA:17129	RHEA:17129	forward	TRUE	SYS_17129_LARGE	TRUE	COMP_17129_LARGE	TRUE	KO:K01952	CP009685.1_954	KO	K01952	orthology	curated	KEGG M00048 2026-08-17	fixed_annotation_remove_trace_genes_adenylate_biosynthesis	adenylate_biosynthesis	CP009685.1_2376;CP009685.1_3700
purine_core_biosynthesis	FALSE	PCR_FOLATE_TWOSTEP_FOLATE	FALSE	5	TRUE	RHEA:23032	RHEA:23032	forward	TRUE	SYS_23032_AIR_SYNTHASE	TRUE	COMP_23032_CATALYTIC	TRUE	KO:K01933;KO:K11787;KO:K11788	CP009685.1_1013	KO	K01933	orthology	curated	KEGG M00048 2026-08-17	fixed_annotation_remove_trace_genes_adenylate_biosynthesis	adenylate_biosynthesis	CP009685.1_2376;CP009685.1_3700
purine_core_biosynthesis	FALSE	PCR_FOLATE_TWOSTEP_FOLATE	FALSE	6	TRUE	RHEA:19317	RHEA:19317	forward	TRUE	SYS_19317_N5CAIR_SYNTHASE	TRUE	COMP_19317_CATALYTIC	TRUE	KO:K01589	CP009685.1_2967	KO	K01589	orthology	curated	KEGG M00048 2026-08-17	fixed_annotation_remove_trace_genes_adenylate_biosynthesis	adenylate_biosynthesis	CP009685.1_2376;CP009685.1_3700
purine_core_biosynthesis	FALSE	PCR_FOLATE_TWOSTEP_FOLATE	FALSE	7	TRUE	RHEA:13193	RHEA:13193	forward	TRUE	SYS_13193_N5CAIR_MUTASE	TRUE	COMP_13193_CATALYTIC	TRUE	KO:K01588	CP009685.1_2966	KO	K01588	orthology	curated	KEGG M00048 2026-08-17	fixed_annotation_remove_trace_genes_adenylate_biosynthesis	adenylate_biosynthesis	CP009685.1_2376;CP009685.1_3700
purine_core_biosynthesis	FALSE	PCR_FOLATE_TWOSTEP_FOLATE	FALSE	8	TRUE	RHEA:22628	RHEA:22628	forward	TRUE	SYS_22628_SAICAR	TRUE	COMP_22628_CATALYTIC	TRUE	KO:K01587;KO:K01923;KO:K13713	CP009685.1_1038	KO	K01923	orthology	curated	KEGG M00048 2026-08-17	fixed_annotation_remove_trace_genes_adenylate_biosynthesis	adenylate_biosynthesis	CP009685.1_2376;CP009685.1_3700
purine_core_biosynthesis	FALSE	PCR_FOLATE_TWOSTEP_FOLATE	FALSE	9	TRUE	RHEA:23920	RHEA:23920	forward	FALSE	SYS_23920_LYASE	FALSE	COMP_23920_CATALYTIC	FALSE	KO:K01756							fixed_annotation_remove_trace_genes_adenylate_biosynthesis	adenylate_biosynthesis	CP009685.1_2376;CP009685.1_3700
purine_core_biosynthesis	FALSE	PCR_FOLATE_TWOSTEP_FOLATE	FALSE	10	TRUE	RHEA:22192	RHEA:22192	forward	TRUE	SYS_22192_FOLATE	TRUE	COMP_22192_CATALYTIC	TRUE	KO:K00602;KO:K01492;NCBIFAM:NF005492.0	CP009685.1_3874	KO	K00602	orthology	curated	KEGG M00048 2026-08-17	fixed_annotation_remove_trace_genes_adenylate_biosynthesis	adenylate_biosynthesis	CP009685.1_2376;CP009685.1_3700
purine_core_biosynthesis	FALSE	PCR_FOLATE_TWOSTEP_FOLATE	FALSE	11	TRUE	RHEA:18445	RHEA:18445	reverse	TRUE	SYS_18445_CYCLASE	TRUE	COMP_18445_CATALYTIC	TRUE	KO:K00602;KO:K11176	CP009685.1_3874	KO	K00602	orthology	curated	KEGG M00048 2026-08-17	fixed_annotation_remove_trace_genes_adenylate_biosynthesis	adenylate_biosynthesis	CP009685.1_2376;CP009685.1_3700
arabinose_degradation	FALSE	ARA_ISOMERASE	FALSE	1	TRUE	RHEA:14821	RHEA:14821	forward	FALSE	SYS_14821_ARAA	FALSE	COMP_14821_CATALYTIC	FALSE	KO:K01804							fixed_annotation_remove_trace_genes_arabinose_degradation	arabinose_degradation	CP009685.1_3416;CP009685.1_3417;CP009685.1_3418;CP009685.1_3679;CP009685.1_4280
arabinose_degradation	FALSE	ARA_ISOMERASE	FALSE	2	TRUE	RHEA:22072	RHEA:22072	forward	FALSE	SYS_22072_ARAB	FALSE	COMP_22072_CATALYTIC	FALSE	KO:K00853;KO:K24707							fixed_annotation_remove_trace_genes_arabinose_degradation	arabinose_degradation	CP009685.1_3416;CP009685.1_3417;CP009685.1_3418;CP009685.1_3679;CP009685.1_4280
arabinose_degradation	FALSE	ARA_ISOMERASE	FALSE	3	TRUE	RHEA:22368	RHEA:22368	forward	FALSE	SYS_22368_ARAD	FALSE	COMP_22368_CATALYTIC	FALSE	KO:K03077							fixed_annotation_remove_trace_genes_arabinose_degradation	arabinose_degradation	CP009685.1_3416;CP009685.1_3417;CP009685.1_3418;CP009685.1_3679;CP009685.1_4280
arabinose_uptake_abc	FALSE	ARA_UPTAKE_ABC	FALSE	1	TRUE	RHEA:30007	RHEA:30007	forward	FALSE	SYS_30007_ARAFGH	FALSE	COMP_30007_ATPASE	FALSE	KO:K10539							fixed_annotation_remove_trace_genes_arabinose_uptake_abc	arabinose_uptake_abc	CP009685.1_1602;CP009685.1_1603;CP009685.1_1604
arabinose_uptake_abc	FALSE	ARA_UPTAKE_ABC	FALSE	1	TRUE	RHEA:30007	RHEA:30007	forward	FALSE	SYS_30007_ARAFGH	FALSE	COMP_30007_PERMEASE	FALSE	KO:K10538							fixed_annotation_remove_trace_genes_arabinose_uptake_abc	arabinose_uptake_abc	CP009685.1_1602;CP009685.1_1603;CP009685.1_1604
arabinose_uptake_abc	FALSE	ARA_UPTAKE_ABC	FALSE	1	TRUE	RHEA:30007	RHEA:30007	forward	FALSE	SYS_30007_ARAFGH	FALSE	COMP_30007_SBP	FALSE	KO:K10537							fixed_annotation_remove_trace_genes_arabinose_uptake_abc	arabinose_uptake_abc	CP009685.1_1602;CP009685.1_1603;CP009685.1_1604
arabinoxylan_debranching	FALSE	AX_DEBRANCH	FALSE	1	TRUE	RXN_ARABINOXYLAN_ARAF_RELEASE		forward	FALSE	SYS_ARAF	FALSE	COMP_ARAF	FALSE	CAZY:GH2;CAZY:GH3;CAZY:GH43;CAZY:GH43_e0;CAZY:GH43_e118;CAZY:GH43_e124;CAZY:GH43_e159;CAZY:GH43_e173;CAZY:GH43_e188;CAZY:GH43_e194;CAZY:GH43_e2;CAZY:GH43_e239;CAZY:GH43_e259;CAZY:GH43_e261;CAZY:GH43_e264;CAZY:GH43_e311;CAZY:GH43_e327;CAZY:GH43_e398;CAZY:GH43_e429;CAZY:GH43_e52;CAZY:GH43_e532;CAZY:GH43_e59;CAZY:GH43_e67;CAZY:GH43_e79;CAZY:GH43_e84;CAZY:GH5;CAZY:GH51;CAZY:GH51_e0;CAZY:GH51_e1;CAZY:GH51_e19;CAZY:GH51_e26;CAZY:GH51_e31;CAZY:GH51_e34;CAZY:GH51_e35;CAZY:GH51_e36;CAZY:GH51_e4;CAZY:GH51_e47;CAZY:GH51_e51;CAZY:GH51_e65;CAZY:GH54;CAZY:GH54_e0;CAZY:GH62;CAZY:GH62_e0;CAZY:GH62_e1;CAZY:GH62_e9;KO:K01209;KO:K15921;KO:K20844							fixed_annotation_remove_trace_genes_arabinoxylan_debranching	arabinoxylan_debranching	CP009685.1_1379;CP009685.1_1884;CP009685.1_2400;CP009685.1_3139;CP009685.1_3210;CP009685.1_460
chitin_degradation	FALSE	CHITIN_SACCHARIFICATION	FALSE	1	TRUE	RXN_CHITIN_ENDO		forward	TRUE	SYS_CHITINASE	TRUE	COMP_CHITINASE	TRUE	CAZY:GH18;CAZY:GH18_e1;CAZY:GH18_e104;CAZY:GH18_e111;CAZY:GH18_e121;CAZY:GH18_e14;CAZY:GH18_e147;CAZY:GH18_e148;CAZY:GH18_e151;CAZY:GH18_e154;CAZY:GH18_e164;CAZY:GH18_e175;CAZY:GH18_e177;CAZY:GH18_e184;CAZY:GH18_e187;CAZY:GH18_e19;CAZY:GH18_e193;CAZY:GH18_e196;CAZY:GH18_e2;CAZY:GH18_e20;CAZY:GH18_e211;CAZY:GH18_e224;CAZY:GH18_e231;CAZY:GH18_e236;CAZY:GH18_e253;CAZY:GH18_e258;CAZY:GH18_e26;CAZY:GH18_e260;CAZY:GH18_e263;CAZY:GH18_e272;CAZY:GH18_e285;CAZY:GH18_e287;CAZY:GH18_e3;CAZY:GH18_e325;CAZY:GH18_e327;CAZY:GH18_e334;CAZY:GH18_e338;CAZY:GH18_e342;CAZY:GH18_e347;CAZY:GH18_e348;CAZY:GH18_e354;CAZY:GH18_e373;CAZY:GH18_e392;CAZY:GH18_e4;CAZY:GH18_e401;CAZY:GH18_e428;CAZY:GH18_e431;CAZY:GH18_e521;CAZY:GH18_e66;CAZY:GH18_e672;CAZY:GH18_e69;CAZY:GH18_e72;CAZY:GH18_e77;CAZY:GH18_e80;CAZY:GH18_e81;CAZY:GH18_e83;CAZY:GH18_e830;CAZY:GH18_e834;CAZY:GH18_e91;CAZY:GH18_e95;CAZY:GH19;CAZY:GH19_e1;CAZY:GH19_e113;CAZY:GH19_e143;CAZY:GH19_e169;CAZY:GH19_e18;CAZY:GH19_e27;CAZY:GH19_e5;CAZY:GH19_e81;KO:K01183;KO:K13381	CP009685.1_208	KO	K13381	orthology	curated	KEGG orthology, verified 2026-08-21	fixed_annotation_remove_trace_genes_arabinoxylan_debranching	arabinoxylan_debranching	CP009685.1_1379;CP009685.1_1884;CP009685.1_2400;CP009685.1_3139;CP009685.1_3210;CP009685.1_460
chitin_degradation	FALSE	CHITIN_SACCHARIFICATION	FALSE	1	TRUE	RXN_CHITIN_ENDO		forward	TRUE	SYS_CHITINASE	TRUE	COMP_CHITINASE	TRUE	CAZY:GH18;CAZY:GH18_e1;CAZY:GH18_e104;CAZY:GH18_e111;CAZY:GH18_e121;CAZY:GH18_e14;CAZY:GH18_e147;CAZY:GH18_e148;CAZY:GH18_e151;CAZY:GH18_e154;CAZY:GH18_e164;CAZY:GH18_e175;CAZY:GH18_e177;CAZY:GH18_e184;CAZY:GH18_e187;CAZY:GH18_e19;CAZY:GH18_e193;CAZY:GH18_e196;CAZY:GH18_e2;CAZY:GH18_e20;CAZY:GH18_e211;CAZY:GH18_e224;CAZY:GH18_e231;CAZY:GH18_e236;CAZY:GH18_e253;CAZY:GH18_e258;CAZY:GH18_e26;CAZY:GH18_e260;CAZY:GH18_e263;CAZY:GH18_e272;CAZY:GH18_e285;CAZY:GH18_e287;CAZY:GH18_e3;CAZY:GH18_e325;CAZY:GH18_e327;CAZY:GH18_e334;CAZY:GH18_e338;CAZY:GH18_e342;CAZY:GH18_e347;CAZY:GH18_e348;CAZY:GH18_e354;CAZY:GH18_e373;CAZY:GH18_e392;CAZY:GH18_e4;CAZY:GH18_e401;CAZY:GH18_e428;CAZY:GH18_e431;CAZY:GH18_e521;CAZY:GH18_e66;CAZY:GH18_e672;CAZY:GH18_e69;CAZY:GH18_e72;CAZY:GH18_e77;CAZY:GH18_e80;CAZY:GH18_e81;CAZY:GH18_e83;CAZY:GH18_e830;CAZY:GH18_e834;CAZY:GH18_e91;CAZY:GH18_e95;CAZY:GH19;CAZY:GH19_e1;CAZY:GH19_e113;CAZY:GH19_e143;CAZY:GH19_e169;CAZY:GH19_e18;CAZY:GH19_e27;CAZY:GH19_e5;CAZY:GH19_e81;KO:K01183;KO:K13381	CP009685.1_208	CAZY	GH18_e77	sequence_family	high-confidence	CAZy via dbCAN db_v5-2-9_5-5-2026, retrieved 2026-08-18	fixed_annotation_remove_trace_genes_arabinoxylan_debranching	arabinoxylan_debranching	CP009685.1_1379;CP009685.1_1884;CP009685.1_2400;CP009685.1_3139;CP009685.1_3210;CP009685.1_460
chitin_degradation	FALSE	CHITIN_SACCHARIFICATION	FALSE	1	TRUE	RXN_CHITIN_ENDO		forward	TRUE	SYS_CHITINASE	TRUE	COMP_CHITINASE	TRUE	CAZY:GH18;CAZY:GH18_e1;CAZY:GH18_e104;CAZY:GH18_e111;CAZY:GH18_e121;CAZY:GH18_e14;CAZY:GH18_e147;CAZY:GH18_e148;CAZY:GH18_e151;CAZY:GH18_e154;CAZY:GH18_e164;CAZY:GH18_e175;CAZY:GH18_e177;CAZY:GH18_e184;CAZY:GH18_e187;CAZY:GH18_e19;CAZY:GH18_e193;CAZY:GH18_e196;CAZY:GH18_e2;CAZY:GH18_e20;CAZY:GH18_e211;CAZY:GH18_e224;CAZY:GH18_e231;CAZY:GH18_e236;CAZY:GH18_e253;CAZY:GH18_e258;CAZY:GH18_e26;CAZY:GH18_e260;CAZY:GH18_e263;CAZY:GH18_e272;CAZY:GH18_e285;CAZY:GH18_e287;CAZY:GH18_e3;CAZY:GH18_e325;CAZY:GH18_e327;CAZY:GH18_e334;CAZY:GH18_e338;CAZY:GH18_e342;CAZY:GH18_e347;CAZY:GH18_e348;CAZY:GH18_e354;CAZY:GH18_e373;CAZY:GH18_e392;CAZY:GH18_e4;CAZY:GH18_e401;CAZY:GH18_e428;CAZY:GH18_e431;CAZY:GH18_e521;CAZY:GH18_e66;CAZY:GH18_e672;CAZY:GH18_e69;CAZY:GH18_e72;CAZY:GH18_e77;CAZY:GH18_e80;CAZY:GH18_e81;CAZY:GH18_e83;CAZY:GH18_e830;CAZY:GH18_e834;CAZY:GH18_e91;CAZY:GH18_e95;CAZY:GH19;CAZY:GH19_e1;CAZY:GH19_e113;CAZY:GH19_e143;CAZY:GH19_e169;CAZY:GH19_e18;CAZY:GH19_e27;CAZY:GH19_e5;CAZY:GH19_e81;KO:K01183;KO:K13381	CP009685.1_208	CAZY	GH18_e177	sequence_family	high-confidence	CAZy via dbCAN db_v5-2-9_5-5-2026, retrieved 2026-08-18	fixed_annotation_remove_trace_genes_arabinoxylan_debranching	arabinoxylan_debranching	CP009685.1_1379;CP009685.1_1884;CP009685.1_2400;CP009685.1_3139;CP009685.1_3210;CP009685.1_460
chitin_degradation	FALSE	CHITIN_SACCHARIFICATION	FALSE	1	TRUE	RXN_CHITIN_ENDO		forward	TRUE	SYS_CHITINASE	TRUE	COMP_CHITINASE	TRUE	CAZY:GH18;CAZY:GH18_e1;CAZY:GH18_e104;CAZY:GH18_e111;CAZY:GH18_e121;CAZY:GH18_e14;CAZY:GH18_e147;CAZY:GH18_e148;CAZY:GH18_e151;CAZY:GH18_e154;CAZY:GH18_e164;CAZY:GH18_e175;CAZY:GH18_e177;CAZY:GH18_e184;CAZY:GH18_e187;CAZY:GH18_e19;CAZY:GH18_e193;CAZY:GH18_e196;CAZY:GH18_e2;CAZY:GH18_e20;CAZY:GH18_e211;CAZY:GH18_e224;CAZY:GH18_e231;CAZY:GH18_e236;CAZY:GH18_e253;CAZY:GH18_e258;CAZY:GH18_e26;CAZY:GH18_e260;CAZY:GH18_e263;CAZY:GH18_e272;CAZY:GH18_e285;CAZY:GH18_e287;CAZY:GH18_e3;CAZY:GH18_e325;CAZY:GH18_e327;CAZY:GH18_e334;CAZY:GH18_e338;CAZY:GH18_e342;CAZY:GH18_e347;CAZY:GH18_e348;CAZY:GH18_e354;CAZY:GH18_e373;CAZY:GH18_e392;CAZY:GH18_e4;CAZY:GH18_e401;CAZY:GH18_e428;CAZY:GH18_e431;CAZY:GH18_e521;CAZY:GH18_e66;CAZY:GH18_e672;CAZY:GH18_e69;CAZY:GH18_e72;CAZY:GH18_e77;CAZY:GH18_e80;CAZY:GH18_e81;CAZY:GH18_e83;CAZY:GH18_e830;CAZY:GH18_e834;CAZY:GH18_e91;CAZY:GH18_e95;CAZY:GH19;CAZY:GH19_e1;CAZY:GH19_e113;CAZY:GH19_e143;CAZY:GH19_e169;CAZY:GH19_e18;CAZY:GH19_e27;CAZY:GH19_e5;CAZY:GH19_e81;KO:K01183;KO:K13381	CP009685.1_208	CAZY	GH18_e193	sequence_family	curated	CAZy via dbCAN db_v5-2-9_5-5-2026, retrieved 2026-08-18	fixed_annotation_remove_trace_genes_arabinoxylan_debranching	arabinoxylan_debranching	CP009685.1_1379;CP009685.1_1884;CP009685.1_2400;CP009685.1_3139;CP009685.1_3210;CP009685.1_460
chitin_degradation	FALSE	CHITIN_SACCHARIFICATION	FALSE	1	TRUE	RXN_CHITIN_ENDO		forward	TRUE	SYS_CHITINASE	TRUE	COMP_CHITINASE	TRUE	CAZY:GH18;CAZY:GH18_e1;CAZY:GH18_e104;CAZY:GH18_e111;CAZY:GH18_e121;CAZY:GH18_e14;CAZY:GH18_e147;CAZY:GH18_e148;CAZY:GH18_e151;CAZY:GH18_e154;CAZY:GH18_e164;CAZY:GH18_e175;CAZY:GH18_e177;CAZY:GH18_e184;CAZY:GH18_e187;CAZY:GH18_e19;CAZY:GH18_e193;CAZY:GH18_e196;CAZY:GH18_e2;CAZY:GH18_e20;CAZY:GH18_e211;CAZY:GH18_e224;CAZY:GH18_e231;CAZY:GH18_e236;CAZY:GH18_e253;CAZY:GH18_e258;CAZY:GH18_e26;CAZY:GH18_e260;CAZY:GH18_e263;CAZY:GH18_e272;CAZY:GH18_e285;CAZY:GH18_e287;CAZY:GH18_e3;CAZY:GH18_e325;CAZY:GH18_e327;CAZY:GH18_e334;CAZY:GH18_e338;CAZY:GH18_e342;CAZY:GH18_e347;CAZY:GH18_e348;CAZY:GH18_e354;CAZY:GH18_e373;CAZY:GH18_e392;CAZY:GH18_e4;CAZY:GH18_e401;CAZY:GH18_e428;CAZY:GH18_e431;CAZY:GH18_e521;CAZY:GH18_e66;CAZY:GH18_e672;CAZY:GH18_e69;CAZY:GH18_e72;CAZY:GH18_e77;CAZY:GH18_e80;CAZY:GH18_e81;CAZY:GH18_e83;CAZY:GH18_e830;CAZY:GH18_e834;CAZY:GH18_e91;CAZY:GH18_e95;CAZY:GH19;CAZY:GH19_e1;CAZY:GH19_e113;CAZY:GH19_e143;CAZY:GH19_e169;CAZY:GH19_e18;CAZY:GH19_e27;CAZY:GH19_e5;CAZY:GH19_e81;KO:K01183;KO:K13381	CP009685.1_208	CAZY	GH18_e196	sequence_family	ambiguous	CAZy via dbCAN db_v5-2-9_5-5-2026, retrieved 2026-08-18	fixed_annotation_remove_trace_genes_arabinoxylan_debranching	arabinoxylan_debranching	CP009685.1_1379;CP009685.1_1884;CP009685.1_2400;CP009685.1_3139;CP009685.1_3210;CP009685.1_460
chitin_degradation	FALSE	CHITIN_SACCHARIFICATION	FALSE	1	TRUE	RXN_CHITIN_ENDO		forward	TRUE	SYS_CHITINASE	TRUE	COMP_CHITINASE	TRUE	CAZY:GH18;CAZY:GH18_e1;CAZY:GH18_e104;CAZY:GH18_e111;CAZY:GH18_e121;CAZY:GH18_e14;CAZY:GH18_e147;CAZY:GH18_e148;CAZY:GH18_e151;CAZY:GH18_e154;CAZY:GH18_e164;CAZY:GH18_e175;CAZY:GH18_e177;CAZY:GH18_e184;CAZY:GH18_e187;CAZY:GH18_e19;CAZY:GH18_e193;CAZY:GH18_e196;CAZY:GH18_e2;CAZY:GH18_e20;CAZY:GH18_e211;CAZY:GH18_e224;CAZY:GH18_e231;CAZY:GH18_e236;CAZY:GH18_e253;CAZY:GH18_e258;CAZY:GH18_e26;CAZY:GH18_e260;CAZY:GH18_e263;CAZY:GH18_e272;CAZY:GH18_e285;CAZY:GH18_e287;CAZY:GH18_e3;CAZY:GH18_e325;CAZY:GH18_e327;CAZY:GH18_e334;CAZY:GH18_e338;CAZY:GH18_e342;CAZY:GH18_e347;CAZY:GH18_e348;CAZY:GH18_e354;CAZY:GH18_e373;CAZY:GH18_e392;CAZY:GH18_e4;CAZY:GH18_e401;CAZY:GH18_e428;CAZY:GH18_e431;CAZY:GH18_e521;CAZY:GH18_e66;CAZY:GH18_e672;CAZY:GH18_e69;CAZY:GH18_e72;CAZY:GH18_e77;CAZY:GH18_e80;CAZY:GH18_e81;CAZY:GH18_e83;CAZY:GH18_e830;CAZY:GH18_e834;CAZY:GH18_e91;CAZY:GH18_e95;CAZY:GH19;CAZY:GH19_e1;CAZY:GH19_e113;CAZY:GH19_e143;CAZY:GH19_e169;CAZY:GH19_e18;CAZY:GH19_e27;CAZY:GH19_e5;CAZY:GH19_e81;KO:K01183;KO:K13381	CP009685.1_208	CAZY	GH18_e342	sequence_family	high-confidence	CAZy via dbCAN db_v5-2-9_5-5-2026, retrieved 2026-08-18	fixed_annotation_remove_trace_genes_arabinoxylan_debranching	arabinoxylan_debranching	CP009685.1_1379;CP009685.1_1884;CP009685.1_2400;CP009685.1_3139;CP009685.1_3210;CP009685.1_460
chitin_degradation	FALSE	CHITIN_SACCHARIFICATION	FALSE	1	TRUE	RXN_CHITIN_ENDO		forward	TRUE	SYS_CHITINASE	TRUE	COMP_CHITINASE	TRUE	CAZY:GH18;CAZY:GH18_e1;CAZY:GH18_e104;CAZY:GH18_e111;CAZY:GH18_e121;CAZY:GH18_e14;CAZY:GH18_e147;CAZY:GH18_e148;CAZY:GH18_e151;CAZY:GH18_e154;CAZY:GH18_e164;CAZY:GH18_e175;CAZY:GH18_e177;CAZY:GH18_e184;CAZY:GH18_e187;CAZY:GH18_e19;CAZY:GH18_e193;CAZY:GH18_e196;CAZY:GH18_e2;CAZY:GH18_e20;CAZY:GH18_e211;CAZY:GH18_e224;CAZY:GH18_e231;CAZY:GH18_e236;CAZY:GH18_e253;CAZY:GH18_e258;CAZY:GH18_e26;CAZY:GH18_e260;CAZY:GH18_e263;CAZY:GH18_e272;CAZY:GH18_e285;CAZY:GH18_e287;CAZY:GH18_e3;CAZY:GH18_e325;CAZY:GH18_e327;CAZY:GH18_e334;CAZY:GH18_e338;CAZY:GH18_e342;CAZY:GH18_e347;CAZY:GH18_e348;CAZY:GH18_e354;CAZY:GH18_e373;CAZY:GH18_e392;CAZY:GH18_e4;CAZY:GH18_e401;CAZY:GH18_e428;CAZY:GH18_e431;CAZY:GH18_e521;CAZY:GH18_e66;CAZY:GH18_e672;CAZY:GH18_e69;CAZY:GH18_e72;CAZY:GH18_e77;CAZY:GH18_e80;CAZY:GH18_e81;CAZY:GH18_e83;CAZY:GH18_e830;CAZY:GH18_e834;CAZY:GH18_e91;CAZY:GH18_e95;CAZY:GH19;CAZY:GH19_e1;CAZY:GH19_e113;CAZY:GH19_e143;CAZY:GH19_e169;CAZY:GH19_e18;CAZY:GH19_e27;CAZY:GH19_e5;CAZY:GH19_e81;KO:K01183;KO:K13381	CP009685.1_208	CAZY	GH18_e392	sequence_family	high-confidence	CAZy via dbCAN db_v5-2-9_5-5-2026, retrieved 2026-08-18	fixed_annotation_remove_trace_genes_arabinoxylan_debranching	arabinoxylan_debranching	CP009685.1_1379;CP009685.1_1884;CP009685.1_2400;CP009685.1_3139;CP009685.1_3210;CP009685.1_460
chitin_degradation	FALSE	CHITIN_SACCHARIFICATION	FALSE	1	TRUE	RXN_CHITIN_ENDO		forward	TRUE	SYS_CHITINASE	TRUE	COMP_CHITINASE	TRUE	CAZY:GH18;CAZY:GH18_e1;CAZY:GH18_e104;CAZY:GH18_e111;CAZY:GH18_e121;CAZY:GH18_e14;CAZY:GH18_e147;CAZY:GH18_e148;CAZY:GH18_e151;CAZY:GH18_e154;CAZY:GH18_e164;CAZY:GH18_e175;CAZY:GH18_e177;CAZY:GH18_e184;CAZY:GH18_e187;CAZY:GH18_e19;CAZY:GH18_e193;CAZY:GH18_e196;CAZY:GH18_e2;CAZY:GH18_e20;CAZY:GH18_e211;CAZY:GH18_e224;CAZY:GH18_e231;CAZY:GH18_e236;CAZY:GH18_e253;CAZY:GH18_e258;CAZY:GH18_e26;CAZY:GH18_e260;CAZY:GH18_e263;CAZY:GH18_e272;CAZY:GH18_e285;CAZY:GH18_e287;CAZY:GH18_e3;CAZY:GH18_e325;CAZY:GH18_e327;CAZY:GH18_e334;CAZY:GH18_e338;CAZY:GH18_e342;CAZY:GH18_e347;CAZY:GH18_e348;CAZY:GH18_e354;CAZY:GH18_e373;CAZY:GH18_e392;CAZY:GH18_e4;CAZY:GH18_e401;CAZY:GH18_e428;CAZY:GH18_e431;CAZY:GH18_e521;CAZY:GH18_e66;CAZY:GH18_e672;CAZY:GH18_e69;CAZY:GH18_e72;CAZY:GH18_e77;CAZY:GH18_e80;CAZY:GH18_e81;CAZY:GH18_e83;CAZY:GH18_e830;CAZY:GH18_e834;CAZY:GH18_e91;CAZY:GH18_e95;CAZY:GH19;CAZY:GH19_e1;CAZY:GH19_e113;CAZY:GH19_e143;CAZY:GH19_e169;CAZY:GH19_e18;CAZY:GH19_e27;CAZY:GH19_e5;CAZY:GH19_e81;KO:K01183;KO:K13381	CP009685.1_208	CAZY	GH18_e672	sequence_family	high-confidence	CAZy via dbCAN db_v5-2-9_5-5-2026, retrieved 2026-08-18	fixed_annotation_remove_trace_genes_arabinoxylan_debranching	arabinoxylan_debranching	CP009685.1_1379;CP009685.1_1884;CP009685.1_2400;CP009685.1_3139;CP009685.1_3210;CP009685.1_460
chitin_degradation	FALSE	CHITIN_SACCHARIFICATION	FALSE	2	TRUE	RXN_CHITOBIOSE_EXO		forward	FALSE	SYS_CHITOBIASE	FALSE	COMP_CHITOBIASE	FALSE	CAZY:GH20;CAZY:GH20_e0;CAZY:GH20_e1;CAZY:GH20_e10;CAZY:GH20_e105;CAZY:GH20_e107;CAZY:GH20_e114;CAZY:GH20_e12;CAZY:GH20_e13;CAZY:GH20_e132;CAZY:GH20_e137;CAZY:GH20_e143;CAZY:GH20_e146;CAZY:GH20_e167;CAZY:GH20_e18;CAZY:GH20_e182;CAZY:GH20_e214;CAZY:GH20_e22;CAZY:GH20_e35;CAZY:GH20_e45;CAZY:GH20_e49;CAZY:GH20_e51;CAZY:GH20_e57;CAZY:GH20_e61;CAZY:GH20_e70;CAZY:GH20_e71;CAZY:GH20_e74;CAZY:GH20_e77;CAZY:GH20_e80;CAZY:GH20_e93;CAZY:GH20_e95;CAZY:GH20_e97;KO:K01207							fixed_annotation_remove_trace_genes_arabinoxylan_debranching	arabinoxylan_debranching	CP009685.1_1379;CP009685.1_1884;CP009685.1_2400;CP009685.1_3139;CP009685.1_3210;CP009685.1_460
chitin_degradation	FALSE	CHITIN_SACCHARIFICATION	FALSE	3	FALSE	RXN_CHITIN_LPMO		forward	FALSE	SYS_CHITIN_LPMO	FALSE	COMP_CHITIN_LPMO	FALSE	CAZY:AA10;CAZY:AA10_e1;CAZY:AA10_e12;CAZY:AA10_e44;CAZY:AA10_e49;CAZY:AA10_e58;CAZY:AA10_e66							fixed_annotation_remove_trace_genes_arabinoxylan_debranching	arabinoxylan_debranching	CP009685.1_1379;CP009685.1_1884;CP009685.1_2400;CP009685.1_3139;CP009685.1_3210;CP009685.1_460
arginine_biosynthesis	FALSE	ARG_CANONICAL	FALSE	1	TRUE	RHEA:19513	RHEA:19513	forward	FALSE	SYS_19513_ARGF	FALSE	COMP_19513_CATALYTIC	FALSE	KO:K00611							fixed_annotation_remove_trace_genes_arginine_biosynthesis	arginine_biosynthesis	CP009685.1_3208;CP009685.1_3628;CP009685.1_370;CP009685.1_3915
arginine_biosynthesis	FALSE	ARG_CANONICAL	FALSE	2	TRUE	RHEA:10932	RHEA:10932	forward	FALSE	SYS_10932_ARGG	FALSE	COMP_10932_CATALYTIC	FALSE	KO:K01940							fixed_annotation_remove_trace_genes_arginine_biosynthesis	arginine_biosynthesis	CP009685.1_3208;CP009685.1_3628;CP009685.1_370;CP009685.1_3915
arginine_biosynthesis	FALSE	ARG_CANONICAL	FALSE	3	TRUE	RHEA:24020	RHEA:24020	forward	FALSE	SYS_24020_ARGH	FALSE	COMP_24020_CATALYTIC	FALSE	KO:K01755;KO:K14681							fixed_annotation_remove_trace_genes_arginine_biosynthesis	arginine_biosynthesis	CP009685.1_3208;CP009685.1_3628;CP009685.1_370;CP009685.1_3915
aspartate_biosynthesis	FALSE	ASP_TRANSAMINASE	FALSE	1	TRUE	RHEA:21824	RHEA:21824	reverse	FALSE	SYS_21824_ASPAT	FALSE	COMP_21824_CATALYTIC	FALSE	KO:K00812;KO:K00813;KO:K11358							fixed_annotation_remove_trace_genes_aspartate_biosynthesis	aspartate_biosynthesis	CP009685.1_2574
aspartate_semialdehyde_biosynthesis	FALSE	ASA_CANONICAL	FALSE	1	TRUE	RHEA:23776	RHEA:23776	forward	FALSE	SYS_23776_AK	FALSE	COMP_23776_CATALYTIC	FALSE	KO:K00928;KO:K12524;KO:K12525;KO:K12526							fixed_annotation_remove_trace_genes_aspartate_semialdehyde_biosynthesis	aspartate_semialdehyde_biosynthesis	CP009685.1_114;CP009685.1_1190;CP009685.1_3475;CP009685.1_3858;CP009685.1_3934
aspartate_semialdehyde_biosynthesis	FALSE	ASA_CANONICAL	FALSE	2	TRUE	RHEA:24284	RHEA:24284	reverse	FALSE	SYS_24284_ASD	FALSE	COMP_24284_CATALYTIC	FALSE	KO:K00133							fixed_annotation_remove_trace_genes_aspartate_semialdehyde_biosynthesis	aspartate_semialdehyde_biosynthesis	CP009685.1_114;CP009685.1_1190;CP009685.1_3475;CP009685.1_3858;CP009685.1_3934
homoserine_biosynthesis	FALSE	HSER_NAD	FALSE	1	TRUE	RHEA:15757	RHEA:15757	reverse	FALSE	SYS_15757_HOM_NAD	FALSE	COMP_15757_CATALYTIC	FALSE	KO:K00003;KO:K12524;KO:K12525							fixed_annotation_remove_trace_genes_aspartate_semialdehyde_biosynthesis	aspartate_semialdehyde_biosynthesis	CP009685.1_114;CP009685.1_1190;CP009685.1_3475;CP009685.1_3858;CP009685.1_3934
assimilatory_sulfate_reduction	FALSE	SULFATE_APS_FD	FALSE	1	TRUE	RHEA:18136	RHEA:18136	forward	FALSE	SYS_18136_MET3	FALSE	COMP_18136_MET3	FALSE	KO:K00958							fixed_annotation_remove_trace_genes_assimilatory_sulfate_reduction	assimilatory_sulfate_reduction	CP009685.1_760;CP009685.1_761;CP009685.1_762;CP009685.1_772;CP009685.1_773;CP009685.1_774
assimilatory_sulfate_reduction	FALSE	SULFATE_APS_FD	FALSE	2	TRUE	RHEA:21976	RHEA:21976	reverse	FALSE	SYS_21976_CYSH_APS	FALSE	COMP_21976_CYSH	FALSE	EC:1.8.4.10							fixed_annotation_remove_trace_genes_assimilatory_sulfate_reduction	assimilatory_sulfate_reduction	CP009685.1_760;CP009685.1_761;CP009685.1_762;CP009685.1_772;CP009685.1_773;CP009685.1_774
assimilatory_sulfate_reduction	FALSE	SULFATE_APS_FD	FALSE	3	TRUE	RHEA:23132	RHEA:23132	reverse	FALSE	SYS_23132_SIR	FALSE	COMP_23132_SIR	FALSE	KO:K00392							fixed_annotation_remove_trace_genes_assimilatory_sulfate_reduction	assimilatory_sulfate_reduction	CP009685.1_760;CP009685.1_761;CP009685.1_762;CP009685.1_772;CP009685.1_773;CP009685.1_774
biotin_biosynthesis	FALSE	BIOTIN_LYS	FALSE	1	TRUE	RHEA:20712	RHEA:20712	forward	FALSE	SYS_20712_BIOF	FALSE	COMP_20712_CATALYTIC	FALSE	KO:K00652							fixed_annotation_remove_trace_genes_biotin_biosynthesis	biotin_biosynthesis	CP009685.1_1909;CP009685.1_2723;CP009685.1_2725;CP009685.1_2726;CP009685.1_2727
biotin_biosynthesis	FALSE	BIOTIN_LYS	FALSE	2	TRUE	RHEA:26329	RHEA:26329	forward	FALSE	SYS_26329_BIOA_LYS	FALSE	COMP_26329_CATALYTIC	FALSE	KO:K19563							fixed_annotation_remove_trace_genes_biotin_biosynthesis	biotin_biosynthesis	CP009685.1_1909;CP009685.1_2723;CP009685.1_2725;CP009685.1_2726;CP009685.1_2727
biotin_biosynthesis	FALSE	BIOTIN_LYS	FALSE	3	TRUE	RHEA:15805	RHEA:15805	forward	FALSE	SYS_15805_BIOD	FALSE	COMP_15805_CATALYTIC	FALSE	KO:K01935;KO:K19562							fixed_annotation_remove_trace_genes_biotin_biosynthesis	biotin_biosynthesis	CP009685.1_1909;CP009685.1_2723;CP009685.1_2725;CP009685.1_2726;CP009685.1_2727
biotin_biosynthesis	FALSE	BIOTIN_LYS	FALSE	4	TRUE	RHEA:22060	RHEA:22060	forward	FALSE	SYS_22060_BIOB	FALSE	COMP_22060_CATALYTIC	FALSE	KO:K01012							fixed_annotation_remove_trace_genes_biotin_biosynthesis	biotin_biosynthesis	CP009685.1_1909;CP009685.1_2723;CP009685.1_2725;CP009685.1_2726;CP009685.1_2727
carnitine_degradation_trimethylamine	FALSE	CARNITINE_CNTAB	FALSE	1	TRUE	RHEA:55396	RHEA:55396	forward	FALSE	SYS_55396_CNTAB	FALSE	COMP_55396_CNTA	FALSE	KO:K22443							fixed_annotation_remove_trace_genes_carnitine_degradation_trimethylamine	carnitine_degradation_trimethylamine	CP009685.1_1695;CP009685.1_1696
carnitine_degradation_trimethylamine	FALSE	CARNITINE_CNTAB	FALSE	1	TRUE	RHEA:55396	RHEA:55396	forward	FALSE	SYS_55396_CNTAB	FALSE	COMP_55396_CNTB	FALSE	KO:K22444							fixed_annotation_remove_trace_genes_carnitine_degradation_trimethylamine	carnitine_degradation_trimethylamine	CP009685.1_1695;CP009685.1_1696
chitin_degradation	FALSE	CHITIN_SACCHARIFICATION	FALSE	1	TRUE	RXN_CHITIN_ENDO		forward	FALSE	SYS_CHITINASE	FALSE	COMP_CHITINASE	FALSE	CAZY:GH18;CAZY:GH18_e1;CAZY:GH18_e104;CAZY:GH18_e111;CAZY:GH18_e121;CAZY:GH18_e14;CAZY:GH18_e147;CAZY:GH18_e148;CAZY:GH18_e151;CAZY:GH18_e154;CAZY:GH18_e164;CAZY:GH18_e175;CAZY:GH18_e177;CAZY:GH18_e184;CAZY:GH18_e187;CAZY:GH18_e19;CAZY:GH18_e193;CAZY:GH18_e196;CAZY:GH18_e2;CAZY:GH18_e20;CAZY:GH18_e211;CAZY:GH18_e224;CAZY:GH18_e231;CAZY:GH18_e236;CAZY:GH18_e253;CAZY:GH18_e258;CAZY:GH18_e26;CAZY:GH18_e260;CAZY:GH18_e263;CAZY:GH18_e272;CAZY:GH18_e285;CAZY:GH18_e287;CAZY:GH18_e3;CAZY:GH18_e325;CAZY:GH18_e327;CAZY:GH18_e334;CAZY:GH18_e338;CAZY:GH18_e342;CAZY:GH18_e347;CAZY:GH18_e348;CAZY:GH18_e354;CAZY:GH18_e373;CAZY:GH18_e392;CAZY:GH18_e4;CAZY:GH18_e401;CAZY:GH18_e428;CAZY:GH18_e431;CAZY:GH18_e521;CAZY:GH18_e66;CAZY:GH18_e672;CAZY:GH18_e69;CAZY:GH18_e72;CAZY:GH18_e77;CAZY:GH18_e80;CAZY:GH18_e81;CAZY:GH18_e83;CAZY:GH18_e830;CAZY:GH18_e834;CAZY:GH18_e91;CAZY:GH18_e95;CAZY:GH19;CAZY:GH19_e1;CAZY:GH19_e113;CAZY:GH19_e143;CAZY:GH19_e169;CAZY:GH19_e18;CAZY:GH19_e27;CAZY:GH19_e5;CAZY:GH19_e81;KO:K01183;KO:K13381							fixed_annotation_remove_trace_genes_chitin_degradation	chitin_degradation	CP009685.1_208;CP009685.1_2400
chitin_degradation	FALSE	CHITIN_SACCHARIFICATION	FALSE	2	TRUE	RXN_CHITOBIOSE_EXO		forward	FALSE	SYS_CHITOBIASE	FALSE	COMP_CHITOBIASE	FALSE	CAZY:GH20;CAZY:GH20_e0;CAZY:GH20_e1;CAZY:GH20_e10;CAZY:GH20_e105;CAZY:GH20_e107;CAZY:GH20_e114;CAZY:GH20_e12;CAZY:GH20_e13;CAZY:GH20_e132;CAZY:GH20_e137;CAZY:GH20_e143;CAZY:GH20_e146;CAZY:GH20_e167;CAZY:GH20_e18;CAZY:GH20_e182;CAZY:GH20_e214;CAZY:GH20_e22;CAZY:GH20_e35;CAZY:GH20_e45;CAZY:GH20_e49;CAZY:GH20_e51;CAZY:GH20_e57;CAZY:GH20_e61;CAZY:GH20_e70;CAZY:GH20_e71;CAZY:GH20_e74;CAZY:GH20_e77;CAZY:GH20_e80;CAZY:GH20_e93;CAZY:GH20_e95;CAZY:GH20_e97;KO:K01207							fixed_annotation_remove_trace_genes_chitin_degradation	chitin_degradation	CP009685.1_208;CP009685.1_2400
chitin_degradation	FALSE	CHITIN_SACCHARIFICATION	FALSE	3	FALSE	RXN_CHITIN_LPMO		forward	FALSE	SYS_CHITIN_LPMO	FALSE	COMP_CHITIN_LPMO	FALSE	CAZY:AA10;CAZY:AA10_e1;CAZY:AA10_e12;CAZY:AA10_e44;CAZY:AA10_e49;CAZY:AA10_e58;CAZY:AA10_e66							fixed_annotation_remove_trace_genes_chitin_degradation	chitin_degradation	CP009685.1_208;CP009685.1_2400
choline_to_betaine	FALSE	BETAINE_BETA	FALSE	1	TRUE	RHEA:17433	RHEA:17433	forward	FALSE	SYS_17433_BETA	FALSE	COMP_17433_BETA	FALSE	KO:K00108							fixed_annotation_remove_trace_genes_choline_to_betaine	choline_to_betaine	CP009685.1_3171;CP009685.1_3172
choline_to_betaine	FALSE	BETAINE_BETA	FALSE	2	TRUE	RHEA:15305	RHEA:15305	forward	FALSE	SYS_15305_BADH	FALSE	COMP_15305_BADH	FALSE	KO:K00130							fixed_annotation_remove_trace_genes_choline_to_betaine	choline_to_betaine	CP009685.1_3171;CP009685.1_3172
chorismate_biosynthesis	FALSE	CHOR_SHIKIMATE	FALSE	1	TRUE	RHEA:14717	RHEA:14717	forward	FALSE	SYS_14717_CLASSI	FALSE	COMP_14717_CLASSI	FALSE	KO:K01626							fixed_annotation_remove_trace_genes_chorismate_biosynthesis	chorismate_biosynthesis	CP009685.1_1180;CP009685.1_156;CP009685.1_157;CP009685.1_1796;CP009685.1_1808;CP009685.1_2594;CP009685.1_265;CP009685.1_2747;CP009685.1_3097;CP009685.1_914
chorismate_biosynthesis	FALSE	CHOR_SHIKIMATE	FALSE	2	TRUE	RHEA:21968	RHEA:21968	forward	FALSE	SYS_21968_AROB	FALSE	COMP_21968_CATALYTIC	FALSE	KO:K01735							fixed_annotation_remove_trace_genes_chorismate_biosynthesis	chorismate_biosynthesis	CP009685.1_1180;CP009685.1_156;CP009685.1_157;CP009685.1_1796;CP009685.1_1808;CP009685.1_2594;CP009685.1_265;CP009685.1_2747;CP009685.1_3097;CP009685.1_914
chorismate_biosynthesis	FALSE	CHOR_SHIKIMATE	FALSE	3	TRUE	RHEA:21096	RHEA:21096	forward	FALSE	SYS_21096_ARODE	FALSE	COMP_21096_ARODE	FALSE	KO:K13832							fixed_annotation_remove_trace_genes_chorismate_biosynthesis	chorismate_biosynthesis	CP009685.1_1180;CP009685.1_156;CP009685.1_157;CP009685.1_1796;CP009685.1_1808;CP009685.1_2594;CP009685.1_265;CP009685.1_2747;CP009685.1_3097;CP009685.1_914
chorismate_biosynthesis	FALSE	CHOR_SHIKIMATE	FALSE	4	FALSE	RHEA:17737	RHEA:17737	reverse	TRUE	SYS_17737_YDIB	TRUE	COMP_17737_YDIB	TRUE	KO:K05887	CP009685.1_1809	KO	K05887	orthology	ambiguous	KEGG orthology and Rhea release 141, verified 2026-08-18	fixed_annotation_remove_trace_genes_chorismate_biosynthesis	chorismate_biosynthesis	CP009685.1_1180;CP009685.1_156;CP009685.1_157;CP009685.1_1796;CP009685.1_1808;CP009685.1_2594;CP009685.1_265;CP009685.1_2747;CP009685.1_3097;CP009685.1_914
chorismate_biosynthesis	FALSE	CHOR_SHIKIMATE	FALSE	5	TRUE	RHEA:13121	RHEA:13121	forward	FALSE	SYS_13121_AROKB	FALSE	COMP_13121_AROKB	FALSE	KO:K13829							fixed_annotation_remove_trace_genes_chorismate_biosynthesis	chorismate_biosynthesis	CP009685.1_1180;CP009685.1_156;CP009685.1_157;CP009685.1_1796;CP009685.1_1808;CP009685.1_2594;CP009685.1_265;CP009685.1_2747;CP009685.1_3097;CP009685.1_914
chorismate_biosynthesis	FALSE	CHOR_SHIKIMATE	FALSE	6	TRUE	RHEA:21256	RHEA:21256	forward	FALSE	SYS_21256_AROA	FALSE	COMP_21256_CATALYTIC	FALSE	KO:K00800							fixed_annotation_remove_trace_genes_chorismate_biosynthesis	chorismate_biosynthesis	CP009685.1_1180;CP009685.1_156;CP009685.1_157;CP009685.1_1796;CP009685.1_1808;CP009685.1_2594;CP009685.1_265;CP009685.1_2747;CP009685.1_3097;CP009685.1_914
chorismate_biosynthesis	FALSE	CHOR_SHIKIMATE	FALSE	7	TRUE	RHEA:21020	RHEA:21020	forward	FALSE	SYS_21020_AROC	FALSE	COMP_21020_CATALYTIC	FALSE	KO:K01736							fixed_annotation_remove_trace_genes_chorismate_biosynthesis	chorismate_biosynthesis	CP009685.1_1180;CP009685.1_156;CP009685.1_157;CP009685.1_1796;CP009685.1_1808;CP009685.1_2594;CP009685.1_265;CP009685.1_2747;CP009685.1_3097;CP009685.1_914
cobamide_nucleotide_loop_assembly	FALSE	LOOP_DMB	FALSE	1	TRUE	RHEA:22712	RHEA:22712	forward	FALSE	SYS_22712_COBU	FALSE	COMP_22712_CATALYTIC	FALSE	KO:K02231;KO:K19712							fixed_annotation_remove_trace_genes_cobamide_nucleotide_loop_assembly	cobamide_nucleotide_loop_assembly	CP009685.1_1521;CP009685.1_1522;CP009685.1_1523;CP009685.1_2847
cobamide_nucleotide_loop_assembly	FALSE	LOOP_DMB	FALSE	2	TRUE	RHEA:11196	RHEA:11196	forward	FALSE	SYS_11196_COBT	FALSE	COMP_11196_CATALYTIC	FALSE	KO:K00768							fixed_annotation_remove_trace_genes_cobamide_nucleotide_loop_assembly	cobamide_nucleotide_loop_assembly	CP009685.1_1521;CP009685.1_1522;CP009685.1_1523;CP009685.1_2847
cobamide_nucleotide_loop_assembly	FALSE	LOOP_DMB	FALSE	3	TRUE	RHEA:24456	RHEA:24456	forward	FALSE	SYS_24456_COBC_P	FALSE	COMP_24456_CATALYTIC	FALSE	KO:K02226;KO:K22316							fixed_annotation_remove_trace_genes_cobamide_nucleotide_loop_assembly	cobamide_nucleotide_loop_assembly	CP009685.1_1521;CP009685.1_1522;CP009685.1_1523;CP009685.1_2847
cobamide_nucleotide_loop_assembly	FALSE	LOOP_DMB	FALSE	4	TRUE	RHEA:16049	RHEA:16049	forward	FALSE	SYS_16049_COBS_TRANSFERASE	FALSE	COMP_16049_CATALYTIC	FALSE	KO:K02233							fixed_annotation_remove_trace_genes_cobamide_nucleotide_loop_assembly	cobamide_nucleotide_loop_assembly	CP009685.1_1521;CP009685.1_1522;CP009685.1_1523;CP009685.1_2847
cysteine_biosynthesis_sulfide	FALSE	CYS_OAS_SULFIDE	FALSE	1	TRUE	RHEA:24560	RHEA:24560	forward	FALSE	SYS_24560_CYSE	FALSE	COMP_24560_CATALYTIC	FALSE	KO:K00640;KO:K23304							fixed_annotation_remove_trace_genes_cysteine_biosynthesis_sulfide	cysteine_biosynthesis_sulfide	CP009685.1_1101;CP009685.1_1455;CP009685.1_4254
cysteine_biosynthesis_sulfide	FALSE	CYS_OAS_SULFIDE	FALSE	2	TRUE	RHEA:14829	RHEA:14829	forward	FALSE	SYS_14829_OASS	FALSE	COMP_14829_CATALYTIC	FALSE	KO:K01738;KO:K13034;KO:K17069							fixed_annotation_remove_trace_genes_cysteine_biosynthesis_sulfide	cysteine_biosynthesis_sulfide	CP009685.1_1101;CP009685.1_1455;CP009685.1_4254
cysteine_degradation_sulfide	FALSE	CYS_DESULFIDASE	FALSE	1	TRUE	RHEA:24931	RHEA:24931	forward	FALSE	SYS_24931_CDS	FALSE	COMP_24931_CATALYTIC	FALSE	KO:K20021;KO:K26607;KO:K28981							fixed_annotation_remove_trace_genes_cysteine_degradation_sulfide	cysteine_degradation_sulfide	CP009685.1_428
cytidylate_biosynthesis	FALSE	CTP_GLUTAMINE	FALSE	1	TRUE	RHEA:26426	RHEA:26426	forward	FALSE	SYS_26426_CTP_SYNTHASE	FALSE	COMP_26426_CATALYTIC	FALSE	KO:K01937							fixed_annotation_remove_trace_genes_cytidylate_biosynthesis	cytidylate_biosynthesis	CP009685.1_744
dap_biosynthesis	FALSE	DAP_DEHYDROGENASE	FALSE	1	TRUE	RHEA:34171	RHEA:34171	forward	FALSE	SYS_34171_DAPA	FALSE	COMP_34171_CATALYTIC	FALSE	KO:K01714							fixed_annotation_remove_trace_genes_dap_biosynthesis	dap_biosynthesis	CP009685.1_1035;CP009685.1_1043;CP009685.1_1752;CP009685.1_186;CP009685.1_3213;CP009685.1_3317;CP009685.1_3448;CP009685.1_3583;CP009685.1_4061
dap_biosynthesis	FALSE	DAP_DEHYDROGENASE	FALSE	2	TRUE	RHEA:35331	RHEA:35331	reverse	FALSE	SYS_35331_DAPB	FALSE	COMP_35331_CATALYTIC	FALSE	KO:K00215							fixed_annotation_remove_trace_genes_dap_biosynthesis	dap_biosynthesis	CP009685.1_1035;CP009685.1_1043;CP009685.1_1752;CP009685.1_186;CP009685.1_3213;CP009685.1_3317;CP009685.1_3448;CP009685.1_3583;CP009685.1_4061
dap_biosynthesis	FALSE	DAP_DEHYDROGENASE	FALSE	3	TRUE	RHEA:13561	RHEA:13561	reverse	FALSE	SYS_13561_DDH	FALSE	COMP_13561_CATALYTIC	FALSE	KO:K03340							fixed_annotation_remove_trace_genes_dap_biosynthesis	dap_biosynthesis	CP009685.1_1035;CP009685.1_1043;CP009685.1_1752;CP009685.1_186;CP009685.1_3213;CP009685.1_3317;CP009685.1_3448;CP009685.1_3583;CP009685.1_4061
ornithine_biosynthesis	FALSE	ORN_DEACETYLASE	FALSE	1	TRUE	RHEA:24292	RHEA:24292	forward	TRUE	SYS_24292_ARGA	TRUE	COMP_24292_CATALYTIC	TRUE	KO:K00618;KO:K00619;KO:K00620;KO:K14681;KO:K14682;KO:K22477;KO:K22478	CP009685.1_709	KO	K14682	orthology	curated	KEGG orthology and Rhea release 141, verified 2026-08-19	fixed_annotation_remove_trace_genes_dap_biosynthesis	dap_biosynthesis	CP009685.1_1035;CP009685.1_1043;CP009685.1_1752;CP009685.1_186;CP009685.1_3213;CP009685.1_3317;CP009685.1_3448;CP009685.1_3583;CP009685.1_4061
ornithine_biosynthesis	FALSE	ORN_DEACETYLASE	FALSE	2	TRUE	RHEA:14629	RHEA:14629	forward	TRUE	SYS_14629_ARGB	TRUE	COMP_14629_CATALYTIC	TRUE	KO:K00930;KO:K12659;KO:K22478	CP009685.1_3916	KO	K00930	orthology	curated	KEGG orthology and Rhea release 141, verified 2026-08-19	fixed_annotation_remove_trace_genes_dap_biosynthesis	dap_biosynthesis	CP009685.1_1035;CP009685.1_1043;CP009685.1_1752;CP009685.1_186;CP009685.1_3213;CP009685.1_3317;CP009685.1_3448;CP009685.1_3583;CP009685.1_4061
ornithine_biosynthesis	FALSE	ORN_DEACETYLASE	FALSE	3	TRUE	RHEA:21588	RHEA:21588	reverse	TRUE	SYS_21588_ARGC	TRUE	COMP_21588_CATALYTIC	TRUE	KO:K00145;KO:K12659	CP009685.1_3917	KO	K00145	orthology	curated	KEGG orthology and Rhea release 141, verified 2026-08-19	fixed_annotation_remove_trace_genes_dap_biosynthesis	dap_biosynthesis	CP009685.1_1035;CP009685.1_1043;CP009685.1_1752;CP009685.1_186;CP009685.1_3213;CP009685.1_3317;CP009685.1_3448;CP009685.1_3583;CP009685.1_4061
ornithine_biosynthesis	FALSE	ORN_DEACETYLASE	FALSE	4	TRUE	RHEA:18049	RHEA:18049	reverse	FALSE	SYS_18049_ARGD	FALSE	COMP_18049_CATALYTIC	FALSE	KO:K00818;KO:K00821							fixed_annotation_remove_trace_genes_dap_biosynthesis	dap_biosynthesis	CP009685.1_1035;CP009685.1_1043;CP009685.1_1752;CP009685.1_186;CP009685.1_3213;CP009685.1_3317;CP009685.1_3448;CP009685.1_3583;CP009685.1_4061
ornithine_biosynthesis	FALSE	ORN_DEACETYLASE	FALSE	5	TRUE	RHEA:15941	RHEA:15941	forward	TRUE	SYS_15941_ARGE	TRUE	COMP_15941_CATALYTIC	TRUE	KO:K01438;KO:K14677	CP009685.1_3918	KO	K01438	orthology	curated	KEGG orthology and Rhea release 141, verified 2026-08-19	fixed_annotation_remove_trace_genes_dap_biosynthesis	dap_biosynthesis	CP009685.1_1035;CP009685.1_1043;CP009685.1_1752;CP009685.1_186;CP009685.1_3213;CP009685.1_3317;CP009685.1_3448;CP009685.1_3583;CP009685.1_4061
dihydroxybenzoate_biosynthesis	FALSE	DHB_CHORISMATE	FALSE	1	TRUE	RHEA:18985	RHEA:18985	forward	TRUE	SYS_18985_MENF	TRUE	COMP_18985_CATALYTIC	TRUE	KO:K02552	CP009685.1_1245	KO	K02552	orthology	curated	KEGG orthology and Rhea release 141, verified 2026-08-18	fixed_annotation_remove_trace_genes_dihydroxybenzoate_biosynthesis	dihydroxybenzoate_biosynthesis	CP009685.1_2890;CP009685.1_2891;CP009685.1_2893
dihydroxybenzoate_biosynthesis	FALSE	DHB_CHORISMATE	FALSE	2	TRUE	RHEA:11112	RHEA:11112	forward	FALSE	SYS_11112_ENTB	FALSE	COMP_11112_ENTB	FALSE	KO:K01252							fixed_annotation_remove_trace_genes_dihydroxybenzoate_biosynthesis	dihydroxybenzoate_biosynthesis	CP009685.1_2890;CP009685.1_2891;CP009685.1_2893
dihydroxybenzoate_biosynthesis	FALSE	DHB_CHORISMATE	FALSE	3	TRUE	RHEA:23824	RHEA:23824	forward	FALSE	SYS_23824_ENTA	FALSE	COMP_23824_ENTA	FALSE	KO:K00216							fixed_annotation_remove_trace_genes_dihydroxybenzoate_biosynthesis	dihydroxybenzoate_biosynthesis	CP009685.1_2890;CP009685.1_2891;CP009685.1_2893
enterobactin_biosynthesis	FALSE	ENTEROBACTIN_ENTBDEF	FALSE	1	TRUE	RHEA:30571	RHEA:30571	forward	FALSE	SYS_30571_ENTBDEF	FALSE	COMP_30571_ENTB	FALSE	KO:K01252							fixed_annotation_remove_trace_genes_dihydroxybenzoate_biosynthesis	dihydroxybenzoate_biosynthesis	CP009685.1_2890;CP009685.1_2891;CP009685.1_2893
enterobactin_biosynthesis	FALSE	ENTEROBACTIN_ENTBDEF	FALSE	1	TRUE	RHEA:30571	RHEA:30571	forward	FALSE	SYS_30571_ENTBDEF	FALSE	COMP_30571_ENTD	TRUE	KO:K02362;NCBIFAM:NF007604.0	CP009685.1_2904	KO	K02362	orthology	curated	KEGG map01053, Rhea release 141 and PMID 10375542, verified 2026-08-20	fixed_annotation_remove_trace_genes_dihydroxybenzoate_biosynthesis	dihydroxybenzoate_biosynthesis	CP009685.1_2890;CP009685.1_2891;CP009685.1_2893
enterobactin_biosynthesis	FALSE	ENTEROBACTIN_ENTBDEF	FALSE	1	TRUE	RHEA:30571	RHEA:30571	forward	FALSE	SYS_30571_ENTBDEF	FALSE	COMP_30571_ENTD	TRUE	KO:K02362;NCBIFAM:NF007604.0	CP009685.1_2904	NCBIFAM	NF007604.0	sequence_family	high-confidence	NCBIfam hmm_PGAP/20.0, retrieved 2026-08-23	fixed_annotation_remove_trace_genes_dihydroxybenzoate_biosynthesis	dihydroxybenzoate_biosynthesis	CP009685.1_2890;CP009685.1_2891;CP009685.1_2893
enterobactin_biosynthesis	FALSE	ENTEROBACTIN_ENTBDEF	FALSE	1	TRUE	RHEA:30571	RHEA:30571	forward	FALSE	SYS_30571_ENTBDEF	FALSE	COMP_30571_ENTE	TRUE	KO:K02363	CP009685.1_2892	KO	K02363	orthology	curated	KEGG map01053, Rhea release 141 and PMID 10375542, verified 2026-08-20	fixed_annotation_remove_trace_genes_dihydroxybenzoate_biosynthesis	dihydroxybenzoate_biosynthesis	CP009685.1_2890;CP009685.1_2891;CP009685.1_2893
enterobactin_biosynthesis	FALSE	ENTEROBACTIN_ENTBDEF	FALSE	1	TRUE	RHEA:30571	RHEA:30571	forward	FALSE	SYS_30571_ENTBDEF	FALSE	COMP_30571_ENTF	TRUE	KO:K02364;NCBIFAM:NF007605.2	CP009685.1_2900	KO	K02364	orthology	curated	KEGG map01053, Rhea release 141 and PMID 10375542, verified 2026-08-20	fixed_annotation_remove_trace_genes_dihydroxybenzoate_biosynthesis	dihydroxybenzoate_biosynthesis	CP009685.1_2890;CP009685.1_2891;CP009685.1_2893
enterobactin_biosynthesis	FALSE	ENTEROBACTIN_ENTBDEF	FALSE	1	TRUE	RHEA:30571	RHEA:30571	forward	FALSE	SYS_30571_ENTBDEF	FALSE	COMP_30571_ENTF	TRUE	KO:K02364;NCBIFAM:NF007605.2	CP009685.1_2900	NCBIFAM	NF007605.2	sequence_family	high-confidence	NCBIfam hmm_PGAP/20.0, retrieved 2026-08-23	fixed_annotation_remove_trace_genes_dihydroxybenzoate_biosynthesis	dihydroxybenzoate_biosynthesis	CP009685.1_2890;CP009685.1_2891;CP009685.1_2893
dihydroxyphenylpropanoate_degradation	FALSE	DHPP_EXTRADIOL	FALSE	1	TRUE	RHEA:23840	RHEA:23840	forward	FALSE	SYS_23840_MHPB	FALSE	COMP_23840_CATALYTIC	FALSE	KO:K05713							fixed_annotation_remove_trace_genes_dihydroxyphenylpropanoate_degradation	dihydroxyphenylpropanoate_degradation	CP009685.1_3134;CP009685.1_3135
dihydroxyphenylpropanoate_degradation	FALSE	DHPP_EXTRADIOL	FALSE	2	TRUE	RHEA:34187	RHEA:34187	forward	FALSE	SYS_34187_MHPC	FALSE	COMP_34187_CATALYTIC	FALSE	KO:K05714							fixed_annotation_remove_trace_genes_dihydroxyphenylpropanoate_degradation	dihydroxyphenylpropanoate_degradation	CP009685.1_3134;CP009685.1_3135
dihydroxybenzoate_biosynthesis	FALSE	DHB_CHORISMATE	FALSE	1	TRUE	RHEA:18985	RHEA:18985	forward	TRUE	SYS_18985_ENTC	TRUE	COMP_18985_ENTC	TRUE	KO:K02361	CP009685.1_2893	KO	K02361	orthology	high-confidence	KEGG orthology and Rhea release 141, verified 2026-08-18	fixed_annotation_remove_trace_genes_enterobactin_biosynthesis	enterobactin_biosynthesis	CP009685.1_2891;CP009685.1_2892;CP009685.1_2900;CP009685.1_2904
dihydroxybenzoate_biosynthesis	FALSE	DHB_CHORISMATE	FALSE	2	TRUE	RHEA:11112	RHEA:11112	forward	FALSE	SYS_11112_ENTB	FALSE	COMP_11112_ENTB	FALSE	KO:K01252							fixed_annotation_remove_trace_genes_enterobactin_biosynthesis	enterobactin_biosynthesis	CP009685.1_2891;CP009685.1_2892;CP009685.1_2900;CP009685.1_2904
dihydroxybenzoate_biosynthesis	FALSE	DHB_CHORISMATE	FALSE	3	TRUE	RHEA:23824	RHEA:23824	forward	TRUE	SYS_23824_ENTA	TRUE	COMP_23824_ENTA	TRUE	KO:K00216	CP009685.1_2890	KO	K00216	orthology	curated	KEGG map01053 and Rhea release 141, verified 2026-08-20	fixed_annotation_remove_trace_genes_enterobactin_biosynthesis	enterobactin_biosynthesis	CP009685.1_2891;CP009685.1_2892;CP009685.1_2900;CP009685.1_2904
enterobactin_biosynthesis	FALSE	ENTEROBACTIN_ENTBDEF	FALSE	1	TRUE	RHEA:30571	RHEA:30571	forward	FALSE	SYS_30571_ENTBDEF	FALSE	COMP_30571_ENTB	FALSE	KO:K01252							fixed_annotation_remove_trace_genes_enterobactin_biosynthesis	enterobactin_biosynthesis	CP009685.1_2891;CP009685.1_2892;CP009685.1_2900;CP009685.1_2904
enterobactin_biosynthesis	FALSE	ENTEROBACTIN_ENTBDEF	FALSE	1	TRUE	RHEA:30571	RHEA:30571	forward	FALSE	SYS_30571_ENTBDEF	FALSE	COMP_30571_ENTD	FALSE	KO:K02362;NCBIFAM:NF007604.0							fixed_annotation_remove_trace_genes_enterobactin_biosynthesis	enterobactin_biosynthesis	CP009685.1_2891;CP009685.1_2892;CP009685.1_2900;CP009685.1_2904
enterobactin_biosynthesis	FALSE	ENTEROBACTIN_ENTBDEF	FALSE	1	TRUE	RHEA:30571	RHEA:30571	forward	FALSE	SYS_30571_ENTBDEF	FALSE	COMP_30571_ENTE	FALSE	KO:K02363							fixed_annotation_remove_trace_genes_enterobactin_biosynthesis	enterobactin_biosynthesis	CP009685.1_2891;CP009685.1_2892;CP009685.1_2900;CP009685.1_2904
enterobactin_biosynthesis	FALSE	ENTEROBACTIN_ENTBDEF	FALSE	1	TRUE	RHEA:30571	RHEA:30571	forward	FALSE	SYS_30571_ENTBDEF	FALSE	COMP_30571_ENTF	FALSE	KO:K02364;NCBIFAM:NF007605.2							fixed_annotation_remove_trace_genes_enterobactin_biosynthesis	enterobactin_biosynthesis	CP009685.1_2891;CP009685.1_2892;CP009685.1_2900;CP009685.1_2904
ethanol_formation	FALSE	ETHANOL_ADHE	FALSE	1	TRUE	RHEA:23288	RHEA:23288	reverse	TRUE	SYS_23288_MHPF	TRUE	COMP_23288_MHPF	TRUE	KO:K04073	CP009685.1_3132	KO	K04073	orthology	curated	KEGG orthology and Rhea release 141, verified 2026-08-19	fixed_annotation_remove_trace_genes_ethanol_formation	ethanol_formation	CP009685.1_2266
ethanol_formation	FALSE	ETHANOL_ADHE	FALSE	2	TRUE	RHEA:25290	RHEA:25290	reverse	FALSE	SYS_25290_ADHE	FALSE	COMP_25290_CATALYTIC	FALSE	KO:K04072							fixed_annotation_remove_trace_genes_ethanol_formation	ethanol_formation	CP009685.1_2266
folate_biosynthesis	FALSE	FOLATE_THF	FALSE	1	TRUE	RHEA:17473	RHEA:17473	forward	FALSE	SYS_17473_FOLE	FALSE	COMP_17473_CATALYTIC	FALSE	KO:K01495;KO:K09007;KO:K22391							fixed_annotation_remove_trace_genes_folate_biosynthesis	folate_biosynthesis	CP009685.1_1194;CP009685.1_1359;CP009685.1_1631;CP009685.1_3340;CP009685.1_3431;CP009685.1_366;CP009685.1_477
folate_biosynthesis	FALSE	FOLATE_THF	FALSE	2	FALSE	RHEA:25302	RHEA:25302	forward	FALSE	SYS_25302_NUDB	FALSE	COMP_25302_CATALYTIC	FALSE	KO:K08310;KO:K19965							fixed_annotation_remove_trace_genes_folate_biosynthesis	folate_biosynthesis	CP009685.1_1194;CP009685.1_1359;CP009685.1_1631;CP009685.1_3340;CP009685.1_3431;CP009685.1_366;CP009685.1_477
folate_biosynthesis	FALSE	FOLATE_THF	FALSE	3	TRUE	RHEA:10540	RHEA:10540	forward	FALSE	SYS_10540_FOLB	FALSE	COMP_10540_CATALYTIC	FALSE	KO:K01633;KO:K13939;KO:K13940							fixed_annotation_remove_trace_genes_folate_biosynthesis	folate_biosynthesis	CP009685.1_1194;CP009685.1_1359;CP009685.1_1631;CP009685.1_3340;CP009685.1_3431;CP009685.1_366;CP009685.1_477
folate_biosynthesis	FALSE	FOLATE_THF	FALSE	4	TRUE	RHEA:11412	RHEA:11412	forward	FALSE	SYS_11412_FOLK	FALSE	COMP_11412_CATALYTIC	FALSE	KO:K00950;KO:K13939;KO:K13940;KO:K13941							fixed_annotation_remove_trace_genes_folate_biosynthesis	folate_biosynthesis	CP009685.1_1194;CP009685.1_1359;CP009685.1_1631;CP009685.1_3340;CP009685.1_3431;CP009685.1_366;CP009685.1_477
folate_biosynthesis	FALSE	FOLATE_THF	FALSE	5	TRUE	RHEA:19949	RHEA:19949	forward	FALSE	SYS_19949_FOLP	FALSE	COMP_19949_CATALYTIC	FALSE	KO:K00796;KO:K13939;KO:K13941							fixed_annotation_remove_trace_genes_folate_biosynthesis	folate_biosynthesis	CP009685.1_1194;CP009685.1_1359;CP009685.1_1631;CP009685.1_3340;CP009685.1_3431;CP009685.1_366;CP009685.1_477
folate_biosynthesis	FALSE	FOLATE_THF	FALSE	6	TRUE	RHEA:23584	RHEA:23584	forward	FALSE	SYS_23584_FOLC	FALSE	COMP_23584_CATALYTIC	FALSE	KO:K11754;KO:K20457							fixed_annotation_remove_trace_genes_folate_biosynthesis	folate_biosynthesis	CP009685.1_1194;CP009685.1_1359;CP009685.1_1631;CP009685.1_3340;CP009685.1_3431;CP009685.1_366;CP009685.1_477
folate_biosynthesis	FALSE	FOLATE_THF	FALSE	7	TRUE	RHEA:15009	RHEA:15009	forward	FALSE	SYS_15009_FOLA	FALSE	COMP_15009_CATALYTIC	FALSE	KO:K00287;KO:K13998							fixed_annotation_remove_trace_genes_folate_biosynthesis	folate_biosynthesis	CP009685.1_1194;CP009685.1_1359;CP009685.1_1631;CP009685.1_3340;CP009685.1_3431;CP009685.1_366;CP009685.1_477
fucose_degradation_isomerase	FALSE	FUC_ISOMERASE	FALSE	1	TRUE	RHEA:17233	RHEA:17233	forward	FALSE	SYS_17233_FUCI	FALSE	COMP_17233_CATALYTIC	FALSE	KO:K01818;NCBIFAM:NF008220.0;NCBIFAM:TIGR01089.1							fixed_annotation_remove_trace_genes_fucose_degradation_isomerase	fucose_degradation_isomerase	CP009685.1_721;CP009685.1_722;CP009685.1_724
fucose_degradation_isomerase	FALSE	FUC_ISOMERASE	FALSE	2	TRUE	RHEA:12376	RHEA:12376	forward	FALSE	SYS_12376_FUCK	FALSE	COMP_12376_CATALYTIC	FALSE	KO:K00879							fixed_annotation_remove_trace_genes_fucose_degradation_isomerase	fucose_degradation_isomerase	CP009685.1_721;CP009685.1_722;CP009685.1_724
fucose_degradation_isomerase	FALSE	FUC_ISOMERASE	FALSE	3	TRUE	RHEA:12933	RHEA:12933	forward	FALSE	SYS_12933_FUCA	FALSE	COMP_12933_CATALYTIC	FALSE	KO:K01628							fixed_annotation_remove_trace_genes_fucose_degradation_isomerase	fucose_degradation_isomerase	CP009685.1_721;CP009685.1_722;CP009685.1_724
fumarate_oxaloacetate_interconversion	FALSE	TCA4_FUMARASE_MDH	FALSE	1	TRUE	RHEA:12460	RHEA:12460	reverse	TRUE	SYS_12460_FUMC	TRUE	COMP_12460_FUMC	TRUE	KO:K01679	CP009685.1_1891	KO	K01679	orthology	curated	KEGG orthology and Rhea release 141, verified 2026-08-18	fixed_annotation_remove_trace_genes_fumarate_oxaloacetate_interconversion	fumarate_oxaloacetate_interconversion	CP009685.1_1302;CP009685.1_1890;CP009685.1_3754
fumarate_oxaloacetate_interconversion	FALSE	TCA4_FUMARASE_MDH	FALSE	2	TRUE	RHEA:21432	RHEA:21432	forward	FALSE	SYS_21432_MDH	FALSE	COMP_21432_CATALYTIC	FALSE	KO:K00024;KO:K00025;KO:K00026							fixed_annotation_remove_trace_genes_fumarate_oxaloacetate_interconversion	fumarate_oxaloacetate_interconversion	CP009685.1_1302;CP009685.1_1890;CP009685.1_3754
galactose_degradation_leloir	FALSE	GAL_LELOIR	FALSE	1	FALSE	RHEA:28675	RHEA:28675	reverse	FALSE	SYS_28675_GALM	FALSE	COMP_28675_CATALYTIC	FALSE	KO:K01785							fixed_annotation_remove_trace_genes_galactose_degradation_leloir	galactose_degradation_leloir	CP009685.1_2742;CP009685.1_2743;CP009685.1_2744;CP009685.1_2745;CP009685.1_3997;CP009685.1_967
galactose_degradation_leloir	FALSE	GAL_LELOIR	FALSE	2	TRUE	RHEA:13553	RHEA:13553	forward	FALSE	SYS_13553_GALK	FALSE	COMP_13553_CATALYTIC	FALSE	KO:K00849							fixed_annotation_remove_trace_genes_galactose_degradation_leloir	galactose_degradation_leloir	CP009685.1_2742;CP009685.1_2743;CP009685.1_2744;CP009685.1_2745;CP009685.1_3997;CP009685.1_967
galactose_degradation_leloir	FALSE	GAL_LELOIR	FALSE	3	TRUE	RHEA:13989	RHEA:13989	forward	FALSE	SYS_13989_GALT	FALSE	COMP_13989_CATALYTIC	FALSE	KO:K00965							fixed_annotation_remove_trace_genes_galactose_degradation_leloir	galactose_degradation_leloir	CP009685.1_2742;CP009685.1_2743;CP009685.1_2744;CP009685.1_2745;CP009685.1_3997;CP009685.1_967
galactose_degradation_leloir	FALSE	GAL_LELOIR	FALSE	4	TRUE	RHEA:22168	RHEA:22168	reverse	FALSE	SYS_22168_GALE	FALSE	COMP_22168_CATALYTIC	FALSE	KO:K01784;KO:K17716							fixed_annotation_remove_trace_genes_galactose_degradation_leloir	galactose_degradation_leloir	CP009685.1_2742;CP009685.1_2743;CP009685.1_2744;CP009685.1_2745;CP009685.1_3997;CP009685.1_967
galacturonate_degradation	FALSE	GALUA_ISOMERASE	FALSE	1	TRUE	RHEA:27702	RHEA:27702	forward	FALSE	SYS_27702_UXAC	FALSE	COMP_27702_CATALYTIC	FALSE	KO:K01812							fixed_annotation_remove_trace_genes_galacturonate_degradation	galacturonate_degradation	CP009685.1_1982;CP009685.1_444;CP009685.1_445
galacturonate_degradation	FALSE	GALUA_ISOMERASE	FALSE	2	TRUE	RHEA:17813	RHEA:17813	reverse	FALSE	SYS_17813_UXAB	FALSE	COMP_17813_CATALYTIC	FALSE	KO:K00041							fixed_annotation_remove_trace_genes_galacturonate_degradation	galacturonate_degradation	CP009685.1_1982;CP009685.1_444;CP009685.1_445
galacturonate_degradation	FALSE	GALUA_ISOMERASE	FALSE	3	TRUE	RHEA:15957	RHEA:15957	forward	FALSE	SYS_15957_MONOMER	FALSE	COMP_15957_CATALYTIC	FALSE	KO:K01685							fixed_annotation_remove_trace_genes_galacturonate_degradation	galacturonate_degradation	CP009685.1_1982;CP009685.1_444;CP009685.1_445
glucuronate_degradation	FALSE	GLCUA_ISOMERASE	FALSE	1	TRUE	RHEA:13049	RHEA:13049	forward	FALSE	SYS_13049_UXAC	FALSE	COMP_13049_CATALYTIC	FALSE	KO:K01812							fixed_annotation_remove_trace_genes_galacturonate_degradation	galacturonate_degradation	CP009685.1_1982;CP009685.1_444;CP009685.1_445
glucuronate_degradation	FALSE	GLCUA_ISOMERASE	FALSE	2	TRUE	RHEA:15729	RHEA:15729	reverse	TRUE	SYS_15729_UXUB	TRUE	COMP_15729_CATALYTIC	TRUE	KO:K00040	CP009685.1_1339	KO	K00040	orthology	curated	KEGG orthology and Rhea release 141, verified 2026-08-18	fixed_annotation_remove_trace_genes_galacturonate_degradation	galacturonate_degradation	CP009685.1_1982;CP009685.1_444;CP009685.1_445
glucuronate_degradation	FALSE	GLCUA_ISOMERASE	FALSE	2	TRUE	RHEA:15729	RHEA:15729	reverse	TRUE	SYS_15729_UXUB	TRUE	COMP_15729_CATALYTIC	TRUE	KO:K00040	CP009685.1_3556	KO	K00040	orthology	curated	KEGG orthology and Rhea release 141, verified 2026-08-18	fixed_annotation_remove_trace_genes_galacturonate_degradation	galacturonate_degradation	CP009685.1_1982;CP009685.1_444;CP009685.1_445
glucuronate_degradation	FALSE	GLCUA_ISOMERASE	FALSE	2	TRUE	RHEA:15729	RHEA:15729	reverse	TRUE	SYS_15729_UXUB	TRUE	COMP_15729_CATALYTIC	TRUE	KO:K00040	CP009685.1_1960	KO	K00040	orthology	curated	KEGG orthology and Rhea release 141, verified 2026-08-18	fixed_annotation_remove_trace_genes_galacturonate_degradation	galacturonate_degradation	CP009685.1_1982;CP009685.1_444;CP009685.1_445
glucuronate_degradation	FALSE	GLCUA_ISOMERASE	FALSE	3	TRUE	RHEA:20097	RHEA:20097	forward	TRUE	SYS_20097_UXUA	TRUE	COMP_20097_CATALYTIC	TRUE	KO:K01686;KO:K08323	CP009685.1_3557	KO	K01686	orthology	curated	KEGG orthology and Rhea release 141, verified 2026-08-18	fixed_annotation_remove_trace_genes_galacturonate_degradation	galacturonate_degradation	CP009685.1_1982;CP009685.1_444;CP009685.1_445
glucuronate_degradation	FALSE	GLCUA_ISOMERASE	FALSE	3	TRUE	RHEA:20097	RHEA:20097	forward	TRUE	SYS_20097_UXUA	TRUE	COMP_20097_CATALYTIC	TRUE	KO:K01686;KO:K08323	CP009685.1_1921	KO	K08323	orthology	curated	KEGG orthology and Rhea release 141, verified 2026-08-18	fixed_annotation_remove_trace_genes_galacturonate_degradation	galacturonate_degradation	CP009685.1_1982;CP009685.1_444;CP009685.1_445
glcnac_degradation	FALSE	GLCNAC_PTS	FALSE	1	TRUE	RHEA:49240	RHEA:49240	forward	TRUE	SYS_49240_NAGE	TRUE	COMP_49240_EII	TRUE	KO:K02803;KO:K02804;NCBIFAM:NF007608.0;NCBIFAM:TIGR01998.1	CP009685.1_2817	KO	K02804	orthology	curated	KEGG orthology and Rhea release 141, verified 2026-08-27	fixed_annotation_remove_trace_genes_glcnac_degradation	glcnac_degradation	CP009685.1_2388;CP009685.1_2818;CP009685.1_2819;CP009685.1_400;CP009685.1_406;CP009685.1_4141
glcnac_degradation	FALSE	GLCNAC_PTS	FALSE	1	TRUE	RHEA:49240	RHEA:49240	forward	TRUE	SYS_49240_NAGE	TRUE	COMP_49240_EII	TRUE	KO:K02803;KO:K02804;NCBIFAM:NF007608.0;NCBIFAM:TIGR01998.1	CP009685.1_2817	NCBIFAM	NF007608.0	sequence_family	high-confidence	NCBIfam hmm_PGAP/20.0, retrieved 2026-08-27	fixed_annotation_remove_trace_genes_glcnac_degradation	glcnac_degradation	CP009685.1_2388;CP009685.1_2818;CP009685.1_2819;CP009685.1_400;CP009685.1_406;CP009685.1_4141
glcnac_degradation	FALSE	GLCNAC_PTS	FALSE	1	TRUE	RHEA:49240	RHEA:49240	forward	TRUE	SYS_49240_NAGE	TRUE	COMP_49240_EII	TRUE	KO:K02803;KO:K02804;NCBIFAM:NF007608.0;NCBIFAM:TIGR01998.1	CP009685.1_2817	NCBIFAM	TIGR01998.1	sequence_family	high-confidence	NCBIfam hmm_PGAP/20.0, retrieved 2026-08-27	fixed_annotation_remove_trace_genes_glcnac_degradation	glcnac_degradation	CP009685.1_2388;CP009685.1_2818;CP009685.1_2819;CP009685.1_400;CP009685.1_406;CP009685.1_4141
glcnac_degradation	FALSE	GLCNAC_PTS	FALSE	2	TRUE	RHEA:22936	RHEA:22936	forward	FALSE	SYS_22936_NAGA	FALSE	COMP_22936_CATALYTIC	FALSE	KO:K01443;NCBIFAM:NF008371.0;NCBIFAM:TIGR00221.1							fixed_annotation_remove_trace_genes_glcnac_degradation	glcnac_degradation	CP009685.1_2388;CP009685.1_2818;CP009685.1_2819;CP009685.1_400;CP009685.1_406;CP009685.1_4141
glcnac_degradation	FALSE	GLCNAC_PTS	FALSE	3	TRUE	RHEA:12172	RHEA:12172	forward	FALSE	SYS_12172_NAGB	FALSE	COMP_12172_CATALYTIC	FALSE	KO:K02564;NCBIFAM:NF001682.0;NCBIFAM:NF001685.0;NCBIFAM:NF009022.0;NCBIFAM:NF041128.1;NCBIFAM:NF046059.1;NCBIFAM:TIGR00502.1							fixed_annotation_remove_trace_genes_glcnac_degradation	glcnac_degradation	CP009685.1_2388;CP009685.1_2818;CP009685.1_2819;CP009685.1_400;CP009685.1_406;CP009685.1_4141
neuac_degradation	FALSE	NEUAC_LYASE	FALSE	1	TRUE	RHEA:23296	RHEA:23296	forward	TRUE	SYS_23296_NANA	TRUE	COMP_23296_CATALYTIC	TRUE	KO:K01639	CP009685.1_316	KO	K01639	orthology	curated	KEGG orthology and Rhea release 141, verified 2026-08-18	fixed_annotation_remove_trace_genes_glcnac_degradation	glcnac_degradation	CP009685.1_2388;CP009685.1_2818;CP009685.1_2819;CP009685.1_400;CP009685.1_406;CP009685.1_4141
neuac_degradation	FALSE	NEUAC_LYASE	FALSE	2	TRUE	RHEA:25253	RHEA:25253	forward	TRUE	SYS_25253_NANK	TRUE	COMP_25253_CATALYTIC	TRUE	KO:K00885;KO:K13967	CP009685.1_319	KO	K00885	orthology	curated	KEGG orthology and Rhea release 141, verified 2026-08-18	fixed_annotation_remove_trace_genes_glcnac_degradation	glcnac_degradation	CP009685.1_2388;CP009685.1_2818;CP009685.1_2819;CP009685.1_400;CP009685.1_406;CP009685.1_4141
neuac_degradation	FALSE	NEUAC_LYASE	FALSE	3	TRUE	RHEA:25257	RHEA:25257	reverse	TRUE	SYS_25257_NANE	TRUE	COMP_25257_CATALYTIC	TRUE	KO:K01788;KO:K13967	CP009685.1_318	KO	K01788	orthology	curated	KEGG orthology and Rhea release 141, verified 2026-08-18	fixed_annotation_remove_trace_genes_glcnac_degradation	glcnac_degradation	CP009685.1_2388;CP009685.1_2818;CP009685.1_2819;CP009685.1_400;CP009685.1_406;CP009685.1_4141
neuac_degradation	FALSE	NEUAC_LYASE	FALSE	4	TRUE	RHEA:22936	RHEA:22936	forward	FALSE	SYS_22936_NAGA	FALSE	COMP_22936_CATALYTIC	FALSE	KO:K01443;NCBIFAM:NF008371.0;NCBIFAM:TIGR00221.1							fixed_annotation_remove_trace_genes_glcnac_degradation	glcnac_degradation	CP009685.1_2388;CP009685.1_2818;CP009685.1_2819;CP009685.1_400;CP009685.1_406;CP009685.1_4141
neuac_degradation	FALSE	NEUAC_LYASE	FALSE	5	TRUE	RHEA:12172	RHEA:12172	forward	FALSE	SYS_12172_NAGB	FALSE	COMP_12172_CATALYTIC	FALSE	KO:K02564;NCBIFAM:NF001682.0;NCBIFAM:NF001685.0;NCBIFAM:NF009022.0;NCBIFAM:NF041128.1;NCBIFAM:NF046059.1;NCBIFAM:TIGR00502.1							fixed_annotation_remove_trace_genes_glcnac_degradation	glcnac_degradation	CP009685.1_2388;CP009685.1_2818;CP009685.1_2819;CP009685.1_400;CP009685.1_406;CP009685.1_4141
galacturonate_degradation	FALSE	GALUA_ISOMERASE	FALSE	1	TRUE	RHEA:27702	RHEA:27702	forward	FALSE	SYS_27702_UXAC	FALSE	COMP_27702_CATALYTIC	FALSE	KO:K01812							fixed_annotation_remove_trace_genes_glucuronate_degradation	glucuronate_degradation	CP009685.1_1339;CP009685.1_1921;CP009685.1_1960;CP009685.1_3556;CP009685.1_3557;CP009685.1_444
galacturonate_degradation	FALSE	GALUA_ISOMERASE	FALSE	2	TRUE	RHEA:17813	RHEA:17813	reverse	TRUE	SYS_17813_UXAB	TRUE	COMP_17813_CATALYTIC	TRUE	KO:K00041	CP009685.1_1982	KO	K00041	orthology	curated	KEGG orthology and Rhea release 141, verified 2026-08-18	fixed_annotation_remove_trace_genes_glucuronate_degradation	glucuronate_degradation	CP009685.1_1339;CP009685.1_1921;CP009685.1_1960;CP009685.1_3556;CP009685.1_3557;CP009685.1_444
galacturonate_degradation	FALSE	GALUA_ISOMERASE	FALSE	3	TRUE	RHEA:15957	RHEA:15957	forward	TRUE	SYS_15957_MONOMER	TRUE	COMP_15957_CATALYTIC	TRUE	KO:K01685	CP009685.1_445	KO	K01685	orthology	curated	KEGG orthology and Rhea release 141, verified 2026-08-18	fixed_annotation_remove_trace_genes_glucuronate_degradation	glucuronate_degradation	CP009685.1_1339;CP009685.1_1921;CP009685.1_1960;CP009685.1_3556;CP009685.1_3557;CP009685.1_444
glucuronate_degradation	FALSE	GLCUA_ISOMERASE	FALSE	1	TRUE	RHEA:13049	RHEA:13049	forward	FALSE	SYS_13049_UXAC	FALSE	COMP_13049_CATALYTIC	FALSE	KO:K01812							fixed_annotation_remove_trace_genes_glucuronate_degradation	glucuronate_degradation	CP009685.1_1339;CP009685.1_1921;CP009685.1_1960;CP009685.1_3556;CP009685.1_3557;CP009685.1_444
glucuronate_degradation	FALSE	GLCUA_ISOMERASE	FALSE	2	TRUE	RHEA:15729	RHEA:15729	reverse	FALSE	SYS_15729_UXUB	FALSE	COMP_15729_CATALYTIC	FALSE	KO:K00040							fixed_annotation_remove_trace_genes_glucuronate_degradation	glucuronate_degradation	CP009685.1_1339;CP009685.1_1921;CP009685.1_1960;CP009685.1_3556;CP009685.1_3557;CP009685.1_444
glucuronate_degradation	FALSE	GLCUA_ISOMERASE	FALSE	3	TRUE	RHEA:20097	RHEA:20097	forward	FALSE	SYS_20097_UXUA	FALSE	COMP_20097_CATALYTIC	FALSE	KO:K01686;KO:K08323							fixed_annotation_remove_trace_genes_glucuronate_degradation	glucuronate_degradation	CP009685.1_1339;CP009685.1_1921;CP009685.1_1960;CP009685.1_3556;CP009685.1_3557;CP009685.1_444
glutamate_decarboxylation_gaba	FALSE	GAD_DECARBOXYLATION	FALSE	1	TRUE	RHEA:17785	RHEA:17785	forward	FALSE	SYS_17785_GAD	FALSE	COMP_17785_CATALYTIC	FALSE	KO:K01580							fixed_annotation_remove_trace_genes_glutamate_decarboxylation_gaba	glutamate_decarboxylation_gaba	CP009685.1_2009;CP009685.1_26
glutamine_biosynthesis	FALSE	GLN_GS	FALSE	1	TRUE	RHEA:16169	RHEA:16169	forward	FALSE	SYS_16169_GLNA	FALSE	COMP_16169_GLNA	FALSE	KO:K01915							fixed_annotation_remove_trace_genes_glutamine_biosynthesis	glutamine_biosynthesis	CP009685.1_2206;CP009685.1_4006
glycine_biosynthesis	FALSE	GLY_SHMT	FALSE	1	TRUE	RHEA:15481	RHEA:15481	reverse	FALSE	SYS_15481_SHMT	FALSE	COMP_15481_CATALYTIC	FALSE	KO:K00600							fixed_annotation_remove_trace_genes_glycine_biosynthesis	glycine_biosynthesis	CP009685.1_960
glyoxylate_bypass	FALSE	GLYOXYLATE_BYPASS_DIRECT	FALSE	1	TRUE	RHEA:13245	RHEA:13245	forward	FALSE	SYS_13245_ICL	FALSE	COMP_13245_CATALYTIC	FALSE	KO:K01637;NCBIFAM:NF005074.0;NCBIFAM:NF011645.0;NCBIFAM:TIGR01346.1							fixed_annotation_remove_trace_genes_glyoxylate_bypass	glyoxylate_bypass	CP009685.1_3867;CP009685.1_3868;CP009685.1_557
glyoxylate_bypass	FALSE	GLYOXYLATE_BYPASS_DIRECT	FALSE	2	TRUE	RHEA:18181	RHEA:18181	forward	FALSE	SYS_18181_MALS	FALSE	COMP_18181_CATALYTIC	FALSE	KO:K01638							fixed_annotation_remove_trace_genes_glyoxylate_bypass	glyoxylate_bypass	CP009685.1_3867;CP009685.1_3868;CP009685.1_557
guanylate_biosynthesis	FALSE	GMP_XMP	FALSE	1	TRUE	RHEA:11708	RHEA:11708	forward	FALSE	SYS_11708_IMPDH	FALSE	COMP_11708_CATALYTIC	FALSE	KO:K00088							fixed_annotation_remove_trace_genes_guanylate_biosynthesis	guanylate_biosynthesis	CP009685.1_1003;CP009685.1_1004
guanylate_biosynthesis	FALSE	GMP_XMP	FALSE	2	TRUE	RHEA:11680	RHEA:11680	forward	FALSE	SYS_11680_GMP_SYNTHASE	FALSE	COMP_11680_CATALYTIC	FALSE	KO:K01951							fixed_annotation_remove_trace_genes_guanylate_biosynthesis	guanylate_biosynthesis	CP009685.1_1003;CP009685.1_1004
heme_b_biosynthesis	FALSE	HEME_PROTO_HEMN_HEMG	FALSE	1	TRUE	RHEA:19865	RHEA:19865	forward	FALSE	SYS_19865_HEME	FALSE	COMP_19865_HEME	FALSE	KO:K01599							fixed_annotation_remove_trace_genes_heme_b_biosynthesis	heme_b_biosynthesis	CP009685.1_1079;CP009685.1_3012;CP009685.1_3884;CP009685.1_4023
heme_b_biosynthesis	FALSE	HEME_PROTO_HEMN_HEMG	FALSE	2	TRUE	RHEA:15425	RHEA:15425	forward	TRUE	SYS_15425_HEMN	TRUE	COMP_15425_HEMN	TRUE	KO:K02495	CP009685.1_4010	KO	K02495	orthology	curated	KEGG M00121 and Rhea release 141, verified 2026-08-20	fixed_annotation_remove_trace_genes_heme_b_biosynthesis	heme_b_biosynthesis	CP009685.1_1079;CP009685.1_3012;CP009685.1_3884;CP009685.1_4023
heme_b_biosynthesis	FALSE	HEME_PROTO_HEMN_HEMG	FALSE	3	TRUE	RHEA:27409	RHEA:27409	forward	FALSE	SYS_27409_HEMG	FALSE	COMP_27409_HEMG	FALSE	KO:K00230							fixed_annotation_remove_trace_genes_heme_b_biosynthesis	heme_b_biosynthesis	CP009685.1_1079;CP009685.1_3012;CP009685.1_3884;CP009685.1_4023
heme_b_biosynthesis	FALSE	HEME_PROTO_HEMN_HEMG	FALSE	4	TRUE	RHEA:22584	RHEA:22584	reverse	FALSE	SYS_22584_HEMH	FALSE	COMP_22584_HEMH	FALSE	KO:K01772;NCBIFAM:NF000689.1;NCBIFAM:TIGR00109.1							fixed_annotation_remove_trace_genes_heme_b_biosynthesis	heme_b_biosynthesis	CP009685.1_1079;CP009685.1_3012;CP009685.1_3884;CP009685.1_4023
histidine_biosynthesis	FALSE	HIS_CANONICAL	FALSE	1	TRUE	RHEA:18473	RHEA:18473	reverse	FALSE	SYS_18473_HISG	FALSE	COMP_18473_CATALYTIC	FALSE	KO:K00765							fixed_annotation_remove_trace_genes_histidine_biosynthesis	histidine_biosynthesis	CP009685.1_1489;CP009685.1_1490;CP009685.1_1491;CP009685.1_1492;CP009685.1_1493;CP009685.1_1494;CP009685.1_1495;CP009685.1_1496
histidine_biosynthesis	FALSE	HIS_CANONICAL	FALSE	2	TRUE	RHEA:22828	RHEA:22828	forward	FALSE	SYS_22828_HISE	FALSE	COMP_22828_CATALYTIC	FALSE	KO:K01523;KO:K11755;KO:K14152;NCBIFAM:NF001610.0;NCBIFAM:NF001611.0;NCBIFAM:NF001613.0;NCBIFAM:TIGR03188.1							fixed_annotation_remove_trace_genes_histidine_biosynthesis	histidine_biosynthesis	CP009685.1_1489;CP009685.1_1490;CP009685.1_1491;CP009685.1_1492;CP009685.1_1493;CP009685.1_1494;CP009685.1_1495;CP009685.1_1496
histidine_biosynthesis	FALSE	HIS_CANONICAL	FALSE	3	TRUE	RHEA:20049	RHEA:20049	forward	FALSE	SYS_20049_HISI	FALSE	COMP_20049_CATALYTIC	FALSE	KO:K01496;KO:K11755;KO:K14152							fixed_annotation_remove_trace_genes_histidine_biosynthesis	histidine_biosynthesis	CP009685.1_1489;CP009685.1_1490;CP009685.1_1491;CP009685.1_1492;CP009685.1_1493;CP009685.1_1494;CP009685.1_1495;CP009685.1_1496
histidine_biosynthesis	FALSE	HIS_CANONICAL	FALSE	4	TRUE	RHEA:15469	RHEA:15469	forward	FALSE	SYS_15469_HISA	FALSE	COMP_15469_CATALYTIC	FALSE	KO:K01814;KO:K24017							fixed_annotation_remove_trace_genes_histidine_biosynthesis	histidine_biosynthesis	CP009685.1_1489;CP009685.1_1490;CP009685.1_1491;CP009685.1_1492;CP009685.1_1493;CP009685.1_1494;CP009685.1_1495;CP009685.1_1496
histidine_biosynthesis	FALSE	HIS_CANONICAL	FALSE	5	TRUE	RHEA:24793	RHEA:24793	forward	FALSE	SYS_24793_HISF_FUSED	FALSE	COMP_24793_HISF_FUSED_CATALYTIC	FALSE	KO:K01663							fixed_annotation_remove_trace_genes_histidine_biosynthesis	histidine_biosynthesis	CP009685.1_1489;CP009685.1_1490;CP009685.1_1491;CP009685.1_1492;CP009685.1_1493;CP009685.1_1494;CP009685.1_1495;CP009685.1_1496
histidine_biosynthesis	FALSE	HIS_CANONICAL	FALSE	6	TRUE	RHEA:11040	RHEA:11040	forward	FALSE	SYS_11040_HISB_BIFUNCTIONAL	FALSE	COMP_11040_HISB_BIFUNCTIONAL_CATALYTIC	FALSE	KO:K01089							fixed_annotation_remove_trace_genes_histidine_biosynthesis	histidine_biosynthesis	CP009685.1_1489;CP009685.1_1490;CP009685.1_1491;CP009685.1_1492;CP009685.1_1493;CP009685.1_1494;CP009685.1_1495;CP009685.1_1496
histidine_biosynthesis	FALSE	HIS_CANONICAL	FALSE	7	TRUE	RHEA:23744	RHEA:23744	reverse	FALSE	SYS_23744_HISC	FALSE	COMP_23744_CATALYTIC	FALSE	KO:K00817							fixed_annotation_remove_trace_genes_histidine_biosynthesis	histidine_biosynthesis	CP009685.1_1489;CP009685.1_1490;CP009685.1_1491;CP009685.1_1492;CP009685.1_1493;CP009685.1_1494;CP009685.1_1495;CP009685.1_1496
histidine_biosynthesis	FALSE	HIS_CANONICAL	FALSE	8	TRUE	RHEA:14465	RHEA:14465	forward	FALSE	SYS_14465_HISB_BIFUNCTIONAL	FALSE	COMP_14465_HISB_BIFUNCTIONAL_CATALYTIC	FALSE	KO:K01089;NCBIFAM:TIGR01261.1							fixed_annotation_remove_trace_genes_histidine_biosynthesis	histidine_biosynthesis	CP009685.1_1489;CP009685.1_1490;CP009685.1_1491;CP009685.1_1492;CP009685.1_1493;CP009685.1_1494;CP009685.1_1495;CP009685.1_1496
histidine_biosynthesis	FALSE	HIS_CANONICAL	FALSE	9	TRUE	RHEA:33799	RHEA:33799	forward	FALSE	SYS_33799_HISD	FALSE	COMP_33799_CATALYTIC	FALSE	KO:K00013;KO:K14152							fixed_annotation_remove_trace_genes_histidine_biosynthesis	histidine_biosynthesis	CP009685.1_1489;CP009685.1_1490;CP009685.1_1491;CP009685.1_1492;CP009685.1_1493;CP009685.1_1494;CP009685.1_1495;CP009685.1_1496
histidine_biosynthesis	FALSE	HIS_CANONICAL	FALSE	10	TRUE	RHEA:33803	RHEA:33803	forward	FALSE	SYS_33803_HISD	FALSE	COMP_33803_CATALYTIC	FALSE	KO:K00013;KO:K14152							fixed_annotation_remove_trace_genes_histidine_biosynthesis	histidine_biosynthesis	CP009685.1_1489;CP009685.1_1490;CP009685.1_1491;CP009685.1_1492;CP009685.1_1493;CP009685.1_1494;CP009685.1_1495;CP009685.1_1496
hmp_phosphate_biosynthesis	FALSE	HMP_THIC	FALSE	1	TRUE	RHEA:24840	RHEA:24840	forward	FALSE	SYS_24840_THIC	FALSE	COMP_24840_CATALYTIC	FALSE	KO:K03147							fixed_annotation_remove_trace_genes_hmp_phosphate_biosynthesis	hmp_phosphate_biosynthesis	CP009685.1_1410;CP009685.1_3887
hmp_phosphate_biosynthesis	FALSE	HMP_THIC	FALSE	2	TRUE	RHEA:19893	RHEA:19893	forward	FALSE	SYS_19893_THID	FALSE	COMP_19893_CATALYTIC	FALSE	KO:K00941;KO:K14153;KO:K21219							fixed_annotation_remove_trace_genes_hmp_phosphate_biosynthesis	hmp_phosphate_biosynthesis	CP009685.1_1410;CP009685.1_3887
thiamine_precursor_salvage	FALSE	SALVAGE_HMP_HET	FALSE	1	TRUE	RHEA:23096	RHEA:23096	forward	FALSE	SYS_23096_THID_HMP	FALSE	COMP_23096_CATALYTIC	FALSE	KO:K00941;KO:K14153;KO:K21219;NCBIFAM:NF009259.0							fixed_annotation_remove_trace_genes_hmp_phosphate_biosynthesis	hmp_phosphate_biosynthesis	CP009685.1_1410;CP009685.1_3887
thiamine_precursor_salvage	FALSE	SALVAGE_HMP_HET	FALSE	2	TRUE	RHEA:19893	RHEA:19893	forward	FALSE	SYS_19893_THID	FALSE	COMP_19893_CATALYTIC	FALSE	KO:K00941;KO:K14153;KO:K21219							fixed_annotation_remove_trace_genes_hmp_phosphate_biosynthesis	hmp_phosphate_biosynthesis	CP009685.1_1410;CP009685.1_3887
thiamine_precursor_salvage	FALSE	SALVAGE_HMP_HET	FALSE	3	TRUE	RHEA:24212	RHEA:24212	forward	TRUE	SYS_24212_THIM	TRUE	COMP_24212_CATALYTIC	TRUE	KO:K00878	CP009685.1_1409	KO	K00878	orthology	curated	KEGG orthology and Rhea release 141, verified 2026-08-18	fixed_annotation_remove_trace_genes_hmp_phosphate_biosynthesis	hmp_phosphate_biosynthesis	CP009685.1_1410;CP009685.1_3887
homoserine_biosynthesis	FALSE	HSER_NAD	FALSE	1	TRUE	RHEA:15757	RHEA:15757	reverse	FALSE	SYS_15757_HOM_NAD	FALSE	COMP_15757_CATALYTIC	FALSE	KO:K00003;KO:K12524;KO:K12525							fixed_annotation_remove_trace_genes_homoserine_biosynthesis	homoserine_biosynthesis	CP009685.1_3475;CP009685.1_3934
hydroxyphenylpropanoate_hydroxylation	FALSE	HPP_MONOOXYGENASE	FALSE	1	TRUE	RHEA:24785	RHEA:24785	forward	FALSE	SYS_24785_MHPA	FALSE	COMP_24785_CATALYTIC	FALSE	KO:K05712							fixed_annotation_remove_trace_genes_hydroxyphenylpropanoate_hydroxylation	hydroxyphenylpropanoate_hydroxylation	CP009685.1_3136
isocitrate_to_oxoglutarate	FALSE	TCA1_ICDH_NAD	FALSE	1	TRUE	RHEA:23632	RHEA:23632	forward	FALSE	SYS_23632_ICDH_NAD	FALSE	COMP_23632_CATALYTIC	FALSE	KO:K00030							fixed_annotation_remove_trace_genes_isocitrate_to_oxoglutarate	isocitrate_to_oxoglutarate	CP009685.1_2371
isoleucine_biosynthesis	FALSE	ILE_CANONICAL	FALSE	1	TRUE	RHEA:27654	RHEA:27654	forward	FALSE	SYS_27654_ILVBN	FALSE	COMP_27654_CATALYTIC	FALSE	KO:K01652							fixed_annotation_remove_trace_genes_isoleucine_biosynthesis	isoleucine_biosynthesis	CP009685.1_2981;CP009685.1_3402;CP009685.1_4092;CP009685.1_4095;CP009685.1_4096;CP009685.1_4190
isoleucine_biosynthesis	FALSE	ILE_CANONICAL	FALSE	2	TRUE	RHEA:13493	RHEA:13493	reverse	FALSE	SYS_13493_ILVC	FALSE	COMP_13493_CATALYTIC	FALSE	KO:K00053							fixed_annotation_remove_trace_genes_isoleucine_biosynthesis	isoleucine_biosynthesis	CP009685.1_2981;CP009685.1_3402;CP009685.1_4092;CP009685.1_4095;CP009685.1_4096;CP009685.1_4190
isoleucine_biosynthesis	FALSE	ILE_CANONICAL	FALSE	3	TRUE	RHEA:27694	RHEA:27694	forward	FALSE	SYS_27694_ILVD	FALSE	COMP_27694_CATALYTIC	FALSE	KO:K01687							fixed_annotation_remove_trace_genes_isoleucine_biosynthesis	isoleucine_biosynthesis	CP009685.1_2981;CP009685.1_3402;CP009685.1_4092;CP009685.1_4095;CP009685.1_4096;CP009685.1_4190
isoleucine_biosynthesis	FALSE	ILE_CANONICAL	FALSE	4	TRUE	RHEA:24801	RHEA:24801	reverse	FALSE	SYS_24801_ILVE	FALSE	COMP_24801_CATALYTIC	FALSE	KO:K00826							fixed_annotation_remove_trace_genes_isoleucine_biosynthesis	isoleucine_biosynthesis	CP009685.1_2981;CP009685.1_3402;CP009685.1_4092;CP009685.1_4095;CP009685.1_4096;CP009685.1_4190
leucine_biosynthesis	FALSE	LEU_CANONICAL	FALSE	1	TRUE	RHEA:21524	RHEA:21524	forward	TRUE	SYS_21524_LEUA	TRUE	COMP_21524_CATALYTIC	TRUE	KO:K01649	CP009685.1_3404	KO	K01649	orthology	curated	KEGG orthology and Rhea release 141, verified 2026-08-19	fixed_annotation_remove_trace_genes_isoleucine_biosynthesis	isoleucine_biosynthesis	CP009685.1_2981;CP009685.1_3402;CP009685.1_4092;CP009685.1_4095;CP009685.1_4096;CP009685.1_4190
leucine_biosynthesis	FALSE	LEU_CANONICAL	FALSE	2	TRUE	RHEA:16293	RHEA:16293	reverse	TRUE	SYS_16293_LEUCD	TRUE	COMP_16293_LEUCD_LARGE	TRUE	KO:K01703	CP009685.1_3406	KO	K01703	orthology	curated	KEGG orthology and Rhea release 141, verified 2026-08-19	fixed_annotation_remove_trace_genes_isoleucine_biosynthesis	isoleucine_biosynthesis	CP009685.1_2981;CP009685.1_3402;CP009685.1_4092;CP009685.1_4095;CP009685.1_4096;CP009685.1_4190
leucine_biosynthesis	FALSE	LEU_CANONICAL	FALSE	2	TRUE	RHEA:16293	RHEA:16293	reverse	TRUE	SYS_16293_LEUCD	TRUE	COMP_16293_LEUCD_SMALL	TRUE	KO:K01704	CP009685.1_3407	KO	K01704	orthology	curated	KEGG orthology and Rhea release 141, verified 2026-08-19	fixed_annotation_remove_trace_genes_isoleucine_biosynthesis	isoleucine_biosynthesis	CP009685.1_2981;CP009685.1_3402;CP009685.1_4092;CP009685.1_4095;CP009685.1_4096;CP009685.1_4190
leucine_biosynthesis	FALSE	LEU_CANONICAL	FALSE	3	TRUE	RHEA:10676	RHEA:10676	reverse	TRUE	SYS_10676_LEUCD	TRUE	COMP_10676_LEUCD_LARGE	TRUE	KO:K01703	CP009685.1_3406	KO	K01703	orthology	curated	KEGG orthology and Rhea release 141, verified 2026-08-19	fixed_annotation_remove_trace_genes_isoleucine_biosynthesis	isoleucine_biosynthesis	CP009685.1_2981;CP009685.1_3402;CP009685.1_4092;CP009685.1_4095;CP009685.1_4096;CP009685.1_4190
leucine_biosynthesis	FALSE	LEU_CANONICAL	FALSE	3	TRUE	RHEA:10676	RHEA:10676	reverse	TRUE	SYS_10676_LEUCD	TRUE	COMP_10676_LEUCD_SMALL	TRUE	KO:K01704	CP009685.1_3407	KO	K01704	orthology	curated	KEGG orthology and Rhea release 141, verified 2026-08-19	fixed_annotation_remove_trace_genes_isoleucine_biosynthesis	isoleucine_biosynthesis	CP009685.1_2981;CP009685.1_3402;CP009685.1_4092;CP009685.1_4095;CP009685.1_4096;CP009685.1_4190
leucine_biosynthesis	FALSE	LEU_CANONICAL	FALSE	4	TRUE	RHEA:32271	RHEA:32271	forward	TRUE	SYS_32271_LEUB	TRUE	COMP_32271_CATALYTIC	TRUE	KO:K00052	CP009685.1_3405	KO	K00052	orthology	curated	KEGG orthology and Rhea release 141, verified 2026-08-19	fixed_annotation_remove_trace_genes_isoleucine_biosynthesis	isoleucine_biosynthesis	CP009685.1_2981;CP009685.1_3402;CP009685.1_4092;CP009685.1_4095;CP009685.1_4096;CP009685.1_4190
leucine_biosynthesis	FALSE	LEU_CANONICAL	FALSE	5	TRUE	RHEA:18321	RHEA:18321	reverse	FALSE	SYS_18321_ILVE	FALSE	COMP_18321_CATALYTIC	FALSE	KO:K00826							fixed_annotation_remove_trace_genes_isoleucine_biosynthesis	isoleucine_biosynthesis	CP009685.1_2981;CP009685.1_3402;CP009685.1_4092;CP009685.1_4095;CP009685.1_4096;CP009685.1_4190
oxoisovalerate_biosynthesis	FALSE	OIV_CANONICAL	FALSE	1	TRUE	RHEA:25249	RHEA:25249	forward	FALSE	SYS_25249_ALS	FALSE	COMP_25249_CATALYTIC	FALSE	KO:K01652							fixed_annotation_remove_trace_genes_isoleucine_biosynthesis	isoleucine_biosynthesis	CP009685.1_2981;CP009685.1_3402;CP009685.1_4092;CP009685.1_4095;CP009685.1_4096;CP009685.1_4190
oxoisovalerate_biosynthesis	FALSE	OIV_CANONICAL	FALSE	2	TRUE	RHEA:22068	RHEA:22068	reverse	FALSE	SYS_22068_ILVC	FALSE	COMP_22068_CATALYTIC	FALSE	KO:K00053							fixed_annotation_remove_trace_genes_isoleucine_biosynthesis	isoleucine_biosynthesis	CP009685.1_2981;CP009685.1_3402;CP009685.1_4092;CP009685.1_4095;CP009685.1_4096;CP009685.1_4190
oxoisovalerate_biosynthesis	FALSE	OIV_CANONICAL	FALSE	3	TRUE	RHEA:24809	RHEA:24809	forward	FALSE	SYS_24809_ILVD	FALSE	COMP_24809_CATALYTIC	FALSE	KO:K01687							fixed_annotation_remove_trace_genes_isoleucine_biosynthesis	isoleucine_biosynthesis	CP009685.1_2981;CP009685.1_3402;CP009685.1_4092;CP009685.1_4095;CP009685.1_4096;CP009685.1_4190
valine_biosynthesis	FALSE	VAL_TRANSAMINATION	FALSE	1	TRUE	RHEA:24813	RHEA:24813	reverse	FALSE	SYS_24813_ILVE	FALSE	COMP_24813_CATALYTIC	FALSE	KO:K00826							fixed_annotation_remove_trace_genes_isoleucine_biosynthesis	isoleucine_biosynthesis	CP009685.1_2981;CP009685.1_3402;CP009685.1_4092;CP009685.1_4095;CP009685.1_4096;CP009685.1_4190
kdg_degradation	FALSE	KDG_ED	FALSE	1	TRUE	RHEA:14797	RHEA:14797	forward	FALSE	SYS_14797_KDGK	FALSE	COMP_14797_CATALYTIC	FALSE	KO:K00874							fixed_annotation_remove_trace_genes_kdg_degradation	kdg_degradation	CP009685.1_1647;CP009685.1_17
kdg_degradation	FALSE	KDG_ED	FALSE	2	TRUE	RHEA:17089	RHEA:17089	forward	FALSE	SYS_17089_EDA	FALSE	COMP_17089_CATALYTIC	FALSE	KO:K01625;KO:K17463;KO:K28887							fixed_annotation_remove_trace_genes_kdg_degradation	kdg_degradation	CP009685.1_1647;CP009685.1_17
lactate_formation_lactaldehyde	FALSE	LACTATE_FROM_LACTALDEHYDE	FALSE	1	TRUE	RHEA:14277	RHEA:14277	forward	FALSE	SYS_14277_ALDH	FALSE	COMP_14277_ALDH	FALSE	KO:K07248;KO:K19266							fixed_annotation_remove_trace_genes_lactate_formation_lactaldehyde	lactate_formation_lactaldehyde	CP009685.1_2088
isoleucine_biosynthesis	FALSE	ILE_CANONICAL	FALSE	1	TRUE	RHEA:27654	RHEA:27654	forward	TRUE	SYS_27654_ILVBN	TRUE	COMP_27654_CATALYTIC	TRUE	KO:K01652	CP009685.1_3402	KO	K01652	orthology	curated	KEGG orthology and Rhea release 141, verified 2026-08-19	fixed_annotation_remove_trace_genes_leucine_biosynthesis	leucine_biosynthesis	CP009685.1_3404;CP009685.1_3405;CP009685.1_3406;CP009685.1_3407;CP009685.1_4096
isoleucine_biosynthesis	FALSE	ILE_CANONICAL	FALSE	1	TRUE	RHEA:27654	RHEA:27654	forward	TRUE	SYS_27654_ILVBN	TRUE	COMP_27654_CATALYTIC	TRUE	KO:K01652	CP009685.1_4190	KO	K01652	orthology	curated	KEGG orthology and Rhea release 141, verified 2026-08-19	fixed_annotation_remove_trace_genes_leucine_biosynthesis	leucine_biosynthesis	CP009685.1_3404;CP009685.1_3405;CP009685.1_3406;CP009685.1_3407;CP009685.1_4096
isoleucine_biosynthesis	FALSE	ILE_CANONICAL	FALSE	1	TRUE	RHEA:27654	RHEA:27654	forward	TRUE	SYS_27654_ILVBN	TRUE	COMP_27654_CATALYTIC	TRUE	KO:K01652	CP009685.1_2981	KO	K01652	orthology	curated	KEGG orthology and Rhea release 141, verified 2026-08-19	fixed_annotation_remove_trace_genes_leucine_biosynthesis	leucine_biosynthesis	CP009685.1_3404;CP009685.1_3405;CP009685.1_3406;CP009685.1_3407;CP009685.1_4096
isoleucine_biosynthesis	FALSE	ILE_CANONICAL	FALSE	2	TRUE	RHEA:13493	RHEA:13493	reverse	TRUE	SYS_13493_ILVC	TRUE	COMP_13493_CATALYTIC	TRUE	KO:K00053	CP009685.1_4092	KO	K00053	orthology	curated	KEGG orthology and Rhea release 141, verified 2026-08-19	fixed_annotation_remove_trace_genes_leucine_biosynthesis	leucine_biosynthesis	CP009685.1_3404;CP009685.1_3405;CP009685.1_3406;CP009685.1_3407;CP009685.1_4096
isoleucine_biosynthesis	FALSE	ILE_CANONICAL	FALSE	3	TRUE	RHEA:27694	RHEA:27694	forward	TRUE	SYS_27694_ILVD	TRUE	COMP_27694_CATALYTIC	TRUE	KO:K01687	CP009685.1_4095	KO	K01687	orthology	curated	KEGG orthology and Rhea release 141, verified 2026-08-19	fixed_annotation_remove_trace_genes_leucine_biosynthesis	leucine_biosynthesis	CP009685.1_3404;CP009685.1_3405;CP009685.1_3406;CP009685.1_3407;CP009685.1_4096
isoleucine_biosynthesis	FALSE	ILE_CANONICAL	FALSE	4	TRUE	RHEA:24801	RHEA:24801	reverse	FALSE	SYS_24801_ILVE	FALSE	COMP_24801_CATALYTIC	FALSE	KO:K00826							fixed_annotation_remove_trace_genes_leucine_biosynthesis	leucine_biosynthesis	CP009685.1_3404;CP009685.1_3405;CP009685.1_3406;CP009685.1_3407;CP009685.1_4096
leucine_biosynthesis	FALSE	LEU_CANONICAL	FALSE	1	TRUE	RHEA:21524	RHEA:21524	forward	FALSE	SYS_21524_LEUA	FALSE	COMP_21524_CATALYTIC	FALSE	KO:K01649							fixed_annotation_remove_trace_genes_leucine_biosynthesis	leucine_biosynthesis	CP009685.1_3404;CP009685.1_3405;CP009685.1_3406;CP009685.1_3407;CP009685.1_4096
leucine_biosynthesis	FALSE	LEU_CANONICAL	FALSE	2	TRUE	RHEA:16293	RHEA:16293	reverse	FALSE	SYS_16293_LEUC_SINGLE	FALSE	COMP_16293_LEUC_SINGLE_CATALYTIC	FALSE	KO:K01702							fixed_annotation_remove_trace_genes_leucine_biosynthesis	leucine_biosynthesis	CP009685.1_3404;CP009685.1_3405;CP009685.1_3406;CP009685.1_3407;CP009685.1_4096
leucine_biosynthesis	FALSE	LEU_CANONICAL	FALSE	3	TRUE	RHEA:10676	RHEA:10676	reverse	FALSE	SYS_10676_LEUC_SINGLE	FALSE	COMP_10676_LEUC_SINGLE_CATALYTIC	FALSE	KO:K01702							fixed_annotation_remove_trace_genes_leucine_biosynthesis	leucine_biosynthesis	CP009685.1_3404;CP009685.1_3405;CP009685.1_3406;CP009685.1_3407;CP009685.1_4096
leucine_biosynthesis	FALSE	LEU_CANONICAL	FALSE	4	TRUE	RHEA:32271	RHEA:32271	forward	FALSE	SYS_32271_LEUB	FALSE	COMP_32271_CATALYTIC	FALSE	KO:K00052							fixed_annotation_remove_trace_genes_leucine_biosynthesis	leucine_biosynthesis	CP009685.1_3404;CP009685.1_3405;CP009685.1_3406;CP009685.1_3407;CP009685.1_4096
leucine_biosynthesis	FALSE	LEU_CANONICAL	FALSE	5	TRUE	RHEA:18321	RHEA:18321	reverse	FALSE	SYS_18321_ILVE	FALSE	COMP_18321_CATALYTIC	FALSE	KO:K00826							fixed_annotation_remove_trace_genes_leucine_biosynthesis	leucine_biosynthesis	CP009685.1_3404;CP009685.1_3405;CP009685.1_3406;CP009685.1_3407;CP009685.1_4096
valine_biosynthesis	FALSE	VAL_TRANSAMINATION	FALSE	1	TRUE	RHEA:24813	RHEA:24813	reverse	FALSE	SYS_24813_ILVE	FALSE	COMP_24813_CATALYTIC	FALSE	KO:K00826							fixed_annotation_remove_trace_genes_leucine_biosynthesis	leucine_biosynthesis	CP009685.1_3404;CP009685.1_3405;CP009685.1_3406;CP009685.1_3407;CP009685.1_4096
lysine_biosynthesis_dap	FALSE	LYS_DECARBOXYLATION	FALSE	1	TRUE	RHEA:15101	RHEA:15101	forward	FALSE	SYS_15101_LYSA	FALSE	COMP_15101_CATALYTIC	FALSE	KO:K01586;KO:K12526							fixed_annotation_remove_trace_genes_lysine_biosynthesis_dap	lysine_biosynthesis_dap	CP009685.1_688
menaquinone_biosynthesis	FALSE	MK_CLASSIC	FALSE	1	TRUE	RHEA:18985	RHEA:18985	forward	TRUE	SYS_18985_MENF	TRUE	COMP_18985_CATALYTIC	TRUE	KO:K02552	CP009685.1_1245	KO	K02552	orthology	curated	KEGG orthology and Rhea release 141, verified 2026-08-18	fixed_annotation_remove_trace_genes_menaquinone_biosynthesis	menaquinone_biosynthesis	CP009685.1_1246;CP009685.1_1247;CP009685.1_1248;CP009685.1_1249;CP009685.1_1250;CP009685.1_1815;CP009685.1_2889;CP009685.1_2893;CP009685.1_3944;CP009685.1_4038
menaquinone_biosynthesis	FALSE	MK_CLASSIC	FALSE	2	TRUE	RHEA:25593	RHEA:25593	forward	FALSE	SYS_25593_MEND	FALSE	COMP_25593_CATALYTIC	FALSE	KO:K02551							fixed_annotation_remove_trace_genes_menaquinone_biosynthesis	menaquinone_biosynthesis	CP009685.1_1246;CP009685.1_1247;CP009685.1_1248;CP009685.1_1249;CP009685.1_1250;CP009685.1_1815;CP009685.1_2889;CP009685.1_2893;CP009685.1_3944;CP009685.1_4038
menaquinone_biosynthesis	FALSE	MK_CLASSIC	FALSE	3	FALSE	RHEA:25597	RHEA:25597	forward	FALSE	SYS_25597_MENH	FALSE	COMP_25597_CATALYTIC	FALSE	KO:K08680							fixed_annotation_remove_trace_genes_menaquinone_biosynthesis	menaquinone_biosynthesis	CP009685.1_1246;CP009685.1_1247;CP009685.1_1248;CP009685.1_1249;CP009685.1_1250;CP009685.1_1815;CP009685.1_2889;CP009685.1_2893;CP009685.1_3944;CP009685.1_4038
menaquinone_biosynthesis	FALSE	MK_CLASSIC	FALSE	4	TRUE	RHEA:10196	RHEA:10196	forward	FALSE	SYS_10196_MENC	FALSE	COMP_10196_CATALYTIC	FALSE	KO:K02549							fixed_annotation_remove_trace_genes_menaquinone_biosynthesis	menaquinone_biosynthesis	CP009685.1_1246;CP009685.1_1247;CP009685.1_1248;CP009685.1_1249;CP009685.1_1250;CP009685.1_1815;CP009685.1_2889;CP009685.1_2893;CP009685.1_3944;CP009685.1_4038
menaquinone_biosynthesis	FALSE	MK_CLASSIC	FALSE	5	TRUE	RHEA:17009	RHEA:17009	forward	FALSE	SYS_17009_MENE	FALSE	COMP_17009_CATALYTIC	FALSE	KO:K01911							fixed_annotation_remove_trace_genes_menaquinone_biosynthesis	menaquinone_biosynthesis	CP009685.1_1246;CP009685.1_1247;CP009685.1_1248;CP009685.1_1249;CP009685.1_1250;CP009685.1_1815;CP009685.1_2889;CP009685.1_2893;CP009685.1_3944;CP009685.1_4038
menaquinone_biosynthesis	FALSE	MK_CLASSIC	FALSE	6	TRUE	RHEA:26562	RHEA:26562	forward	FALSE	SYS_26562_MENB	FALSE	COMP_26562_CATALYTIC	FALSE	KO:K01661							fixed_annotation_remove_trace_genes_menaquinone_biosynthesis	menaquinone_biosynthesis	CP009685.1_1246;CP009685.1_1247;CP009685.1_1248;CP009685.1_1249;CP009685.1_1250;CP009685.1_1815;CP009685.1_2889;CP009685.1_2893;CP009685.1_3944;CP009685.1_4038
menaquinone_biosynthesis	FALSE	MK_CLASSIC	FALSE	7	FALSE	RHEA:26309	RHEA:26309	forward	FALSE	SYS_26309_MENI	FALSE	COMP_26309_CATALYTIC	FALSE	KO:K19222							fixed_annotation_remove_trace_genes_menaquinone_biosynthesis	menaquinone_biosynthesis	CP009685.1_1246;CP009685.1_1247;CP009685.1_1248;CP009685.1_1249;CP009685.1_1250;CP009685.1_1815;CP009685.1_2889;CP009685.1_2893;CP009685.1_3944;CP009685.1_4038
menaquinone_biosynthesis	FALSE	MK_CLASSIC	FALSE	8	TRUE	RHEA:26478	RHEA:26478	forward	FALSE	SYS_26478_MENA	FALSE	COMP_26478_CATALYTIC	FALSE	KO:K02548							fixed_annotation_remove_trace_genes_menaquinone_biosynthesis	menaquinone_biosynthesis	CP009685.1_1246;CP009685.1_1247;CP009685.1_1248;CP009685.1_1249;CP009685.1_1250;CP009685.1_1815;CP009685.1_2889;CP009685.1_2893;CP009685.1_3944;CP009685.1_4038
menaquinone_biosynthesis	FALSE	MK_CLASSIC	FALSE	9	TRUE	RHEA:42640	RHEA:42640	forward	FALSE	SYS_42640_MENG	FALSE	COMP_42640_CATALYTIC	FALSE	KO:K03183							fixed_annotation_remove_trace_genes_menaquinone_biosynthesis	menaquinone_biosynthesis	CP009685.1_1246;CP009685.1_1247;CP009685.1_1248;CP009685.1_1249;CP009685.1_1250;CP009685.1_1815;CP009685.1_2889;CP009685.1_2893;CP009685.1_3944;CP009685.1_4038
methylglyoxal_detoxification	FALSE				TRUE					SYS_DF_MG_GLOA	FALSE	COMP_DF_MG_GLOA	FALSE	KO:K01759							fixed_annotation_remove_trace_genes_methylglyoxal_detoxification	methylglyoxal_detoxification	CP009685.1_1849;CP009685.1_2575;CP009685.1_3274	defense	MECH_MG_GLYOXALASE	FALSE	1	DF_MG_GLYOXALASE_I	methylglyoxal capture as S-lactoylglutathione	FALSE
methylglyoxal_detoxification	FALSE				TRUE					SYS_DF_MG_GLOB	FALSE	COMP_DF_MG_GLOB	FALSE	KO:K01069							fixed_annotation_remove_trace_genes_methylglyoxal_detoxification	methylglyoxal_detoxification	CP009685.1_1849;CP009685.1_2575;CP009685.1_3274	defense	MECH_MG_GLYOXALASE	FALSE	2	DF_MG_GLYOXALASE_II	S-lactoylglutathione hydrolysis	FALSE
mucin_galnac_release	FALSE	MUCIN_GALNACASE	FALSE	1	TRUE	RXN_MUCIN_GALNAC_RELEASE		forward	FALSE	SYS_GALNACASE	FALSE	COMP_GALNACASE	FALSE	CAZY:GH109;CAZY:GH109_e0;CAZY:GH109_e1;KO:K01204							fixed_annotation_remove_trace_genes_mucin_galnac_release	mucin_galnac_release	CP009685.1_1877;CP009685.1_2188;CP009685.1_3604
nad_biosynthesis_namn	FALSE	NAD_GLN	FALSE	1	TRUE	RHEA:22860	RHEA:22860	forward	FALSE	SYS_22860_NADD	FALSE	COMP_22860_CATALYTIC	FALSE	KO:K00969;KO:K06210							fixed_annotation_remove_trace_genes_nad_biosynthesis_namn	nad_biosynthesis_namn	CP009685.1_1760;CP009685.1_2846
nad_biosynthesis_namn	FALSE	NAD_GLN	FALSE	2	TRUE	RHEA:24384	RHEA:24384	forward	FALSE	SYS_24384_NADE_GLN	FALSE	COMP_24384_CATALYTIC	FALSE	KO:K01950							fixed_annotation_remove_trace_genes_nad_biosynthesis_namn	nad_biosynthesis_namn	CP009685.1_1760;CP009685.1_2846
namn_biosynthesis_quinolinate	FALSE	NAMN_NADC	FALSE	1	TRUE	RHEA:12733	RHEA:12733	forward	FALSE	SYS_12733_NADC	FALSE	COMP_12733_CATALYTIC	FALSE	KO:K00767							fixed_annotation_remove_trace_genes_namn_biosynthesis_quinolinate	namn_biosynthesis_quinolinate	CP009685.1_3373
namn_salvage_nicotinate	FALSE	NAMN_PNCB	FALSE	1	TRUE	RHEA:36163	RHEA:36163	forward	FALSE	SYS_36163_PNCB	FALSE	COMP_36163_CATALYTIC	FALSE	KO:K00763							fixed_annotation_remove_trace_genes_namn_salvage_nicotinate	namn_salvage_nicotinate	CP009685.1_2571
glcnac_degradation	FALSE	GLCNAC_KINASE	FALSE	1	TRUE	RHEA:17417	RHEA:17417	forward	TRUE	SYS_17417_NAGK	TRUE	COMP_17417_CATALYTIC	TRUE	KO:K00884;KO:K28207;KO:K28208;NCBIFAM:NF009835.0;NCBIFAM:NF046058.1	CP009685.1_2388	KO	K28207	orthology	curated	KEGG orthology and Rhea release 141, verified 2026-08-18	fixed_annotation_remove_trace_genes_neuac_degradation	neuac_degradation	CP009685.1_2818;CP009685.1_2819;CP009685.1_316;CP009685.1_318;CP009685.1_319;CP009685.1_400;CP009685.1_406;CP009685.1_4141
glcnac_degradation	FALSE	GLCNAC_KINASE	FALSE	1	TRUE	RHEA:17417	RHEA:17417	forward	TRUE	SYS_17417_NAGK	TRUE	COMP_17417_CATALYTIC	TRUE	KO:K00884;KO:K28207;KO:K28208;NCBIFAM:NF009835.0;NCBIFAM:NF046058.1	CP009685.1_2388	NCBIFAM	NF009835.0	sequence_family	high-confidence	NCBIfam hmm_PGAP/20.0, retrieved 2026-08-27	fixed_annotation_remove_trace_genes_neuac_degradation	neuac_degradation	CP009685.1_2818;CP009685.1_2819;CP009685.1_316;CP009685.1_318;CP009685.1_319;CP009685.1_400;CP009685.1_406;CP009685.1_4141
glcnac_degradation	FALSE	GLCNAC_KINASE	FALSE	2	TRUE	RHEA:22936	RHEA:22936	forward	FALSE	SYS_22936_NAGA	FALSE	COMP_22936_CATALYTIC	FALSE	KO:K01443;NCBIFAM:NF008371.0;NCBIFAM:TIGR00221.1							fixed_annotation_remove_trace_genes_neuac_degradation	neuac_degradation	CP009685.1_2818;CP009685.1_2819;CP009685.1_316;CP009685.1_318;CP009685.1_319;CP009685.1_400;CP009685.1_406;CP009685.1_4141
glcnac_degradation	FALSE	GLCNAC_KINASE	FALSE	3	TRUE	RHEA:12172	RHEA:12172	forward	FALSE	SYS_12172_NAGB	FALSE	COMP_12172_CATALYTIC	FALSE	KO:K02564;NCBIFAM:NF001682.0;NCBIFAM:NF001685.0;NCBIFAM:NF009022.0;NCBIFAM:NF041128.1;NCBIFAM:NF046059.1;NCBIFAM:TIGR00502.1							fixed_annotation_remove_trace_genes_neuac_degradation	neuac_degradation	CP009685.1_2818;CP009685.1_2819;CP009685.1_316;CP009685.1_318;CP009685.1_319;CP009685.1_400;CP009685.1_406;CP009685.1_4141
neuac_degradation	FALSE	NEUAC_LYASE	FALSE	1	TRUE	RHEA:23296	RHEA:23296	forward	FALSE	SYS_23296_NANA	FALSE	COMP_23296_CATALYTIC	FALSE	KO:K01639							fixed_annotation_remove_trace_genes_neuac_degradation	neuac_degradation	CP009685.1_2818;CP009685.1_2819;CP009685.1_316;CP009685.1_318;CP009685.1_319;CP009685.1_400;CP009685.1_406;CP009685.1_4141
neuac_degradation	FALSE	NEUAC_LYASE	FALSE	2	TRUE	RHEA:25253	RHEA:25253	forward	FALSE	SYS_25253_NANK	FALSE	COMP_25253_CATALYTIC	FALSE	KO:K00885;KO:K13967							fixed_annotation_remove_trace_genes_neuac_degradation	neuac_degradation	CP009685.1_2818;CP009685.1_2819;CP009685.1_316;CP009685.1_318;CP009685.1_319;CP009685.1_400;CP009685.1_406;CP009685.1_4141
neuac_degradation	FALSE	NEUAC_LYASE	FALSE	3	TRUE	RHEA:25257	RHEA:25257	reverse	FALSE	SYS_25257_NANE	FALSE	COMP_25257_CATALYTIC	FALSE	KO:K01788;KO:K13967							fixed_annotation_remove_trace_genes_neuac_degradation	neuac_degradation	CP009685.1_2818;CP009685.1_2819;CP009685.1_316;CP009685.1_318;CP009685.1_319;CP009685.1_400;CP009685.1_406;CP009685.1_4141
neuac_degradation	FALSE	NEUAC_LYASE	FALSE	4	TRUE	RHEA:22936	RHEA:22936	forward	FALSE	SYS_22936_NAGA	FALSE	COMP_22936_CATALYTIC	FALSE	KO:K01443;NCBIFAM:NF008371.0;NCBIFAM:TIGR00221.1							fixed_annotation_remove_trace_genes_neuac_degradation	neuac_degradation	CP009685.1_2818;CP009685.1_2819;CP009685.1_316;CP009685.1_318;CP009685.1_319;CP009685.1_400;CP009685.1_406;CP009685.1_4141
neuac_degradation	FALSE	NEUAC_LYASE	FALSE	5	TRUE	RHEA:12172	RHEA:12172	forward	FALSE	SYS_12172_NAGB	FALSE	COMP_12172_CATALYTIC	FALSE	KO:K02564;NCBIFAM:NF001682.0;NCBIFAM:NF001685.0;NCBIFAM:NF009022.0;NCBIFAM:NF041128.1;NCBIFAM:NF046059.1;NCBIFAM:TIGR00502.1							fixed_annotation_remove_trace_genes_neuac_degradation	neuac_degradation	CP009685.1_2818;CP009685.1_2819;CP009685.1_316;CP009685.1_318;CP009685.1_319;CP009685.1_400;CP009685.1_406;CP009685.1_4141
dap_biosynthesis	FALSE	DAP_AMINOTRANSFERASE	FALSE	1	TRUE	RHEA:34171	RHEA:34171	forward	TRUE	SYS_34171_DAPA	TRUE	COMP_34171_CATALYTIC	TRUE	KO:K01714	CP009685.1_1035	KO	K01714	orthology	curated	KEGG orthology and Rhea release 141, verified 2026-08-19	fixed_annotation_remove_trace_genes_ornithine_biosynthesis	ornithine_biosynthesis	CP009685.1_1752;CP009685.1_186;CP009685.1_3916;CP009685.1_3917;CP009685.1_3918;CP009685.1_709
dap_biosynthesis	FALSE	DAP_AMINOTRANSFERASE	FALSE	1	TRUE	RHEA:34171	RHEA:34171	forward	TRUE	SYS_34171_DAPA	TRUE	COMP_34171_CATALYTIC	TRUE	KO:K01714	CP009685.1_3213	KO	K01714	orthology	curated	KEGG orthology and Rhea release 141, verified 2026-08-19	fixed_annotation_remove_trace_genes_ornithine_biosynthesis	ornithine_biosynthesis	CP009685.1_1752;CP009685.1_186;CP009685.1_3916;CP009685.1_3917;CP009685.1_3918;CP009685.1_709
dap_biosynthesis	FALSE	DAP_AMINOTRANSFERASE	FALSE	1	TRUE	RHEA:34171	RHEA:34171	forward	TRUE	SYS_34171_DAPA	TRUE	COMP_34171_CATALYTIC	TRUE	KO:K01714	CP009685.1_3583	KO	K01714	orthology	curated	KEGG orthology and Rhea release 141, verified 2026-08-19	fixed_annotation_remove_trace_genes_ornithine_biosynthesis	ornithine_biosynthesis	CP009685.1_1752;CP009685.1_186;CP009685.1_3916;CP009685.1_3917;CP009685.1_3918;CP009685.1_709
dap_biosynthesis	FALSE	DAP_AMINOTRANSFERASE	FALSE	2	TRUE	RHEA:35331	RHEA:35331	reverse	TRUE	SYS_35331_DAPB	TRUE	COMP_35331_CATALYTIC	TRUE	KO:K00215	CP009685.1_3448	KO	K00215	orthology	curated	KEGG orthology and Rhea release 141, verified 2026-08-19	fixed_annotation_remove_trace_genes_ornithine_biosynthesis	ornithine_biosynthesis	CP009685.1_1752;CP009685.1_186;CP009685.1_3916;CP009685.1_3917;CP009685.1_3918;CP009685.1_709
dap_biosynthesis	FALSE	DAP_AMINOTRANSFERASE	FALSE	3	TRUE	RHEA:23988	RHEA:23988	reverse	FALSE	SYS_23988_DAPLT	FALSE	COMP_23988_CATALYTIC	FALSE	KO:K10206							fixed_annotation_remove_trace_genes_ornithine_biosynthesis	ornithine_biosynthesis	CP009685.1_1752;CP009685.1_186;CP009685.1_3916;CP009685.1_3917;CP009685.1_3918;CP009685.1_709
dap_biosynthesis	FALSE	DAP_AMINOTRANSFERASE	FALSE	4	TRUE	RHEA:15393	RHEA:15393	forward	TRUE	SYS_15393_DAPF	TRUE	COMP_15393_CATALYTIC	TRUE	KO:K01778	CP009685.1_4061	KO	K01778	orthology	curated	KEGG orthology and Rhea release 141, verified 2026-08-19	fixed_annotation_remove_trace_genes_ornithine_biosynthesis	ornithine_biosynthesis	CP009685.1_1752;CP009685.1_186;CP009685.1_3916;CP009685.1_3917;CP009685.1_3918;CP009685.1_709
ornithine_biosynthesis	FALSE	ORN_DEACETYLASE	FALSE	1	TRUE	RHEA:24292	RHEA:24292	forward	FALSE	SYS_24292_ARGA	FALSE	COMP_24292_CATALYTIC	FALSE	KO:K00618;KO:K00619;KO:K00620;KO:K14681;KO:K14682;KO:K22477;KO:K22478							fixed_annotation_remove_trace_genes_ornithine_biosynthesis	ornithine_biosynthesis	CP009685.1_1752;CP009685.1_186;CP009685.1_3916;CP009685.1_3917;CP009685.1_3918;CP009685.1_709
ornithine_biosynthesis	FALSE	ORN_DEACETYLASE	FALSE	2	TRUE	RHEA:14629	RHEA:14629	forward	FALSE	SYS_14629_ARGB	FALSE	COMP_14629_CATALYTIC	FALSE	KO:K00930;KO:K12659;KO:K22478							fixed_annotation_remove_trace_genes_ornithine_biosynthesis	ornithine_biosynthesis	CP009685.1_1752;CP009685.1_186;CP009685.1_3916;CP009685.1_3917;CP009685.1_3918;CP009685.1_709
ornithine_biosynthesis	FALSE	ORN_DEACETYLASE	FALSE	3	TRUE	RHEA:21588	RHEA:21588	reverse	FALSE	SYS_21588_ARGC	FALSE	COMP_21588_CATALYTIC	FALSE	KO:K00145;KO:K12659							fixed_annotation_remove_trace_genes_ornithine_biosynthesis	ornithine_biosynthesis	CP009685.1_1752;CP009685.1_186;CP009685.1_3916;CP009685.1_3917;CP009685.1_3918;CP009685.1_709
ornithine_biosynthesis	FALSE	ORN_DEACETYLASE	FALSE	4	TRUE	RHEA:18049	RHEA:18049	reverse	FALSE	SYS_18049_ARGD	FALSE	COMP_18049_CATALYTIC	FALSE	KO:K00818;KO:K00821							fixed_annotation_remove_trace_genes_ornithine_biosynthesis	ornithine_biosynthesis	CP009685.1_1752;CP009685.1_186;CP009685.1_3916;CP009685.1_3917;CP009685.1_3918;CP009685.1_709
ornithine_biosynthesis	FALSE	ORN_DEACETYLASE	FALSE	5	TRUE	RHEA:15941	RHEA:15941	forward	FALSE	SYS_15941_ARGE	FALSE	COMP_15941_CATALYTIC	FALSE	KO:K01438;KO:K14677							fixed_annotation_remove_trace_genes_ornithine_biosynthesis	ornithine_biosynthesis	CP009685.1_1752;CP009685.1_186;CP009685.1_3916;CP009685.1_3917;CP009685.1_3918;CP009685.1_709
oxoadipyl_coa_thiolysis	FALSE	OXOADIPYL_COA_THIOLYSIS	FALSE	1	TRUE	RHEA:19481	RHEA:19481	reverse	FALSE	SYS_19481_PCAF	FALSE	COMP_19481_CATALYTIC	FALSE	KO:K02615							fixed_annotation_remove_trace_genes_oxoadipyl_coa_thiolysis	oxoadipyl_coa_thiolysis	CP009685.1_2106
oxoglutarate_to_succinate	FALSE	TCA2_KGD_SSADH_NADP	FALSE	1	TRUE	RHEA:10524	RHEA:10524	forward	FALSE	SYS_10524_KGD	FALSE	COMP_10524_CATALYTIC	FALSE	KO:K01616;NCBIFAM:NF008907.0							fixed_annotation_remove_trace_genes_oxoglutarate_to_succinate	oxoglutarate_to_succinate	CP009685.1_1978;CP009685.1_2769
oxoglutarate_to_succinate	FALSE	TCA2_KGD_SSADH_NADP	FALSE	2	TRUE	RHEA:13213	RHEA:13213	forward	TRUE	SYS_13213_SSADH_NADP	TRUE	COMP_13213_CATALYTIC	TRUE	KO:K00135;KO:K08324;NCBIFAM:NF006916.0	CP009685.1_861	KO	K00135	orthology	curated	KEGG orthology and Rhea release 141, verified 2026-08-18	fixed_annotation_remove_trace_genes_oxoglutarate_to_succinate	oxoglutarate_to_succinate	CP009685.1_1978;CP009685.1_2769
isoleucine_biosynthesis	FALSE	ILE_CANONICAL	FALSE	1	TRUE	RHEA:27654	RHEA:27654	forward	FALSE	SYS_27654_ILVBN	FALSE	COMP_27654_CATALYTIC	FALSE	KO:K01652							fixed_annotation_remove_trace_genes_oxoisovalerate_biosynthesis	oxoisovalerate_biosynthesis	CP009685.1_2981;CP009685.1_3402;CP009685.1_4092;CP009685.1_4095;CP009685.1_4190
isoleucine_biosynthesis	FALSE	ILE_CANONICAL	FALSE	2	TRUE	RHEA:13493	RHEA:13493	reverse	FALSE	SYS_13493_ILVC	FALSE	COMP_13493_CATALYTIC	FALSE	KO:K00053							fixed_annotation_remove_trace_genes_oxoisovalerate_biosynthesis	oxoisovalerate_biosynthesis	CP009685.1_2981;CP009685.1_3402;CP009685.1_4092;CP009685.1_4095;CP009685.1_4190
isoleucine_biosynthesis	FALSE	ILE_CANONICAL	FALSE	3	TRUE	RHEA:27694	RHEA:27694	forward	FALSE	SYS_27694_ILVD	FALSE	COMP_27694_CATALYTIC	FALSE	KO:K01687							fixed_annotation_remove_trace_genes_oxoisovalerate_biosynthesis	oxoisovalerate_biosynthesis	CP009685.1_2981;CP009685.1_3402;CP009685.1_4092;CP009685.1_4095;CP009685.1_4190
isoleucine_biosynthesis	FALSE	ILE_CANONICAL	FALSE	4	TRUE	RHEA:24801	RHEA:24801	reverse	TRUE	SYS_24801_ILVE	TRUE	COMP_24801_CATALYTIC	TRUE	KO:K00826	CP009685.1_4096	KO	K00826	orthology	curated	KEGG orthology and Rhea release 141, verified 2026-08-19	fixed_annotation_remove_trace_genes_oxoisovalerate_biosynthesis	oxoisovalerate_biosynthesis	CP009685.1_2981;CP009685.1_3402;CP009685.1_4092;CP009685.1_4095;CP009685.1_4190
oxoisovalerate_biosynthesis	FALSE	OIV_CANONICAL	FALSE	1	TRUE	RHEA:25249	RHEA:25249	forward	FALSE	SYS_25249_ALS	FALSE	COMP_25249_CATALYTIC	FALSE	KO:K01652							fixed_annotation_remove_trace_genes_oxoisovalerate_biosynthesis	oxoisovalerate_biosynthesis	CP009685.1_2981;CP009685.1_3402;CP009685.1_4092;CP009685.1_4095;CP009685.1_4190
oxoisovalerate_biosynthesis	FALSE	OIV_CANONICAL	FALSE	2	TRUE	RHEA:22068	RHEA:22068	reverse	FALSE	SYS_22068_ILVC	FALSE	COMP_22068_CATALYTIC	FALSE	KO:K00053							fixed_annotation_remove_trace_genes_oxoisovalerate_biosynthesis	oxoisovalerate_biosynthesis	CP009685.1_2981;CP009685.1_3402;CP009685.1_4092;CP009685.1_4095;CP009685.1_4190
oxoisovalerate_biosynthesis	FALSE	OIV_CANONICAL	FALSE	3	TRUE	RHEA:24809	RHEA:24809	forward	FALSE	SYS_24809_ILVD	FALSE	COMP_24809_CATALYTIC	FALSE	KO:K01687							fixed_annotation_remove_trace_genes_oxoisovalerate_biosynthesis	oxoisovalerate_biosynthesis	CP009685.1_2981;CP009685.1_3402;CP009685.1_4092;CP009685.1_4095;CP009685.1_4190
ethanol_formation	FALSE	ETHANOL_ADHE	FALSE	1	TRUE	RHEA:23288	RHEA:23288	reverse	TRUE	SYS_23288_MHPF	TRUE	COMP_23288_MHPF	TRUE	KO:K04073	CP009685.1_3132	KO	K04073	orthology	curated	KEGG orthology and Rhea release 141, verified 2026-08-19	fixed_annotation_remove_trace_genes_oxopentenoate_degradation	oxopentenoate_degradation	CP009685.1_2266;CP009685.1_3131;CP009685.1_3133
ethanol_formation	FALSE	ETHANOL_ADHE	FALSE	2	TRUE	RHEA:25290	RHEA:25290	reverse	FALSE	SYS_25290_ADHE	FALSE	COMP_25290_CATALYTIC	FALSE	KO:K04072							fixed_annotation_remove_trace_genes_oxopentenoate_degradation	oxopentenoate_degradation	CP009685.1_2266;CP009685.1_3131;CP009685.1_3133
oxopentenoate_degradation	FALSE	OXOPENTENOATE_LOWER	FALSE	1	TRUE	RHEA:22580	RHEA:22580	reverse	FALSE	SYS_22580_MHPD	FALSE	COMP_22580_MHPD	FALSE	KO:K02554							fixed_annotation_remove_trace_genes_oxopentenoate_degradation	oxopentenoate_degradation	CP009685.1_2266;CP009685.1_3131;CP009685.1_3133
oxopentenoate_degradation	FALSE	OXOPENTENOATE_LOWER	FALSE	2	TRUE	RHEA:22624	RHEA:22624	forward	FALSE	SYS_22624_MHPE	FALSE	COMP_22624_MHPE	FALSE	KO:K01666							fixed_annotation_remove_trace_genes_oxopentenoate_degradation	oxopentenoate_degradation	CP009685.1_2266;CP009685.1_3131;CP009685.1_3133
oxopentenoate_degradation	FALSE	OXOPENTENOATE_LOWER	FALSE	3	TRUE	RHEA:23288	RHEA:23288	forward	TRUE	SYS_23288_MHPF	TRUE	COMP_23288_MHPF	TRUE	KO:K04073	CP009685.1_3132	KO	K04073	orthology	curated	KEGG orthology and Rhea release 141, verified 2026-08-19	fixed_annotation_remove_trace_genes_oxopentenoate_degradation	oxopentenoate_degradation	CP009685.1_2266;CP009685.1_3131;CP009685.1_3133
paba_biosynthesis	FALSE	PABA_ADC	FALSE	1	TRUE	RHEA:11672	RHEA:11672	forward	FALSE	SYS_11672_PABB	FALSE	COMP_11672_CATALYTIC	FALSE	KO:K01665;KO:K13950							fixed_annotation_remove_trace_genes_paba_biosynthesis	paba_biosynthesis	CP009685.1_1686;CP009685.1_2411
paba_biosynthesis	FALSE	PABA_ADC	FALSE	2	TRUE	RHEA:16201	RHEA:16201	forward	FALSE	SYS_16201_PABBC2	FALSE	COMP_16201_PABBC2	FALSE	KO:K03342							fixed_annotation_remove_trace_genes_paba_biosynthesis	paba_biosynthesis	CP009685.1_1686;CP009685.1_2411
isoleucine_biosynthesis	FALSE	ILE_CANONICAL	FALSE	1	TRUE	RHEA:27654	RHEA:27654	forward	TRUE	SYS_27654_ILVBN	TRUE	COMP_27654_CATALYTIC	TRUE	KO:K01652	CP009685.1_3402	KO	K01652	orthology	curated	KEGG orthology and Rhea release 141, verified 2026-08-19	fixed_annotation_remove_trace_genes_pantothenate_biosynthesis	pantothenate_biosynthesis	CP009685.1_3348;CP009685.1_3349;CP009685.1_3351;CP009685.1_4092
isoleucine_biosynthesis	FALSE	ILE_CANONICAL	FALSE	1	TRUE	RHEA:27654	RHEA:27654	forward	TRUE	SYS_27654_ILVBN	TRUE	COMP_27654_CATALYTIC	TRUE	KO:K01652	CP009685.1_4190	KO	K01652	orthology	curated	KEGG orthology and Rhea release 141, verified 2026-08-19	fixed_annotation_remove_trace_genes_pantothenate_biosynthesis	pantothenate_biosynthesis	CP009685.1_3348;CP009685.1_3349;CP009685.1_3351;CP009685.1_4092
isoleucine_biosynthesis	FALSE	ILE_CANONICAL	FALSE	1	TRUE	RHEA:27654	RHEA:27654	forward	TRUE	SYS_27654_ILVBN	TRUE	COMP_27654_CATALYTIC	TRUE	KO:K01652	CP009685.1_2981	KO	K01652	orthology	curated	KEGG orthology and Rhea release 141, verified 2026-08-19	fixed_annotation_remove_trace_genes_pantothenate_biosynthesis	pantothenate_biosynthesis	CP009685.1_3348;CP009685.1_3349;CP009685.1_3351;CP009685.1_4092
isoleucine_biosynthesis	FALSE	ILE_CANONICAL	FALSE	2	TRUE	RHEA:13493	RHEA:13493	reverse	FALSE	SYS_13493_ILVC	FALSE	COMP_13493_CATALYTIC	FALSE	KO:K00053							fixed_annotation_remove_trace_genes_pantothenate_biosynthesis	pantothenate_biosynthesis	CP009685.1_3348;CP009685.1_3349;CP009685.1_3351;CP009685.1_4092
isoleucine_biosynthesis	FALSE	ILE_CANONICAL	FALSE	3	TRUE	RHEA:27694	RHEA:27694	forward	TRUE	SYS_27694_ILVD	TRUE	COMP_27694_CATALYTIC	TRUE	KO:K01687	CP009685.1_4095	KO	K01687	orthology	curated	KEGG orthology and Rhea release 141, verified 2026-08-19	fixed_annotation_remove_trace_genes_pantothenate_biosynthesis	pantothenate_biosynthesis	CP009685.1_3348;CP009685.1_3349;CP009685.1_3351;CP009685.1_4092
isoleucine_biosynthesis	FALSE	ILE_CANONICAL	FALSE	4	TRUE	RHEA:24801	RHEA:24801	reverse	TRUE	SYS_24801_ILVE	TRUE	COMP_24801_CATALYTIC	TRUE	KO:K00826	CP009685.1_4096	KO	K00826	orthology	curated	KEGG orthology and Rhea release 141, verified 2026-08-19	fixed_annotation_remove_trace_genes_pantothenate_biosynthesis	pantothenate_biosynthesis	CP009685.1_3348;CP009685.1_3349;CP009685.1_3351;CP009685.1_4092
oxoisovalerate_biosynthesis	FALSE	OIV_CANONICAL	FALSE	1	TRUE	RHEA:25249	RHEA:25249	forward	TRUE	SYS_25249_ALS	TRUE	COMP_25249_CATALYTIC	TRUE	KO:K01652	CP009685.1_3402	KO	K01652	orthology	ambiguous	KEGG orthology and Rhea release 141, verified 2026-08-18	fixed_annotation_remove_trace_genes_pantothenate_biosynthesis	pantothenate_biosynthesis	CP009685.1_3348;CP009685.1_3349;CP009685.1_3351;CP009685.1_4092
oxoisovalerate_biosynthesis	FALSE	OIV_CANONICAL	FALSE	1	TRUE	RHEA:25249	RHEA:25249	forward	TRUE	SYS_25249_ALS	TRUE	COMP_25249_CATALYTIC	TRUE	KO:K01652	CP009685.1_4190	KO	K01652	orthology	ambiguous	KEGG orthology and Rhea release 141, verified 2026-08-18	fixed_annotation_remove_trace_genes_pantothenate_biosynthesis	pantothenate_biosynthesis	CP009685.1_3348;CP009685.1_3349;CP009685.1_3351;CP009685.1_4092
oxoisovalerate_biosynthesis	FALSE	OIV_CANONICAL	FALSE	1	TRUE	RHEA:25249	RHEA:25249	forward	TRUE	SYS_25249_ALS	TRUE	COMP_25249_CATALYTIC	TRUE	KO:K01652	CP009685.1_2981	KO	K01652	orthology	ambiguous	KEGG orthology and Rhea release 141, verified 2026-08-18	fixed_annotation_remove_trace_genes_pantothenate_biosynthesis	pantothenate_biosynthesis	CP009685.1_3348;CP009685.1_3349;CP009685.1_3351;CP009685.1_4092
oxoisovalerate_biosynthesis	FALSE	OIV_CANONICAL	FALSE	2	TRUE	RHEA:22068	RHEA:22068	reverse	FALSE	SYS_22068_ILVC	FALSE	COMP_22068_CATALYTIC	FALSE	KO:K00053							fixed_annotation_remove_trace_genes_pantothenate_biosynthesis	pantothenate_biosynthesis	CP009685.1_3348;CP009685.1_3349;CP009685.1_3351;CP009685.1_4092
oxoisovalerate_biosynthesis	FALSE	OIV_CANONICAL	FALSE	3	TRUE	RHEA:24809	RHEA:24809	forward	TRUE	SYS_24809_ILVD	TRUE	COMP_24809_CATALYTIC	TRUE	KO:K01687	CP009685.1_4095	KO	K01687	orthology	curated	KEGG orthology and Rhea release 141, verified 2026-08-19	fixed_annotation_remove_trace_genes_pantothenate_biosynthesis	pantothenate_biosynthesis	CP009685.1_3348;CP009685.1_3349;CP009685.1_3351;CP009685.1_4092
pantothenate_biosynthesis	FALSE	PANTOTHENATE_PANBCDE	FALSE	1	TRUE	RHEA:11824	RHEA:11824	forward	FALSE	SYS_11824_PANB	FALSE	COMP_11824_CATALYTIC	FALSE	KO:K00606							fixed_annotation_remove_trace_genes_pantothenate_biosynthesis	pantothenate_biosynthesis	CP009685.1_3348;CP009685.1_3349;CP009685.1_3351;CP009685.1_4092
pantothenate_biosynthesis	FALSE	PANTOTHENATE_PANBCDE	FALSE	2	TRUE	RHEA:16233	RHEA:16233	forward	TRUE	SYS_16233_PANE	TRUE	COMP_16233_CATALYTIC	TRUE	KO:K00077	CP009685.1_3061	KO	K00077	orthology	curated	KEGG orthology and Rhea release 141, verified 2026-08-18	fixed_annotation_remove_trace_genes_pantothenate_biosynthesis	pantothenate_biosynthesis	CP009685.1_3348;CP009685.1_3349;CP009685.1_3351;CP009685.1_4092
pantothenate_biosynthesis	FALSE	PANTOTHENATE_PANBCDE	FALSE	3	TRUE	RHEA:19497	RHEA:19497	forward	FALSE	SYS_19497_PAND	FALSE	COMP_19497_CATALYTIC	FALSE	KO:K01579							fixed_annotation_remove_trace_genes_pantothenate_biosynthesis	pantothenate_biosynthesis	CP009685.1_3348;CP009685.1_3349;CP009685.1_3351;CP009685.1_4092
pantothenate_biosynthesis	FALSE	PANTOTHENATE_PANBCDE	FALSE	4	TRUE	RHEA:10912	RHEA:10912	forward	FALSE	SYS_10912_PANC	FALSE	COMP_10912_CATALYTIC	FALSE	KO:K01918;KO:K13799							fixed_annotation_remove_trace_genes_pantothenate_biosynthesis	pantothenate_biosynthesis	CP009685.1_3348;CP009685.1_3349;CP009685.1_3351;CP009685.1_4092
aspartate_biosynthesis	FALSE	ASP_TRANSAMINASE	FALSE	1	TRUE	RHEA:21824	RHEA:21824	reverse	FALSE	SYS_21824_ASPAT	FALSE	COMP_21824_CATALYTIC	FALSE	KO:K00812;KO:K00813;KO:K11358							fixed_annotation_remove_trace_genes_phenylalanine_biosynthesis	phenylalanine_biosynthesis	CP009685.1_2574;CP009685.1_3825;CP009685.1_4096;CP009685.1_915;CP009685.1_916
isoleucine_biosynthesis	FALSE	ILE_CANONICAL	FALSE	1	TRUE	RHEA:27654	RHEA:27654	forward	TRUE	SYS_27654_ILVBN	TRUE	COMP_27654_CATALYTIC	TRUE	KO:K01652	CP009685.1_3402	KO	K01652	orthology	curated	KEGG orthology and Rhea release 141, verified 2026-08-19	fixed_annotation_remove_trace_genes_phenylalanine_biosynthesis	phenylalanine_biosynthesis	CP009685.1_2574;CP009685.1_3825;CP009685.1_4096;CP009685.1_915;CP009685.1_916
isoleucine_biosynthesis	FALSE	ILE_CANONICAL	FALSE	1	TRUE	RHEA:27654	RHEA:27654	forward	TRUE	SYS_27654_ILVBN	TRUE	COMP_27654_CATALYTIC	TRUE	KO:K01652	CP009685.1_4190	KO	K01652	orthology	curated	KEGG orthology and Rhea release 141, verified 2026-08-19	fixed_annotation_remove_trace_genes_phenylalanine_biosynthesis	phenylalanine_biosynthesis	CP009685.1_2574;CP009685.1_3825;CP009685.1_4096;CP009685.1_915;CP009685.1_916
isoleucine_biosynthesis	FALSE	ILE_CANONICAL	FALSE	1	TRUE	RHEA:27654	RHEA:27654	forward	TRUE	SYS_27654_ILVBN	TRUE	COMP_27654_CATALYTIC	TRUE	KO:K01652	CP009685.1_2981	KO	K01652	orthology	curated	KEGG orthology and Rhea release 141, verified 2026-08-19	fixed_annotation_remove_trace_genes_phenylalanine_biosynthesis	phenylalanine_biosynthesis	CP009685.1_2574;CP009685.1_3825;CP009685.1_4096;CP009685.1_915;CP009685.1_916
isoleucine_biosynthesis	FALSE	ILE_CANONICAL	FALSE	2	TRUE	RHEA:13493	RHEA:13493	reverse	TRUE	SYS_13493_ILVC	TRUE	COMP_13493_CATALYTIC	TRUE	KO:K00053	CP009685.1_4092	KO	K00053	orthology	curated	KEGG orthology and Rhea release 141, verified 2026-08-19	fixed_annotation_remove_trace_genes_phenylalanine_biosynthesis	phenylalanine_biosynthesis	CP009685.1_2574;CP009685.1_3825;CP009685.1_4096;CP009685.1_915;CP009685.1_916
isoleucine_biosynthesis	FALSE	ILE_CANONICAL	FALSE	3	TRUE	RHEA:27694	RHEA:27694	forward	TRUE	SYS_27694_ILVD	TRUE	COMP_27694_CATALYTIC	TRUE	KO:K01687	CP009685.1_4095	KO	K01687	orthology	curated	KEGG orthology and Rhea release 141, verified 2026-08-19	fixed_annotation_remove_trace_genes_phenylalanine_biosynthesis	phenylalanine_biosynthesis	CP009685.1_2574;CP009685.1_3825;CP009685.1_4096;CP009685.1_915;CP009685.1_916
isoleucine_biosynthesis	FALSE	ILE_CANONICAL	FALSE	4	TRUE	RHEA:24801	RHEA:24801	reverse	FALSE	SYS_24801_ILVE	FALSE	COMP_24801_CATALYTIC	FALSE	KO:K00826							fixed_annotation_remove_trace_genes_phenylalanine_biosynthesis	phenylalanine_biosynthesis	CP009685.1_2574;CP009685.1_3825;CP009685.1_4096;CP009685.1_915;CP009685.1_916
leucine_biosynthesis	FALSE	LEU_CANONICAL	FALSE	1	TRUE	RHEA:21524	RHEA:21524	forward	TRUE	SYS_21524_LEUA	TRUE	COMP_21524_CATALYTIC	TRUE	KO:K01649	CP009685.1_3404	KO	K01649	orthology	curated	KEGG orthology and Rhea release 141, verified 2026-08-19	fixed_annotation_remove_trace_genes_phenylalanine_biosynthesis	phenylalanine_biosynthesis	CP009685.1_2574;CP009685.1_3825;CP009685.1_4096;CP009685.1_915;CP009685.1_916
leucine_biosynthesis	FALSE	LEU_CANONICAL	FALSE	2	TRUE	RHEA:16293	RHEA:16293	reverse	TRUE	SYS_16293_LEUCD	TRUE	COMP_16293_LEUCD_LARGE	TRUE	KO:K01703	CP009685.1_3406	KO	K01703	orthology	curated	KEGG orthology and Rhea release 141, verified 2026-08-19	fixed_annotation_remove_trace_genes_phenylalanine_biosynthesis	phenylalanine_biosynthesis	CP009685.1_2574;CP009685.1_3825;CP009685.1_4096;CP009685.1_915;CP009685.1_916
leucine_biosynthesis	FALSE	LEU_CANONICAL	FALSE	2	TRUE	RHEA:16293	RHEA:16293	reverse	TRUE	SYS_16293_LEUCD	TRUE	COMP_16293_LEUCD_SMALL	TRUE	KO:K01704	CP009685.1_3407	KO	K01704	orthology	curated	KEGG orthology and Rhea release 141, verified 2026-08-19	fixed_annotation_remove_trace_genes_phenylalanine_biosynthesis	phenylalanine_biosynthesis	CP009685.1_2574;CP009685.1_3825;CP009685.1_4096;CP009685.1_915;CP009685.1_916
leucine_biosynthesis	FALSE	LEU_CANONICAL	FALSE	3	TRUE	RHEA:10676	RHEA:10676	reverse	TRUE	SYS_10676_LEUCD	TRUE	COMP_10676_LEUCD_LARGE	TRUE	KO:K01703	CP009685.1_3406	KO	K01703	orthology	curated	KEGG orthology and Rhea release 141, verified 2026-08-19	fixed_annotation_remove_trace_genes_phenylalanine_biosynthesis	phenylalanine_biosynthesis	CP009685.1_2574;CP009685.1_3825;CP009685.1_4096;CP009685.1_915;CP009685.1_916
leucine_biosynthesis	FALSE	LEU_CANONICAL	FALSE	3	TRUE	RHEA:10676	RHEA:10676	reverse	TRUE	SYS_10676_LEUCD	TRUE	COMP_10676_LEUCD_SMALL	TRUE	KO:K01704	CP009685.1_3407	KO	K01704	orthology	curated	KEGG orthology and Rhea release 141, verified 2026-08-19	fixed_annotation_remove_trace_genes_phenylalanine_biosynthesis	phenylalanine_biosynthesis	CP009685.1_2574;CP009685.1_3825;CP009685.1_4096;CP009685.1_915;CP009685.1_916
leucine_biosynthesis	FALSE	LEU_CANONICAL	FALSE	4	TRUE	RHEA:32271	RHEA:32271	forward	TRUE	SYS_32271_LEUB	TRUE	COMP_32271_CATALYTIC	TRUE	KO:K00052	CP009685.1_3405	KO	K00052	orthology	curated	KEGG orthology and Rhea release 141, verified 2026-08-19	fixed_annotation_remove_trace_genes_phenylalanine_biosynthesis	phenylalanine_biosynthesis	CP009685.1_2574;CP009685.1_3825;CP009685.1_4096;CP009685.1_915;CP009685.1_916
leucine_biosynthesis	FALSE	LEU_CANONICAL	FALSE	5	TRUE	RHEA:18321	RHEA:18321	reverse	FALSE	SYS_18321_ILVE	FALSE	COMP_18321_CATALYTIC	FALSE	KO:K00826							fixed_annotation_remove_trace_genes_phenylalanine_biosynthesis	phenylalanine_biosynthesis	CP009685.1_2574;CP009685.1_3825;CP009685.1_4096;CP009685.1_915;CP009685.1_916
phenylalanine_biosynthesis	FALSE	PHE_CANONICAL	FALSE	1	TRUE	RHEA:13897	RHEA:13897	forward	FALSE	SYS_13897_CM	FALSE	COMP_13897_CATALYTIC	FALSE	KO:K04092;KO:K04093;KO:K04516;KO:K06208;KO:K06209;KO:K14170;KO:K14187							fixed_annotation_remove_trace_genes_phenylalanine_biosynthesis	phenylalanine_biosynthesis	CP009685.1_2574;CP009685.1_3825;CP009685.1_4096;CP009685.1_915;CP009685.1_916
phenylalanine_biosynthesis	FALSE	PHE_CANONICAL	FALSE	2	TRUE	RHEA:21648	RHEA:21648	forward	FALSE	SYS_21648_PDT	FALSE	COMP_21648_CATALYTIC	FALSE	KO:K01713;KO:K04518;KO:K05359;KO:K14170							fixed_annotation_remove_trace_genes_phenylalanine_biosynthesis	phenylalanine_biosynthesis	CP009685.1_2574;CP009685.1_3825;CP009685.1_4096;CP009685.1_915;CP009685.1_916
phenylalanine_biosynthesis	FALSE	PHE_CANONICAL	FALSE	3	TRUE	RHEA:25152	RHEA:25152	reverse	FALSE	SYS_25152_AROAT	FALSE	COMP_25152_CATALYTIC	FALSE	KO:K00812;KO:K00813;KO:K00826;KO:K00832;KO:K05821;KO:K11358							fixed_annotation_remove_trace_genes_phenylalanine_biosynthesis	phenylalanine_biosynthesis	CP009685.1_2574;CP009685.1_3825;CP009685.1_4096;CP009685.1_915;CP009685.1_916
tyrosine_biosynthesis	FALSE	TYR_NAD	FALSE	1	TRUE	RHEA:13897	RHEA:13897	forward	FALSE	SYS_13897_CM	FALSE	COMP_13897_CATALYTIC	FALSE	KO:K04092;KO:K04093;KO:K04516;KO:K06208;KO:K06209;KO:K14170;KO:K14187							fixed_annotation_remove_trace_genes_phenylalanine_biosynthesis	phenylalanine_biosynthesis	CP009685.1_2574;CP009685.1_3825;CP009685.1_4096;CP009685.1_915;CP009685.1_916
tyrosine_biosynthesis	FALSE	TYR_NAD	FALSE	2	TRUE	RHEA:13869	RHEA:13869	forward	FALSE	SYS_13869_PDH	FALSE	COMP_13869_CATALYTIC	FALSE	KO:K04517;KO:K14187							fixed_annotation_remove_trace_genes_phenylalanine_biosynthesis	phenylalanine_biosynthesis	CP009685.1_2574;CP009685.1_3825;CP009685.1_4096;CP009685.1_915;CP009685.1_916
tyrosine_biosynthesis	FALSE	TYR_NAD	FALSE	3	TRUE	RHEA:15093	RHEA:15093	reverse	FALSE	SYS_15093_AROAT	FALSE	COMP_15093_CATALYTIC	FALSE	KO:K00812;KO:K00813;KO:K00826;KO:K00832;KO:K05821;KO:K11358							fixed_annotation_remove_trace_genes_phenylalanine_biosynthesis	phenylalanine_biosynthesis	CP009685.1_2574;CP009685.1_3825;CP009685.1_4096;CP009685.1_915;CP009685.1_916
valine_biosynthesis	FALSE	VAL_TRANSAMINATION	FALSE	1	TRUE	RHEA:24813	RHEA:24813	reverse	FALSE	SYS_24813_ILVE	FALSE	COMP_24813_CATALYTIC	FALSE	KO:K00826							fixed_annotation_remove_trace_genes_phenylalanine_biosynthesis	phenylalanine_biosynthesis	CP009685.1_2574;CP009685.1_3825;CP009685.1_4096;CP009685.1_915;CP009685.1_916
phenylpropanoate_dihydroxylation	FALSE	PHENYLPROPANOATE_DIOXYGENASE	FALSE	1	TRUE	RHEA:20357	RHEA:20357	forward	FALSE	SYS_20357_HCAEF	FALSE	COMP_20357_ALPHA	FALSE	KO:K05708							fixed_annotation_remove_trace_genes_phenylpropanoate_dihydroxylation	phenylpropanoate_dihydroxylation	CP009685.1_970;CP009685.1_972;CP009685.1_973
phenylpropanoate_dihydroxylation	FALSE	PHENYLPROPANOATE_DIOXYGENASE	FALSE	1	TRUE	RHEA:20357	RHEA:20357	forward	FALSE	SYS_20357_HCAEF	FALSE	COMP_20357_BETA	FALSE	KO:K05709							fixed_annotation_remove_trace_genes_phenylpropanoate_dihydroxylation	phenylpropanoate_dihydroxylation	CP009685.1_970;CP009685.1_972;CP009685.1_973
phenylpropanoate_dihydroxylation	FALSE	PHENYLPROPANOATE_DIOXYGENASE	FALSE	2	TRUE	RHEA:25062	RHEA:25062	forward	FALSE	SYS_25062_HCAB	FALSE	COMP_25062_CATALYTIC	FALSE	KO:K05711							fixed_annotation_remove_trace_genes_phenylpropanoate_dihydroxylation	phenylpropanoate_dihydroxylation	CP009685.1_970;CP009685.1_972;CP009685.1_973
phosphate_starvation_response	FALSE				TRUE					SYS_RF_PHO_SENSOR	FALSE	COMP_RF_PHOR	FALSE	KO:K07636							fixed_annotation_remove_trace_genes_phosphate_starvation_response	phosphate_starvation_response	CP009685.1_3086;CP009685.1_3087;CP009685.1_4131;CP009685.1_4132;CP009685.1_4133;CP009685.1_4134;CP009685.1_4135	regulatory			1	RF_PHO_SIGNAL_RECEPTION	phosphate-limitation signal reception	FALSE	CIRCUIT_PHO_PHOR_PHOB	FALSE
phosphate_starvation_response	FALSE				TRUE					SYS_RF_PHO_PHOB	FALSE	COMP_RF_PHOB	FALSE	KO:K07657							fixed_annotation_remove_trace_genes_phosphate_starvation_response	phosphate_starvation_response	CP009685.1_3086;CP009685.1_3087;CP009685.1_4131;CP009685.1_4132;CP009685.1_4133;CP009685.1_4134;CP009685.1_4135	regulatory			2	RF_PHO_RESPONSE_PHOB	PhoB transcriptional response	FALSE	CIRCUIT_PHO_PHOR_PHOB	FALSE
phosphate_starvation_response	FALSE				FALSE					SYS_RF_PST_PHOU	FALSE	COMP_RF_PHOU	FALSE	KO:K02039							fixed_annotation_remove_trace_genes_phosphate_starvation_response	phosphate_starvation_response	CP009685.1_3086;CP009685.1_3087;CP009685.1_4131;CP009685.1_4132;CP009685.1_4133;CP009685.1_4134;CP009685.1_4135	regulatory			3	RF_PHO_PHOSPHATE_STATUS	phosphate status transduction complex	FALSE	CIRCUIT_PHO_PHOR_PHOB	FALSE
phosphate_starvation_response	FALSE				FALSE					SYS_RF_PST_PHOU	FALSE	COMP_RF_PSTA	FALSE	KO:K02038							fixed_annotation_remove_trace_genes_phosphate_starvation_response	phosphate_starvation_response	CP009685.1_3086;CP009685.1_3087;CP009685.1_4131;CP009685.1_4132;CP009685.1_4133;CP009685.1_4134;CP009685.1_4135	regulatory			3	RF_PHO_PHOSPHATE_STATUS	phosphate status transduction complex	FALSE	CIRCUIT_PHO_PHOR_PHOB	FALSE
phosphate_starvation_response	FALSE				FALSE					SYS_RF_PST_PHOU	FALSE	COMP_RF_PSTB	FALSE	KO:K02036							fixed_annotation_remove_trace_genes_phosphate_starvation_response	phosphate_starvation_response	CP009685.1_3086;CP009685.1_3087;CP009685.1_4131;CP009685.1_4132;CP009685.1_4133;CP009685.1_4134;CP009685.1_4135	regulatory			3	RF_PHO_PHOSPHATE_STATUS	phosphate status transduction complex	FALSE	CIRCUIT_PHO_PHOR_PHOB	FALSE
phosphate_starvation_response	FALSE				FALSE					SYS_RF_PST_PHOU	FALSE	COMP_RF_PSTC	FALSE	KO:K02037							fixed_annotation_remove_trace_genes_phosphate_starvation_response	phosphate_starvation_response	CP009685.1_3086;CP009685.1_3087;CP009685.1_4131;CP009685.1_4132;CP009685.1_4133;CP009685.1_4134;CP009685.1_4135	regulatory			3	RF_PHO_PHOSPHATE_STATUS	phosphate status transduction complex	FALSE	CIRCUIT_PHO_PHOR_PHOB	FALSE
phosphate_starvation_response	FALSE				FALSE					SYS_RF_PST_PHOU	FALSE	COMP_RF_PSTS	FALSE	KO:K02040							fixed_annotation_remove_trace_genes_phosphate_starvation_response	phosphate_starvation_response	CP009685.1_3086;CP009685.1_3087;CP009685.1_4131;CP009685.1_4132;CP009685.1_4133;CP009685.1_4134;CP009685.1_4135	regulatory			3	RF_PHO_PHOSPHATE_STATUS	phosphate status transduction complex	FALSE	CIRCUIT_PHO_PHOR_PHOB	FALSE
plp_biosynthesis_dxp	FALSE	PLP_DXP	FALSE	1	TRUE	RHEA:12056	RHEA:12056	forward	FALSE	SYS_12056_EPD	FALSE	COMP_12056_CATALYTIC	FALSE	KO:K03472							fixed_annotation_remove_trace_genes_plp_biosynthesis_dxp	plp_biosynthesis_dxp	CP009685.1_1189;CP009685.1_1862;CP009685.1_2595;CP009685.1_3427;CP009685.1_601;CP009685.1_947
plp_biosynthesis_dxp	FALSE	PLP_DXP	FALSE	2	TRUE	RHEA:18829	RHEA:18829	forward	FALSE	SYS_18829_PDXB	FALSE	COMP_18829_CATALYTIC	FALSE	KO:K03473							fixed_annotation_remove_trace_genes_plp_biosynthesis_dxp	plp_biosynthesis_dxp	CP009685.1_1189;CP009685.1_1862;CP009685.1_2595;CP009685.1_3427;CP009685.1_601;CP009685.1_947
plp_biosynthesis_dxp	FALSE	PLP_DXP	FALSE	3	TRUE	RHEA:16573	RHEA:16573	reverse	FALSE	SYS_16573_SERC	FALSE	COMP_16573_CATALYTIC	FALSE	KO:K00831							fixed_annotation_remove_trace_genes_plp_biosynthesis_dxp	plp_biosynthesis_dxp	CP009685.1_1189;CP009685.1_1862;CP009685.1_2595;CP009685.1_3427;CP009685.1_601;CP009685.1_947
plp_biosynthesis_dxp	FALSE	PLP_DXP	FALSE	4	TRUE	RHEA:32275	RHEA:32275	forward	FALSE	SYS_32275_PDXA	FALSE	COMP_32275_CATALYTIC	FALSE	KO:K00097							fixed_annotation_remove_trace_genes_plp_biosynthesis_dxp	plp_biosynthesis_dxp	CP009685.1_1189;CP009685.1_1862;CP009685.1_2595;CP009685.1_3427;CP009685.1_601;CP009685.1_947
plp_biosynthesis_dxp	FALSE	PLP_DXP	FALSE	5	TRUE	RHEA:15265	RHEA:15265	forward	FALSE	SYS_15265_PDXJ	FALSE	COMP_15265_CATALYTIC	FALSE	KO:K03474							fixed_annotation_remove_trace_genes_plp_biosynthesis_dxp	plp_biosynthesis_dxp	CP009685.1_1189;CP009685.1_1862;CP009685.1_2595;CP009685.1_3427;CP009685.1_601;CP009685.1_947
plp_biosynthesis_dxp	FALSE	PLP_DXP	FALSE	6	TRUE	RHEA:15149	RHEA:15149	forward	FALSE	SYS_15149_PDXH	FALSE	COMP_15149_CATALYTIC	FALSE	KO:K00275							fixed_annotation_remove_trace_genes_plp_biosynthesis_dxp	plp_biosynthesis_dxp	CP009685.1_1189;CP009685.1_1862;CP009685.1_2595;CP009685.1_3427;CP009685.1_601;CP009685.1_947
serine_biosynthesis	FALSE	SER_PHOSPHORYLATED	FALSE	1	TRUE	RHEA:12641	RHEA:12641	forward	TRUE	SYS_12641_SERA	TRUE	COMP_12641_CATALYTIC	TRUE	KO:K00058;NCBIFAM:NF008759.0;NCBIFAM:TIGR01327.1	CP009685.1_615	KO	K00058	orthology	curated	KEGG M00020 2026-08-17	fixed_annotation_remove_trace_genes_plp_biosynthesis_dxp	plp_biosynthesis_dxp	CP009685.1_1189;CP009685.1_1862;CP009685.1_2595;CP009685.1_3427;CP009685.1_601;CP009685.1_947
serine_biosynthesis	FALSE	SER_PHOSPHORYLATED	FALSE	1	TRUE	RHEA:12641	RHEA:12641	forward	TRUE	SYS_12641_SERA	TRUE	COMP_12641_CATALYTIC	TRUE	KO:K00058;NCBIFAM:NF008759.0;NCBIFAM:TIGR01327.1	CP009685.1_615	NCBIFAM	NF008759.0	sequence_family	high-confidence	NCBIfam hmm_PGAP/20.0, retrieved 2026-08-23	fixed_annotation_remove_trace_genes_plp_biosynthesis_dxp	plp_biosynthesis_dxp	CP009685.1_1189;CP009685.1_1862;CP009685.1_2595;CP009685.1_3427;CP009685.1_601;CP009685.1_947
serine_biosynthesis	FALSE	SER_PHOSPHORYLATED	FALSE	2	TRUE	RHEA:14329	RHEA:14329	reverse	FALSE	SYS_14329_SERC	FALSE	COMP_14329_CATALYTIC	FALSE	KO:K00831;KO:K28205							fixed_annotation_remove_trace_genes_plp_biosynthesis_dxp	plp_biosynthesis_dxp	CP009685.1_1189;CP009685.1_1862;CP009685.1_2595;CP009685.1_3427;CP009685.1_601;CP009685.1_947
serine_biosynthesis	FALSE	SER_PHOSPHORYLATED	FALSE	3	TRUE	RHEA:21208	RHEA:21208	forward	TRUE	SYS_21208_PSP	TRUE	COMP_21208_CATALYTIC	TRUE	KO:K01079;KO:K02203;KO:K22305;KO:K25528	CP009685.1_3491	KO	K01079	orthology	curated	KEGG M00020 2026-08-17	fixed_annotation_remove_trace_genes_plp_biosynthesis_dxp	plp_biosynthesis_dxp	CP009685.1_1189;CP009685.1_1862;CP009685.1_2595;CP009685.1_3427;CP009685.1_601;CP009685.1_947
proline_biosynthesis	FALSE	PRO_CANONICAL	FALSE	1	TRUE	RHEA:14877	RHEA:14877	forward	FALSE	SYS_14877_P5CS	FALSE	COMP_14877_P5CS_CATALYTIC	FALSE	KO:K12657							fixed_annotation_remove_trace_genes_proline_biosynthesis	proline_biosynthesis	CP009685.1_3099;CP009685.1_3241;CP009685.1_3242
proline_biosynthesis	FALSE	PRO_CANONICAL	FALSE	2	TRUE	RHEA:19541	RHEA:19541	reverse	FALSE	SYS_19541_P5CS	FALSE	COMP_19541_P5CS_CATALYTIC	FALSE	KO:K12657							fixed_annotation_remove_trace_genes_proline_biosynthesis	proline_biosynthesis	CP009685.1_3099;CP009685.1_3241;CP009685.1_3242
proline_biosynthesis	FALSE	PRO_CANONICAL	FALSE	3	TRUE	RHEA:14109	RHEA:14109	reverse	FALSE	SYS_14109_PROC	FALSE	COMP_14109_CATALYTIC	FALSE	KO:K00286							fixed_annotation_remove_trace_genes_proline_biosynthesis	proline_biosynthesis	CP009685.1_3099;CP009685.1_3241;CP009685.1_3242
propanediol_formation	FALSE	PROPANEDIOL_FUCO	FALSE	1	TRUE	RHEA:15933	RHEA:15933	reverse	FALSE	SYS_15933_FUCO	FALSE	COMP_15933_CATALYTIC	FALSE	KO:K00048							fixed_annotation_remove_trace_genes_propanediol_formation	propanediol_formation	CP009685.1_725
adenylate_biosynthesis	FALSE	AMP_ADENYLOSUCCINATE	FALSE	1	TRUE	RHEA:15753	RHEA:15753	forward	TRUE	SYS_15753_ADSS	TRUE	COMP_15753_CATALYTIC	TRUE	KO:K01939	CP009685.1_3700	KO	K01939	orthology	curated	KEGG M00049 2026-08-17	fixed_annotation_remove_trace_genes_purine_core_biosynthesis	purine_core_biosynthesis	CP009685.1_1012;CP009685.1_1013;CP009685.1_1038;CP009685.1_1197;CP009685.1_2376;CP009685.1_2966;CP009685.1_2967;CP009685.1_3874;CP009685.1_3875;CP009685.1_954
adenylate_biosynthesis	FALSE	AMP_ADENYLOSUCCINATE	FALSE	2	TRUE	RHEA:16853	RHEA:16853	forward	FALSE	SYS_16853_ADSL	FALSE	COMP_16853_CATALYTIC	FALSE	KO:K01756							fixed_annotation_remove_trace_genes_purine_core_biosynthesis	purine_core_biosynthesis	CP009685.1_1012;CP009685.1_1013;CP009685.1_1038;CP009685.1_1197;CP009685.1_2376;CP009685.1_2966;CP009685.1_2967;CP009685.1_3874;CP009685.1_3875;CP009685.1_954
purine_core_biosynthesis	FALSE	PCR_FORMATE_DIRECT_FOLATE	FALSE	1	TRUE	RHEA:14905	RHEA:14905	reverse	FALSE	SYS_14905_PURF	FALSE	COMP_14905_CATALYTIC	FALSE	KO:K00764							fixed_annotation_remove_trace_genes_purine_core_biosynthesis	purine_core_biosynthesis	CP009685.1_1012;CP009685.1_1013;CP009685.1_1038;CP009685.1_1197;CP009685.1_2376;CP009685.1_2966;CP009685.1_2967;CP009685.1_3874;CP009685.1_3875;CP009685.1_954
purine_core_biosynthesis	FALSE	PCR_FORMATE_DIRECT_FOLATE	FALSE	2	TRUE	RHEA:17453	RHEA:17453	forward	FALSE	SYS_17453_MONOMER	FALSE	COMP_17453_CATALYTIC	FALSE	KO:K01945;KO:K11787;KO:K11788;KO:K13713							fixed_annotation_remove_trace_genes_purine_core_biosynthesis	purine_core_biosynthesis	CP009685.1_1012;CP009685.1_1013;CP009685.1_1038;CP009685.1_1197;CP009685.1_2376;CP009685.1_2966;CP009685.1_2967;CP009685.1_3874;CP009685.1_3875;CP009685.1_954
purine_core_biosynthesis	FALSE	PCR_FORMATE_DIRECT_FOLATE	FALSE	3	TRUE	RHEA:24829	RHEA:24829	forward	TRUE	SYS_24829_FORMATE	TRUE	COMP_24829_CATALYTIC	TRUE	KO:K08289	CP009685.1_1648	KO	K08289	orthology	curated	KEGG M00048 2026-08-17	fixed_annotation_remove_trace_genes_purine_core_biosynthesis	purine_core_biosynthesis	CP009685.1_1012;CP009685.1_1013;CP009685.1_1038;CP009685.1_1197;CP009685.1_2376;CP009685.1_2966;CP009685.1_2967;CP009685.1_3874;CP009685.1_3875;CP009685.1_954
purine_core_biosynthesis	FALSE	PCR_FORMATE_DIRECT_FOLATE	FALSE	4	TRUE	RHEA:17129	RHEA:17129	forward	FALSE	SYS_17129_LARGE	FALSE	COMP_17129_LARGE	FALSE	KO:K01952							fixed_annotation_remove_trace_genes_purine_core_biosynthesis	purine_core_biosynthesis	CP009685.1_1012;CP009685.1_1013;CP009685.1_1038;CP009685.1_1197;CP009685.1_2376;CP009685.1_2966;CP009685.1_2967;CP009685.1_3874;CP009685.1_3875;CP009685.1_954
purine_core_biosynthesis	FALSE	PCR_FORMATE_DIRECT_FOLATE	FALSE	5	TRUE	RHEA:23032	RHEA:23032	forward	FALSE	SYS_23032_AIR_SYNTHASE	FALSE	COMP_23032_CATALYTIC	FALSE	KO:K01933;KO:K11787;KO:K11788							fixed_annotation_remove_trace_genes_purine_core_biosynthesis	purine_core_biosynthesis	CP009685.1_1012;CP009685.1_1013;CP009685.1_1038;CP009685.1_1197;CP009685.1_2376;CP009685.1_2966;CP009685.1_2967;CP009685.1_3874;CP009685.1_3875;CP009685.1_954
purine_core_biosynthesis	FALSE	PCR_FORMATE_DIRECT_FOLATE	FALSE	6	TRUE	RHEA:10792	RHEA:10792	reverse	FALSE	SYS_10792_DIRECT	FALSE	COMP_10792_CATALYTIC	FALSE	KO:K01587;KO:K11808							fixed_annotation_remove_trace_genes_purine_core_biosynthesis	purine_core_biosynthesis	CP009685.1_1012;CP009685.1_1013;CP009685.1_1038;CP009685.1_1197;CP009685.1_2376;CP009685.1_2966;CP009685.1_2967;CP009685.1_3874;CP009685.1_3875;CP009685.1_954
purine_core_biosynthesis	FALSE	PCR_FORMATE_DIRECT_FOLATE	FALSE	7	TRUE	RHEA:22628	RHEA:22628	forward	FALSE	SYS_22628_SAICAR	FALSE	COMP_22628_CATALYTIC	FALSE	KO:K01587;KO:K01923;KO:K13713							fixed_annotation_remove_trace_genes_purine_core_biosynthesis	purine_core_biosynthesis	CP009685.1_1012;CP009685.1_1013;CP009685.1_1038;CP009685.1_1197;CP009685.1_2376;CP009685.1_2966;CP009685.1_2967;CP009685.1_3874;CP009685.1_3875;CP009685.1_954
purine_core_biosynthesis	FALSE	PCR_FORMATE_DIRECT_FOLATE	FALSE	8	TRUE	RHEA:23920	RHEA:23920	forward	FALSE	SYS_23920_LYASE	FALSE	COMP_23920_CATALYTIC	FALSE	KO:K01756							fixed_annotation_remove_trace_genes_purine_core_biosynthesis	purine_core_biosynthesis	CP009685.1_1012;CP009685.1_1013;CP009685.1_1038;CP009685.1_1197;CP009685.1_2376;CP009685.1_2966;CP009685.1_2967;CP009685.1_3874;CP009685.1_3875;CP009685.1_954
purine_core_biosynthesis	FALSE	PCR_FORMATE_DIRECT_FOLATE	FALSE	9	TRUE	RHEA:22192	RHEA:22192	forward	FALSE	SYS_22192_FOLATE	FALSE	COMP_22192_CATALYTIC	FALSE	KO:K00602;KO:K01492;NCBIFAM:NF005492.0							fixed_annotation_remove_trace_genes_purine_core_biosynthesis	purine_core_biosynthesis	CP009685.1_1012;CP009685.1_1013;CP009685.1_1038;CP009685.1_1197;CP009685.1_2376;CP009685.1_2966;CP009685.1_2967;CP009685.1_3874;CP009685.1_3875;CP009685.1_954
purine_core_biosynthesis	FALSE	PCR_FORMATE_DIRECT_FOLATE	FALSE	10	TRUE	RHEA:18445	RHEA:18445	reverse	FALSE	SYS_18445_CYCLASE	FALSE	COMP_18445_CATALYTIC	FALSE	KO:K00602;KO:K11176							fixed_annotation_remove_trace_genes_purine_core_biosynthesis	purine_core_biosynthesis	CP009685.1_1012;CP009685.1_1013;CP009685.1_1038;CP009685.1_1197;CP009685.1_2376;CP009685.1_2966;CP009685.1_2967;CP009685.1_3874;CP009685.1_3875;CP009685.1_954
quinolinate_biosynthesis_aspartate	FALSE	QUIN_NADB	FALSE	1	TRUE	RHEA:25876	RHEA:25876	forward	FALSE	SYS_25876_NADB	FALSE	COMP_25876_CATALYTIC	FALSE	KO:K00278							fixed_annotation_remove_trace_genes_quinolinate_biosynthesis_aspartate	quinolinate_biosynthesis_aspartate	CP009685.1_2751;CP009685.1_937
quinolinate_biosynthesis_aspartate	FALSE	QUIN_NADB	FALSE	2	TRUE	RHEA:25888	RHEA:25888	forward	FALSE	SYS_25888_NADA	FALSE	COMP_25888_CATALYTIC	FALSE	KO:K03517							fixed_annotation_remove_trace_genes_quinolinate_biosynthesis_aspartate	quinolinate_biosynthesis_aspartate	CP009685.1_2751;CP009685.1_937
rhamnose_degradation	FALSE	RHA_ISOMERASE	FALSE	1	TRUE	RHEA:23160	RHEA:23160	forward	FALSE	SYS_23160_RHAA	FALSE	COMP_23160_CATALYTIC	FALSE	KO:K01813;KO:K01820							fixed_annotation_remove_trace_genes_rhamnose_degradation	rhamnose_degradation	CP009685.1_3969;CP009685.1_3970;CP009685.1_3971
rhamnose_degradation	FALSE	RHA_ISOMERASE	FALSE	2	TRUE	RHEA:20117	RHEA:20117	forward	FALSE	SYS_20117_RHAB	FALSE	COMP_20117_CATALYTIC	FALSE	KO:K00848							fixed_annotation_remove_trace_genes_rhamnose_degradation	rhamnose_degradation	CP009685.1_3969;CP009685.1_3970;CP009685.1_3971
rhamnose_degradation	FALSE	RHA_ISOMERASE	FALSE	3	TRUE	RHEA:19689	RHEA:19689	forward	FALSE	SYS_19689_RHAD	FALSE	COMP_19689_CATALYTIC	FALSE	KO:K01629							fixed_annotation_remove_trace_genes_rhamnose_degradation	rhamnose_degradation	CP009685.1_3969;CP009685.1_3970;CP009685.1_3971
riboflavin_biosynthesis	FALSE	RIBOFLAVIN_GTP	FALSE	1	TRUE	RHEA:23704	RHEA:23704	forward	FALSE	SYS_23704_RIBA	FALSE	COMP_23704_CATALYTIC	FALSE	KO:K01497							fixed_annotation_remove_trace_genes_riboflavin_biosynthesis	riboflavin_biosynthesis	CP009685.1_1837;CP009685.1_2226;CP009685.1_2657;CP009685.1_3071;CP009685.1_3072;CP009685.1_4058;CP009685.1_4161;CP009685.1_494
riboflavin_biosynthesis	FALSE	RIBOFLAVIN_GTP	FALSE	2	TRUE	RHEA:21868	RHEA:21868	forward	FALSE	SYS_21868_RIBD	FALSE	COMP_21868_CATALYTIC	FALSE	KO:K01498							fixed_annotation_remove_trace_genes_riboflavin_biosynthesis	riboflavin_biosynthesis	CP009685.1_1837;CP009685.1_2226;CP009685.1_2657;CP009685.1_3071;CP009685.1_3072;CP009685.1_4058;CP009685.1_4161;CP009685.1_494
riboflavin_biosynthesis	FALSE	RIBOFLAVIN_GTP	FALSE	3	TRUE	RHEA:17845	RHEA:17845	forward	FALSE	SYS_17845_RIBD2	FALSE	COMP_17845_CATALYTIC	FALSE	KO:K00082							fixed_annotation_remove_trace_genes_riboflavin_biosynthesis	riboflavin_biosynthesis	CP009685.1_1837;CP009685.1_2226;CP009685.1_2657;CP009685.1_3071;CP009685.1_3072;CP009685.1_4058;CP009685.1_4161;CP009685.1_494
riboflavin_biosynthesis	FALSE	RIBOFLAVIN_GTP	FALSE	4	FALSE	RHEA:25197	RHEA:25197	forward	FALSE	SYS_25197_PHOSPHATASE	FALSE	COMP_25197_CATALYTIC	FALSE	KO:K20860;KO:K20861;KO:K20862;KO:K21063;KO:K21064							fixed_annotation_remove_trace_genes_riboflavin_biosynthesis	riboflavin_biosynthesis	CP009685.1_1837;CP009685.1_2226;CP009685.1_2657;CP009685.1_3071;CP009685.1_3072;CP009685.1_4058;CP009685.1_4161;CP009685.1_494
riboflavin_biosynthesis	FALSE	RIBOFLAVIN_GTP	FALSE	5	TRUE	RHEA:18457	RHEA:18457	forward	FALSE	SYS_18457_RIBAB2	FALSE	COMP_18457_RIBAB2	FALSE	KO:K14652							fixed_annotation_remove_trace_genes_riboflavin_biosynthesis	riboflavin_biosynthesis	CP009685.1_1837;CP009685.1_2226;CP009685.1_2657;CP009685.1_3071;CP009685.1_3072;CP009685.1_4058;CP009685.1_4161;CP009685.1_494
riboflavin_biosynthesis	FALSE	RIBOFLAVIN_GTP	FALSE	6	TRUE	RHEA:26152	RHEA:26152	forward	FALSE	SYS_26152_RIBH	FALSE	COMP_26152_CATALYTIC	FALSE	KO:K00794							fixed_annotation_remove_trace_genes_riboflavin_biosynthesis	riboflavin_biosynthesis	CP009685.1_1837;CP009685.1_2226;CP009685.1_2657;CP009685.1_3071;CP009685.1_3072;CP009685.1_4058;CP009685.1_4161;CP009685.1_494
riboflavin_biosynthesis	FALSE	RIBOFLAVIN_GTP	FALSE	7	TRUE	RHEA:20772	RHEA:20772	forward	FALSE	SYS_20772_RIBE	FALSE	COMP_20772_CATALYTIC	FALSE	KO:K00793							fixed_annotation_remove_trace_genes_riboflavin_biosynthesis	riboflavin_biosynthesis	CP009685.1_1837;CP009685.1_2226;CP009685.1_2657;CP009685.1_3071;CP009685.1_3072;CP009685.1_4058;CP009685.1_4161;CP009685.1_494
plp_biosynthesis_dxp	FALSE	PLP_DXP	FALSE	1	TRUE	RHEA:12056	RHEA:12056	forward	TRUE	SYS_12056_EPD	TRUE	COMP_12056_CATALYTIC	TRUE	KO:K03472	CP009685.1_601	KO	K03472	orthology	curated	KEGG orthology and Rhea release 141, verified 2026-08-18	fixed_annotation_remove_trace_genes_serine_biosynthesis	serine_biosynthesis	CP009685.1_2595;CP009685.1_3491;CP009685.1_615
plp_biosynthesis_dxp	FALSE	PLP_DXP	FALSE	2	TRUE	RHEA:18829	RHEA:18829	forward	TRUE	SYS_18829_PDXB	TRUE	COMP_18829_CATALYTIC	TRUE	KO:K03473	CP009685.1_1189	KO	K03473	orthology	curated	KEGG orthology and Rhea release 141, verified 2026-08-18	fixed_annotation_remove_trace_genes_serine_biosynthesis	serine_biosynthesis	CP009685.1_2595;CP009685.1_3491;CP009685.1_615
plp_biosynthesis_dxp	FALSE	PLP_DXP	FALSE	3	TRUE	RHEA:16573	RHEA:16573	reverse	FALSE	SYS_16573_SERC	FALSE	COMP_16573_CATALYTIC	FALSE	KO:K00831							fixed_annotation_remove_trace_genes_serine_biosynthesis	serine_biosynthesis	CP009685.1_2595;CP009685.1_3491;CP009685.1_615
plp_biosynthesis_dxp	FALSE	PLP_DXP	FALSE	4	TRUE	RHEA:32275	RHEA:32275	forward	TRUE	SYS_32275_PDXA	TRUE	COMP_32275_CATALYTIC	TRUE	KO:K00097	CP009685.1_3427	KO	K00097	orthology	curated	KEGG orthology and Rhea release 141, verified 2026-08-18	fixed_annotation_remove_trace_genes_serine_biosynthesis	serine_biosynthesis	CP009685.1_2595;CP009685.1_3491;CP009685.1_615
plp_biosynthesis_dxp	FALSE	PLP_DXP	FALSE	5	TRUE	RHEA:15265	RHEA:15265	forward	TRUE	SYS_15265_PDXJ	TRUE	COMP_15265_CATALYTIC	TRUE	KO:K03474	CP009685.1_947	KO	K03474	orthology	curated	KEGG orthology and Rhea release 141, verified 2026-08-18	fixed_annotation_remove_trace_genes_serine_biosynthesis	serine_biosynthesis	CP009685.1_2595;CP009685.1_3491;CP009685.1_615
plp_biosynthesis_dxp	FALSE	PLP_DXP	FALSE	6	TRUE	RHEA:15149	RHEA:15149	forward	TRUE	SYS_15149_PDXH	TRUE	COMP_15149_CATALYTIC	TRUE	KO:K00275	CP009685.1_1862	KO	K00275	orthology	curated	KEGG orthology and Rhea release 141, verified 2026-08-18	fixed_annotation_remove_trace_genes_serine_biosynthesis	serine_biosynthesis	CP009685.1_2595;CP009685.1_3491;CP009685.1_615
serine_biosynthesis	FALSE	SER_PHOSPHORYLATED	FALSE	1	TRUE	RHEA:12641	RHEA:12641	forward	FALSE	SYS_12641_SERA	FALSE	COMP_12641_CATALYTIC	FALSE	KO:K00058;NCBIFAM:NF008759.0;NCBIFAM:TIGR01327.1							fixed_annotation_remove_trace_genes_serine_biosynthesis	serine_biosynthesis	CP009685.1_2595;CP009685.1_3491;CP009685.1_615
serine_biosynthesis	FALSE	SER_PHOSPHORYLATED	FALSE	2	TRUE	RHEA:14329	RHEA:14329	reverse	FALSE	SYS_14329_SERC	FALSE	COMP_14329_CATALYTIC	FALSE	KO:K00831;KO:K28205							fixed_annotation_remove_trace_genes_serine_biosynthesis	serine_biosynthesis	CP009685.1_2595;CP009685.1_3491;CP009685.1_615
serine_biosynthesis	FALSE	SER_PHOSPHORYLATED	FALSE	3	TRUE	RHEA:21208	RHEA:21208	forward	FALSE	SYS_21208_PSP	FALSE	COMP_21208_CATALYTIC	FALSE	KO:K01079;KO:K02203;KO:K22305;KO:K25528							fixed_annotation_remove_trace_genes_serine_biosynthesis	serine_biosynthesis	CP009685.1_2595;CP009685.1_3491;CP009685.1_615
serine_deamination	FALSE	SER_DEAMINATION	FALSE	1	TRUE	RHEA:19169	RHEA:19169	forward	FALSE	SYS_19169_SDAA	FALSE	COMP_19169_CATALYTIC	FALSE	KO:K01752;KO:K17989							fixed_annotation_remove_trace_genes_serine_deamination	serine_deamination	CP009685.1_1684;CP009685.1_426;CP009685.1_727
siroheme_biosynthesis	FALSE	SIROHEME_UROGEN	FALSE	1	TRUE	RHEA:32459	RHEA:32459	forward	FALSE	SYS_32459_COBA	FALSE	COMP_32459_CATALYTIC	FALSE	KO:K00589;KO:K02303;KO:K02496;KO:K13542;KO:K13543							fixed_annotation_remove_trace_genes_siroheme_biosynthesis	siroheme_biosynthesis	CP009685.1_177;CP009685.1_4067
siroheme_biosynthesis	FALSE	SIROHEME_UROGEN	FALSE	2	TRUE	RHEA:15613	RHEA:15613	forward	FALSE	SYS_15613_CYSG2	FALSE	COMP_15613_CYSG2	FALSE	KO:K02302							fixed_annotation_remove_trace_genes_siroheme_biosynthesis	siroheme_biosynthesis	CP009685.1_177;CP009685.1_4067
siroheme_biosynthesis	FALSE	SIROHEME_UROGEN	FALSE	3	TRUE	RHEA:24360	RHEA:24360	reverse	FALSE	SYS_24360_CYSG	FALSE	COMP_24360_CYSG	FALSE	KO:K02302							fixed_annotation_remove_trace_genes_siroheme_biosynthesis	siroheme_biosynthesis	CP009685.1_177;CP009685.1_4067
starch_degradation	FALSE	STARCH_SACCHARIFICATION	FALSE	1	TRUE	RXN_STARCH_ENDO_1_4		forward	FALSE	SYS_AMYLASE	FALSE	COMP_AMYLASE	FALSE	CAZY:GH119;CAZY:GH119_e2;CAZY:GH126;CAZY:GH13;CAZY:GH13_e124;CAZY:GH13_e13;CAZY:GH13_e139;CAZY:GH13_e143;CAZY:GH13_e146;CAZY:GH13_e160;CAZY:GH13_e172;CAZY:GH13_e173;CAZY:GH13_e18;CAZY:GH13_e19;CAZY:GH13_e205;CAZY:GH13_e206;CAZY:GH13_e23;CAZY:GH13_e240;CAZY:GH13_e245;CAZY:GH13_e25;CAZY:GH13_e302;CAZY:GH13_e303;CAZY:GH13_e307;CAZY:GH13_e34;CAZY:GH13_e345;CAZY:GH13_e346;CAZY:GH13_e348;CAZY:GH13_e354;CAZY:GH13_e380;CAZY:GH13_e381;CAZY:GH13_e386;CAZY:GH13_e387;CAZY:GH13_e389;CAZY:GH13_e406;CAZY:GH13_e409;CAZY:GH13_e413;CAZY:GH13_e419;CAZY:GH13_e42;CAZY:GH13_e443;CAZY:GH13_e462;CAZY:GH13_e47;CAZY:GH13_e484;CAZY:GH13_e497;CAZY:GH13_e5;CAZY:GH13_e500;CAZY:GH13_e61;CAZY:GH57;CAZY:GH57_e11;CAZY:GH57_e30;KO:K01176;KO:K07405							fixed_annotation_remove_trace_genes_starch_degradation	starch_degradation	CP009685.1_115;CP009685.1_116;CP009685.1_1579;CP009685.1_1766;CP009685.1_2194;CP009685.1_3083;CP009685.1_3640;CP009685.1_3757;CP009685.1_3998;CP009685.1_4178;CP009685.1_4205;CP009685.1_4292;CP009685.1_456;CP009685.1_864
starch_degradation	FALSE	STARCH_SACCHARIFICATION	FALSE	2	TRUE	RXN_MALTOOLIGO_EXO		forward	FALSE	SYS_GLUCOSIDASE	FALSE	COMP_GLUCOSIDASE	FALSE	CAZY:GH122;CAZY:GH13;CAZY:GH13_e113;CAZY:GH13_e221;CAZY:GH13_e234;CAZY:GH13_e250;CAZY:GH13_e276;CAZY:GH13_e329;CAZY:GH31;CAZY:GH31_e102;CAZY:GH31_e177;CAZY:GH31_e22;CAZY:GH31_e39;CAZY:GH31_e41;CAZY:GH31_e42;CAZY:GH31_e56;CAZY:GH31_e7;CAZY:GH31_e73;CAZY:GH31_e78;CAZY:GH31_e82;CAZY:GH4;CAZY:GH4_e14;CAZY:GH63;CAZY:GH63_e1;CAZY:GH76;CAZY:GH97;CAZY:GH97_e22;KO:K01187							fixed_annotation_remove_trace_genes_starch_degradation	starch_degradation	CP009685.1_115;CP009685.1_116;CP009685.1_1579;CP009685.1_1766;CP009685.1_2194;CP009685.1_3083;CP009685.1_3640;CP009685.1_3757;CP009685.1_3998;CP009685.1_4178;CP009685.1_4205;CP009685.1_4292;CP009685.1_456;CP009685.1_864
starch_degradation	FALSE	STARCH_SACCHARIFICATION	FALSE	3	FALSE	RXN_STARCH_DEBRANCH_1_6		forward	FALSE	SYS_PULLULANASE	FALSE	COMP_PULLULANASE	FALSE	CAZY:GH13;CAZY:GH13_e108;CAZY:GH13_e130;CAZY:GH13_e165;CAZY:GH13_e180;CAZY:GH13_e183;CAZY:GH13_e248;CAZY:GH13_e278;CAZY:GH13_e300;CAZY:GH13_e315;CAZY:GH13_e349;CAZY:GH13_e446;CAZY:GH13_e465;CAZY:GH13_e493;CAZY:GH13_e94;CAZY:GH57;CAZY:GH57_e15;KO:K01200							fixed_annotation_remove_trace_genes_starch_degradation	starch_degradation	CP009685.1_115;CP009685.1_116;CP009685.1_1579;CP009685.1_1766;CP009685.1_2194;CP009685.1_3083;CP009685.1_3640;CP009685.1_3757;CP009685.1_3998;CP009685.1_4178;CP009685.1_4205;CP009685.1_4292;CP009685.1_456;CP009685.1_864
taurine_desulfonation_aerobic	FALSE	TAURINE_TAUD	FALSE	1	TRUE	RHEA:15909	RHEA:15909	forward	FALSE	SYS_15909_TAUD	FALSE	COMP_15909_TAUD	FALSE	KO:K03119							fixed_annotation_remove_trace_genes_taurine_desulfonation_aerobic	taurine_desulfonation_aerobic	CP009685.1_3117
taurine_uptake_abc	FALSE	TAURINE_UPTAKE_ABC	FALSE	1	TRUE	RHEA:14613	RHEA:14613	forward	FALSE	SYS_14613_TAUABC	FALSE	COMP_14613_ATPASE	FALSE	KO:K10831							fixed_annotation_remove_trace_genes_taurine_uptake_abc	taurine_uptake_abc	CP009685.1_3118;CP009685.1_3119;CP009685.1_3120
taurine_uptake_abc	FALSE	TAURINE_UPTAKE_ABC	FALSE	1	TRUE	RHEA:14613	RHEA:14613	forward	FALSE	SYS_14613_TAUABC	FALSE	COMP_14613_PERMEASE	FALSE	KO:K15552							fixed_annotation_remove_trace_genes_taurine_uptake_abc	taurine_uptake_abc	CP009685.1_3118;CP009685.1_3119;CP009685.1_3120
taurine_uptake_abc	FALSE	TAURINE_UPTAKE_ABC	FALSE	1	TRUE	RHEA:14613	RHEA:14613	forward	FALSE	SYS_14613_TAUABC	FALSE	COMP_14613_SBP	FALSE	KO:K15551							fixed_annotation_remove_trace_genes_taurine_uptake_abc	taurine_uptake_abc	CP009685.1_3118;CP009685.1_3119;CP009685.1_3120
thiamine_phosphate_biosynthesis	FALSE	TMP_THIE	FALSE	1	TRUE	RHEA:22328	RHEA:22328	forward	FALSE	SYS_22328_THIE	FALSE	COMP_22328_CATALYTIC	FALSE	KO:K00788;KO:K14153;KO:K21219							fixed_annotation_remove_trace_genes_thiamine_phosphate_biosynthesis	thiamine_phosphate_biosynthesis	CP009685.1_3888
hmp_phosphate_biosynthesis	FALSE	HMP_THIC	FALSE	1	TRUE	RHEA:24840	RHEA:24840	forward	TRUE	SYS_24840_THIC	TRUE	COMP_24840_CATALYTIC	TRUE	KO:K03147	CP009685.1_3887	KO	K03147	orthology	curated	KEGG orthology and Rhea release 141, verified 2026-08-18	fixed_annotation_remove_trace_genes_thiamine_precursor_salvage	thiamine_precursor_salvage	CP009685.1_1409;CP009685.1_1410
hmp_phosphate_biosynthesis	FALSE	HMP_THIC	FALSE	2	TRUE	RHEA:19893	RHEA:19893	forward	FALSE	SYS_19893_THID	FALSE	COMP_19893_CATALYTIC	FALSE	KO:K00941;KO:K14153;KO:K21219							fixed_annotation_remove_trace_genes_thiamine_precursor_salvage	thiamine_precursor_salvage	CP009685.1_1409;CP009685.1_1410
thiamine_precursor_salvage	FALSE	SALVAGE_HMP_HET	FALSE	1	TRUE	RHEA:23096	RHEA:23096	forward	FALSE	SYS_23096_THID_HMP	FALSE	COMP_23096_CATALYTIC	FALSE	KO:K00941;KO:K14153;KO:K21219;NCBIFAM:NF009259.0							fixed_annotation_remove_trace_genes_thiamine_precursor_salvage	thiamine_precursor_salvage	CP009685.1_1409;CP009685.1_1410
thiamine_precursor_salvage	FALSE	SALVAGE_HMP_HET	FALSE	2	TRUE	RHEA:19893	RHEA:19893	forward	FALSE	SYS_19893_THID	FALSE	COMP_19893_CATALYTIC	FALSE	KO:K00941;KO:K14153;KO:K21219							fixed_annotation_remove_trace_genes_thiamine_precursor_salvage	thiamine_precursor_salvage	CP009685.1_1409;CP009685.1_1410
thiamine_precursor_salvage	FALSE	SALVAGE_HMP_HET	FALSE	3	TRUE	RHEA:24212	RHEA:24212	forward	FALSE	SYS_24212_THIM	FALSE	COMP_24212_CATALYTIC	FALSE	KO:K00878							fixed_annotation_remove_trace_genes_thiamine_precursor_salvage	thiamine_precursor_salvage	CP009685.1_1409;CP009685.1_1410
thiazole_phosphate_biosynthesis	FALSE	THZ_THIH	FALSE	1	TRUE	RHEA:26361	RHEA:26361	forward	FALSE	SYS_26361_THIH	FALSE	COMP_26361_CATALYTIC	FALSE	KO:K03150							fixed_annotation_remove_trace_genes_thiazole_phosphate_biosynthesis	thiazole_phosphate_biosynthesis	CP009685.1_3891;CP009685.1_3892
thiazole_phosphate_biosynthesis	FALSE	THZ_THIH	FALSE	2	TRUE	RHEA:26297	RHEA:26297	forward	FALSE	SYS_26297_THIG	FALSE	COMP_26297_CATALYTIC	FALSE	KO:K03149							fixed_annotation_remove_trace_genes_thiazole_phosphate_biosynthesis	thiazole_phosphate_biosynthesis	CP009685.1_3891;CP009685.1_3892
threonine_biosynthesis	FALSE	THR_CANONICAL	FALSE	1	TRUE	RHEA:13985	RHEA:13985	forward	FALSE	SYS_13985_HSK	FALSE	COMP_13985_CATALYTIC	FALSE	KO:K00872;KO:K02203;KO:K02204							fixed_annotation_remove_trace_genes_threonine_biosynthesis	threonine_biosynthesis	CP009685.1_3473;CP009685.1_3474
threonine_biosynthesis	FALSE	THR_CANONICAL	FALSE	2	TRUE	RHEA:10840	RHEA:10840	forward	FALSE	SYS_10840_THRC	FALSE	COMP_10840_CATALYTIC	FALSE	KO:K01733							fixed_annotation_remove_trace_genes_threonine_biosynthesis	threonine_biosynthesis	CP009685.1_3473;CP009685.1_3474
threonine_deamination	FALSE	THR_DEAMINATION	FALSE	1	TRUE	RHEA:22108	RHEA:22108	forward	FALSE	SYS_22108_ILVA	FALSE	COMP_22108_CATALYTIC	FALSE	KO:K01754;KO:K17989							fixed_annotation_remove_trace_genes_threonine_deamination	threonine_deamination	CP009685.1_4094;CP009685.1_421
tryptophan_biosynthesis	FALSE	TRP_CANONICAL	FALSE	1	TRUE	RHEA:21732	RHEA:21732	forward	FALSE	SYS_21732_TRPEG_FUSED	FALSE	COMP_21732_TRPEG_FUSED_CATALYTIC	FALSE	KO:K01656;KO:K13501;KO:K13503							fixed_annotation_remove_trace_genes_tryptophan_biosynthesis	tryptophan_biosynthesis	CP009685.1_185;CP009685.1_2241;CP009685.1_2242;CP009685.1_2243;CP009685.1_2244;CP009685.1_2245
tryptophan_biosynthesis	FALSE	TRP_CANONICAL	FALSE	2	TRUE	RHEA:11768	RHEA:11768	reverse	FALSE	SYS_11768_TRPD	FALSE	COMP_11768_CATALYTIC	FALSE	KO:K00766;KO:K13497							fixed_annotation_remove_trace_genes_tryptophan_biosynthesis	tryptophan_biosynthesis	CP009685.1_185;CP009685.1_2241;CP009685.1_2242;CP009685.1_2243;CP009685.1_2244;CP009685.1_2245
tryptophan_biosynthesis	FALSE	TRP_CANONICAL	FALSE	3	TRUE	RHEA:21540	RHEA:21540	forward	FALSE	SYS_21540_TRPF	FALSE	COMP_21540_CATALYTIC	FALSE	KO:K01817;KO:K13498;KO:K13501;KO:K24017							fixed_annotation_remove_trace_genes_tryptophan_biosynthesis	tryptophan_biosynthesis	CP009685.1_185;CP009685.1_2241;CP009685.1_2242;CP009685.1_2243;CP009685.1_2244;CP009685.1_2245
tryptophan_biosynthesis	FALSE	TRP_CANONICAL	FALSE	4	TRUE	RHEA:23476	RHEA:23476	forward	FALSE	SYS_23476_TRPC	FALSE	COMP_23476_CATALYTIC	FALSE	KO:K01609;KO:K01656;KO:K13498;KO:K13501							fixed_annotation_remove_trace_genes_tryptophan_biosynthesis	tryptophan_biosynthesis	CP009685.1_185;CP009685.1_2241;CP009685.1_2242;CP009685.1_2243;CP009685.1_2244;CP009685.1_2245
tryptophan_biosynthesis	FALSE	TRP_CANONICAL	FALSE	5	TRUE	RHEA:10532	RHEA:10532	forward	FALSE	SYS_10532_TRPAB_FUSED	FALSE	COMP_10532_TRPAB_FUSED_CATALYTIC	FALSE	KO:K01694							fixed_annotation_remove_trace_genes_tryptophan_biosynthesis	tryptophan_biosynthesis	CP009685.1_185;CP009685.1_2241;CP009685.1_2242;CP009685.1_2243;CP009685.1_2244;CP009685.1_2245
tryptophan_degradation_indole	FALSE	TNA_INDOLE	FALSE	1	TRUE	RHEA:19553	RHEA:19553	forward	FALSE	SYS_19553_TNAA	FALSE	COMP_19553_CATALYTIC	FALSE	KO:K01667							fixed_annotation_remove_trace_genes_tryptophan_degradation_indole	tryptophan_degradation_indole	CP009685.1_4151
type_i_e_crispr_cas_machinery	FALSE				TRUE					SYS_DF_CASCADE_I_E	FALSE	COMP_DF_CASA	FALSE	KO:K19123							fixed_annotation_remove_trace_genes_type_i_e_crispr_cas_machinery	type_i_e_crispr_cas_machinery	CP009685.1_3271;CP009685.1_763;CP009685.1_764;CP009685.1_765;CP009685.1_766;CP009685.1_767;CP009685.1_768;CP009685.1_769;CP009685.1_770	defense	MECH_TYPE_I_E_CRISPR	FALSE	1	DF_CRISPR_I_E_SURVEILLANCE	type I-E Cascade surveillance complex	FALSE
type_i_e_crispr_cas_machinery	FALSE				TRUE					SYS_DF_CASCADE_I_E	FALSE	COMP_DF_CASB	FALSE	KO:K19046							fixed_annotation_remove_trace_genes_type_i_e_crispr_cas_machinery	type_i_e_crispr_cas_machinery	CP009685.1_3271;CP009685.1_763;CP009685.1_764;CP009685.1_765;CP009685.1_766;CP009685.1_767;CP009685.1_768;CP009685.1_769;CP009685.1_770	defense	MECH_TYPE_I_E_CRISPR	FALSE	1	DF_CRISPR_I_E_SURVEILLANCE	type I-E Cascade surveillance complex	FALSE
type_i_e_crispr_cas_machinery	FALSE				TRUE					SYS_DF_CASCADE_I_E	FALSE	COMP_DF_CASC	FALSE	KO:K19124							fixed_annotation_remove_trace_genes_type_i_e_crispr_cas_machinery	type_i_e_crispr_cas_machinery	CP009685.1_3271;CP009685.1_763;CP009685.1_764;CP009685.1_765;CP009685.1_766;CP009685.1_767;CP009685.1_768;CP009685.1_769;CP009685.1_770	defense	MECH_TYPE_I_E_CRISPR	FALSE	1	DF_CRISPR_I_E_SURVEILLANCE	type I-E Cascade surveillance complex	FALSE
type_i_e_crispr_cas_machinery	FALSE				TRUE					SYS_DF_CASCADE_I_E	FALSE	COMP_DF_CASD	FALSE	KO:K19125							fixed_annotation_remove_trace_genes_type_i_e_crispr_cas_machinery	type_i_e_crispr_cas_machinery	CP009685.1_3271;CP009685.1_763;CP009685.1_764;CP009685.1_765;CP009685.1_766;CP009685.1_767;CP009685.1_768;CP009685.1_769;CP009685.1_770	defense	MECH_TYPE_I_E_CRISPR	FALSE	1	DF_CRISPR_I_E_SURVEILLANCE	type I-E Cascade surveillance complex	FALSE
type_i_e_crispr_cas_machinery	FALSE				TRUE					SYS_DF_CASCADE_I_E	FALSE	COMP_DF_CASE	FALSE	KO:K19126							fixed_annotation_remove_trace_genes_type_i_e_crispr_cas_machinery	type_i_e_crispr_cas_machinery	CP009685.1_3271;CP009685.1_763;CP009685.1_764;CP009685.1_765;CP009685.1_766;CP009685.1_767;CP009685.1_768;CP009685.1_769;CP009685.1_770	defense	MECH_TYPE_I_E_CRISPR	FALSE	1	DF_CRISPR_I_E_SURVEILLANCE	type I-E Cascade surveillance complex	FALSE
type_i_e_crispr_cas_machinery	FALSE				TRUE					SYS_DF_CAS3	FALSE	COMP_DF_CAS3	FALSE	KO:K07012							fixed_annotation_remove_trace_genes_type_i_e_crispr_cas_machinery	type_i_e_crispr_cas_machinery	CP009685.1_3271;CP009685.1_763;CP009685.1_764;CP009685.1_765;CP009685.1_766;CP009685.1_767;CP009685.1_768;CP009685.1_769;CP009685.1_770	defense	MECH_TYPE_I_E_CRISPR	FALSE	2	DF_CRISPR_I_E_INTERFERENCE_NUCLEASE	type I-E interference nuclease	FALSE
type_i_e_crispr_cas_machinery	FALSE				FALSE					SYS_DF_CAS1_CAS2	FALSE	COMP_DF_CAS1	FALSE	KO:K15342							fixed_annotation_remove_trace_genes_type_i_e_crispr_cas_machinery	type_i_e_crispr_cas_machinery	CP009685.1_3271;CP009685.1_763;CP009685.1_764;CP009685.1_765;CP009685.1_766;CP009685.1_767;CP009685.1_768;CP009685.1_769;CP009685.1_770	defense	MECH_TYPE_I_E_CRISPR	FALSE	3	DF_CRISPR_ADAPTATION	CRISPR spacer acquisition	FALSE
type_i_e_crispr_cas_machinery	FALSE				FALSE					SYS_DF_CAS1_CAS2	FALSE	COMP_DF_CAS2	FALSE	KO:K09951							fixed_annotation_remove_trace_genes_type_i_e_crispr_cas_machinery	type_i_e_crispr_cas_machinery	CP009685.1_3271;CP009685.1_763;CP009685.1_764;CP009685.1_765;CP009685.1_766;CP009685.1_767;CP009685.1_768;CP009685.1_769;CP009685.1_770	defense	MECH_TYPE_I_E_CRISPR	FALSE	3	DF_CRISPR_ADAPTATION	CRISPR spacer acquisition	FALSE
type_i_restriction_modification	FALSE				TRUE					SYS_DF_HSDS	FALSE	COMP_DF_HSDS	FALSE	KO:K01154							fixed_annotation_remove_trace_genes_type_i_restriction_modification	type_i_restriction_modification	CP009685.1_3528;CP009685.1_3529;CP009685.1_3530	defense	MECH_TYPE_I_RM	FALSE	1	DF_TYPE_I_RM_SPECIFICITY	type I restriction-modification target recognition	FALSE
type_i_restriction_modification	FALSE				TRUE					SYS_DF_HSDM	FALSE	COMP_DF_HSDM	FALSE	KO:K03427							fixed_annotation_remove_trace_genes_type_i_restriction_modification	type_i_restriction_modification	CP009685.1_3528;CP009685.1_3529;CP009685.1_3530	defense	MECH_TYPE_I_RM	FALSE	2	DF_TYPE_I_RM_MODIFICATION	type I restriction-modification host protection	FALSE
type_i_restriction_modification	FALSE				TRUE					SYS_DF_HSDR	FALSE	COMP_DF_HSDR	FALSE	KO:K01153							fixed_annotation_remove_trace_genes_type_i_restriction_modification	type_i_restriction_modification	CP009685.1_3528;CP009685.1_3529;CP009685.1_3530	defense	MECH_TYPE_I_RM	FALSE	3	DF_TYPE_I_RM_RESTRICTION	type I restriction-modification DNA cleavage	FALSE
aspartate_biosynthesis	FALSE	ASP_TRANSAMINASE	FALSE	1	TRUE	RHEA:21824	RHEA:21824	reverse	FALSE	SYS_21824_ASPAT	FALSE	COMP_21824_CATALYTIC	FALSE	KO:K00812;KO:K00813;KO:K11358							fixed_annotation_remove_trace_genes_tyrosine_biosynthesis	tyrosine_biosynthesis	CP009685.1_2574;CP009685.1_3825;CP009685.1_4096;CP009685.1_915;CP009685.1_916
isoleucine_biosynthesis	FALSE	ILE_CANONICAL	FALSE	1	TRUE	RHEA:27654	RHEA:27654	forward	TRUE	SYS_27654_ILVBN	TRUE	COMP_27654_CATALYTIC	TRUE	KO:K01652	CP009685.1_3402	KO	K01652	orthology	curated	KEGG orthology and Rhea release 141, verified 2026-08-19	fixed_annotation_remove_trace_genes_tyrosine_biosynthesis	tyrosine_biosynthesis	CP009685.1_2574;CP009685.1_3825;CP009685.1_4096;CP009685.1_915;CP009685.1_916
isoleucine_biosynthesis	FALSE	ILE_CANONICAL	FALSE	1	TRUE	RHEA:27654	RHEA:27654	forward	TRUE	SYS_27654_ILVBN	TRUE	COMP_27654_CATALYTIC	TRUE	KO:K01652	CP009685.1_4190	KO	K01652	orthology	curated	KEGG orthology and Rhea release 141, verified 2026-08-19	fixed_annotation_remove_trace_genes_tyrosine_biosynthesis	tyrosine_biosynthesis	CP009685.1_2574;CP009685.1_3825;CP009685.1_4096;CP009685.1_915;CP009685.1_916
isoleucine_biosynthesis	FALSE	ILE_CANONICAL	FALSE	1	TRUE	RHEA:27654	RHEA:27654	forward	TRUE	SYS_27654_ILVBN	TRUE	COMP_27654_CATALYTIC	TRUE	KO:K01652	CP009685.1_2981	KO	K01652	orthology	curated	KEGG orthology and Rhea release 141, verified 2026-08-19	fixed_annotation_remove_trace_genes_tyrosine_biosynthesis	tyrosine_biosynthesis	CP009685.1_2574;CP009685.1_3825;CP009685.1_4096;CP009685.1_915;CP009685.1_916
isoleucine_biosynthesis	FALSE	ILE_CANONICAL	FALSE	2	TRUE	RHEA:13493	RHEA:13493	reverse	TRUE	SYS_13493_ILVC	TRUE	COMP_13493_CATALYTIC	TRUE	KO:K00053	CP009685.1_4092	KO	K00053	orthology	curated	KEGG orthology and Rhea release 141, verified 2026-08-19	fixed_annotation_remove_trace_genes_tyrosine_biosynthesis	tyrosine_biosynthesis	CP009685.1_2574;CP009685.1_3825;CP009685.1_4096;CP009685.1_915;CP009685.1_916
isoleucine_biosynthesis	FALSE	ILE_CANONICAL	FALSE	3	TRUE	RHEA:27694	RHEA:27694	forward	TRUE	SYS_27694_ILVD	TRUE	COMP_27694_CATALYTIC	TRUE	KO:K01687	CP009685.1_4095	KO	K01687	orthology	curated	KEGG orthology and Rhea release 141, verified 2026-08-19	fixed_annotation_remove_trace_genes_tyrosine_biosynthesis	tyrosine_biosynthesis	CP009685.1_2574;CP009685.1_3825;CP009685.1_4096;CP009685.1_915;CP009685.1_916
isoleucine_biosynthesis	FALSE	ILE_CANONICAL	FALSE	4	TRUE	RHEA:24801	RHEA:24801	reverse	FALSE	SYS_24801_ILVE	FALSE	COMP_24801_CATALYTIC	FALSE	KO:K00826							fixed_annotation_remove_trace_genes_tyrosine_biosynthesis	tyrosine_biosynthesis	CP009685.1_2574;CP009685.1_3825;CP009685.1_4096;CP009685.1_915;CP009685.1_916
leucine_biosynthesis	FALSE	LEU_CANONICAL	FALSE	1	TRUE	RHEA:21524	RHEA:21524	forward	TRUE	SYS_21524_LEUA	TRUE	COMP_21524_CATALYTIC	TRUE	KO:K01649	CP009685.1_3404	KO	K01649	orthology	curated	KEGG orthology and Rhea release 141, verified 2026-08-19	fixed_annotation_remove_trace_genes_tyrosine_biosynthesis	tyrosine_biosynthesis	CP009685.1_2574;CP009685.1_3825;CP009685.1_4096;CP009685.1_915;CP009685.1_916
leucine_biosynthesis	FALSE	LEU_CANONICAL	FALSE	2	TRUE	RHEA:16293	RHEA:16293	reverse	TRUE	SYS_16293_LEUCD	TRUE	COMP_16293_LEUCD_LARGE	TRUE	KO:K01703	CP009685.1_3406	KO	K01703	orthology	curated	KEGG orthology and Rhea release 141, verified 2026-08-19	fixed_annotation_remove_trace_genes_tyrosine_biosynthesis	tyrosine_biosynthesis	CP009685.1_2574;CP009685.1_3825;CP009685.1_4096;CP009685.1_915;CP009685.1_916
leucine_biosynthesis	FALSE	LEU_CANONICAL	FALSE	2	TRUE	RHEA:16293	RHEA:16293	reverse	TRUE	SYS_16293_LEUCD	TRUE	COMP_16293_LEUCD_SMALL	TRUE	KO:K01704	CP009685.1_3407	KO	K01704	orthology	curated	KEGG orthology and Rhea release 141, verified 2026-08-19	fixed_annotation_remove_trace_genes_tyrosine_biosynthesis	tyrosine_biosynthesis	CP009685.1_2574;CP009685.1_3825;CP009685.1_4096;CP009685.1_915;CP009685.1_916
leucine_biosynthesis	FALSE	LEU_CANONICAL	FALSE	3	TRUE	RHEA:10676	RHEA:10676	reverse	TRUE	SYS_10676_LEUCD	TRUE	COMP_10676_LEUCD_LARGE	TRUE	KO:K01703	CP009685.1_3406	KO	K01703	orthology	curated	KEGG orthology and Rhea release 141, verified 2026-08-19	fixed_annotation_remove_trace_genes_tyrosine_biosynthesis	tyrosine_biosynthesis	CP009685.1_2574;CP009685.1_3825;CP009685.1_4096;CP009685.1_915;CP009685.1_916
leucine_biosynthesis	FALSE	LEU_CANONICAL	FALSE	3	TRUE	RHEA:10676	RHEA:10676	reverse	TRUE	SYS_10676_LEUCD	TRUE	COMP_10676_LEUCD_SMALL	TRUE	KO:K01704	CP009685.1_3407	KO	K01704	orthology	curated	KEGG orthology and Rhea release 141, verified 2026-08-19	fixed_annotation_remove_trace_genes_tyrosine_biosynthesis	tyrosine_biosynthesis	CP009685.1_2574;CP009685.1_3825;CP009685.1_4096;CP009685.1_915;CP009685.1_916
leucine_biosynthesis	FALSE	LEU_CANONICAL	FALSE	4	TRUE	RHEA:32271	RHEA:32271	forward	TRUE	SYS_32271_LEUB	TRUE	COMP_32271_CATALYTIC	TRUE	KO:K00052	CP009685.1_3405	KO	K00052	orthology	curated	KEGG orthology and Rhea release 141, verified 2026-08-19	fixed_annotation_remove_trace_genes_tyrosine_biosynthesis	tyrosine_biosynthesis	CP009685.1_2574;CP009685.1_3825;CP009685.1_4096;CP009685.1_915;CP009685.1_916
leucine_biosynthesis	FALSE	LEU_CANONICAL	FALSE	5	TRUE	RHEA:18321	RHEA:18321	reverse	FALSE	SYS_18321_ILVE	FALSE	COMP_18321_CATALYTIC	FALSE	KO:K00826							fixed_annotation_remove_trace_genes_tyrosine_biosynthesis	tyrosine_biosynthesis	CP009685.1_2574;CP009685.1_3825;CP009685.1_4096;CP009685.1_915;CP009685.1_916
phenylalanine_biosynthesis	FALSE	PHE_CANONICAL	FALSE	1	TRUE	RHEA:13897	RHEA:13897	forward	FALSE	SYS_13897_CM	FALSE	COMP_13897_CATALYTIC	FALSE	KO:K04092;KO:K04093;KO:K04516;KO:K06208;KO:K06209;KO:K14170;KO:K14187							fixed_annotation_remove_trace_genes_tyrosine_biosynthesis	tyrosine_biosynthesis	CP009685.1_2574;CP009685.1_3825;CP009685.1_4096;CP009685.1_915;CP009685.1_916
phenylalanine_biosynthesis	FALSE	PHE_CANONICAL	FALSE	2	TRUE	RHEA:21648	RHEA:21648	forward	FALSE	SYS_21648_PDT	FALSE	COMP_21648_CATALYTIC	FALSE	KO:K01713;KO:K04518;KO:K05359;KO:K14170							fixed_annotation_remove_trace_genes_tyrosine_biosynthesis	tyrosine_biosynthesis	CP009685.1_2574;CP009685.1_3825;CP009685.1_4096;CP009685.1_915;CP009685.1_916
phenylalanine_biosynthesis	FALSE	PHE_CANONICAL	FALSE	3	TRUE	RHEA:25152	RHEA:25152	reverse	FALSE	SYS_25152_AROAT	FALSE	COMP_25152_CATALYTIC	FALSE	KO:K00812;KO:K00813;KO:K00826;KO:K00832;KO:K05821;KO:K11358							fixed_annotation_remove_trace_genes_tyrosine_biosynthesis	tyrosine_biosynthesis	CP009685.1_2574;CP009685.1_3825;CP009685.1_4096;CP009685.1_915;CP009685.1_916
tyrosine_biosynthesis	FALSE	TYR_NAD	FALSE	1	TRUE	RHEA:13897	RHEA:13897	forward	FALSE	SYS_13897_CM	FALSE	COMP_13897_CATALYTIC	FALSE	KO:K04092;KO:K04093;KO:K04516;KO:K06208;KO:K06209;KO:K14170;KO:K14187							fixed_annotation_remove_trace_genes_tyrosine_biosynthesis	tyrosine_biosynthesis	CP009685.1_2574;CP009685.1_3825;CP009685.1_4096;CP009685.1_915;CP009685.1_916
tyrosine_biosynthesis	FALSE	TYR_NAD	FALSE	2	TRUE	RHEA:13869	RHEA:13869	forward	FALSE	SYS_13869_PDH	FALSE	COMP_13869_CATALYTIC	FALSE	KO:K04517;KO:K14187							fixed_annotation_remove_trace_genes_tyrosine_biosynthesis	tyrosine_biosynthesis	CP009685.1_2574;CP009685.1_3825;CP009685.1_4096;CP009685.1_915;CP009685.1_916
tyrosine_biosynthesis	FALSE	TYR_NAD	FALSE	3	TRUE	RHEA:15093	RHEA:15093	reverse	FALSE	SYS_15093_AROAT	FALSE	COMP_15093_CATALYTIC	FALSE	KO:K00812;KO:K00813;KO:K00826;KO:K00832;KO:K05821;KO:K11358							fixed_annotation_remove_trace_genes_tyrosine_biosynthesis	tyrosine_biosynthesis	CP009685.1_2574;CP009685.1_3825;CP009685.1_4096;CP009685.1_915;CP009685.1_916
valine_biosynthesis	FALSE	VAL_TRANSAMINATION	FALSE	1	TRUE	RHEA:24813	RHEA:24813	reverse	FALSE	SYS_24813_ILVE	FALSE	COMP_24813_CATALYTIC	FALSE	KO:K00826							fixed_annotation_remove_trace_genes_tyrosine_biosynthesis	tyrosine_biosynthesis	CP009685.1_2574;CP009685.1_3825;CP009685.1_4096;CP009685.1_915;CP009685.1_916
isoleucine_biosynthesis	FALSE	ILE_CANONICAL	FALSE	1	TRUE	RHEA:27654	RHEA:27654	forward	TRUE	SYS_27654_ILVBN	TRUE	COMP_27654_CATALYTIC	TRUE	KO:K01652	CP009685.1_3402	KO	K01652	orthology	curated	KEGG orthology and Rhea release 141, verified 2026-08-19	fixed_annotation_remove_trace_genes_valine_biosynthesis	valine_biosynthesis	CP009685.1_4096
isoleucine_biosynthesis	FALSE	ILE_CANONICAL	FALSE	1	TRUE	RHEA:27654	RHEA:27654	forward	TRUE	SYS_27654_ILVBN	TRUE	COMP_27654_CATALYTIC	TRUE	KO:K01652	CP009685.1_4190	KO	K01652	orthology	curated	KEGG orthology and Rhea release 141, verified 2026-08-19	fixed_annotation_remove_trace_genes_valine_biosynthesis	valine_biosynthesis	CP009685.1_4096
isoleucine_biosynthesis	FALSE	ILE_CANONICAL	FALSE	1	TRUE	RHEA:27654	RHEA:27654	forward	TRUE	SYS_27654_ILVBN	TRUE	COMP_27654_CATALYTIC	TRUE	KO:K01652	CP009685.1_2981	KO	K01652	orthology	curated	KEGG orthology and Rhea release 141, verified 2026-08-19	fixed_annotation_remove_trace_genes_valine_biosynthesis	valine_biosynthesis	CP009685.1_4096
isoleucine_biosynthesis	FALSE	ILE_CANONICAL	FALSE	2	TRUE	RHEA:13493	RHEA:13493	reverse	TRUE	SYS_13493_ILVC	TRUE	COMP_13493_CATALYTIC	TRUE	KO:K00053	CP009685.1_4092	KO	K00053	orthology	curated	KEGG orthology and Rhea release 141, verified 2026-08-19	fixed_annotation_remove_trace_genes_valine_biosynthesis	valine_biosynthesis	CP009685.1_4096
isoleucine_biosynthesis	FALSE	ILE_CANONICAL	FALSE	3	TRUE	RHEA:27694	RHEA:27694	forward	TRUE	SYS_27694_ILVD	TRUE	COMP_27694_CATALYTIC	TRUE	KO:K01687	CP009685.1_4095	KO	K01687	orthology	curated	KEGG orthology and Rhea release 141, verified 2026-08-19	fixed_annotation_remove_trace_genes_valine_biosynthesis	valine_biosynthesis	CP009685.1_4096
isoleucine_biosynthesis	FALSE	ILE_CANONICAL	FALSE	4	TRUE	RHEA:24801	RHEA:24801	reverse	FALSE	SYS_24801_ILVE	FALSE	COMP_24801_CATALYTIC	FALSE	KO:K00826							fixed_annotation_remove_trace_genes_valine_biosynthesis	valine_biosynthesis	CP009685.1_4096
leucine_biosynthesis	FALSE	LEU_CANONICAL	FALSE	1	TRUE	RHEA:21524	RHEA:21524	forward	TRUE	SYS_21524_LEUA	TRUE	COMP_21524_CATALYTIC	TRUE	KO:K01649	CP009685.1_3404	KO	K01649	orthology	curated	KEGG orthology and Rhea release 141, verified 2026-08-19	fixed_annotation_remove_trace_genes_valine_biosynthesis	valine_biosynthesis	CP009685.1_4096
leucine_biosynthesis	FALSE	LEU_CANONICAL	FALSE	2	TRUE	RHEA:16293	RHEA:16293	reverse	TRUE	SYS_16293_LEUCD	TRUE	COMP_16293_LEUCD_LARGE	TRUE	KO:K01703	CP009685.1_3406	KO	K01703	orthology	curated	KEGG orthology and Rhea release 141, verified 2026-08-19	fixed_annotation_remove_trace_genes_valine_biosynthesis	valine_biosynthesis	CP009685.1_4096
leucine_biosynthesis	FALSE	LEU_CANONICAL	FALSE	2	TRUE	RHEA:16293	RHEA:16293	reverse	TRUE	SYS_16293_LEUCD	TRUE	COMP_16293_LEUCD_SMALL	TRUE	KO:K01704	CP009685.1_3407	KO	K01704	orthology	curated	KEGG orthology and Rhea release 141, verified 2026-08-19	fixed_annotation_remove_trace_genes_valine_biosynthesis	valine_biosynthesis	CP009685.1_4096
leucine_biosynthesis	FALSE	LEU_CANONICAL	FALSE	3	TRUE	RHEA:10676	RHEA:10676	reverse	TRUE	SYS_10676_LEUCD	TRUE	COMP_10676_LEUCD_LARGE	TRUE	KO:K01703	CP009685.1_3406	KO	K01703	orthology	curated	KEGG orthology and Rhea release 141, verified 2026-08-19	fixed_annotation_remove_trace_genes_valine_biosynthesis	valine_biosynthesis	CP009685.1_4096
leucine_biosynthesis	FALSE	LEU_CANONICAL	FALSE	3	TRUE	RHEA:10676	RHEA:10676	reverse	TRUE	SYS_10676_LEUCD	TRUE	COMP_10676_LEUCD_SMALL	TRUE	KO:K01704	CP009685.1_3407	KO	K01704	orthology	curated	KEGG orthology and Rhea release 141, verified 2026-08-19	fixed_annotation_remove_trace_genes_valine_biosynthesis	valine_biosynthesis	CP009685.1_4096
leucine_biosynthesis	FALSE	LEU_CANONICAL	FALSE	4	TRUE	RHEA:32271	RHEA:32271	forward	TRUE	SYS_32271_LEUB	TRUE	COMP_32271_CATALYTIC	TRUE	KO:K00052	CP009685.1_3405	KO	K00052	orthology	curated	KEGG orthology and Rhea release 141, verified 2026-08-19	fixed_annotation_remove_trace_genes_valine_biosynthesis	valine_biosynthesis	CP009685.1_4096
leucine_biosynthesis	FALSE	LEU_CANONICAL	FALSE	5	TRUE	RHEA:18321	RHEA:18321	reverse	FALSE	SYS_18321_ILVE	FALSE	COMP_18321_CATALYTIC	FALSE	KO:K00826							fixed_annotation_remove_trace_genes_valine_biosynthesis	valine_biosynthesis	CP009685.1_4096
valine_biosynthesis	FALSE	VAL_TRANSAMINATION	FALSE	1	TRUE	RHEA:24813	RHEA:24813	reverse	FALSE	SYS_24813_ILVE	FALSE	COMP_24813_CATALYTIC	FALSE	KO:K00826							fixed_annotation_remove_trace_genes_valine_biosynthesis	valine_biosynthesis	CP009685.1_4096
arabinoxylan_debranching	FALSE	AX_DEBRANCH	FALSE	1	TRUE	RXN_ARABINOXYLAN_ARAF_RELEASE		forward	FALSE	SYS_ARAF	FALSE	COMP_ARAF	FALSE	CAZY:GH2;CAZY:GH3;CAZY:GH43;CAZY:GH43_e0;CAZY:GH43_e118;CAZY:GH43_e124;CAZY:GH43_e159;CAZY:GH43_e173;CAZY:GH43_e188;CAZY:GH43_e194;CAZY:GH43_e2;CAZY:GH43_e239;CAZY:GH43_e259;CAZY:GH43_e261;CAZY:GH43_e264;CAZY:GH43_e311;CAZY:GH43_e327;CAZY:GH43_e398;CAZY:GH43_e429;CAZY:GH43_e52;CAZY:GH43_e532;CAZY:GH43_e59;CAZY:GH43_e67;CAZY:GH43_e79;CAZY:GH43_e84;CAZY:GH5;CAZY:GH51;CAZY:GH51_e0;CAZY:GH51_e1;CAZY:GH51_e19;CAZY:GH51_e26;CAZY:GH51_e31;CAZY:GH51_e34;CAZY:GH51_e35;CAZY:GH51_e36;CAZY:GH51_e4;CAZY:GH51_e47;CAZY:GH51_e51;CAZY:GH51_e65;CAZY:GH54;CAZY:GH54_e0;CAZY:GH62;CAZY:GH62_e0;CAZY:GH62_e1;CAZY:GH62_e9;KO:K01209;KO:K15921;KO:K20844							fixed_annotation_remove_trace_genes_xylan_degradation	xylan_degradation	CP009685.1_12;CP009685.1_1358;CP009685.1_1379;CP009685.1_1884;CP009685.1_1921;CP009685.1_2400;CP009685.1_2479;CP009685.1_2902;CP009685.1_3128;CP009685.1_3139;CP009685.1_3210;CP009685.1_3352;CP009685.1_4138;CP009685.1_4140;CP009685.1_460;CP009685.1_626;CP009685.1_810
chitin_degradation	FALSE	CHITIN_SACCHARIFICATION	FALSE	1	TRUE	RXN_CHITIN_ENDO		forward	TRUE	SYS_CHITINASE	TRUE	COMP_CHITINASE	TRUE	CAZY:GH18;CAZY:GH18_e1;CAZY:GH18_e104;CAZY:GH18_e111;CAZY:GH18_e121;CAZY:GH18_e14;CAZY:GH18_e147;CAZY:GH18_e148;CAZY:GH18_e151;CAZY:GH18_e154;CAZY:GH18_e164;CAZY:GH18_e175;CAZY:GH18_e177;CAZY:GH18_e184;CAZY:GH18_e187;CAZY:GH18_e19;CAZY:GH18_e193;CAZY:GH18_e196;CAZY:GH18_e2;CAZY:GH18_e20;CAZY:GH18_e211;CAZY:GH18_e224;CAZY:GH18_e231;CAZY:GH18_e236;CAZY:GH18_e253;CAZY:GH18_e258;CAZY:GH18_e26;CAZY:GH18_e260;CAZY:GH18_e263;CAZY:GH18_e272;CAZY:GH18_e285;CAZY:GH18_e287;CAZY:GH18_e3;CAZY:GH18_e325;CAZY:GH18_e327;CAZY:GH18_e334;CAZY:GH18_e338;CAZY:GH18_e342;CAZY:GH18_e347;CAZY:GH18_e348;CAZY:GH18_e354;CAZY:GH18_e373;CAZY:GH18_e392;CAZY:GH18_e4;CAZY:GH18_e401;CAZY:GH18_e428;CAZY:GH18_e431;CAZY:GH18_e521;CAZY:GH18_e66;CAZY:GH18_e672;CAZY:GH18_e69;CAZY:GH18_e72;CAZY:GH18_e77;CAZY:GH18_e80;CAZY:GH18_e81;CAZY:GH18_e83;CAZY:GH18_e830;CAZY:GH18_e834;CAZY:GH18_e91;CAZY:GH18_e95;CAZY:GH19;CAZY:GH19_e1;CAZY:GH19_e113;CAZY:GH19_e143;CAZY:GH19_e169;CAZY:GH19_e18;CAZY:GH19_e27;CAZY:GH19_e5;CAZY:GH19_e81;KO:K01183;KO:K13381	CP009685.1_208	KO	K13381	orthology	curated	KEGG orthology, verified 2026-08-21	fixed_annotation_remove_trace_genes_xylan_degradation	xylan_degradation	CP009685.1_12;CP009685.1_1358;CP009685.1_1379;CP009685.1_1884;CP009685.1_1921;CP009685.1_2400;CP009685.1_2479;CP009685.1_2902;CP009685.1_3128;CP009685.1_3139;CP009685.1_3210;CP009685.1_3352;CP009685.1_4138;CP009685.1_4140;CP009685.1_460;CP009685.1_626;CP009685.1_810
chitin_degradation	FALSE	CHITIN_SACCHARIFICATION	FALSE	1	TRUE	RXN_CHITIN_ENDO		forward	TRUE	SYS_CHITINASE	TRUE	COMP_CHITINASE	TRUE	CAZY:GH18;CAZY:GH18_e1;CAZY:GH18_e104;CAZY:GH18_e111;CAZY:GH18_e121;CAZY:GH18_e14;CAZY:GH18_e147;CAZY:GH18_e148;CAZY:GH18_e151;CAZY:GH18_e154;CAZY:GH18_e164;CAZY:GH18_e175;CAZY:GH18_e177;CAZY:GH18_e184;CAZY:GH18_e187;CAZY:GH18_e19;CAZY:GH18_e193;CAZY:GH18_e196;CAZY:GH18_e2;CAZY:GH18_e20;CAZY:GH18_e211;CAZY:GH18_e224;CAZY:GH18_e231;CAZY:GH18_e236;CAZY:GH18_e253;CAZY:GH18_e258;CAZY:GH18_e26;CAZY:GH18_e260;CAZY:GH18_e263;CAZY:GH18_e272;CAZY:GH18_e285;CAZY:GH18_e287;CAZY:GH18_e3;CAZY:GH18_e325;CAZY:GH18_e327;CAZY:GH18_e334;CAZY:GH18_e338;CAZY:GH18_e342;CAZY:GH18_e347;CAZY:GH18_e348;CAZY:GH18_e354;CAZY:GH18_e373;CAZY:GH18_e392;CAZY:GH18_e4;CAZY:GH18_e401;CAZY:GH18_e428;CAZY:GH18_e431;CAZY:GH18_e521;CAZY:GH18_e66;CAZY:GH18_e672;CAZY:GH18_e69;CAZY:GH18_e72;CAZY:GH18_e77;CAZY:GH18_e80;CAZY:GH18_e81;CAZY:GH18_e83;CAZY:GH18_e830;CAZY:GH18_e834;CAZY:GH18_e91;CAZY:GH18_e95;CAZY:GH19;CAZY:GH19_e1;CAZY:GH19_e113;CAZY:GH19_e143;CAZY:GH19_e169;CAZY:GH19_e18;CAZY:GH19_e27;CAZY:GH19_e5;CAZY:GH19_e81;KO:K01183;KO:K13381	CP009685.1_208	CAZY	GH18_e77	sequence_family	high-confidence	CAZy via dbCAN db_v5-2-9_5-5-2026, retrieved 2026-08-18	fixed_annotation_remove_trace_genes_xylan_degradation	xylan_degradation	CP009685.1_12;CP009685.1_1358;CP009685.1_1379;CP009685.1_1884;CP009685.1_1921;CP009685.1_2400;CP009685.1_2479;CP009685.1_2902;CP009685.1_3128;CP009685.1_3139;CP009685.1_3210;CP009685.1_3352;CP009685.1_4138;CP009685.1_4140;CP009685.1_460;CP009685.1_626;CP009685.1_810
chitin_degradation	FALSE	CHITIN_SACCHARIFICATION	FALSE	1	TRUE	RXN_CHITIN_ENDO		forward	TRUE	SYS_CHITINASE	TRUE	COMP_CHITINASE	TRUE	CAZY:GH18;CAZY:GH18_e1;CAZY:GH18_e104;CAZY:GH18_e111;CAZY:GH18_e121;CAZY:GH18_e14;CAZY:GH18_e147;CAZY:GH18_e148;CAZY:GH18_e151;CAZY:GH18_e154;CAZY:GH18_e164;CAZY:GH18_e175;CAZY:GH18_e177;CAZY:GH18_e184;CAZY:GH18_e187;CAZY:GH18_e19;CAZY:GH18_e193;CAZY:GH18_e196;CAZY:GH18_e2;CAZY:GH18_e20;CAZY:GH18_e211;CAZY:GH18_e224;CAZY:GH18_e231;CAZY:GH18_e236;CAZY:GH18_e253;CAZY:GH18_e258;CAZY:GH18_e26;CAZY:GH18_e260;CAZY:GH18_e263;CAZY:GH18_e272;CAZY:GH18_e285;CAZY:GH18_e287;CAZY:GH18_e3;CAZY:GH18_e325;CAZY:GH18_e327;CAZY:GH18_e334;CAZY:GH18_e338;CAZY:GH18_e342;CAZY:GH18_e347;CAZY:GH18_e348;CAZY:GH18_e354;CAZY:GH18_e373;CAZY:GH18_e392;CAZY:GH18_e4;CAZY:GH18_e401;CAZY:GH18_e428;CAZY:GH18_e431;CAZY:GH18_e521;CAZY:GH18_e66;CAZY:GH18_e672;CAZY:GH18_e69;CAZY:GH18_e72;CAZY:GH18_e77;CAZY:GH18_e80;CAZY:GH18_e81;CAZY:GH18_e83;CAZY:GH18_e830;CAZY:GH18_e834;CAZY:GH18_e91;CAZY:GH18_e95;CAZY:GH19;CAZY:GH19_e1;CAZY:GH19_e113;CAZY:GH19_e143;CAZY:GH19_e169;CAZY:GH19_e18;CAZY:GH19_e27;CAZY:GH19_e5;CAZY:GH19_e81;KO:K01183;KO:K13381	CP009685.1_208	CAZY	GH18_e177	sequence_family	high-confidence	CAZy via dbCAN db_v5-2-9_5-5-2026, retrieved 2026-08-18	fixed_annotation_remove_trace_genes_xylan_degradation	xylan_degradation	CP009685.1_12;CP009685.1_1358;CP009685.1_1379;CP009685.1_1884;CP009685.1_1921;CP009685.1_2400;CP009685.1_2479;CP009685.1_2902;CP009685.1_3128;CP009685.1_3139;CP009685.1_3210;CP009685.1_3352;CP009685.1_4138;CP009685.1_4140;CP009685.1_460;CP009685.1_626;CP009685.1_810
chitin_degradation	FALSE	CHITIN_SACCHARIFICATION	FALSE	1	TRUE	RXN_CHITIN_ENDO		forward	TRUE	SYS_CHITINASE	TRUE	COMP_CHITINASE	TRUE	CAZY:GH18;CAZY:GH18_e1;CAZY:GH18_e104;CAZY:GH18_e111;CAZY:GH18_e121;CAZY:GH18_e14;CAZY:GH18_e147;CAZY:GH18_e148;CAZY:GH18_e151;CAZY:GH18_e154;CAZY:GH18_e164;CAZY:GH18_e175;CAZY:GH18_e177;CAZY:GH18_e184;CAZY:GH18_e187;CAZY:GH18_e19;CAZY:GH18_e193;CAZY:GH18_e196;CAZY:GH18_e2;CAZY:GH18_e20;CAZY:GH18_e211;CAZY:GH18_e224;CAZY:GH18_e231;CAZY:GH18_e236;CAZY:GH18_e253;CAZY:GH18_e258;CAZY:GH18_e26;CAZY:GH18_e260;CAZY:GH18_e263;CAZY:GH18_e272;CAZY:GH18_e285;CAZY:GH18_e287;CAZY:GH18_e3;CAZY:GH18_e325;CAZY:GH18_e327;CAZY:GH18_e334;CAZY:GH18_e338;CAZY:GH18_e342;CAZY:GH18_e347;CAZY:GH18_e348;CAZY:GH18_e354;CAZY:GH18_e373;CAZY:GH18_e392;CAZY:GH18_e4;CAZY:GH18_e401;CAZY:GH18_e428;CAZY:GH18_e431;CAZY:GH18_e521;CAZY:GH18_e66;CAZY:GH18_e672;CAZY:GH18_e69;CAZY:GH18_e72;CAZY:GH18_e77;CAZY:GH18_e80;CAZY:GH18_e81;CAZY:GH18_e83;CAZY:GH18_e830;CAZY:GH18_e834;CAZY:GH18_e91;CAZY:GH18_e95;CAZY:GH19;CAZY:GH19_e1;CAZY:GH19_e113;CAZY:GH19_e143;CAZY:GH19_e169;CAZY:GH19_e18;CAZY:GH19_e27;CAZY:GH19_e5;CAZY:GH19_e81;KO:K01183;KO:K13381	CP009685.1_208	CAZY	GH18_e193	sequence_family	curated	CAZy via dbCAN db_v5-2-9_5-5-2026, retrieved 2026-08-18	fixed_annotation_remove_trace_genes_xylan_degradation	xylan_degradation	CP009685.1_12;CP009685.1_1358;CP009685.1_1379;CP009685.1_1884;CP009685.1_1921;CP009685.1_2400;CP009685.1_2479;CP009685.1_2902;CP009685.1_3128;CP009685.1_3139;CP009685.1_3210;CP009685.1_3352;CP009685.1_4138;CP009685.1_4140;CP009685.1_460;CP009685.1_626;CP009685.1_810
chitin_degradation	FALSE	CHITIN_SACCHARIFICATION	FALSE	1	TRUE	RXN_CHITIN_ENDO		forward	TRUE	SYS_CHITINASE	TRUE	COMP_CHITINASE	TRUE	CAZY:GH18;CAZY:GH18_e1;CAZY:GH18_e104;CAZY:GH18_e111;CAZY:GH18_e121;CAZY:GH18_e14;CAZY:GH18_e147;CAZY:GH18_e148;CAZY:GH18_e151;CAZY:GH18_e154;CAZY:GH18_e164;CAZY:GH18_e175;CAZY:GH18_e177;CAZY:GH18_e184;CAZY:GH18_e187;CAZY:GH18_e19;CAZY:GH18_e193;CAZY:GH18_e196;CAZY:GH18_e2;CAZY:GH18_e20;CAZY:GH18_e211;CAZY:GH18_e224;CAZY:GH18_e231;CAZY:GH18_e236;CAZY:GH18_e253;CAZY:GH18_e258;CAZY:GH18_e26;CAZY:GH18_e260;CAZY:GH18_e263;CAZY:GH18_e272;CAZY:GH18_e285;CAZY:GH18_e287;CAZY:GH18_e3;CAZY:GH18_e325;CAZY:GH18_e327;CAZY:GH18_e334;CAZY:GH18_e338;CAZY:GH18_e342;CAZY:GH18_e347;CAZY:GH18_e348;CAZY:GH18_e354;CAZY:GH18_e373;CAZY:GH18_e392;CAZY:GH18_e4;CAZY:GH18_e401;CAZY:GH18_e428;CAZY:GH18_e431;CAZY:GH18_e521;CAZY:GH18_e66;CAZY:GH18_e672;CAZY:GH18_e69;CAZY:GH18_e72;CAZY:GH18_e77;CAZY:GH18_e80;CAZY:GH18_e81;CAZY:GH18_e83;CAZY:GH18_e830;CAZY:GH18_e834;CAZY:GH18_e91;CAZY:GH18_e95;CAZY:GH19;CAZY:GH19_e1;CAZY:GH19_e113;CAZY:GH19_e143;CAZY:GH19_e169;CAZY:GH19_e18;CAZY:GH19_e27;CAZY:GH19_e5;CAZY:GH19_e81;KO:K01183;KO:K13381	CP009685.1_208	CAZY	GH18_e196	sequence_family	ambiguous	CAZy via dbCAN db_v5-2-9_5-5-2026, retrieved 2026-08-18	fixed_annotation_remove_trace_genes_xylan_degradation	xylan_degradation	CP009685.1_12;CP009685.1_1358;CP009685.1_1379;CP009685.1_1884;CP009685.1_1921;CP009685.1_2400;CP009685.1_2479;CP009685.1_2902;CP009685.1_3128;CP009685.1_3139;CP009685.1_3210;CP009685.1_3352;CP009685.1_4138;CP009685.1_4140;CP009685.1_460;CP009685.1_626;CP009685.1_810
chitin_degradation	FALSE	CHITIN_SACCHARIFICATION	FALSE	1	TRUE	RXN_CHITIN_ENDO		forward	TRUE	SYS_CHITINASE	TRUE	COMP_CHITINASE	TRUE	CAZY:GH18;CAZY:GH18_e1;CAZY:GH18_e104;CAZY:GH18_e111;CAZY:GH18_e121;CAZY:GH18_e14;CAZY:GH18_e147;CAZY:GH18_e148;CAZY:GH18_e151;CAZY:GH18_e154;CAZY:GH18_e164;CAZY:GH18_e175;CAZY:GH18_e177;CAZY:GH18_e184;CAZY:GH18_e187;CAZY:GH18_e19;CAZY:GH18_e193;CAZY:GH18_e196;CAZY:GH18_e2;CAZY:GH18_e20;CAZY:GH18_e211;CAZY:GH18_e224;CAZY:GH18_e231;CAZY:GH18_e236;CAZY:GH18_e253;CAZY:GH18_e258;CAZY:GH18_e26;CAZY:GH18_e260;CAZY:GH18_e263;CAZY:GH18_e272;CAZY:GH18_e285;CAZY:GH18_e287;CAZY:GH18_e3;CAZY:GH18_e325;CAZY:GH18_e327;CAZY:GH18_e334;CAZY:GH18_e338;CAZY:GH18_e342;CAZY:GH18_e347;CAZY:GH18_e348;CAZY:GH18_e354;CAZY:GH18_e373;CAZY:GH18_e392;CAZY:GH18_e4;CAZY:GH18_e401;CAZY:GH18_e428;CAZY:GH18_e431;CAZY:GH18_e521;CAZY:GH18_e66;CAZY:GH18_e672;CAZY:GH18_e69;CAZY:GH18_e72;CAZY:GH18_e77;CAZY:GH18_e80;CAZY:GH18_e81;CAZY:GH18_e83;CAZY:GH18_e830;CAZY:GH18_e834;CAZY:GH18_e91;CAZY:GH18_e95;CAZY:GH19;CAZY:GH19_e1;CAZY:GH19_e113;CAZY:GH19_e143;CAZY:GH19_e169;CAZY:GH19_e18;CAZY:GH19_e27;CAZY:GH19_e5;CAZY:GH19_e81;KO:K01183;KO:K13381	CP009685.1_208	CAZY	GH18_e342	sequence_family	high-confidence	CAZy via dbCAN db_v5-2-9_5-5-2026, retrieved 2026-08-18	fixed_annotation_remove_trace_genes_xylan_degradation	xylan_degradation	CP009685.1_12;CP009685.1_1358;CP009685.1_1379;CP009685.1_1884;CP009685.1_1921;CP009685.1_2400;CP009685.1_2479;CP009685.1_2902;CP009685.1_3128;CP009685.1_3139;CP009685.1_3210;CP009685.1_3352;CP009685.1_4138;CP009685.1_4140;CP009685.1_460;CP009685.1_626;CP009685.1_810
chitin_degradation	FALSE	CHITIN_SACCHARIFICATION	FALSE	1	TRUE	RXN_CHITIN_ENDO		forward	TRUE	SYS_CHITINASE	TRUE	COMP_CHITINASE	TRUE	CAZY:GH18;CAZY:GH18_e1;CAZY:GH18_e104;CAZY:GH18_e111;CAZY:GH18_e121;CAZY:GH18_e14;CAZY:GH18_e147;CAZY:GH18_e148;CAZY:GH18_e151;CAZY:GH18_e154;CAZY:GH18_e164;CAZY:GH18_e175;CAZY:GH18_e177;CAZY:GH18_e184;CAZY:GH18_e187;CAZY:GH18_e19;CAZY:GH18_e193;CAZY:GH18_e196;CAZY:GH18_e2;CAZY:GH18_e20;CAZY:GH18_e211;CAZY:GH18_e224;CAZY:GH18_e231;CAZY:GH18_e236;CAZY:GH18_e253;CAZY:GH18_e258;CAZY:GH18_e26;CAZY:GH18_e260;CAZY:GH18_e263;CAZY:GH18_e272;CAZY:GH18_e285;CAZY:GH18_e287;CAZY:GH18_e3;CAZY:GH18_e325;CAZY:GH18_e327;CAZY:GH18_e334;CAZY:GH18_e338;CAZY:GH18_e342;CAZY:GH18_e347;CAZY:GH18_e348;CAZY:GH18_e354;CAZY:GH18_e373;CAZY:GH18_e392;CAZY:GH18_e4;CAZY:GH18_e401;CAZY:GH18_e428;CAZY:GH18_e431;CAZY:GH18_e521;CAZY:GH18_e66;CAZY:GH18_e672;CAZY:GH18_e69;CAZY:GH18_e72;CAZY:GH18_e77;CAZY:GH18_e80;CAZY:GH18_e81;CAZY:GH18_e83;CAZY:GH18_e830;CAZY:GH18_e834;CAZY:GH18_e91;CAZY:GH18_e95;CAZY:GH19;CAZY:GH19_e1;CAZY:GH19_e113;CAZY:GH19_e143;CAZY:GH19_e169;CAZY:GH19_e18;CAZY:GH19_e27;CAZY:GH19_e5;CAZY:GH19_e81;KO:K01183;KO:K13381	CP009685.1_208	CAZY	GH18_e392	sequence_family	high-confidence	CAZy via dbCAN db_v5-2-9_5-5-2026, retrieved 2026-08-18	fixed_annotation_remove_trace_genes_xylan_degradation	xylan_degradation	CP009685.1_12;CP009685.1_1358;CP009685.1_1379;CP009685.1_1884;CP009685.1_1921;CP009685.1_2400;CP009685.1_2479;CP009685.1_2902;CP009685.1_3128;CP009685.1_3139;CP009685.1_3210;CP009685.1_3352;CP009685.1_4138;CP009685.1_4140;CP009685.1_460;CP009685.1_626;CP009685.1_810
chitin_degradation	FALSE	CHITIN_SACCHARIFICATION	FALSE	1	TRUE	RXN_CHITIN_ENDO		forward	TRUE	SYS_CHITINASE	TRUE	COMP_CHITINASE	TRUE	CAZY:GH18;CAZY:GH18_e1;CAZY:GH18_e104;CAZY:GH18_e111;CAZY:GH18_e121;CAZY:GH18_e14;CAZY:GH18_e147;CAZY:GH18_e148;CAZY:GH18_e151;CAZY:GH18_e154;CAZY:GH18_e164;CAZY:GH18_e175;CAZY:GH18_e177;CAZY:GH18_e184;CAZY:GH18_e187;CAZY:GH18_e19;CAZY:GH18_e193;CAZY:GH18_e196;CAZY:GH18_e2;CAZY:GH18_e20;CAZY:GH18_e211;CAZY:GH18_e224;CAZY:GH18_e231;CAZY:GH18_e236;CAZY:GH18_e253;CAZY:GH18_e258;CAZY:GH18_e26;CAZY:GH18_e260;CAZY:GH18_e263;CAZY:GH18_e272;CAZY:GH18_e285;CAZY:GH18_e287;CAZY:GH18_e3;CAZY:GH18_e325;CAZY:GH18_e327;CAZY:GH18_e334;CAZY:GH18_e338;CAZY:GH18_e342;CAZY:GH18_e347;CAZY:GH18_e348;CAZY:GH18_e354;CAZY:GH18_e373;CAZY:GH18_e392;CAZY:GH18_e4;CAZY:GH18_e401;CAZY:GH18_e428;CAZY:GH18_e431;CAZY:GH18_e521;CAZY:GH18_e66;CAZY:GH18_e672;CAZY:GH18_e69;CAZY:GH18_e72;CAZY:GH18_e77;CAZY:GH18_e80;CAZY:GH18_e81;CAZY:GH18_e83;CAZY:GH18_e830;CAZY:GH18_e834;CAZY:GH18_e91;CAZY:GH18_e95;CAZY:GH19;CAZY:GH19_e1;CAZY:GH19_e113;CAZY:GH19_e143;CAZY:GH19_e169;CAZY:GH19_e18;CAZY:GH19_e27;CAZY:GH19_e5;CAZY:GH19_e81;KO:K01183;KO:K13381	CP009685.1_208	CAZY	GH18_e672	sequence_family	high-confidence	CAZy via dbCAN db_v5-2-9_5-5-2026, retrieved 2026-08-18	fixed_annotation_remove_trace_genes_xylan_degradation	xylan_degradation	CP009685.1_12;CP009685.1_1358;CP009685.1_1379;CP009685.1_1884;CP009685.1_1921;CP009685.1_2400;CP009685.1_2479;CP009685.1_2902;CP009685.1_3128;CP009685.1_3139;CP009685.1_3210;CP009685.1_3352;CP009685.1_4138;CP009685.1_4140;CP009685.1_460;CP009685.1_626;CP009685.1_810
chitin_degradation	FALSE	CHITIN_SACCHARIFICATION	FALSE	2	TRUE	RXN_CHITOBIOSE_EXO		forward	FALSE	SYS_CHITOBIASE	FALSE	COMP_CHITOBIASE	FALSE	CAZY:GH20;CAZY:GH20_e0;CAZY:GH20_e1;CAZY:GH20_e10;CAZY:GH20_e105;CAZY:GH20_e107;CAZY:GH20_e114;CAZY:GH20_e12;CAZY:GH20_e13;CAZY:GH20_e132;CAZY:GH20_e137;CAZY:GH20_e143;CAZY:GH20_e146;CAZY:GH20_e167;CAZY:GH20_e18;CAZY:GH20_e182;CAZY:GH20_e214;CAZY:GH20_e22;CAZY:GH20_e35;CAZY:GH20_e45;CAZY:GH20_e49;CAZY:GH20_e51;CAZY:GH20_e57;CAZY:GH20_e61;CAZY:GH20_e70;CAZY:GH20_e71;CAZY:GH20_e74;CAZY:GH20_e77;CAZY:GH20_e80;CAZY:GH20_e93;CAZY:GH20_e95;CAZY:GH20_e97;KO:K01207							fixed_annotation_remove_trace_genes_xylan_degradation	xylan_degradation	CP009685.1_12;CP009685.1_1358;CP009685.1_1379;CP009685.1_1884;CP009685.1_1921;CP009685.1_2400;CP009685.1_2479;CP009685.1_2902;CP009685.1_3128;CP009685.1_3139;CP009685.1_3210;CP009685.1_3352;CP009685.1_4138;CP009685.1_4140;CP009685.1_460;CP009685.1_626;CP009685.1_810
chitin_degradation	FALSE	CHITIN_SACCHARIFICATION	FALSE	3	FALSE	RXN_CHITIN_LPMO		forward	FALSE	SYS_CHITIN_LPMO	FALSE	COMP_CHITIN_LPMO	FALSE	CAZY:AA10;CAZY:AA10_e1;CAZY:AA10_e12;CAZY:AA10_e44;CAZY:AA10_e49;CAZY:AA10_e58;CAZY:AA10_e66							fixed_annotation_remove_trace_genes_xylan_degradation	xylan_degradation	CP009685.1_12;CP009685.1_1358;CP009685.1_1379;CP009685.1_1884;CP009685.1_1921;CP009685.1_2400;CP009685.1_2479;CP009685.1_2902;CP009685.1_3128;CP009685.1_3139;CP009685.1_3210;CP009685.1_3352;CP009685.1_4138;CP009685.1_4140;CP009685.1_460;CP009685.1_626;CP009685.1_810
xylan_degradation	FALSE	XYLAN_SACCHARIFICATION	FALSE	1	TRUE	RXN_XYLAN_ENDO_1_4		forward	FALSE	SYS_XYLANASE	FALSE	COMP_XYLANASE	FALSE	CAZY:GH10;CAZY:GH10_e0;CAZY:GH10_e10;CAZY:GH10_e101;CAZY:GH10_e103;CAZY:GH10_e105;CAZY:GH10_e109;CAZY:GH10_e112;CAZY:GH10_e118;CAZY:GH10_e12;CAZY:GH10_e130;CAZY:GH10_e134;CAZY:GH10_e135;CAZY:GH10_e137;CAZY:GH10_e141;CAZY:GH10_e143;CAZY:GH10_e144;CAZY:GH10_e148;CAZY:GH10_e170;CAZY:GH10_e188;CAZY:GH10_e19;CAZY:GH10_e191;CAZY:GH10_e20;CAZY:GH10_e204;CAZY:GH10_e21;CAZY:GH10_e225;CAZY:GH10_e25;CAZY:GH10_e250;CAZY:GH10_e3;CAZY:GH10_e30;CAZY:GH10_e38;CAZY:GH10_e40;CAZY:GH10_e43;CAZY:GH10_e5;CAZY:GH10_e50;CAZY:GH10_e52;CAZY:GH10_e53;CAZY:GH10_e58;CAZY:GH10_e6;CAZY:GH10_e60;CAZY:GH10_e64;CAZY:GH10_e67;CAZY:GH10_e75;CAZY:GH10_e77;CAZY:GH10_e78;CAZY:GH10_e8;CAZY:GH10_e83;CAZY:GH10_e85;CAZY:GH10_e88;CAZY:GH10_e90;CAZY:GH10_e96;CAZY:GH10_e97;CAZY:GH10_e98;CAZY:GH11;CAZY:GH11_e0;CAZY:GH11_e10;CAZY:GH11_e11;CAZY:GH11_e13;CAZY:GH11_e14;CAZY:GH11_e15;CAZY:GH11_e16;CAZY:GH11_e17;CAZY:GH11_e2;CAZY:GH11_e20;CAZY:GH11_e22;CAZY:GH11_e23;CAZY:GH11_e24;CAZY:GH11_e39;CAZY:GH11_e42;CAZY:GH11_e5;CAZY:GH11_e7;CAZY:GH11_e8;CAZY:GH141;CAZY:GH30;CAZY:GH30_e138;CAZY:GH30_e145;CAZY:GH30_e78;CAZY:GH43;CAZY:GH44;CAZY:GH5;CAZY:GH5_e130;CAZY:GH5_e243;CAZY:GH5_e319;CAZY:GH51;CAZY:GH8;CAZY:GH8_e19;CAZY:GH8_e37;CAZY:GH8_e9;CAZY:GH9;CAZY:GH98;CAZY:GH98_e0;KO:K01181							fixed_annotation_remove_trace_genes_xylan_degradation	xylan_degradation	CP009685.1_12;CP009685.1_1358;CP009685.1_1379;CP009685.1_1884;CP009685.1_1921;CP009685.1_2400;CP009685.1_2479;CP009685.1_2902;CP009685.1_3128;CP009685.1_3139;CP009685.1_3210;CP009685.1_3352;CP009685.1_4138;CP009685.1_4140;CP009685.1_460;CP009685.1_626;CP009685.1_810
xylan_degradation	FALSE	XYLAN_SACCHARIFICATION	FALSE	2	TRUE	RXN_XYLOOLIGO_EXO		forward	FALSE	SYS_XYLOSIDASE	FALSE	COMP_XYLOSIDASE	FALSE	CAZY:GH1;CAZY:GH10;CAZY:GH11;CAZY:GH116;CAZY:GH120;CAZY:GH120_e0;CAZY:GH2;CAZY:GH3;CAZY:GH3_e0;CAZY:GH3_e21;CAZY:GH3_e50;CAZY:GH3_e73;CAZY:GH3_e88;CAZY:GH30;CAZY:GH39;CAZY:GH39_e131;CAZY:GH39_e264;CAZY:GH39_e57;CAZY:GH39_e74;CAZY:GH43;CAZY:GH43_e264;CAZY:GH43_e285;CAZY:GH43_e330;CAZY:GH43_e398;CAZY:GH43_e459;CAZY:GH43_e53;CAZY:GH43_e59;CAZY:GH43_e67;CAZY:GH5;CAZY:GH5_e288;CAZY:GH51;CAZY:GH52;CAZY:GH52_e0;CAZY:GH54;KO:K01198;KO:K15920;KO:K22268							fixed_annotation_remove_trace_genes_xylan_degradation	xylan_degradation	CP009685.1_12;CP009685.1_1358;CP009685.1_1379;CP009685.1_1884;CP009685.1_1921;CP009685.1_2400;CP009685.1_2479;CP009685.1_2902;CP009685.1_3128;CP009685.1_3139;CP009685.1_3210;CP009685.1_3352;CP009685.1_4138;CP009685.1_4140;CP009685.1_460;CP009685.1_626;CP009685.1_810
xylan_degradation	FALSE	XYLAN_SACCHARIFICATION	FALSE	3	FALSE	RXN_XYLAN_DEACETYL		forward	FALSE	SYS_DEACETYL	FALSE	COMP_DEACETYL	FALSE	CAZY:CE1;CAZY:CE1_e20;CAZY:CE1_e4;CAZY:CE12;CAZY:CE12_e45;CAZY:CE2;CAZY:CE3;CAZY:CE4;CAZY:CE5;CAZY:CE5_e24;CAZY:CE6;CAZY:CE6_e2;CAZY:CE6_e3;CAZY:CE7;CAZY:CE7_e11;CAZY:CE7_e23;CAZY:CE7_e33;KO:K05972							fixed_annotation_remove_trace_genes_xylan_degradation	xylan_degradation	CP009685.1_12;CP009685.1_1358;CP009685.1_1379;CP009685.1_1884;CP009685.1_1921;CP009685.1_2400;CP009685.1_2479;CP009685.1_2902;CP009685.1_3128;CP009685.1_3139;CP009685.1_3210;CP009685.1_3352;CP009685.1_4138;CP009685.1_4140;CP009685.1_460;CP009685.1_626;CP009685.1_810
xylose_degradation_isomerase	FALSE	XYL_ISOMERASE	FALSE	1	TRUE	RHEA:22816	RHEA:22816	forward	FALSE	SYS_22816_XYLA	FALSE	COMP_22816_CATALYTIC	FALSE	KO:K01805							fixed_annotation_remove_trace_genes_xylose_degradation_isomerase	xylose_degradation_isomerase	CP009685.1_4298;CP009685.1_4299
xylose_degradation_isomerase	FALSE	XYL_ISOMERASE	FALSE	2	TRUE	RHEA:10964	RHEA:10964	forward	FALSE	SYS_10964_XYLB	FALSE	COMP_10964_CATALYTIC	FALSE	KO:K00854							fixed_annotation_remove_trace_genes_xylose_degradation_isomerase	xylose_degradation_isomerase	CP009685.1_4298;CP009685.1_4299
xylose_uptake_abc	FALSE	XYL_UPTAKE_ABC	FALSE	1	TRUE	RHEA:29899	RHEA:29899	forward	FALSE	SYS_29899_XACGHI	FALSE	COMP_29899_XAC_PERM1	FALSE	KO:K25046							fixed_annotation_remove_trace_genes_xylose_uptake_abc	xylose_uptake_abc	CP009685.1_4295;CP009685.1_4296;CP009685.1_4297
xylose_uptake_abc	FALSE	XYL_UPTAKE_ABC	FALSE	1	TRUE	RHEA:29899	RHEA:29899	forward	FALSE	SYS_29899_XACGHI	FALSE	COMP_29899_XAC_PERM2	FALSE	KO:K25047							fixed_annotation_remove_trace_genes_xylose_uptake_abc	xylose_uptake_abc	CP009685.1_4295;CP009685.1_4296;CP009685.1_4297
xylose_uptake_abc	FALSE	XYL_UPTAKE_ABC	FALSE	1	TRUE	RHEA:29899	RHEA:29899	forward	FALSE	SYS_29899_XACGHI	FALSE	COMP_29899_XAC_SBP	FALSE	KO:K25045							fixed_annotation_remove_trace_genes_xylose_uptake_abc	xylose_uptake_abc	CP009685.1_4295;CP009685.1_4296;CP009685.1_4297
