job_id	rule	genome_id	JobName	State	ElapsedRaw	CPUTimeRAW	TotalCPU	MaxRSS	AllocCPUS	ReqMem	Start	End	NodeList	peak_step_rss_bytes
45814311	prodigal	cmag_485	74e05862-a704-4e35-b0df-b1fe07bc87d6	COMPLETED	5	5	00:02.294		1	1Gn	2026-10-02T09:31:12	2026-10-02T09:31:17	mjolnircomp13fl	855040
45814312	prodigal	cmag_315	74e05862-a704-4e35-b0df-b1fe07bc87d6	COMPLETED	9	9	00:05.509		1	4506Mn	2026-10-02T09:32:13	2026-10-02T09:32:22	mjolnircomp13fl	851968
45814313	prodigal	cmag_189	74e05862-a704-4e35-b0df-b1fe07bc87d6	COMPLETED	6	6	00:02.559		1	1328Mn	2026-10-02T09:31:12	2026-10-02T09:31:18	mjolnircomp13fl	855040
45814314	prodigal	cmag_717	74e05862-a704-4e35-b0df-b1fe07bc87d6	COMPLETED	7	7	00:03.969		1	2657Mn	2026-10-02T09:31:12	2026-10-02T09:31:19	mjolnircomp13fl	849920
45814315	prodigal	cmag_504	74e05862-a704-4e35-b0df-b1fe07bc87d6	COMPLETED	8	8	00:04.762		1	3433Mn	2026-10-02T09:32:13	2026-10-02T09:32:21	mjolnircomp13fl	851968
45814316	prodigal	cmag_740	74e05862-a704-4e35-b0df-b1fe07bc87d6	COMPLETED	9	9	00:05.103		1	3412Mn	2026-10-02T09:32:13	2026-10-02T09:32:22	mjolnircomp13fl	854016
45814317	prodigal	cmag_254	74e05862-a704-4e35-b0df-b1fe07bc87d6	COMPLETED	10	10	00:06.205		1	5147Mn	2026-10-02T09:32:13	2026-10-02T09:32:23	mjolnircomp13fl	854016
45814318	prodigal	cmag_569	74e05862-a704-4e35-b0df-b1fe07bc87d6	COMPLETED	8	8	00:05.077		1	3315Mn	2026-10-02T09:32:44	2026-10-02T09:32:52	mjolnircomp13fl	824320
45814319	prodigal	cmag_319	74e05862-a704-4e35-b0df-b1fe07bc87d6	COMPLETED	6	6	00:02.500		1	1196Mn	2026-10-02T09:32:13	2026-10-02T09:32:19	mjolnircomp11fl	864256
45814320	prodigal	cmag_659	74e05862-a704-4e35-b0df-b1fe07bc87d6	COMPLETED	5	5	00:02.547		1	1391Mn	2026-10-02T09:32:44	2026-10-02T09:32:49	mjolnircomp11fl	871424
45814321	prodigal	cmag_465	74e05862-a704-4e35-b0df-b1fe07bc87d6	COMPLETED	10	10	00:07.105		1	2294Mn	2026-10-02T09:32:44	2026-10-02T09:32:54	mjolnircomp13fl	845824
45814322	prodigal	cmag_816	74e05862-a704-4e35-b0df-b1fe07bc87d6	COMPLETED	7	7	00:03.856		1	2718Mn	2026-10-02T09:32:44	2026-10-02T09:32:51	mjolnircomp13fl	849920
45814323	prodigal	cmag_125	74e05862-a704-4e35-b0df-b1fe07bc87d6	COMPLETED	7	7	00:04.420		1	2634Mn	2026-10-02T09:32:44	2026-10-02T09:32:51	mjolnircomp13fl	854016
45814324	prodigal	cmag_271	74e05862-a704-4e35-b0df-b1fe07bc87d6	COMPLETED	25	25	00:13.073		1	4396Mn	2026-10-02T09:34:15	2026-10-02T09:34:40	mjolnircomp17fl	1156096
45814325	prodigal	cmag_675	74e05862-a704-4e35-b0df-b1fe07bc87d6	COMPLETED	19	19	00:07.171		1	4513Mn	2026-10-02T09:34:15	2026-10-02T09:34:34	mjolnircomp17fl	1158144
45814326	prodigal	cmag_016	74e05862-a704-4e35-b0df-b1fe07bc87d6	COMPLETED	16	16	00:04.255		1	2290Mn	2026-10-02T09:34:15	2026-10-02T09:34:31	mjolnircomp17fl	1159168
45814327	prodigal	cmag_574	74e05862-a704-4e35-b0df-b1fe07bc87d6	COMPLETED	14	14	00:03.655		1	1660Mn	2026-10-02T09:34:46	2026-10-02T09:35:00	mjolnircomp17fl	1155072
45814328	prodigal	cmag_532	74e05862-a704-4e35-b0df-b1fe07bc87d6	COMPLETED	6	6	00:02.466		1	1Gn	2026-10-02T09:33:14	2026-10-02T09:33:20	mjolnircomp11fl	869376
45814329	prodigal	cmag_227	74e05862-a704-4e35-b0df-b1fe07bc87d6	COMPLETED	16	16	00:05.706		1	3335Mn	2026-10-02T09:34:46	2026-10-02T09:35:02	mjolnircomp17fl	1157120
45814330	prodigal	cmag_819	74e05862-a704-4e35-b0df-b1fe07bc87d6	COMPLETED	5	5	00:02.725		1	1459Mn	2026-10-02T09:33:45	2026-10-02T09:33:50	mjolnircomp11fl	869376
45814331	prodigal	cmag_613	74e05862-a704-4e35-b0df-b1fe07bc87d6	COMPLETED	6	6	00:02.686		1	1258Mn	2026-10-02T09:34:15	2026-10-02T09:34:21	mjolnircomp11fl	841728
45814332	prodigal	cmag_726	74e05862-a704-4e35-b0df-b1fe07bc87d6	COMPLETED	14	14	00:03.643		1	1694Mn	2026-10-02T09:34:46	2026-10-02T09:35:00	mjolnircomp17fl	1161216
45814333	prodigal	cmag_793	74e05862-a704-4e35-b0df-b1fe07bc87d6	COMPLETED	18	18	00:06.126		1	3049Mn	2026-10-02T09:35:16	2026-10-02T09:35:34	mjolnircomp17fl	1154048
45814334	prodigal	cmag_417	74e05862-a704-4e35-b0df-b1fe07bc87d6	COMPLETED	17	17	00:04.936		1	2370Mn	2026-10-02T09:35:16	2026-10-02T09:35:33	mjolnircomp17fl	1150976
45814335	prodigal	cmag_039	74e05862-a704-4e35-b0df-b1fe07bc87d6	COMPLETED	18	18	00:06.684		1	4Gn	2026-10-02T09:35:16	2026-10-02T09:35:34	mjolnircomp17fl	1147904
45814336	prodigal	cmag_409	74e05862-a704-4e35-b0df-b1fe07bc87d6	COMPLETED	15	15	00:05.246		1	3212Mn	2026-10-02T09:35:47	2026-10-02T09:36:02	mjolnircomp17fl	1159168
45814337	prodigal	cmag_426	74e05862-a704-4e35-b0df-b1fe07bc87d6	COMPLETED	11	11	00:06.847		1	5879Mn	2026-10-02T09:31:42	2026-10-02T09:31:53	mjolnircomp13fl	850944
45814338	prodigal	cmag_631	74e05862-a704-4e35-b0df-b1fe07bc87d6	COMPLETED	14	14	00:03.779		1	1828Mn	2026-10-02T09:35:47	2026-10-02T09:36:01	mjolnircomp17fl	1157120
45814339	prodigal	cmag_806	74e05862-a704-4e35-b0df-b1fe07bc87d6	COMPLETED	15	15	00:05.167		1	2311Mn	2026-10-02T09:35:47	2026-10-02T09:36:02	mjolnircomp17fl	1163264
45814340	prodigal	cmag_710	74e05862-a704-4e35-b0df-b1fe07bc87d6	COMPLETED	18	18	00:05.567		1	3748Mn	2026-10-02T09:36:17	2026-10-02T09:36:35	mjolnircomp17fl	1159168
45814341	prodigal	cmag_474	74e05862-a704-4e35-b0df-b1fe07bc87d6	COMPLETED	5	5	00:02.780		1	1507Mn	2026-10-02T09:34:46	2026-10-02T09:34:51	mjolnircomp11fl	877568
45814342	prodigal	cmag_690	74e05862-a704-4e35-b0df-b1fe07bc87d6	COMPLETED	17	17	00:04.736		1	2094Mn	2026-10-02T09:36:17	2026-10-02T09:36:34	mjolnircomp17fl	1160192
45814343	prodigal	cmag_044	74e05862-a704-4e35-b0df-b1fe07bc87d6	COMPLETED	18	18	00:05.425		1	2795Mn	2026-10-02T09:36:17	2026-10-02T09:36:35	mjolnircomp17fl	1154048
45814344	prodigal	cmag_282	74e05862-a704-4e35-b0df-b1fe07bc87d6	COMPLETED	15	15	00:04.490		1	1774Mn	2026-10-02T09:36:48	2026-10-02T09:37:03	mjolnircomp17fl	1159168
45814345	prodigal	cmag_742	74e05862-a704-4e35-b0df-b1fe07bc87d6	COMPLETED	16	16	00:06.060		1	3817Mn	2026-10-02T09:36:48	2026-10-02T09:37:04	mjolnircomp17fl	1159168
45814346	prodigal	cmag_074	74e05862-a704-4e35-b0df-b1fe07bc87d6	COMPLETED	15	15	00:04.985		1	2059Mn	2026-10-02T09:36:48	2026-10-02T09:37:03	mjolnircomp17fl	1154048
45814347	prodigal	cmag_275	74e05862-a704-4e35-b0df-b1fe07bc87d6	COMPLETED	6	6	00:03.167		1	1544Mn	2026-10-02T09:35:16	2026-10-02T09:35:22	mjolnircomp11fl	843776
45814348	prodigal	cmag_053	74e05862-a704-4e35-b0df-b1fe07bc87d6	COMPLETED	17	17	00:04.808		1	2340Mn	2026-10-02T09:37:18	2026-10-02T09:37:35	mjolnircomp17fl	1155072
45814349	prodigal	cmag_577	74e05862-a704-4e35-b0df-b1fe07bc87d6	COMPLETED	19	19	00:06.502		1	3820Mn	2026-10-02T09:37:18	2026-10-02T09:37:37	mjolnircomp17fl	1158144
45814350	prodigal	cmag_507	74e05862-a704-4e35-b0df-b1fe07bc87d6	COMPLETED	17	17	00:04.873		1	2153Mn	2026-10-02T09:37:18	2026-10-02T09:37:35	mjolnircomp17fl	1155072
45814351	prodigal	cmag_239	74e05862-a704-4e35-b0df-b1fe07bc87d6	COMPLETED	14	14	00:04.317		1	1555Mn	2026-10-02T09:37:49	2026-10-02T09:38:03	mjolnircomp17fl	1158144
45814352	prodigal	cmag_263	74e05862-a704-4e35-b0df-b1fe07bc87d6	COMPLETED	6	6	00:02.902		1	1324Mn	2026-10-02T09:35:47	2026-10-02T09:35:53	mjolnircomp11fl	838656
45814353	prodigal	cmag_603	74e05862-a704-4e35-b0df-b1fe07bc87d6	COMPLETED	16	16	00:05.752		1	3090Mn	2026-10-02T09:37:49	2026-10-02T09:38:05	mjolnircomp17fl	1153024
45814354	prodigal	cmag_625	74e05862-a704-4e35-b0df-b1fe07bc87d6	COMPLETED	17	17	00:06.834		1	4221Mn	2026-10-02T09:37:49	2026-10-02T09:38:06	mjolnircomp17fl	1159168
45814355	prodigal	cmag_655	74e05862-a704-4e35-b0df-b1fe07bc87d6	COMPLETED	6	6	00:02.428		1	1165Mn	2026-10-02T09:36:17	2026-10-02T09:36:23	mjolnircomp11fl	839680
45814356	prodigal	cmag_449	74e05862-a704-4e35-b0df-b1fe07bc87d6	COMPLETED	6	6	00:02.349		1	1293Mn	2026-10-02T09:41:53	2026-10-02T09:41:59	mjolnircomp08fl	929792
45814357	prodigal	cmag_005	74e05862-a704-4e35-b0df-b1fe07bc87d6	COMPLETED	12	12	00:03.677		1	1300Mn	2026-10-02T09:41:53	2026-10-02T09:42:05	mjolnirgpu02fl	851968
45814358	prodigal	cmag_437	74e05862-a704-4e35-b0df-b1fe07bc87d6	COMPLETED	14	14	00:10.871		1	3070Mn	2026-10-02T09:41:53	2026-10-02T09:42:07	mjolnirgpu03fl	827392
45814359	prodigal	cmag_757	74e05862-a704-4e35-b0df-b1fe07bc87d6	COMPLETED	6	6	00:02.888		1	1702Mn	2026-10-02T09:42:23	2026-10-02T09:42:29	mjolnircomp08fl	932864
45814360	prodigal	cmag_795	74e05862-a704-4e35-b0df-b1fe07bc87d6	COMPLETED	10	10	00:05.083		1	3716Mn	2026-10-02T09:42:23	2026-10-02T09:42:33	mjolnircomp16fl	888832
45814361	prodigal	cmag_059	74e05862-a704-4e35-b0df-b1fe07bc87d6	COMPLETED	8	8	00:05.084		1	2871Mn	2026-10-02T09:42:23	2026-10-02T09:42:31	mjolnircomp12fl	825344
45814362	prodigal	cmag_694	74e05862-a704-4e35-b0df-b1fe07bc87d6	COMPLETED	7	7	00:03.364		1	2381Mn	2026-10-02T09:42:23	2026-10-02T09:42:30	mjolnircomp13fl	843776
45814363	prodigal	cmag_050	74e05862-a704-4e35-b0df-b1fe07bc87d6	COMPLETED	10	10	00:07.022		1	4687Mn	2026-10-02T09:42:23	2026-10-02T09:42:33	mjolnirgpu02fl	849920
45814364	prodigal	cmag_089	74e05862-a704-4e35-b0df-b1fe07bc87d6	COMPLETED	10	10	00:06.624		1	2956Mn	2026-10-02T09:42:23	2026-10-02T09:42:33	mjolnirgpu03fl	824320
45814365	prodigal	cmag_192	74e05862-a704-4e35-b0df-b1fe07bc87d6	COMPLETED	5	5	00:02.498		1	1159Mn	2026-10-02T09:42:23	2026-10-02T09:42:28	mjolnircomp04fl	855040
45814366	prodigal	cmag_777	74e05862-a704-4e35-b0df-b1fe07bc87d6	COMPLETED	13	13	00:09.907		1	4038Mn	2026-10-02T09:42:23	2026-10-02T09:42:36	mjolnircomp05fl	856064
45814367	prodigal	cmag_593	74e05862-a704-4e35-b0df-b1fe07bc87d6	COMPLETED	10	10	00:06.516		1	2824Mn	2026-10-02T09:42:23	2026-10-02T09:42:33	mjolnircomp05fl	855040
45814368	prodigal	cmag_350	74e05862-a704-4e35-b0df-b1fe07bc87d6	COMPLETED	8	8	00:04.856		1	1Gn	2026-10-02T09:42:23	2026-10-02T09:42:31	mjolnircomp05fl	852992
45814369	prodigal	cmag_493	74e05862-a704-4e35-b0df-b1fe07bc87d6	COMPLETED	7	7	00:03.467		1	2371Mn	2026-10-02T09:42:53	2026-10-02T09:43:00	mjolnircomp08fl	934912
45814370	prodigal	cmag_304	74e05862-a704-4e35-b0df-b1fe07bc87d6	COMPLETED	8	8	00:04.755		1	2915Mn	2026-10-02T09:42:53	2026-10-02T09:43:01	mjolnircomp12fl	828416
45814371	prodigal	cmag_246	74e05862-a704-4e35-b0df-b1fe07bc87d6	COMPLETED	8	8	00:03.877		1	2208Mn	2026-10-02T09:42:53	2026-10-02T09:43:01	mjolnircomp13fl	860160
45814372	prodigal	cmag_190	74e05862-a704-4e35-b0df-b1fe07bc87d6	COMPLETED	8	8	00:04.610		1	3038Mn	2026-10-02T09:42:53	2026-10-02T09:43:01	mjolnircomp15fl	845824
45814373	prodigal	cmag_646	74e05862-a704-4e35-b0df-b1fe07bc87d6	COMPLETED	6	6	00:02.735		1	1519Mn	2026-10-02T09:42:53	2026-10-02T09:42:59	mjolnircomp16fl	880640
45814374	prodigal	cmag_203	74e05862-a704-4e35-b0df-b1fe07bc87d6	COMPLETED	8	8	00:05.048		1	2250Mn	2026-10-02T09:42:53	2026-10-02T09:43:01	mjolnirgpu02fl	847872
45814375	prodigal	cmag_139	74e05862-a704-4e35-b0df-b1fe07bc87d6	COMPLETED	9	9	00:04.962		1	2356Mn	2026-10-02T09:42:53	2026-10-02T09:43:02	mjolnirgpu03fl	824320
45814376	prodigal	cmag_186	74e05862-a704-4e35-b0df-b1fe07bc87d6	COMPLETED	10	10	00:04.940		1	3315Mn	2026-10-02T09:42:53	2026-10-02T09:43:03	mjolnircomp04fl	855040
45814377	prodigal	cmag_804	74e05862-a704-4e35-b0df-b1fe07bc87d6	COMPLETED	9	9	00:05.719		1	2270Mn	2026-10-02T09:42:53	2026-10-02T09:43:02	mjolnircomp05fl	855040
45814378	prodigal	cmag_563	74e05862-a704-4e35-b0df-b1fe07bc87d6	COMPLETED	22	22	00:18.728		1	3767Mn	2026-10-02T09:42:53	2026-10-02T09:43:15	mjolnircomp05fl	851968
45814379	prodigal	cmag_559	74e05862-a704-4e35-b0df-b1fe07bc87d6	COMPLETED	22	22	00:18.370		1	3276Mn	2026-10-02T09:42:53	2026-10-02T09:43:15	mjolnircomp05fl	851968
45814380	prodigal	cmag_359	74e05862-a704-4e35-b0df-b1fe07bc87d6	COMPLETED	8	8	00:05.817		1	2629Mn	2026-10-02T09:43:24	2026-10-02T09:43:32	mjolnirgpu03fl	828416
45814381	prodigal	cmag_267	74e05862-a704-4e35-b0df-b1fe07bc87d6	COMPLETED	6	6	00:03.648		1	2374Mn	2026-10-02T09:43:24	2026-10-02T09:43:30	mjolnircomp12fl	808960
45814382	prodigal	cmag_737	74e05862-a704-4e35-b0df-b1fe07bc87d6	COMPLETED	8	8	00:05.836		1	4348Mn	2026-10-02T09:43:24	2026-10-02T09:43:32	mjolnircomp12fl	814080
45814383	prodigal	cmag_260	74e05862-a704-4e35-b0df-b1fe07bc87d6	COMPLETED	7	7	00:04.730		1	3058Mn	2026-10-02T09:43:24	2026-10-02T09:43:31	mjolnircomp07fl	922624
45814384	prodigal	cmag_800	74e05862-a704-4e35-b0df-b1fe07bc87d6	COMPLETED	7	7	00:03.487		1	2402Mn	2026-10-02T09:43:24	2026-10-02T09:43:31	mjolnircomp08fl	932864
45814385	prodigal	cmag_784	74e05862-a704-4e35-b0df-b1fe07bc87d6	COMPLETED	8	8	00:05.200		1	3394Mn	2026-10-02T09:43:24	2026-10-02T09:43:32	mjolnircomp09fl	863232
45814386	prodigal	cmag_128	74e05862-a704-4e35-b0df-b1fe07bc87d6	COMPLETED	8	8	00:05.374		1	3988Mn	2026-10-02T09:43:24	2026-10-02T09:43:32	mjolnircomp04fl	855040
45814387	prodigal	cmag_057	74e05862-a704-4e35-b0df-b1fe07bc87d6	COMPLETED	9	9	00:05.862		1	2330Mn	2026-10-02T09:43:24	2026-10-02T09:43:33	mjolnircomp05fl	854016
45814388	prodigal	cmag_176	74e05862-a704-4e35-b0df-b1fe07bc87d6	COMPLETED	11	11	00:07.935		1	2542Mn	2026-10-02T09:43:24	2026-10-02T09:43:35	mjolnircomp05fl	856064
45814389	prodigal	cmag_114	74e05862-a704-4e35-b0df-b1fe07bc87d6	COMPLETED	18	18	00:14.826		1	2708Mn	2026-10-02T09:43:24	2026-10-02T09:43:42	mjolnircomp05fl	852992
45814390	prodigal	cmag_789	74e05862-a704-4e35-b0df-b1fe07bc87d6	COMPLETED	8	8	00:05.880		1	4146Mn	2026-10-02T09:43:54	2026-10-02T09:44:02	mjolnircomp12fl	840704
45814391	prodigal	cmag_658	74e05862-a704-4e35-b0df-b1fe07bc87d6	COMPLETED	8	8	00:04.855		1	1800Mn	2026-10-02T09:43:54	2026-10-02T09:44:02	mjolnirgpu03fl	826368
45814392	prodigal	cmag_236	74e05862-a704-4e35-b0df-b1fe07bc87d6	COMPLETED	8	8	00:05.338		1	2321Mn	2026-10-02T09:43:54	2026-10-02T09:44:02	mjolnirgpu03fl	830464
45814393	prodigal	cmag_087	74e05862-a704-4e35-b0df-b1fe07bc87d6	COMPLETED	19	19	00:07.043		1	3457Mn	2026-10-02T09:44:24	2026-10-02T09:44:43	mjolnircomp17fl	1152000
45814394	prodigal	cmag_581	74e05862-a704-4e35-b0df-b1fe07bc87d6	COMPLETED	7	7	00:03.750		1	1940Mn	2026-10-02T09:44:24	2026-10-02T09:44:31	mjolnircomp12fl	808960
45814395	prodigal	cmag_468	74e05862-a704-4e35-b0df-b1fe07bc87d6	COMPLETED	6	6	00:03.209		1	1761Mn	2026-10-02T09:44:24	2026-10-02T09:44:30	mjolnircomp12fl	831488
45814396	prodigal	cmag_418	74e05862-a704-4e35-b0df-b1fe07bc87d6	COMPLETED	10	10	00:07.285		1	4340Mn	2026-10-02T09:44:24	2026-10-02T09:44:34	mjolnirgpu03fl	826368
45814397	prodigal	cmag_368	74e05862-a704-4e35-b0df-b1fe07bc87d6	COMPLETED	16	16	00:12.844		1	3619Mn	2026-10-02T09:44:24	2026-10-02T09:44:40	mjolnirgpu03fl	829440
45814398	prodigal	cmag_376	74e05862-a704-4e35-b0df-b1fe07bc87d6	COMPLETED	5	5	00:03.100		1	1788Mn	2026-10-02T09:44:55	2026-10-02T09:45:00	mjolnircomp12fl	839680
45814399	prodigal	cmag_178	74e05862-a704-4e35-b0df-b1fe07bc87d6	COMPLETED	9	9	00:06.634		1	2926Mn	2026-10-02T09:44:55	2026-10-02T09:45:04	mjolnirgpu03fl	830464
45814400	prodigal	cmag_502	74e05862-a704-4e35-b0df-b1fe07bc87d6	COMPLETED	10	10	00:07.570		1	4123Mn	2026-10-02T09:44:55	2026-10-02T09:45:05	mjolnirgpu03fl	830464
45814401	prodigal	cmag_822	74e05862-a704-4e35-b0df-b1fe07bc87d6	COMPLETED	9	9	00:06.473		1	3214Mn	2026-10-02T09:45:25	2026-10-02T09:45:34	mjolnirgpu03fl	826368
45814402	prodigal	cmag_088	74e05862-a704-4e35-b0df-b1fe07bc87d6	COMPLETED	7	7	00:03.827		1	1596Mn	2026-10-02T09:45:55	2026-10-02T09:46:02	mjolnirgpu03fl	829440
45814403	prodigal	cmag_689	74e05862-a704-4e35-b0df-b1fe07bc87d6	COMPLETED	6	6	00:03.038		1	1653Mn	2026-10-02T09:46:26	2026-10-02T09:46:32	mjolnircomp12fl	827392
45814404	prodigal	cmag_676	74e05862-a704-4e35-b0df-b1fe07bc87d6	COMPLETED	8	8	00:05.250		1	3234Mn	2026-10-02T09:46:56	2026-10-02T09:47:04	mjolnircomp12fl	825344
45814405	prodigal	cmag_518	74e05862-a704-4e35-b0df-b1fe07bc87d6	COMPLETED	7	7	00:00:04		1	1801Mn	2026-10-02T09:46:56	2026-10-02T09:47:03	mjolnirgpu03fl	832512
45814406	prodigal	cmag_290	74e05862-a704-4e35-b0df-b1fe07bc87d6	COMPLETED	7	7	00:03.922		1	1635Mn	2026-10-02T09:46:56	2026-10-02T09:47:03	mjolnirgpu03fl	828416
45814407	prodigal	cmag_637	74e05862-a704-4e35-b0df-b1fe07bc87d6	COMPLETED	14	14	00:10.808		1	3850Mn	2026-10-02T09:46:56	2026-10-02T09:47:10	mjolnirgpu03fl	831488
45814408	prodigal	cmag_550	74e05862-a704-4e35-b0df-b1fe07bc87d6	COMPLETED	11	11	00:08.230		1	2365Mn	2026-10-02T09:47:26	2026-10-02T09:47:37	mjolnircomp05fl	840704
45814409	prodigal	cmag_721	74e05862-a704-4e35-b0df-b1fe07bc87d6	COMPLETED	13	13	00:09.674		1	2796Mn	2026-10-02T09:47:26	2026-10-02T09:47:39	mjolnircomp05fl	836608
45814410	prodigal	cmag_177	74e05862-a704-4e35-b0df-b1fe07bc87d6	COMPLETED	11	11	00:07.513		1	3604Mn	2026-10-02T09:47:26	2026-10-02T09:47:37	mjolnirgpu03fl	824320
45814421	prodigal	cmag_739	74e05862-a704-4e35-b0df-b1fe07bc87d6	COMPLETED	9	9	00:05.643		1	2699Mn	2026-10-02T09:47:26	2026-10-02T09:47:35	mjolnirgpu03fl	824320
45814422	prodigal	cmag_386	74e05862-a704-4e35-b0df-b1fe07bc87d6	COMPLETED	8	8	00:04.752		1	1859Mn	2026-10-02T09:47:26	2026-10-02T09:47:34	mjolnirgpu03fl	828416
45814423	prodigal	cmag_206	74e05862-a704-4e35-b0df-b1fe07bc87d6	COMPLETED	8	8	00:04.778		1	2300Mn	2026-10-02T09:47:26	2026-10-02T09:47:34	mjolnirgpu03fl	827392
45814426	prodigal	cmag_196	74e05862-a704-4e35-b0df-b1fe07bc87d6	COMPLETED	7	7	00:03.979		1	1596Mn	2026-10-02T09:47:57	2026-10-02T09:48:04	mjolnirgpu03fl	826368
45814427	prodigal	cmag_479	74e05862-a704-4e35-b0df-b1fe07bc87d6	COMPLETED	9	9	00:06.178		1	2962Mn	2026-10-02T09:47:57	2026-10-02T09:48:06	mjolnirgpu03fl	824320
45814428	prodigal	cmag_161	74e05862-a704-4e35-b0df-b1fe07bc87d6	COMPLETED	8	8	00:05.325		1	2242Mn	2026-10-02T09:47:57	2026-10-02T09:48:05	mjolnirgpu03fl	827392
45814429	prodigal	cmag_562	74e05862-a704-4e35-b0df-b1fe07bc87d6	COMPLETED	16	16	00:13.576		1	3812Mn	2026-10-02T09:47:57	2026-10-02T09:48:13	mjolnirgpu03fl	827392
45814430	prodigal	cmag_124	74e05862-a704-4e35-b0df-b1fe07bc87d6	COMPLETED	7	7	00:03.840		1	1330Mn	2026-10-02T09:47:57	2026-10-02T09:48:04	mjolnirgpu03fl	825344
45814431	prodigal	cmag_431	74e05862-a704-4e35-b0df-b1fe07bc87d6	COMPLETED	9	9	00:05.984		1	2995Mn	2026-10-02T09:47:57	2026-10-02T09:48:06	mjolnirgpu03fl	829440
45814435	prodigal	cmag_481	74e05862-a704-4e35-b0df-b1fe07bc87d6	COMPLETED	11	11	00:08.144		1	5043Mn	2026-10-02T09:47:57	2026-10-02T09:48:08	mjolnirgpu03fl	826368
45814436	prodigal	cmag_492	74e05862-a704-4e35-b0df-b1fe07bc87d6	COMPLETED	13	13	00:10.295		1	2699Mn	2026-10-02T09:48:27	2026-10-02T09:48:40	mjolnircomp05fl	811008
45814437	prodigal	cmag_427	74e05862-a704-4e35-b0df-b1fe07bc87d6	COMPLETED	8	8	00:05.600		1	4082Mn	2026-10-02T09:48:27	2026-10-02T09:48:35	mjolnircomp12fl	814080
45814438	prodigal	cmag_381	74e05862-a704-4e35-b0df-b1fe07bc87d6	COMPLETED	8	8	00:05.213		1	2168Mn	2026-10-02T09:48:27	2026-10-02T09:48:35	mjolnirgpu03fl	821248
45814439	prodigal	cmag_092	74e05862-a704-4e35-b0df-b1fe07bc87d6	COMPLETED	8	8	00:05.082		1	2264Mn	2026-10-02T09:48:27	2026-10-02T09:48:35	mjolnirgpu03fl	824320
45814440	prodigal	cmag_747	74e05862-a704-4e35-b0df-b1fe07bc87d6	COMPLETED	7	7	00:04.237		1	1218Mn	2026-10-02T09:48:27	2026-10-02T09:48:34	mjolnirgpu03fl	825344
45814446	prodigal	cmag_002	74e05862-a704-4e35-b0df-b1fe07bc87d6	COMPLETED	9	9	00:06.430		1	2985Mn	2026-10-02T09:48:27	2026-10-02T09:48:36	mjolnirgpu03fl	824320
45814449	prodigal	cmag_709	74e05862-a704-4e35-b0df-b1fe07bc87d6	COMPLETED	9	9	00:06.617		1	3511Mn	2026-10-02T09:48:27	2026-10-02T09:48:36	mjolnirgpu03fl	825344
45814450	prodigal	cmag_338	74e05862-a704-4e35-b0df-b1fe07bc87d6	COMPLETED	10	10	00:07.025		1	3322Mn	2026-10-02T09:48:27	2026-10-02T09:48:37	mjolnirgpu03fl	813056
45814451	prodigal	cmag_470	74e05862-a704-4e35-b0df-b1fe07bc87d6	COMPLETED	9	9	00:06.454		1	3162Mn	2026-10-02T09:48:27	2026-10-02T09:48:36	mjolnirgpu03fl	822272
45814452	prodigal	cmag_438	74e05862-a704-4e35-b0df-b1fe07bc87d6	COMPLETED	8	8	00:05.187		1	2622Mn	2026-10-02T09:48:27	2026-10-02T09:48:35	mjolnirgpu03fl	826368
45814455	prodigal	cmag_354	74e05862-a704-4e35-b0df-b1fe07bc87d6	COMPLETED	8	8	00:05.521		1	2514Mn	2026-10-02T09:48:27	2026-10-02T09:48:35	mjolnirgpu03fl	825344
45814456	prodigal	cmag_400	74e05862-a704-4e35-b0df-b1fe07bc87d6	COMPLETED	7	7	00:03.836		1	2394Mn	2026-10-02T09:48:57	2026-10-02T09:49:04	mjolnircomp12fl	824320
45814457	prodigal	cmag_455	74e05862-a704-4e35-b0df-b1fe07bc87d6	COMPLETED	10	10	00:06.562		1	3266Mn	2026-10-02T09:48:57	2026-10-02T09:49:07	mjolnirgpu03fl	821248
45814458	tigrfam	cmag_315	74e05862-a704-4e35-b0df-b1fe07bc87d6	COMPLETED	259	259	07:00.354		1	16Gn	2026-10-02T09:38:19	2026-10-02T09:42:38	mjolnircomp07fl	351270912
45814459	prodigal	cmag_672	74e05862-a704-4e35-b0df-b1fe07bc87d6	COMPLETED	9	9	00:06.007		1	3177Mn	2026-10-02T09:48:57	2026-10-02T09:49:06	mjolnirgpu03fl	827392
45814465	prodigal	cmag_094	74e05862-a704-4e35-b0df-b1fe07bc87d6	COMPLETED	10	10	00:06.999		1	3691Mn	2026-10-02T09:48:57	2026-10-02T09:49:07	mjolnirgpu03fl	826368
45814466	prodigal	cmag_514	74e05862-a704-4e35-b0df-b1fe07bc87d6	COMPLETED	9	9	00:06.326		1	3325Mn	2026-10-02T09:48:57	2026-10-02T09:49:06	mjolnirgpu03fl	827392
45814467	prodigal	cmag_185	74e05862-a704-4e35-b0df-b1fe07bc87d6	COMPLETED	10	10	00:06.979		1	3888Mn	2026-10-02T09:48:57	2026-10-02T09:49:07	mjolnirgpu03fl	824320
45814468	prodigal	cmag_412	74e05862-a704-4e35-b0df-b1fe07bc87d6	COMPLETED	9	9	00:05.902		1	3415Mn	2026-10-02T09:48:57	2026-10-02T09:49:06	mjolnirgpu03fl	827392
45814469	prodigal	cmag_549	74e05862-a704-4e35-b0df-b1fe07bc87d6	COMPLETED	7	7	00:03.927		1	1690Mn	2026-10-02T09:48:57	2026-10-02T09:49:04	mjolnirgpu03fl	824320
45814470	pfam	cmag_227	74e05862-a704-4e35-b0df-b1fe07bc87d6	COMPLETED	997	997	27:08.461		1	8Gn	2026-10-02T09:38:50	2026-10-02T09:55:27	mjolnircomp12fl	292265984
45814471	pfam	cmag_275	74e05862-a704-4e35-b0df-b1fe07bc87d6	COMPLETED	662	662	16:59.734		1	8Gn	2026-10-02T09:40:21	2026-10-02T09:51:23	mjolnirgpu03fl	215182336
45814478	prodigal	cmag_596	74e05862-a704-4e35-b0df-b1fe07bc87d6	COMPLETED	11	11	00:07.908		1	3256Mn	2026-10-02T09:51:29	2026-10-02T09:51:40	mjolnircomp12fl	829440
45814479	cazy	cmag_710	74e05862-a704-4e35-b0df-b1fe07bc87d6	COMPLETED	28	28	00:23.501		1	8Gn	2026-10-02T09:51:29	2026-10-02T09:51:57	mjolnirgpu03fl	822272
45814480	prodigal	cmag_098	74e05862-a704-4e35-b0df-b1fe07bc87d6	COMPLETED	9	9	00:05.618		1	4546Mn	2026-10-02T09:51:59	2026-10-02T09:52:08	mjolnircomp11fl	828416
45814481	prodigal	cmag_141	74e05862-a704-4e35-b0df-b1fe07bc87d6	COMPLETED	5	5	00:02.315		1	1208Mn	2026-10-02T09:51:59	2026-10-02T09:52:04	mjolnircomp12fl	814080
45814489	prodigal	cmag_555	74e05862-a704-4e35-b0df-b1fe07bc87d6	COMPLETED	16	16	00:03.955		1	2032Mn	2026-10-02T09:51:59	2026-10-02T09:52:15	mjolnircomp17fl	1162240
45814490	ncbifam	cmag_532	74e05862-a704-4e35-b0df-b1fe07bc87d6	COMPLETED	245	245	06:42.678		1	16Gn	2026-10-02T09:38:50	2026-10-02T09:42:55	mjolnircomp12fl	507981824
45814491	prodigal	cmag_131	74e05862-a704-4e35-b0df-b1fe07bc87d6	COMPLETED	15	15	00:03.375		1	1055Mn	2026-10-02T09:51:59	2026-10-02T09:52:14	mjolnircomp17fl	1160192
45814495	prodigal	cmag_424	74e05862-a704-4e35-b0df-b1fe07bc87d6	COMPLETED	25	25	00:13.494		1	4742Mn	2026-10-02T09:51:59	2026-10-02T09:52:24	mjolnircomp17fl	1155072
45814496	prodigal	cmag_251	74e05862-a704-4e35-b0df-b1fe07bc87d6	COMPLETED	8	8	00:04.278		1	2517Mn	2026-10-02T09:52:29	2026-10-02T09:52:37	mjolnircomp01fl	826368
45814497	ncbifam	cmag_319	74e05862-a704-4e35-b0df-b1fe07bc87d6	COMPLETED	446	446	11:40.540		1	16Gn	2026-10-02T09:38:19	2026-10-02T09:45:45	mjolnirgpu03fl	440440832
45814498	prodigal	cmag_767	74e05862-a704-4e35-b0df-b1fe07bc87d6	COMPLETED	7	7	00:02.530		1	1152Mn	2026-10-02T09:52:29	2026-10-02T09:52:36	mjolnircomp12fl	834560
45814499	pfam	cmag_504	74e05862-a704-4e35-b0df-b1fe07bc87d6	COMPLETED	966	966	27:13.781		1	8Gn	2026-10-02T09:38:50	2026-10-02T09:54:56	mjolnircomp12fl	214744064
45814500	prodigal	cmag_459	74e05862-a704-4e35-b0df-b1fe07bc87d6	COMPLETED	8	8	00:03.896		1	2189Mn	2026-10-02T09:52:29	2026-10-02T09:52:37	mjolnircomp12fl	832512
45814543	prodigal	cmag_297	74e05862-a704-4e35-b0df-b1fe07bc87d6	COMPLETED	8	8	00:05.886		1	2675Mn	2026-10-02T10:01:03	2026-10-02T10:01:11	mjolnirgpu03fl	818176
45814544	prodigal	cmag_466	74e05862-a704-4e35-b0df-b1fe07bc87d6	COMPLETED	8	8	00:05.476		1	2667Mn	2026-10-02T10:01:03	2026-10-02T10:01:11	mjolnirgpu03fl	812032
45814545	cazy	cmag_275	74e05862-a704-4e35-b0df-b1fe07bc87d6	COMPLETED	19	19	00:13.862		1	8Gn	2026-10-02T10:01:03	2026-10-02T10:01:22	mjolnirgpu03fl	819200
45814546	prodigal	cmag_264	74e05862-a704-4e35-b0df-b1fe07bc87d6	COMPLETED	6	6	00:03.922		1	1184Mn	2026-10-02T10:01:03	2026-10-02T10:01:09	mjolnirgpu03fl	817152
45814547	ncbifam	cmag_282	74e05862-a704-4e35-b0df-b1fe07bc87d6	COMPLETED	421	421	12:08.612		1	16Gn	2026-10-02T09:43:24	2026-10-02T09:50:25	mjolnircomp13fl	494988288
45814548	cazy	cmag_074	74e05862-a704-4e35-b0df-b1fe07bc87d6	COMPLETED	23	23	00:17.985		1	8Gn	2026-10-02T10:01:33	2026-10-02T10:01:56	mjolnirgpu03fl	820224
45814549	tigrfam	cmag_246	74e05862-a704-4e35-b0df-b1fe07bc87d6	COMPLETED	121	121	03:12.284		1	16Gn	2026-10-02T09:43:24	2026-10-02T09:45:25	mjolnircomp15fl	366541824
45814550	prodigal	cmag_516	74e05862-a704-4e35-b0df-b1fe07bc87d6	COMPLETED	7	7	00:04.133		1	1564Mn	2026-10-02T10:01:33	2026-10-02T10:01:40	mjolnirgpu03fl	809984
45814551	prodigal	cmag_444	74e05862-a704-4e35-b0df-b1fe07bc87d6	COMPLETED	8	8	00:04.895		1	1975Mn	2026-10-02T10:01:33	2026-10-02T10:01:41	mjolnirgpu03fl	820224
45814552	prodigal	cmag_618	74e05862-a704-4e35-b0df-b1fe07bc87d6	COMPLETED	7	7	00:04.353		1	1846Mn	2026-10-02T10:01:33	2026-10-02T10:01:40	mjolnirgpu03fl	817152
45814553	prodigal	cmag_723	74e05862-a704-4e35-b0df-b1fe07bc87d6	COMPLETED	10	10	00:06.704		1	2819Mn	2026-10-02T10:02:03	2026-10-02T10:02:13	mjolnirgpu03fl	818176
45814554	prodigal	cmag_162	74e05862-a704-4e35-b0df-b1fe07bc87d6	COMPLETED	11	11	00:07.514		1	4799Mn	2026-10-02T10:02:03	2026-10-02T10:02:14	mjolnirgpu03fl	817152
45814555	ncbifam	cmag_625	74e05862-a704-4e35-b0df-b1fe07bc87d6	COMPLETED	1143	1143	33:25.991		1	16Gn	2026-10-02T09:43:24	2026-10-02T10:02:27	mjolnirgpu01fl	490057728
45814556	kegg	cmag_574	74e05862-a704-4e35-b0df-b1fe07bc87d6	COMPLETED	1064	1064	30:47.888		1	8Gn	2026-10-02T09:43:24	2026-10-02T10:01:08	mjolnircomp16fl	1018144768
45814557	prodigal	cmag_497	74e05862-a704-4e35-b0df-b1fe07bc87d6	COMPLETED	7	7	00:04.055		1	1260Mn	2026-10-02T10:02:03	2026-10-02T10:02:10	mjolnirgpu03fl	817152
45814558	prodigal	cmag_262	74e05862-a704-4e35-b0df-b1fe07bc87d6	COMPLETED	9	9	00:05.759		1	3012Mn	2026-10-02T10:02:03	2026-10-02T10:02:12	mjolnirgpu03fl	819200
45814559	prodigal	cmag_199	74e05862-a704-4e35-b0df-b1fe07bc87d6	COMPLETED	7	7	00:03.619		1	1658Mn	2026-10-02T10:02:03	2026-10-02T10:02:10	mjolnirgpu03fl	816128
45814560	prodigal	cmag_588	74e05862-a704-4e35-b0df-b1fe07bc87d6	COMPLETED	8	8	00:04.767		1	2215Mn	2026-10-02T10:02:03	2026-10-02T10:02:11	mjolnirgpu03fl	814080
45814561	prodigal	cmag_205	74e05862-a704-4e35-b0df-b1fe07bc87d6	COMPLETED	8	8	00:04.206		1	1668Mn	2026-10-02T10:02:33	2026-10-02T10:02:41	mjolnirgpu03fl	815104
45814562	prodigal	cmag_620	74e05862-a704-4e35-b0df-b1fe07bc87d6	COMPLETED	7	7	00:03.514		1	1Gn	2026-10-02T10:02:33	2026-10-02T10:02:40	mjolnirgpu03fl	818176
45814563	prodigal	cmag_268	74e05862-a704-4e35-b0df-b1fe07bc87d6	COMPLETED	10	10	00:06.110		1	3171Mn	2026-10-02T10:02:33	2026-10-02T10:02:43	mjolnirgpu03fl	817152
45814564	kegg	cmag_426	74e05862-a704-4e35-b0df-b1fe07bc87d6	COMPLETED	4144	4144	01:54:52		1	8319Mn	2026-10-02T09:43:24	2026-10-02T10:52:28	mjolnirgpu02fl	989433856
45814565	prodigal	cmag_226	74e05862-a704-4e35-b0df-b1fe07bc87d6	COMPLETED	8	8	00:05.122		1	2014Mn	2026-10-02T10:02:33	2026-10-02T10:02:41	mjolnirgpu03fl	819200
45814566	prodigal	cmag_306	74e05862-a704-4e35-b0df-b1fe07bc87d6	COMPLETED	9	9	00:05.289		1	2024Mn	2026-10-02T10:02:33	2026-10-02T10:02:42	mjolnirgpu03fl	818176
45814573	prodigal	cmag_148	74e05862-a704-4e35-b0df-b1fe07bc87d6	COMPLETED	7	7	00:05.160		1	2289Mn	2026-10-02T10:03:04	2026-10-02T10:03:11	mjolnirgpu03fl	818176
45814574	tigrfam	cmag_449	74e05862-a704-4e35-b0df-b1fe07bc87d6	COMPLETED	84	84	02:10.943		1	16Gn	2026-10-02T09:43:54	2026-10-02T09:45:18	mjolnircomp07fl	372864000
45814575	tigrfam	cmag_050	74e05862-a704-4e35-b0df-b1fe07bc87d6	COMPLETED	289	289	07:36.566		1	16Gn	2026-10-02T09:43:54	2026-10-02T09:48:43	mjolnircomp08fl	348564480
45814576	tigrfam	cmag_493	74e05862-a704-4e35-b0df-b1fe07bc87d6	COMPLETED	156	156	04:07.281		1	16Gn	2026-10-02T09:43:54	2026-10-02T09:46:30	mjolnircomp09fl	407649280
45814577	cazy	cmag_465	74e05862-a704-4e35-b0df-b1fe07bc87d6	COMPLETED	20	20	00:14.989		1	8Gn	2026-10-02T10:03:04	2026-10-02T10:03:24	mjolnirgpu03fl	818176
45814578	prodigal	cmag_774	74e05862-a704-4e35-b0df-b1fe07bc87d6	COMPLETED	9	9	00:07.420		1	4372Mn	2026-10-02T10:03:04	2026-10-02T10:03:13	mjolnirgpu03fl	820224
45814579	kegg	cmag_059	74e05862-a704-4e35-b0df-b1fe07bc87d6	COMPLETED	1631	1631	47:34.871		1	8Gn	2026-10-02T09:43:54	2026-10-02T10:11:05	mjolnircomp04fl	927945728
45814580	kegg	cmag_694	74e05862-a704-4e35-b0df-b1fe07bc87d6	COMPLETED	2442	2442	01:10:59		1	8Gn	2026-10-02T09:43:54	2026-10-02T10:24:36	mjolnircomp05fl	1072315392
45814581	prodigal	cmag_270	74e05862-a704-4e35-b0df-b1fe07bc87d6	COMPLETED	6	6	00:04.421		1	1971Mn	2026-10-02T10:03:04	2026-10-02T10:03:10	mjolnirgpu03fl	814080
45814582	prodigal	cmag_026	74e05862-a704-4e35-b0df-b1fe07bc87d6	COMPLETED	16	16	00:05.755		1	3161Mn	2026-10-02T10:03:34	2026-10-02T10:03:50	mjolnircomp17fl	1159168
45814583	prodigal	cmag_762	74e05862-a704-4e35-b0df-b1fe07bc87d6	COMPLETED	7	7	00:04.049		1	1913Mn	2026-10-02T10:03:34	2026-10-02T10:03:41	mjolnirgpu03fl	821248
45814584	kegg	cmag_757	74e05862-a704-4e35-b0df-b1fe07bc87d6	COMPLETED	1003	1003	30:22.564		1	8Gn	2026-10-02T09:43:54	2026-10-02T10:00:37	mjolnircomp12fl	1186369536
45814591	kegg	cmag_192	74e05862-a704-4e35-b0df-b1fe07bc87d6	COMPLETED	1065	1065	29:45.279		1	8Gn	2026-10-02T09:44:55	2026-10-02T10:02:40	mjolnircomp17fl	569491456
45814592	prodigal	cmag_403	74e05862-a704-4e35-b0df-b1fe07bc87d6	COMPLETED	10	10	00:06.865		1	3213Mn	2026-10-02T10:03:34	2026-10-02T10:03:44	mjolnirgpu03fl	819200
45814593	prodigal	cmag_601	74e05862-a704-4e35-b0df-b1fe07bc87d6	COMPLETED	9	9	00:06.134		1	3146Mn	2026-10-02T10:03:34	2026-10-02T10:03:43	mjolnirgpu03fl	817152
45814594	prodigal	cmag_007	74e05862-a704-4e35-b0df-b1fe07bc87d6	COMPLETED	18	18	00:06.538		1	2845Mn	2026-10-02T10:04:04	2026-10-02T10:04:22	mjolnircomp17fl	1153024
45814595	prodigal	cmag_732	74e05862-a704-4e35-b0df-b1fe07bc87d6	COMPLETED	10	10	00:07.263		1	3982Mn	2026-10-02T10:04:04	2026-10-02T10:04:14	mjolnirgpu03fl	816128
45814599	prodigal	cmag_653	74e05862-a704-4e35-b0df-b1fe07bc87d6	COMPLETED	7	7	00:04.267		1	1485Mn	2026-10-02T10:04:04	2026-10-02T10:04:11	mjolnirgpu03fl	820224
45814600	tigrfam	cmag_190	74e05862-a704-4e35-b0df-b1fe07bc87d6	COMPLETED	183	183	04:52.612		1	16Gn	2026-10-02T09:45:25	2026-10-02T09:48:28	mjolnircomp07fl	397968384
45814601	tigrfam	cmag_577	74e05862-a704-4e35-b0df-b1fe07bc87d6	COMPLETED	232	232	06:19.797		1	16Gn	2026-10-02T09:45:25	2026-10-02T09:49:17	mjolnircomp15fl	398734336
45814602	tigrfam	cmag_507	74e05862-a704-4e35-b0df-b1fe07bc87d6	COMPLETED	131	131	03:28.089		1	16Gn	2026-10-02T09:46:56	2026-10-02T09:49:07	mjolnircomp09fl	365382656
45814603	tigrfam	cmag_239	74e05862-a704-4e35-b0df-b1fe07bc87d6	COMPLETED	153	153	03:38.914		1	16Gn	2026-10-02T09:45:25	2026-10-02T09:47:58	mjolnirgpu03fl	311753728
45814604	prodigal	cmag_778	74e05862-a704-4e35-b0df-b1fe07bc87d6	COMPLETED	9	9	00:05.888		1	3246Mn	2026-10-02T10:04:34	2026-10-02T10:04:43	mjolnirgpu03fl	819200
45814609	prodigal	cmag_070	74e05862-a704-4e35-b0df-b1fe07bc87d6	COMPLETED	14	14	00:03.976		1	1375Mn	2026-10-02T10:04:34	2026-10-02T10:04:48	mjolnircomp17fl	1157120
45814610	prodigal	cmag_639	74e05862-a704-4e35-b0df-b1fe07bc87d6	COMPLETED	25	25	00:13.731		1	4175Mn	2026-10-02T10:05:05	2026-10-02T10:05:30	mjolnircomp17fl	1152000
45814611	prodigal	cmag_469	74e05862-a704-4e35-b0df-b1fe07bc87d6	COMPLETED	12	12	00:08.948		1	5600Mn	2026-10-02T09:45:55	2026-10-02T09:46:07	mjolnirgpu03fl	830464
45814612	prodigal	cmag_602	74e05862-a704-4e35-b0df-b1fe07bc87d6	COMPLETED	17	17	00:06.653		1	2880Mn	2026-10-02T10:05:35	2026-10-02T10:05:52	mjolnircomp17fl	1154048
45814617	prodigal	cmag_233	74e05862-a704-4e35-b0df-b1fe07bc87d6	COMPLETED	6	6	00:02.735		1	1484Mn	2026-10-02T10:10:37	2026-10-02T10:10:43	mjolnircomp01fl	850944
45814618	ncbifam	cmag_016	74e05862-a704-4e35-b0df-b1fe07bc87d6	COMPLETED	529	529	15:20.425		1	16Gn	2026-10-02T09:48:57	2026-10-02T09:57:46	mjolnircomp07fl	514154496
45814619	prodigal	cmag_605	74e05862-a704-4e35-b0df-b1fe07bc87d6	COMPLETED	10	10	00:06.547		1	3315Mn	2026-10-02T10:11:07	2026-10-02T10:11:17	mjolnirgpu03fl	819200
45814620	prodigal	cmag_149	74e05862-a704-4e35-b0df-b1fe07bc87d6	COMPLETED	7	7	00:04.011		1	1592Mn	2026-10-02T10:11:07	2026-10-02T10:11:14	mjolnirgpu03fl	819200
45814624	cazy	cmag_563	74e05862-a704-4e35-b0df-b1fe07bc87d6	COMPLETED	29	29	00:23.766		1	8Gn	2026-10-02T10:11:38	2026-10-02T10:12:07	mjolnirgpu03fl	809984
45814625	tigrfam	cmag_675	74e05862-a704-4e35-b0df-b1fe07bc87d6	COMPLETED	256	256	06:35.274		1	16Gn	2026-10-02T09:48:57	2026-10-02T09:53:13	mjolnircomp08fl	328696832
45814626	ncbifam	cmag_493	74e05862-a704-4e35-b0df-b1fe07bc87d6	COMPLETED	648	648	18:14.941		1	16Gn	2026-10-02T09:49:27	2026-10-02T10:00:15	mjolnircomp09fl	508306432
45814627	prodigal	cmag_032	74e05862-a704-4e35-b0df-b1fe07bc87d6	COMPLETED	6	6	00:03.779		1	1522Mn	2026-10-02T10:11:38	2026-10-02T10:11:44	mjolnirgpu03fl	820224
45814634	kegg	cmag_737	74e05862-a704-4e35-b0df-b1fe07bc87d6	COMPLETED	2749	2749	01:23:27		1	8Gn	2026-10-02T09:50:58	2026-10-02T10:36:47	mjolnirgpu01fl	1185243136
45814635	cazy	cmag_532	74e05862-a704-4e35-b0df-b1fe07bc87d6	COMPLETED	17	17	00:11.932		1	8Gn	2026-10-02T10:12:08	2026-10-02T10:12:25	mjolnirgpu03fl	807936
45814636	prodigal	cmag_116	74e05862-a704-4e35-b0df-b1fe07bc87d6	COMPLETED	6	6	00:03.285		1	1Gn	2026-10-02T10:12:08	2026-10-02T10:12:14	mjolnirgpu03fl	822272
45814637	ncbifam	cmag_507	74e05862-a704-4e35-b0df-b1fe07bc87d6	COMPLETED	501	501	14:29.314		1	16Gn	2026-10-02T09:52:29	2026-10-02T10:00:50	mjolnircomp11fl	358784000
45814638	kegg	cmag_502	74e05862-a704-4e35-b0df-b1fe07bc87d6	COMPLETED	3440	3440	01:37:36		1	8Gn	2026-10-02T09:52:59	2026-10-02T10:50:19	mjolnircomp17fl	827622400
45814639	prodigal	cmag_034	74e05862-a704-4e35-b0df-b1fe07bc87d6	COMPLETED	9	9	00:06.555		1	3102Mn	2026-10-02T10:12:38	2026-10-02T10:12:47	mjolnirgpu03fl	811008
45814644	prodigal	cmag_503	74e05862-a704-4e35-b0df-b1fe07bc87d6	COMPLETED	11	11	00:08.240		1	2585Mn	2026-10-02T10:12:38	2026-10-02T10:12:49	mjolnirgpu03fl	820224
45814645	prodigal	cmag_278	74e05862-a704-4e35-b0df-b1fe07bc87d6	COMPLETED	9	9	00:05.629		1	2950Mn	2026-10-02T10:13:08	2026-10-02T10:13:17	mjolnirgpu03fl	821248
45814646	prodigal	cmag_494	74e05862-a704-4e35-b0df-b1fe07bc87d6	COMPLETED	9	9	00:05.923		1	3338Mn	2026-10-02T10:13:08	2026-10-02T10:13:17	mjolnirgpu03fl	820224
45814647	prodigal	cmag_077	74e05862-a704-4e35-b0df-b1fe07bc87d6	COMPLETED	33	33	00:29.856		1	6326Mn	2026-10-02T09:48:57	2026-10-02T09:49:30	mjolnircomp05fl	78346240
45814648	ncbifam	cmag_409	74e05862-a704-4e35-b0df-b1fe07bc87d6	COMPLETED	1415	1415	40:18.865		1	16Gn	2026-10-02T09:55:00	2026-10-02T10:18:35	mjolnircomp06fl	442259456
45814649	ncbifam	cmag_474	74e05862-a704-4e35-b0df-b1fe07bc87d6	COMPLETED	704	704	19:44.411		1	16Gn	2026-10-02T09:48:57	2026-10-02T10:00:41	mjolnircomp05fl	427539456
45814650	prodigal	cmag_720	74e05862-a704-4e35-b0df-b1fe07bc87d6	COMPLETED	9	9	00:05.072		1	2255Mn	2026-10-02T10:13:08	2026-10-02T10:13:17	mjolnirgpu03fl	819200
45814651	tigrfam	cmag_087	74e05862-a704-4e35-b0df-b1fe07bc87d6	COMPLETED	208	208	05:36.264		1	16Gn	2026-10-02T09:58:02	2026-10-02T10:01:30	mjolnircomp07fl	421549056
45814652	ncbifam	cmag_368	74e05862-a704-4e35-b0df-b1fe07bc87d6	COMPLETED	741	741	21:42.585		1	16Gn	2026-10-02T10:00:33	2026-10-02T10:12:54	mjolnircomp11fl	388210688
45814657	pfam	cmag_271	74e05862-a704-4e35-b0df-b1fe07bc87d6	COMPLETED	1511	1511	39:35.665		1	8Gn	2026-10-02T09:49:27	2026-10-02T10:14:38	mjolnirgpu03fl	233670656
45814658	prodigal	cmag_731	74e05862-a704-4e35-b0df-b1fe07bc87d6	COMPLETED	18	18	00:05.618		1	3148Mn	2026-10-02T10:13:08	2026-10-02T10:13:26	mjolnircomp17fl	1150976
45814659	prodigal	cmag_700	74e05862-a704-4e35-b0df-b1fe07bc87d6	COMPLETED	17	17	00:04.744		1	2835Mn	2026-10-02T10:13:08	2026-10-02T10:13:25	mjolnircomp17fl	1150976
45814660	prodigal	cmag_298	74e05862-a704-4e35-b0df-b1fe07bc87d6	COMPLETED	19	19	00:07.069		1	4286Mn	2026-10-02T10:13:08	2026-10-02T10:13:27	mjolnircomp17fl	1143808
45814661	ncbifam	cmag_431	74e05862-a704-4e35-b0df-b1fe07bc87d6	COMPLETED	732	732	21:00.352		1	16Gn	2026-10-02T10:00:33	2026-10-02T10:12:45	mjolnircomp09fl	485219328
45814662	pfam	cmag_574	74e05862-a704-4e35-b0df-b1fe07bc87d6	COMPLETED	745	745	19:16.641		1	8Gn	2026-10-02T09:49:27	2026-10-02T10:01:52	mjolnirgpu03fl	193395712
45814663	pfam	cmag_819	74e05862-a704-4e35-b0df-b1fe07bc87d6	COMPLETED	746	746	19:09.315		1	8Gn	2026-10-02T09:49:27	2026-10-02T10:01:53	mjolnirgpu03fl	193091584
45814664	pfam	cmag_726	74e05862-a704-4e35-b0df-b1fe07bc87d6	COMPLETED	731	731	19:03.798		1	8Gn	2026-10-02T09:49:27	2026-10-02T10:01:38	mjolnirgpu03fl	192988160
45814665	ncbifam	cmag_236	74e05862-a704-4e35-b0df-b1fe07bc87d6	COMPLETED	608	608	17:35.044		1	16Gn	2026-10-02T10:00:33	2026-10-02T10:10:41	mjolnircomp09fl	395820032
45814666	prodigal	cmag_380	74e05862-a704-4e35-b0df-b1fe07bc87d6	COMPLETED	16	16	00:04.318		1	2011Mn	2026-10-02T10:13:08	2026-10-02T10:13:24	mjolnircomp17fl	1144832
45814667	prodigal	cmag_649	74e05862-a704-4e35-b0df-b1fe07bc87d6	COMPLETED	14	14	00:04.191		1	1325Mn	2026-10-02T10:13:39	2026-10-02T10:13:53	mjolnircomp17fl	1144832
45814668	ncbifam	cmag_789	74e05862-a704-4e35-b0df-b1fe07bc87d6	COMPLETED	922	922	27:18.567		1	16Gn	2026-10-02T10:01:33	2026-10-02T10:16:55	mjolnircomp07fl	435135488
45814669	ncbifam	cmag_114	74e05862-a704-4e35-b0df-b1fe07bc87d6	COMPLETED	576	576	16:49.809		1	16Gn	2026-10-02T10:01:03	2026-10-02T10:10:39	mjolnircomp11fl	438719488
45814670	prodigal	cmag_197	74e05862-a704-4e35-b0df-b1fe07bc87d6	COMPLETED	15	15	00:04.988		1	3004Mn	2026-10-02T10:13:39	2026-10-02T10:13:54	mjolnircomp17fl	1145856
45814671	prodigal	cmag_349	74e05862-a704-4e35-b0df-b1fe07bc87d6	COMPLETED	9	9	00:06.604		1	4123Mn	2026-10-02T10:13:39	2026-10-02T10:13:48	mjolnirgpu03fl	820224
45814672	pfam	cmag_350	74e05862-a704-4e35-b0df-b1fe07bc87d6	COMPLETED	404	404	10:16.476		1	8Gn	2026-10-02T10:13:39	2026-10-02T10:20:23	mjolnirgpu03fl	188147712
45814673	pfam	cmag_474	74e05862-a704-4e35-b0df-b1fe07bc87d6	COMPLETED	650	650	16:42.607		1	8Gn	2026-10-02T09:49:27	2026-10-02T10:00:17	mjolnirgpu03fl	212034560
45814674	pfam	cmag_409	74e05862-a704-4e35-b0df-b1fe07bc87d6	COMPLETED	994	994	27:49.524		1	8Gn	2026-10-02T09:49:27	2026-10-02T10:06:01	mjolnircomp12fl	214902784
45814675	pfam	cmag_549	74e05862-a704-4e35-b0df-b1fe07bc87d6	COMPLETED	784	784	20:34.293		1	8Gn	2026-10-02T09:49:27	2026-10-02T10:02:31	mjolnirgpu03fl	199811072
45814676	prodigal	cmag_113	74e05862-a704-4e35-b0df-b1fe07bc87d6	COMPLETED	14	14	00:04.659		1	2196Mn	2026-10-02T10:13:39	2026-10-02T10:13:53	mjolnircomp17fl	1143808
45814677	pfam	cmag_381	74e05862-a704-4e35-b0df-b1fe07bc87d6	COMPLETED	884	884	21:14.834		1	8Gn	2026-10-02T09:49:27	2026-10-02T10:04:11	mjolnirgpu03fl	216899584
45814679	pfam	cmag_747	74e05862-a704-4e35-b0df-b1fe07bc87d6	COMPLETED	694	694	19:03.815		1	8Gn	2026-10-02T09:49:58	2026-10-02T10:01:32	mjolnircomp05fl	263956480
45814680	prodigal	cmag_174	74e05862-a704-4e35-b0df-b1fe07bc87d6	COMPLETED	6	6	00:03.792		1	1543Mn	2026-10-02T10:13:39	2026-10-02T10:13:45	mjolnirgpu03fl	820224
45814682	prodigal	cmag_331	74e05862-a704-4e35-b0df-b1fe07bc87d6	COMPLETED	8	8	00:04.996		1	2408Mn	2026-10-02T10:14:09	2026-10-02T10:14:17	mjolnirgpu03fl	822272
45814686	cazy	cmag_044	74e05862-a704-4e35-b0df-b1fe07bc87d6	COMPLETED	21	21	00:16.661		1	8Gn	2026-10-02T10:14:39	2026-10-02T10:15:00	mjolnirgpu03fl	818176
45814687	prodigal	cmag_553	74e05862-a704-4e35-b0df-b1fe07bc87d6	COMPLETED	7	7	00:04.583		1	2100Mn	2026-10-02T10:14:39	2026-10-02T10:14:46	mjolnirgpu03fl	813056
45814688	prodigal	cmag_545	74e05862-a704-4e35-b0df-b1fe07bc87d6	COMPLETED	9	9	00:05.985		1	2779Mn	2026-10-02T10:15:09	2026-10-02T10:15:18	mjolnirgpu03fl	815104
45814689	prodigal	cmag_024	74e05862-a704-4e35-b0df-b1fe07bc87d6	COMPLETED	10	10	00:06.938		1	3490Mn	2026-10-02T10:15:09	2026-10-02T10:15:19	mjolnirgpu03fl	818176
45814695	prodigal	cmag_662	74e05862-a704-4e35-b0df-b1fe07bc87d6	COMPLETED	7	7	00:04.281		1	1271Mn	2026-10-02T10:15:09	2026-10-02T10:15:16	mjolnirgpu03fl	819200
45814696	prodigal	cmag_460	74e05862-a704-4e35-b0df-b1fe07bc87d6	COMPLETED	6	6	00:04.183		1	3004Mn	2026-10-02T10:15:40	2026-10-02T10:15:46	mjolnircomp12fl	822272
45814697	cazy	cmag_800	74e05862-a704-4e35-b0df-b1fe07bc87d6	COMPLETED	18	18	00:12.679		1	8Gn	2026-10-02T10:15:40	2026-10-02T10:15:58	mjolnircomp12fl	821248
45814698	pfam	cmag_260	74e05862-a704-4e35-b0df-b1fe07bc87d6	COMPLETED	925	925	24:28.077		1	8Gn	2026-10-02T09:52:59	2026-10-02T10:08:24	mjolnircomp01fl	238466048
45814699	cazy	cmag_655	74e05862-a704-4e35-b0df-b1fe07bc87d6	COMPLETED	17	17	00:13.335		1	8Gn	2026-10-02T10:15:40	2026-10-02T10:15:57	mjolnirgpu03fl	816128
45814700	cazy	cmag_449	74e05862-a704-4e35-b0df-b1fe07bc87d6	COMPLETED	17	17	00:13.448		1	8Gn	2026-10-02T10:15:40	2026-10-02T10:15:57	mjolnirgpu03fl	816128
45814701	prodigal	cmag_513	74e05862-a704-4e35-b0df-b1fe07bc87d6	COMPLETED	7	7	00:04.599		1	1920Mn	2026-10-02T10:15:40	2026-10-02T10:15:47	mjolnirgpu03fl	820224
45814704	tigrfam	cmag_077	74e05862-a704-4e35-b0df-b1fe07bc87d6	COMPLETED	386	386	10:17.980		1	17145Mn	2026-10-02T10:02:33	2026-10-02T10:08:59	mjolnirgpu01fl	381403136
45814717	kegg	cmag_239	74e05862-a704-4e35-b0df-b1fe07bc87d6	COMPLETED	1629	1629	43:51.860		1	8Gn	2026-10-02T10:00:33	2026-10-02T10:27:42	mjolnirgpu03fl	674330624
45814718	prodigal	cmag_813	74e05862-a704-4e35-b0df-b1fe07bc87d6	COMPLETED	9	9	00:06.252		1	2801Mn	2026-10-02T10:16:10	2026-10-02T10:16:19	mjolnirgpu03fl	819200
45814724	prodigal	cmag_316	74e05862-a704-4e35-b0df-b1fe07bc87d6	COMPLETED	7	7	00:03.831		1	1122Mn	2026-10-02T10:16:40	2026-10-02T10:16:47	mjolnirgpu03fl	820224
45814739	kegg	cmag_507	74e05862-a704-4e35-b0df-b1fe07bc87d6	COMPLETED	1206	1206	35:04.598		1	8Gn	2026-10-02T10:01:03	2026-10-02T10:21:09	mjolnircomp04fl	847458304
45814740	prodigal	cmag_576	74e05862-a704-4e35-b0df-b1fe07bc87d6	COMPLETED	8	8	00:05.654		1	2550Mn	2026-10-02T10:17:41	2026-10-02T10:17:49	mjolnirgpu03fl	822272
45814741	ncbifam	cmag_459	74e05862-a704-4e35-b0df-b1fe07bc87d6	COMPLETED	851	851	24:10.749		1	16Gn	2026-10-02T10:03:04	2026-10-02T10:17:15	mjolnircomp06fl	340847616
45814742	prodigal	cmag_004	74e05862-a704-4e35-b0df-b1fe07bc87d6	COMPLETED	15	15	00:04.072		1	1426Mn	2026-10-02T10:16:40	2026-10-02T10:16:55	mjolnircomp17fl	1157120
45814743	ncbifam	cmag_740	74e05862-a704-4e35-b0df-b1fe07bc87d6	COMPLETED	751	751	21:38.996		1	16Gn	2026-10-02T10:04:34	2026-10-02T10:17:05	mjolnircomp02fl	484705280
45814747	prodigal	cmag_564	74e05862-a704-4e35-b0df-b1fe07bc87d6	COMPLETED	9	9	00:07.057		1	3323Mn	2026-10-02T10:17:41	2026-10-02T10:17:50	mjolnirgpu03fl	820224
45814748	pfam	cmag_550	74e05862-a704-4e35-b0df-b1fe07bc87d6	COMPLETED	1134	1134	29:33.610		1	8Gn	2026-10-02T10:02:03	2026-10-02T10:20:57	mjolnirgpu03fl	202533888
45814749	pfam	cmag_721	74e05862-a704-4e35-b0df-b1fe07bc87d6	COMPLETED	1590	1590	43:09.150		1	8Gn	2026-10-02T10:02:03	2026-10-02T10:28:33	mjolnircomp05fl	233656320
45814750	pfam	cmag_740	74e05862-a704-4e35-b0df-b1fe07bc87d6	COMPLETED	1206	1206	31:25.748		1	8Gn	2026-10-02T10:04:34	2026-10-02T10:24:40	mjolnirgpu03fl	226952192
45814751	pfam	cmag_185	74e05862-a704-4e35-b0df-b1fe07bc87d6	COMPLETED	1353	1353	35:38.961		1	8Gn	2026-10-02T10:04:34	2026-10-02T10:27:07	mjolnirgpu03fl	219167744
45814752	prodigal	cmag_309	74e05862-a704-4e35-b0df-b1fe07bc87d6	COMPLETED	9	9	00:06.582		1	3167Mn	2026-10-02T10:19:42	2026-10-02T10:19:51	mjolnirgpu03fl	819200
45814753	prodigal	cmag_168	74e05862-a704-4e35-b0df-b1fe07bc87d6	COMPLETED	8	8	00:05.780		1	3156Mn	2026-10-02T10:19:42	2026-10-02T10:19:50	mjolnirgpu03fl	819200
45814756	prodigal	cmag_487	74e05862-a704-4e35-b0df-b1fe07bc87d6	COMPLETED	8	8	00:05.359		1	2260Mn	2026-10-02T10:20:12	2026-10-02T10:20:20	mjolnirgpu03fl	819200
45814757	cazy	cmag_550	74e05862-a704-4e35-b0df-b1fe07bc87d6	COMPLETED	25	25	00:20.268		1	8Gn	2026-10-02T10:21:43	2026-10-02T10:22:08	mjolnirgpu03fl	820224
45814758	cazy	cmag_721	74e05862-a704-4e35-b0df-b1fe07bc87d6	COMPLETED	25	25	00:20.101		1	8Gn	2026-10-02T10:21:43	2026-10-02T10:22:08	mjolnirgpu03fl	823296
45814759	pfam	cmag_199	74e05862-a704-4e35-b0df-b1fe07bc87d6	COMPLETED	844	844	23:42.846		1	8Gn	2026-10-02T10:02:33	2026-10-02T10:16:37	mjolnircomp17fl	188082176
45814760	cazy	cmag_260	74e05862-a704-4e35-b0df-b1fe07bc87d6	COMPLETED	23	23	00:18.316		1	8Gn	2026-10-02T10:21:43	2026-10-02T10:22:06	mjolnirgpu03fl	823296
45814761	cazy	cmag_740	74e05862-a704-4e35-b0df-b1fe07bc87d6	COMPLETED	24	24	00:19.478		1	8Gn	2026-10-02T10:22:13	2026-10-02T10:22:37	mjolnirgpu03fl	818176
45814762	cazy	cmag_185	74e05862-a704-4e35-b0df-b1fe07bc87d6	COMPLETED	52	52	00:25.386		1	8Gn	2026-10-02T10:02:33	2026-10-02T10:03:25	mjolnircomp17fl	291537920
45814763	pfam	cmag_497	74e05862-a704-4e35-b0df-b1fe07bc87d6	COMPLETED	499	499	12:43.879		1	8Gn	2026-10-02T10:02:33	2026-10-02T10:10:52	mjolnirgpu03fl	291458048
45814764	pfam	cmag_262	74e05862-a704-4e35-b0df-b1fe07bc87d6	COMPLETED	1448	1448	38:00.799		1	8Gn	2026-10-02T10:02:33	2026-10-02T10:26:41	mjolnirgpu03fl	238811136
45814765	kegg	cmag_263	74e05862-a704-4e35-b0df-b1fe07bc87d6	COMPLETED	1116	1116	30:51.657		1	8Gn	2026-10-02T10:02:33	2026-10-02T10:21:09	mjolnirgpu03fl	795446272
45814766	kegg	cmag_800	74e05862-a704-4e35-b0df-b1fe07bc87d6	COMPLETED	2781	2781	01:19:21		1	8Gn	2026-10-02T10:03:34	2026-10-02T10:49:55	mjolnircomp05fl	1004402688
45814767	prodigal	cmag_341	74e05862-a704-4e35-b0df-b1fe07bc87d6	COMPLETED	8	8	00:05.488		1	2725Mn	2026-10-02T10:22:13	2026-10-02T10:22:21	mjolnirgpu03fl	816128
45814768	prodigal	cmag_824	74e05862-a704-4e35-b0df-b1fe07bc87d6	COMPLETED	9	9	00:06.667		1	3780Mn	2026-10-02T10:22:13	2026-10-02T10:22:22	mjolnirgpu03fl	824320
45814771	kegg	cmag_747	74e05862-a704-4e35-b0df-b1fe07bc87d6	COMPLETED	1040	1040	28:33.369		1	8Gn	2026-10-02T10:03:04	2026-10-02T10:20:24	mjolnirgpu03fl	893082624
45814772	cazy	cmag_637	74e05862-a704-4e35-b0df-b1fe07bc87d6	COMPLETED	31	31	00:26.001		1	8Gn	2026-10-02T10:22:13	2026-10-02T10:22:44	mjolnirgpu03fl	78137344
45814773	pfam	cmag_784	74e05862-a704-4e35-b0df-b1fe07bc87d6	COMPLETED	1431	1431	39:37.477		1	8Gn	2026-10-02T10:06:35	2026-10-02T10:30:26	mjolnircomp17fl	194493440
45814774	cazy	cmag_726	74e05862-a704-4e35-b0df-b1fe07bc87d6	COMPLETED	19	19	00:14.750		1	8Gn	2026-10-02T10:22:13	2026-10-02T10:22:32	mjolnirgpu03fl	822272
45814775	pfam	cmag_128	74e05862-a704-4e35-b0df-b1fe07bc87d6	COMPLETED	1762	1762	49:10.904		1	8Gn	2026-10-02T10:09:07	2026-10-02T10:38:29	mjolnircomp17fl	295678976
45814776	cazy	cmag_819	74e05862-a704-4e35-b0df-b1fe07bc87d6	COMPLETED	19	19	00:13.922		1	8Gn	2026-10-02T10:22:43	2026-10-02T10:23:02	mjolnirgpu03fl	824320
45814777	prodigal	cmag_680	74e05862-a704-4e35-b0df-b1fe07bc87d6	COMPLETED	8	8	00:04.808		1	2089Mn	2026-10-02T10:22:43	2026-10-02T10:22:51	mjolnirgpu03fl	827392
45814778	prodigal	cmag_307	74e05862-a704-4e35-b0df-b1fe07bc87d6	COMPLETED	15	15	00:04.241		1	1555Mn	2026-10-02T10:17:10	2026-10-02T10:17:25	mjolnircomp17fl	1158144
45814783	prodigal	cmag_344	74e05862-a704-4e35-b0df-b1fe07bc87d6	COMPLETED	10	10	00:06.577		1	3648Mn	2026-10-02T10:22:43	2026-10-02T10:22:53	mjolnirgpu03fl	823296
45814784	prodigal	cmag_539	74e05862-a704-4e35-b0df-b1fe07bc87d6	COMPLETED	8	8	00:04.813		1	2375Mn	2026-10-02T10:22:43	2026-10-02T10:22:51	mjolnirgpu03fl	823296
45814785	kegg	cmag_449	74e05862-a704-4e35-b0df-b1fe07bc87d6	COMPLETED	1149	1149	31:33.013		1	8Gn	2026-10-02T10:04:04	2026-10-02T10:23:13	mjolnirgpu03fl	713380864
45814786	kegg	cmag_655	74e05862-a704-4e35-b0df-b1fe07bc87d6	COMPLETED	1095	1095	30:10.742		1	8Gn	2026-10-02T10:04:04	2026-10-02T10:22:19	mjolnirgpu03fl	843049984
45814787	cazy	cmag_574	74e05862-a704-4e35-b0df-b1fe07bc87d6	COMPLETED	19	19	00:14.444		1	8Gn	2026-10-02T10:22:43	2026-10-02T10:23:02	mjolnirgpu03fl	822272
45814791	prodigal	cmag_404	74e05862-a704-4e35-b0df-b1fe07bc87d6	COMPLETED	15	15	00:04.633		1	1930Mn	2026-10-02T10:17:41	2026-10-02T10:17:56	mjolnircomp17fl	1157120
45814792	prodigal	cmag_076	74e05862-a704-4e35-b0df-b1fe07bc87d6	COMPLETED	16	16	00:05.832		1	3382Mn	2026-10-02T10:22:43	2026-10-02T10:22:59	mjolnircomp17fl	1152000
45814793	kegg	cmag_260	74e05862-a704-4e35-b0df-b1fe07bc87d6	COMPLETED	1747	1747	50:50.713		1	8Gn	2026-10-02T10:06:05	2026-10-02T10:35:12	mjolnircomp04fl	853273600
45814794	kegg	cmag_740	74e05862-a704-4e35-b0df-b1fe07bc87d6	COMPLETED	2870	2870	01:20:30		1	8Gn	2026-10-02T10:06:05	2026-10-02T10:53:55	mjolnircomp17fl	779506688
45814795	prodigal	cmag_228	74e05862-a704-4e35-b0df-b1fe07bc87d6	COMPLETED	10	10	00:07.758		1	4410Mn	2026-10-02T10:23:14	2026-10-02T10:23:24	mjolnirgpu03fl	823296
45814796	cazy	cmag_262	74e05862-a704-4e35-b0df-b1fe07bc87d6	COMPLETED	23	23	00:18.145		1	8Gn	2026-10-02T10:23:14	2026-10-02T10:23:37	mjolnirgpu03fl	816128
45814797	cazy	cmag_784	74e05862-a704-4e35-b0df-b1fe07bc87d6	COMPLETED	27	27	00:21.665		1	8Gn	2026-10-02T10:23:14	2026-10-02T10:23:41	mjolnirgpu03fl	820224
45814802	tigrfam	cmag_474	74e05862-a704-4e35-b0df-b1fe07bc87d6	COMPLETED	162	162	03:48.112		1	16Gn	2026-10-02T10:06:05	2026-10-02T10:08:47	mjolnircomp17fl	297680896
45814803	prodigal	cmag_702	74e05862-a704-4e35-b0df-b1fe07bc87d6	COMPLETED	9	9	00:06.107		1	2684Mn	2026-10-02T10:23:14	2026-10-02T10:23:23	mjolnirgpu03fl	824320
45814804	tigrfam	cmag_465	74e05862-a704-4e35-b0df-b1fe07bc87d6	COMPLETED	134	134	03:31.219		1	16Gn	2026-10-02T10:11:07	2026-10-02T10:13:21	mjolnircomp09fl	420636672
45814806	prodigal	cmag_715	74e05862-a704-4e35-b0df-b1fe07bc87d6	COMPLETED	17	17	00:06.629		1	3775Mn	2026-10-02T10:23:14	2026-10-02T10:23:31	mjolnircomp17fl	1149952
45814810	tigrfam	cmag_185	74e05862-a704-4e35-b0df-b1fe07bc87d6	COMPLETED	237	237	06:03.604		1	16Gn	2026-10-02T10:11:38	2026-10-02T10:15:35	mjolnircomp01fl	415916032
45814811	prodigal	cmag_452	74e05862-a704-4e35-b0df-b1fe07bc87d6	COMPLETED	10	10	00:06.851		1	3708Mn	2026-10-02T10:23:44	2026-10-02T10:23:54	mjolnirgpu03fl	825344
45814817	prodigal	cmag_235	74e05862-a704-4e35-b0df-b1fe07bc87d6	COMPLETED	10	10	00:06.538		1	3610Mn	2026-10-02T10:23:44	2026-10-02T10:23:54	mjolnirgpu03fl	824320
45814818	tigrfam	cmag_125	74e05862-a704-4e35-b0df-b1fe07bc87d6	COMPLETED	169	169	04:28.748		1	16Gn	2026-10-02T10:13:08	2026-10-02T10:15:57	mjolnircomp09fl	335747072
45814821	cazy	cmag_094	74e05862-a704-4e35-b0df-b1fe07bc87d6	COMPLETED	27	27	00:21.193		1	8Gn	2026-10-02T10:23:44	2026-10-02T10:24:11	mjolnirgpu03fl	819200
45814826	prodigal	cmag_624	74e05862-a704-4e35-b0df-b1fe07bc87d6	COMPLETED	14	14	00:04.335		1	2194Mn	2026-10-02T10:23:44	2026-10-02T10:23:58	mjolnircomp17fl	1146880
45814827	kegg	cmag_789	74e05862-a704-4e35-b0df-b1fe07bc87d6	COMPLETED	2213	2213	01:06:07		1	8Gn	2026-10-02T10:13:08	2026-10-02T10:50:01	mjolnircomp11fl	745793536
45814828	kegg	cmag_550	74e05862-a704-4e35-b0df-b1fe07bc87d6	COMPLETED	1356	1356	39:37.319		1	8Gn	2026-10-02T10:11:07	2026-10-02T10:33:43	mjolnircomp04fl	978117632
45814829	kegg	cmag_721	74e05862-a704-4e35-b0df-b1fe07bc87d6	COMPLETED	3194	3194	01:31:47		1	8Gn	2026-10-02T10:12:08	2026-10-02T11:05:22	mjolnircomp05fl	763272192
45814831	prodigal	cmag_568	74e05862-a704-4e35-b0df-b1fe07bc87d6	COMPLETED	10	10	00:06.531		1	3719Mn	2026-10-02T10:24:14	2026-10-02T10:24:24	mjolnirgpu03fl	825344
45814832	pfam	cmag_778	74e05862-a704-4e35-b0df-b1fe07bc87d6	COMPLETED	1117	1117	31:31.434		1	8Gn	2026-10-02T10:12:38	2026-10-02T10:31:15	mjolnircomp12fl	220301312
45814833	kegg	cmag_459	74e05862-a704-4e35-b0df-b1fe07bc87d6	COMPLETED	1912	1912	52:07.035		1	8Gn	2026-10-02T10:13:08	2026-10-02T10:45:00	mjolnircomp17fl	921284608
45814836	tigrfam	cmag_206	74e05862-a704-4e35-b0df-b1fe07bc87d6	COMPLETED	143	143	03:37.980		1	16Gn	2026-10-02T10:15:40	2026-10-02T10:18:03	mjolnircomp01fl	342274048
45814837	cazy	cmag_199	74e05862-a704-4e35-b0df-b1fe07bc87d6	COMPLETED	18	18	00:13.296		1	8Gn	2026-10-02T10:24:14	2026-10-02T10:24:32	mjolnirgpu03fl	815104
45814838	kegg	cmag_431	74e05862-a704-4e35-b0df-b1fe07bc87d6	COMPLETED	1732	1732	51:07.299		1	8Gn	2026-10-02T10:12:38	2026-10-02T10:41:30	mjolnircomp12fl	747243520
45814841	ncbifam	cmag_690	74e05862-a704-4e35-b0df-b1fe07bc87d6	COMPLETED	510	510	14:42.160		1	16Gn	2026-10-02T10:16:10	2026-10-02T10:24:40	mjolnircomp09fl	363582464
45814842	kegg	cmag_114	74e05862-a704-4e35-b0df-b1fe07bc87d6	COMPLETED	2112	2112	58:15.552		1	8Gn	2026-10-02T10:13:08	2026-10-02T10:48:20	mjolnircomp17fl	961838080
45814843	kegg	cmag_784	74e05862-a704-4e35-b0df-b1fe07bc87d6	COMPLETED	3295	3295	01:34:44		1	8Gn	2026-10-02T10:14:39	2026-10-02T11:09:34	mjolnircomp05fl	771346432
45814844	kegg	cmag_128	74e05862-a704-4e35-b0df-b1fe07bc87d6	COMPLETED	2192	2192	01:05:55		1	8Gn	2026-10-02T10:16:10	2026-10-02T10:52:42	mjolnircomp01fl	851761152
45814845	ncbifam	cmag_297	74e05862-a704-4e35-b0df-b1fe07bc87d6	COMPLETED	565	565	16:29.881		1	16Gn	2026-10-02T10:17:10	2026-10-02T10:26:35	mjolnircomp02fl	383206400
45814848	ncbifam	cmag_131	74e05862-a704-4e35-b0df-b1fe07bc87d6	COMPLETED	421	421	11:15.618		1	16Gn	2026-10-02T10:15:40	2026-10-02T10:22:41	mjolnircomp17fl	447818752
45814849	pfam	cmag_297	74e05862-a704-4e35-b0df-b1fe07bc87d6	COMPLETED	752	752	20:47.443		1	8Gn	2026-10-02T10:15:40	2026-10-02T10:28:12	mjolnircomp12fl	210432000
45814850	prodigal	cmag_579	74e05862-a704-4e35-b0df-b1fe07bc87d6	COMPLETED	14	14	00:03.798		1	1538Mn	2026-10-02T10:18:11	2026-10-02T10:18:25	mjolnircomp17fl	1150976
45814851	tigrfam	cmag_438	74e05862-a704-4e35-b0df-b1fe07bc87d6	COMPLETED	135	135	03:38.188		1	16Gn	2026-10-02T10:17:10	2026-10-02T10:19:25	mjolnircomp07fl	432433152
45814852	prodigal	cmag_719	74e05862-a704-4e35-b0df-b1fe07bc87d6	COMPLETED	18	18	00:14.652		1	5078Mn	2026-10-02T10:24:14	2026-10-02T10:24:32	mjolnirgpu03fl	813056
45814853	prodigal	cmag_289	74e05862-a704-4e35-b0df-b1fe07bc87d6	COMPLETED	9	9	00:06.558		1	2935Mn	2026-10-02T10:24:14	2026-10-02T10:24:23	mjolnirgpu03fl	819200
45814854	prodigal	cmag_542	74e05862-a704-4e35-b0df-b1fe07bc87d6	COMPLETED	17	17	00:05.519		1	3034Mn	2026-10-02T10:24:14	2026-10-02T10:24:31	mjolnircomp17fl	1145856
45814855	prodigal	cmag_374	74e05862-a704-4e35-b0df-b1fe07bc87d6	COMPLETED	10	10	00:06.825		1	3080Mn	2026-10-02T10:24:44	2026-10-02T10:24:54	mjolnirgpu03fl	824320
45814856	prodigal	cmag_252	74e05862-a704-4e35-b0df-b1fe07bc87d6	COMPLETED	10	10	00:05.997		1	3159Mn	2026-10-02T10:24:44	2026-10-02T10:24:54	mjolnirgpu03fl	824320
45814857	cazy	cmag_297	74e05862-a704-4e35-b0df-b1fe07bc87d6	COMPLETED	23	23	00:16.338		1	8Gn	2026-10-02T10:24:44	2026-10-02T10:25:07	mjolnirgpu03fl	820224
45814858	ncbifam	cmag_577	74e05862-a704-4e35-b0df-b1fe07bc87d6	COMPLETED	871	871	25:47.765		1	16Gn	2026-10-02T10:17:10	2026-10-02T10:31:41	mjolnircomp13fl	490501120
45814859	prodigal	cmag_590	74e05862-a704-4e35-b0df-b1fe07bc87d6	COMPLETED	21	21	00:18.762		1	6426Mn	2026-10-02T10:14:39	2026-10-02T10:15:00	mjolnirgpu03fl	819200
45814860	prodigal	cmag_062	74e05862-a704-4e35-b0df-b1fe07bc87d6	COMPLETED	14	14	00:04.462		1	2083Mn	2026-10-02T10:23:44	2026-10-02T10:23:58	mjolnircomp17fl	1149952
45814861	prodigal	cmag_727	74e05862-a704-4e35-b0df-b1fe07bc87d6	COMPLETED	9	9	00:05.333		1	2555Mn	2026-10-02T10:24:44	2026-10-02T10:24:53	mjolnirgpu03fl	825344
45814864	tigrfam	cmag_186	74e05862-a704-4e35-b0df-b1fe07bc87d6	COMPLETED	346	346	09:19.415		1	16Gn	2026-10-02T10:17:41	2026-10-02T10:23:27	mjolnircomp06fl	382088192
45814865	prodigal	cmag_506	74e05862-a704-4e35-b0df-b1fe07bc87d6	COMPLETED	9	9	00:04.795		1	2597Mn	2026-10-02T10:24:44	2026-10-02T10:24:53	mjolnirgpu03fl	821248
45814869	prodigal	cmag_085	74e05862-a704-4e35-b0df-b1fe07bc87d6	COMPLETED	16	16	00:04.082		1	1286Mn	2026-10-02T10:18:41	2026-10-02T10:18:57	mjolnircomp17fl	1149952
45814871	prodigal	cmag_025	74e05862-a704-4e35-b0df-b1fe07bc87d6	COMPLETED	11	11	00:06.804		1	4700Mn	2026-10-02T10:24:44	2026-10-02T10:24:55	mjolnirgpu03fl	815104
45814872	ncbifam	cmag_190	74e05862-a704-4e35-b0df-b1fe07bc87d6	COMPLETED	771	771	21:37.237		1	16Gn	2026-10-02T10:18:11	2026-10-02T10:31:02	mjolnircomp01fl	478859264
45814873	tigrfam	cmag_141	74e05862-a704-4e35-b0df-b1fe07bc87d6	COMPLETED	134	134	03:06.668		1	16Gn	2026-10-02T10:16:40	2026-10-02T10:18:54	mjolnircomp17fl	309506048
45814874	pfam	cmag_503	74e05862-a704-4e35-b0df-b1fe07bc87d6	COMPLETED	732	732	20:32.272		1	8Gn	2026-10-02T10:16:10	2026-10-02T10:28:22	mjolnircomp12fl	238476288
45814875	tigrfam	cmag_189	74e05862-a704-4e35-b0df-b1fe07bc87d6	COMPLETED	97	97	02:28.209		1	16Gn	2026-10-02T10:18:11	2026-10-02T10:19:48	mjolnircomp16fl	332922880
45814879	prodigal	cmag_194	74e05862-a704-4e35-b0df-b1fe07bc87d6	COMPLETED	9	9	00:05.375		1	2546Mn	2026-10-02T10:24:44	2026-10-02T10:24:53	mjolnirgpu03fl	823296
45814881	tigrfam	cmag_381	74e05862-a704-4e35-b0df-b1fe07bc87d6	COMPLETED	225	225	05:52.801		1	16Gn	2026-10-02T10:18:41	2026-10-02T10:22:26	mjolnircomp06fl	332700672
45814882	kegg	cmag_297	74e05862-a704-4e35-b0df-b1fe07bc87d6	COMPLETED	2308	2308	01:02:58		1	8Gn	2026-10-02T10:18:11	2026-10-02T10:56:39	mjolnircomp17fl	736996352
45814883	prodigal	cmag_674	74e05862-a704-4e35-b0df-b1fe07bc87d6	COMPLETED	17	17	00:06.337		1	3090Mn	2026-10-02T10:24:44	2026-10-02T10:25:01	mjolnircomp17fl	1152000
45814884	prodigal	cmag_312	74e05862-a704-4e35-b0df-b1fe07bc87d6	COMPLETED	17	17	00:04.773		1	2496Mn	2026-10-02T10:25:15	2026-10-02T10:25:32	mjolnircomp17fl	1153024
45814885	prodigal	cmag_622	74e05862-a704-4e35-b0df-b1fe07bc87d6	COMPLETED	10	10	00:06.855		1	2998Mn	2026-10-02T10:25:45	2026-10-02T10:25:55	mjolnirgpu03fl	826368
45814886	tigrfam	cmag_368	74e05862-a704-4e35-b0df-b1fe07bc87d6	COMPLETED	171	171	04:40.448		1	16Gn	2026-10-02T10:19:42	2026-10-02T10:22:33	mjolnircomp07fl	414849024
45814889	pfam	cmag_177	74e05862-a704-4e35-b0df-b1fe07bc87d6	COMPLETED	1054	1054	29:28.465		1	8Gn	2026-10-02T10:17:41	2026-10-02T10:35:15	mjolnircomp12fl	223553536
45814890	pfam	cmag_493	74e05862-a704-4e35-b0df-b1fe07bc87d6	COMPLETED	1108	1108	29:17.576		1	8Gn	2026-10-02T10:22:13	2026-10-02T10:40:41	mjolnircomp17fl	192672768
45814892	pfam	cmag_481	74e05862-a704-4e35-b0df-b1fe07bc87d6	COMPLETED	1954	1954	52:33.577		1	8Gn	2026-10-02T10:19:11	2026-10-02T10:51:45	mjolnircomp17fl	185399296
45814893	tigrfam	cmag_793	74e05862-a704-4e35-b0df-b1fe07bc87d6	COMPLETED	196	196	05:07.665		1	16Gn	2026-10-02T10:20:12	2026-10-02T10:23:28	mjolnircomp16fl	410448896
45814898	pfam	cmag_689	74e05862-a704-4e35-b0df-b1fe07bc87d6	COMPLETED	607	607	15:50.964		1	8Gn	2026-10-02T10:18:11	2026-10-02T10:28:18	mjolnirgpu03fl	221017088
45814899	tigrfam	cmag_290	74e05862-a704-4e35-b0df-b1fe07bc87d6	COMPLETED	204	204	05:11.313		1	16Gn	2026-10-02T10:22:43	2026-10-02T10:26:07	mjolnircomp06fl	384844800
45814900	ncbifam	cmag_793	74e05862-a704-4e35-b0df-b1fe07bc87d6	COMPLETED	724	724	21:08.081		1	16Gn	2026-10-02T10:22:43	2026-10-02T10:34:47	mjolnircomp07fl	475243520
45814908	prodigal	cmag_809	74e05862-a704-4e35-b0df-b1fe07bc87d6	COMPLETED	10	10	00:06.657		1	3859Mn	2026-10-02T10:25:45	2026-10-02T10:25:55	mjolnirgpu03fl	825344
45814909	pfam	cmag_739	74e05862-a704-4e35-b0df-b1fe07bc87d6	COMPLETED	1127	1127	30:01.832		1	8Gn	2026-10-02T10:19:42	2026-10-02T10:38:29	mjolnircomp17fl	215862272
45814910	tigrfam	cmag_655	74e05862-a704-4e35-b0df-b1fe07bc87d6	COMPLETED	183	183	04:42.565		1	16Gn	2026-10-02T10:19:42	2026-10-02T10:22:45	mjolnircomp05fl	404597760
45814911	prodigal	cmag_591	74e05862-a704-4e35-b0df-b1fe07bc87d6	COMPLETED	9	9	00:05.698		1	2541Mn	2026-10-02T10:25:45	2026-10-02T10:25:54	mjolnirgpu03fl	825344
45814916	pfam	cmag_418	74e05862-a704-4e35-b0df-b1fe07bc87d6	COMPLETED	1402	1402	37:54.481		1	8Gn	2026-10-02T10:21:12	2026-10-02T10:44:34	mjolnircomp04fl	233145344
45814917	kegg	cmag_148	74e05862-a704-4e35-b0df-b1fe07bc87d6	COMPLETED	2246	2246	01:04:41		1	8Gn	2026-10-02T10:21:43	2026-10-02T10:59:09	mjolnircomp05fl	724404224
45814918	prodigal	cmag_375	74e05862-a704-4e35-b0df-b1fe07bc87d6	COMPLETED	17	17	00:04.899		1	1803Mn	2026-10-02T10:22:13	2026-10-02T10:22:30	mjolnircomp17fl	1153024
45814919	ncbifam	cmag_189	74e05862-a704-4e35-b0df-b1fe07bc87d6	COMPLETED	392	392	10:53.382		1	16Gn	2026-10-02T10:20:12	2026-10-02T10:26:44	mjolnircomp04fl	397856768
45814923	ncbifam	cmag_186	74e05862-a704-4e35-b0df-b1fe07bc87d6	COMPLETED	865	865	25:17.022		1	16Gn	2026-10-02T10:24:44	2026-10-02T10:39:09	mjolnircomp09fl	494233600
45814927	cazy	cmag_816	74e05862-a704-4e35-b0df-b1fe07bc87d6	COMPLETED	24	24	00:18.756		1	8Gn	2026-10-02T10:25:45	2026-10-02T10:26:09	mjolnirgpu03fl	818176
45814928	ncbifam	cmag_400	74e05862-a704-4e35-b0df-b1fe07bc87d6	COMPLETED	615	615	17:49.024		1	16Gn	2026-10-02T10:25:45	2026-10-02T10:36:00	mjolnircomp01fl	448574464
45814929	prodigal	cmag_132	74e05862-a704-4e35-b0df-b1fe07bc87d6	COMPLETED	15	15	00:03.576		1	1446Mn	2026-10-02T10:24:14	2026-10-02T10:24:29	mjolnircomp17fl	1149952
45814930	ncbifam	cmag_290	74e05862-a704-4e35-b0df-b1fe07bc87d6	COMPLETED	427	427	12:09.792		1	16Gn	2026-10-02T10:26:45	2026-10-02T10:33:52	mjolnircomp02fl	406589440
45814933	prodigal	cmag_287	74e05862-a704-4e35-b0df-b1fe07bc87d6	COMPLETED	14	14	00:03.395		1	1357Mn	2026-10-02T10:24:44	2026-10-02T10:24:58	mjolnircomp17fl	1152000
45814934	prodigal	cmag_013	74e05862-a704-4e35-b0df-b1fe07bc87d6	COMPLETED	14	14	00:03.437		1	1116Mn	2026-10-02T10:22:43	2026-10-02T10:22:57	mjolnircomp17fl	1149952
45814935	prodigal	cmag_299	74e05862-a704-4e35-b0df-b1fe07bc87d6	COMPLETED	8	8	00:05.359		1	2368Mn	2026-10-02T10:25:45	2026-10-02T10:25:53	mjolnirgpu03fl	822272
45814941	ncbifam	cmag_513	74e05862-a704-4e35-b0df-b1fe07bc87d6	COMPLETED	547	547	15:10.486		1	16Gn	2026-10-02T10:29:16	2026-10-02T10:38:23	mjolnircomp16fl	379454464
45814942	prodigal	cmag_054	74e05862-a704-4e35-b0df-b1fe07bc87d6	COMPLETED	14	14	00:04.200		1	1646Mn	2026-10-02T10:25:45	2026-10-02T10:25:59	mjolnircomp17fl	1150976
45814945	cazy	cmag_227	74e05862-a704-4e35-b0df-b1fe07bc87d6	COMPLETED	22	22	00:17.067		1	8Gn	2026-10-02T10:28:16	2026-10-02T10:28:38	mjolnircomp12fl	804864
45814946	prodigal	cmag_156	74e05862-a704-4e35-b0df-b1fe07bc87d6	COMPLETED	17	17	00:05.123		1	2251Mn	2026-10-02T10:26:15	2026-10-02T10:26:32	mjolnircomp17fl	1154048
45814947	prodigal	cmag_528	74e05862-a704-4e35-b0df-b1fe07bc87d6	COMPLETED	10	10	00:07.759		1	2537Mn	2026-10-02T10:28:46	2026-10-02T10:28:56	mjolnircomp12fl	824320
45814948	prodigal	cmag_049	74e05862-a704-4e35-b0df-b1fe07bc87d6	COMPLETED	7	7	00:04.616		1	2657Mn	2026-10-02T10:28:46	2026-10-02T10:28:53	mjolnircomp12fl	825344
45814949	pfam	cmag_469	74e05862-a704-4e35-b0df-b1fe07bc87d6	COMPLETED	2952	2952	01:22:11		1	8Gn	2026-10-02T10:23:14	2026-10-02T11:12:26	mjolnircomp05fl	195572736
45814950	prodigal	cmag_379	74e05862-a704-4e35-b0df-b1fe07bc87d6	COMPLETED	8	8	00:05.669		1	3937Mn	2026-10-02T10:28:46	2026-10-02T10:28:54	mjolnircomp12fl	822272
45814951	prodigal	cmag_570	74e05862-a704-4e35-b0df-b1fe07bc87d6	COMPLETED	11	11	00:08.381		1	5173Mn	2026-10-02T10:28:46	2026-10-02T10:28:57	mjolnirgpu03fl	839680
45814952	prodigal	cmag_609	74e05862-a704-4e35-b0df-b1fe07bc87d6	COMPLETED	13	13	00:10.268		1	3064Mn	2026-10-02T10:28:46	2026-10-02T10:28:59	mjolnirgpu03fl	836608
45814953	prodigal	cmag_565	74e05862-a704-4e35-b0df-b1fe07bc87d6	COMPLETED	9	9	00:05.817		1	2797Mn	2026-10-02T10:28:46	2026-10-02T10:28:55	mjolnirgpu03fl	838656
45814954	kegg	cmag_246	74e05862-a704-4e35-b0df-b1fe07bc87d6	COMPLETED	2341	2341	01:08:17		1	8Gn	2026-10-02T10:25:45	2026-10-02T11:04:46	mjolnircomp05fl	878431232
45814955	prodigal	cmag_329	74e05862-a704-4e35-b0df-b1fe07bc87d6	COMPLETED	10	10	00:06.592		1	3530Mn	2026-10-02T10:29:16	2026-10-02T10:29:26	mjolnirgpu03fl	843776
45814956	prodigal	cmag_001	74e05862-a704-4e35-b0df-b1fe07bc87d6	COMPLETED	16	16	00:04.523		1	2105Mn	2026-10-02T10:26:15	2026-10-02T10:26:31	mjolnircomp17fl	1150976
45814957	ncbifam	cmag_824	74e05862-a704-4e35-b0df-b1fe07bc87d6	COMPLETED	830	830	24:37.720		1	16Gn	2026-10-02T10:29:47	2026-10-02T10:43:37	mjolnircomp15fl	437905408
45814960	prodigal	cmag_457	74e05862-a704-4e35-b0df-b1fe07bc87d6	COMPLETED	8	8	00:03.653		1	2090Mn	2026-10-02T10:29:16	2026-10-02T10:29:24	mjolnircomp12fl	823296
45814961	tigrfam	cmag_192	74e05862-a704-4e35-b0df-b1fe07bc87d6	COMPLETED	163	163	04:05.285		1	16Gn	2026-10-02T10:24:44	2026-10-02T10:27:27	mjolnircomp05fl	411595776
45814962	cazy	cmag_469	74e05862-a704-4e35-b0df-b1fe07bc87d6	COMPLETED	43	43	00:37.354		1	8Gn	2026-10-02T10:23:44	2026-10-02T10:24:27	mjolnirgpu03fl	290416640
45814963	prodigal	cmag_666	74e05862-a704-4e35-b0df-b1fe07bc87d6	COMPLETED	15	15	00:04.121		1	1598Mn	2026-10-02T10:27:16	2026-10-02T10:27:31	mjolnircomp17fl	1157120
45814964	prodigal	cmag_202	74e05862-a704-4e35-b0df-b1fe07bc87d6	COMPLETED	7	7	00:05.170		1	3679Mn	2026-10-02T10:29:47	2026-10-02T10:29:54	mjolnircomp12fl	816128
45814965	prodigal	cmag_153	74e05862-a704-4e35-b0df-b1fe07bc87d6	COMPLETED	8	8	00:05.895		1	3421Mn	2026-10-02T10:29:47	2026-10-02T10:29:55	mjolnirgpu03fl	835584
45814966	prodigal	cmag_573	74e05862-a704-4e35-b0df-b1fe07bc87d6	COMPLETED	8	8	00:06.112		1	3968Mn	2026-10-02T10:29:47	2026-10-02T10:29:55	mjolnirgpu03fl	828416
45814967	prodigal	cmag_405	74e05862-a704-4e35-b0df-b1fe07bc87d6	COMPLETED	8	8	00:05.835		1	3055Mn	2026-10-02T10:30:17	2026-10-02T10:30:25	mjolnirgpu03fl	838656
45814968	prodigal	cmag_688	74e05862-a704-4e35-b0df-b1fe07bc87d6	COMPLETED	9	9	00:06.636		1	3494Mn	2026-10-02T10:30:17	2026-10-02T10:30:26	mjolnirgpu03fl	839680
45814969	prodigal	cmag_790	74e05862-a704-4e35-b0df-b1fe07bc87d6	COMPLETED	8	8	00:05.584		1	3347Mn	2026-10-02T10:30:17	2026-10-02T10:30:25	mjolnircomp12fl	824320
45814970	prodigal	cmag_353	74e05862-a704-4e35-b0df-b1fe07bc87d6	COMPLETED	14	14	00:03.359		1	1623Mn	2026-10-02T10:28:16	2026-10-02T10:28:30	mjolnircomp17fl	1157120
45814975	cazy	cmag_338	74e05862-a704-4e35-b0df-b1fe07bc87d6	COMPLETED	21	21	00:16.041		1	8Gn	2026-10-02T10:31:47	2026-10-02T10:32:08	mjolnircomp12fl	799744
45814976	prodigal	cmag_027	74e05862-a704-4e35-b0df-b1fe07bc87d6	COMPLETED	16	16	00:04.856		1	1731Mn	2026-10-02T10:28:46	2026-10-02T10:29:02	mjolnircomp17fl	1153024
45814977	prodigal	cmag_397	74e05862-a704-4e35-b0df-b1fe07bc87d6	COMPLETED	7	7	00:04.488		1	2830Mn	2026-10-02T10:31:47	2026-10-02T10:31:54	mjolnircomp12fl	820224
45814978	prodigal	cmag_558	74e05862-a704-4e35-b0df-b1fe07bc87d6	COMPLETED	20	20	00:17.187		1	6058Mn	2026-10-02T10:24:14	2026-10-02T10:24:34	mjolnirgpu03fl	815104
45814979	ncbifam	cmag_795	74e05862-a704-4e35-b0df-b1fe07bc87d6	COMPLETED	884	884	26:01.836		1	16Gn	2026-10-02T10:31:17	2026-10-02T10:46:01	mjolnircomp01fl	380578816
45814980	prodigal	cmag_442	74e05862-a704-4e35-b0df-b1fe07bc87d6	COMPLETED	8	8	00:05.191		1	2620Mn	2026-10-02T10:31:47	2026-10-02T10:31:55	mjolnircomp12fl	804864
45814981	prodigal	cmag_567	74e05862-a704-4e35-b0df-b1fe07bc87d6	COMPLETED	9	9	00:06.079		1	2956Mn	2026-10-02T10:31:47	2026-10-02T10:31:56	mjolnirgpu03fl	847872
45814982	kegg	cmag_469	74e05862-a704-4e35-b0df-b1fe07bc87d6	COMPLETED	2768	2768	01:25:22		1	8Gn	2026-10-02T10:31:47	2026-10-02T11:17:55	mjolnircomp13fl	1004150784
45814983	prodigal	cmag_770	74e05862-a704-4e35-b0df-b1fe07bc87d6	COMPLETED	8	8	00:04.676		1	1966Mn	2026-10-02T10:31:47	2026-10-02T10:31:55	mjolnirgpu03fl	843776
45814993	cazy	cmag_427	74e05862-a704-4e35-b0df-b1fe07bc87d6	COMPLETED	53	53	00:26.223		1	8Gn	2026-10-02T10:26:45	2026-10-02T10:27:38	mjolnircomp17fl	297636864
45814994	prodigal	cmag_817	74e05862-a704-4e35-b0df-b1fe07bc87d6	COMPLETED	15	15	00:04.362		1	1484Mn	2026-10-02T10:29:16	2026-10-02T10:29:31	mjolnircomp17fl	1155072
45814995	prodigal	cmag_106	74e05862-a704-4e35-b0df-b1fe07bc87d6	COMPLETED	15	15	00:03.969		1	1515Mn	2026-10-02T10:29:47	2026-10-02T10:30:02	mjolnircomp17fl	1148928
45814996	prodigal	cmag_814	74e05862-a704-4e35-b0df-b1fe07bc87d6	COMPLETED	7	7	00:04.321		1	2476Mn	2026-10-02T10:32:48	2026-10-02T10:32:55	mjolnirgpu03fl	827392
45814997	prodigal	cmag_743	74e05862-a704-4e35-b0df-b1fe07bc87d6	COMPLETED	8	8	00:05.173		1	3376Mn	2026-10-02T10:33:18	2026-10-02T10:33:26	mjolnircomp12fl	825344
45814998	tigrfam	cmag_034	74e05862-a704-4e35-b0df-b1fe07bc87d6	COMPLETED	182	182	04:47.422		1	16Gn	2026-10-02T10:34:18	2026-10-02T10:37:20	mjolnircomp02fl	466661376
45814999	prodigal	cmag_211	74e05862-a704-4e35-b0df-b1fe07bc87d6	COMPLETED	9	9	00:05.708		1	3910Mn	2026-10-02T10:33:18	2026-10-02T10:33:27	mjolnircomp12fl	815104
45815000	prodigal	cmag_456	74e05862-a704-4e35-b0df-b1fe07bc87d6	COMPLETED	7	7	00:04.447		1	2042Mn	2026-10-02T10:33:18	2026-10-02T10:33:25	mjolnircomp12fl	825344
45815001	prodigal	cmag_627	74e05862-a704-4e35-b0df-b1fe07bc87d6	COMPLETED	8	8	00:05.380		1	3603Mn	2026-10-02T10:33:48	2026-10-02T10:33:56	mjolnircomp12fl	828416
45815002	prodigal	cmag_657	74e05862-a704-4e35-b0df-b1fe07bc87d6	COMPLETED	15	15	00:03.741		1	1247Mn	2026-10-02T10:30:47	2026-10-02T10:31:02	mjolnircomp17fl	1150976
45815003	tigrfam	cmag_596	74e05862-a704-4e35-b0df-b1fe07bc87d6	COMPLETED	161	161	04:20.942		1	16Gn	2026-10-02T10:34:49	2026-10-02T10:37:30	mjolnircomp07fl	356315136
45815004	pfam	cmag_192	74e05862-a704-4e35-b0df-b1fe07bc87d6	COMPLETED	364	364	10:03.457		1	8Gn	2026-10-02T10:33:48	2026-10-02T10:39:52	mjolnircomp12fl	188411904
45815007	prodigal	cmag_643	74e05862-a704-4e35-b0df-b1fe07bc87d6	COMPLETED	7	7	00:03.990		1	2506Mn	2026-10-02T10:33:48	2026-10-02T10:33:55	mjolnircomp12fl	822272
45815008	ncbifam	cmag_034	74e05862-a704-4e35-b0df-b1fe07bc87d6	COMPLETED	759	759	21:49.798		1	16Gn	2026-10-02T10:36:19	2026-10-02T10:48:58	mjolnircomp01fl	386282496
45815009	prodigal	cmag_134	74e05862-a704-4e35-b0df-b1fe07bc87d6	COMPLETED	8	8	00:04.890		1	2629Mn	2026-10-02T10:33:48	2026-10-02T10:33:56	mjolnircomp12fl	824320
45815010	prodigal	cmag_598	74e05862-a704-4e35-b0df-b1fe07bc87d6	COMPLETED	12	12	00:08.437		1	4158Mn	2026-10-02T10:34:18	2026-10-02T10:34:30	mjolnircomp04fl	818176
45815011	prodigal	cmag_240	74e05862-a704-4e35-b0df-b1fe07bc87d6	COMPLETED	7	7	00:04.085		1	2602Mn	2026-10-02T10:34:18	2026-10-02T10:34:25	mjolnircomp04fl	819200
45815012	prodigal	cmag_636	74e05862-a704-4e35-b0df-b1fe07bc87d6	COMPLETED	12	12	00:08.765		1	3215Mn	2026-10-02T10:34:18	2026-10-02T10:34:30	mjolnircomp04fl	818176
45815013	prodigal	cmag_647	74e05862-a704-4e35-b0df-b1fe07bc87d6	COMPLETED	8	8	00:04.427		1	3049Mn	2026-10-02T10:34:18	2026-10-02T10:34:26	mjolnircomp12fl	823296
45815014	tigrfam	cmag_196	74e05862-a704-4e35-b0df-b1fe07bc87d6	COMPLETED	270	270	06:54.714		1	16Gn	2026-10-02T10:28:46	2026-10-02T10:33:16	mjolnircomp05fl	322811904
45815015	tigrfam	cmag_639	74e05862-a704-4e35-b0df-b1fe07bc87d6	COMPLETED	269	269	07:05.601		1	16Gn	2026-10-02T10:36:49	2026-10-02T10:41:18	mjolnirgpu01fl	371803136
45815028	tigrfam	cmag_178	74e05862-a704-4e35-b0df-b1fe07bc87d6	COMPLETED	160	160	04:17.930		1	16Gn	2026-10-02T10:37:50	2026-10-02T10:40:30	mjolnircomp02fl	429629440
45815029	prodigal	cmag_010	74e05862-a704-4e35-b0df-b1fe07bc87d6	COMPLETED	8	8	00:05.231		1	3703Mn	2026-10-02T10:34:18	2026-10-02T10:34:26	mjolnircomp12fl	821248
45815030	prodigal	cmag_382	74e05862-a704-4e35-b0df-b1fe07bc87d6	COMPLETED	8	8	00:05.447		1	2821Mn	2026-10-02T10:34:49	2026-10-02T10:34:57	mjolnirgpu03fl	838656
45815031	prodigal	cmag_521	74e05862-a704-4e35-b0df-b1fe07bc87d6	COMPLETED	14	14	00:03.801		1	1497Mn	2026-10-02T10:31:17	2026-10-02T10:31:31	mjolnircomp17fl	1156096
45815032	prodigal	cmag_052	74e05862-a704-4e35-b0df-b1fe07bc87d6	COMPLETED	16	16	00:03.922		1	1290Mn	2026-10-02T10:31:47	2026-10-02T10:32:03	mjolnircomp17fl	1156096
45815033	ncbifam	cmag_709	74e05862-a704-4e35-b0df-b1fe07bc87d6	COMPLETED	791	791	23:39.888		1	16Gn	2026-10-02T10:37:50	2026-10-02T10:51:01	mjolnircomp07fl	504637440
45815041	cazy	cmag_139	74e05862-a704-4e35-b0df-b1fe07bc87d6	COMPLETED	18	18	00:13.565		1	8Gn	2026-10-02T10:34:49	2026-10-02T10:35:07	mjolnircomp12fl	817152
45815042	prodigal	cmag_547	74e05862-a704-4e35-b0df-b1fe07bc87d6	COMPLETED	5	5	00:03.118		1	2128Mn	2026-10-02T10:34:49	2026-10-02T10:34:54	mjolnircomp04fl	804864
45815043	prodigal	cmag_126	74e05862-a704-4e35-b0df-b1fe07bc87d6	COMPLETED	8	8	00:05.492		1	4475Mn	2026-10-02T10:34:49	2026-10-02T10:34:57	mjolnircomp04fl	816128
45815044	prodigal	cmag_303	74e05862-a704-4e35-b0df-b1fe07bc87d6	COMPLETED	14	14	00:03.929		1	1361Mn	2026-10-02T10:32:18	2026-10-02T10:32:32	mjolnircomp17fl	1154048
45815045	tigrfam	cmag_800	74e05862-a704-4e35-b0df-b1fe07bc87d6	COMPLETED	164	164	04:20.149		1	16Gn	2026-10-02T10:38:50	2026-10-02T10:41:34	mjolnircomp16fl	387549184
45815046	cazy	cmag_649	74e05862-a704-4e35-b0df-b1fe07bc87d6	COMPLETED	14	14	00:08.987		1	8Gn	2026-10-02T10:34:49	2026-10-02T10:35:03	mjolnircomp04fl	813056
45815047	prodigal	cmag_283	74e05862-a704-4e35-b0df-b1fe07bc87d6	COMPLETED	16	16	00:04.492		1	1555Mn	2026-10-02T10:32:48	2026-10-02T10:33:04	mjolnircomp17fl	1155072
45815050	kegg	cmag_226	74e05862-a704-4e35-b0df-b1fe07bc87d6	COMPLETED	1176	1176	34:18.937		1	8Gn	2026-10-02T10:28:16	2026-10-02T10:47:52	mjolnircomp11fl	625291264
45815053	kegg	cmag_588	74e05862-a704-4e35-b0df-b1fe07bc87d6	COMPLETED	1462	1462	43:03.384		1	8Gn	2026-10-02T10:28:16	2026-10-02T10:52:38	mjolnircomp11fl	1125782528
45815054	prodigal	cmag_361	74e05862-a704-4e35-b0df-b1fe07bc87d6	COMPLETED	9	9	00:06.541		1	3989Mn	2026-10-02T10:35:19	2026-10-02T10:35:28	mjolnirgpu03fl	839680
45815055	prodigal	cmag_617	74e05862-a704-4e35-b0df-b1fe07bc87d6	COMPLETED	17	17	00:04.307		1	1788Mn	2026-10-02T10:33:48	2026-10-02T10:34:05	mjolnircomp17fl	1146880
45815056	cazy	cmag_795	74e05862-a704-4e35-b0df-b1fe07bc87d6	COMPLETED	25	25	00:20.630		1	8Gn	2026-10-02T10:35:49	2026-10-02T10:36:14	mjolnircomp12fl	819200
45815063	prodigal	cmag_741	74e05862-a704-4e35-b0df-b1fe07bc87d6	COMPLETED	15	15	00:03.508		1	1151Mn	2026-10-02T10:34:18	2026-10-02T10:34:33	mjolnircomp17fl	1155072
45815064	pfam	cmag_666	74e05862-a704-4e35-b0df-b1fe07bc87d6	COMPLETED	564	564	15:07.020		1	8Gn	2026-10-02T10:29:16	2026-10-02T10:38:40	mjolnircomp04fl	173806592
45815065	ncbifam	cmag_466	74e05862-a704-4e35-b0df-b1fe07bc87d6	COMPLETED	586	586	16:58.656		1	16Gn	2026-10-02T10:42:21	2026-10-02T10:52:07	mjolnircomp02fl	364981248
45815066	tigrfam	cmag_646	74e05862-a704-4e35-b0df-b1fe07bc87d6	COMPLETED	105	105	02:45.199		1	16Gn	2026-10-02T10:43:52	2026-10-02T10:45:37	mjolnircomp15fl	351739904
45815067	pfam	cmag_795	74e05862-a704-4e35-b0df-b1fe07bc87d6	COMPLETED	1118	1118	30:19.497		1	8Gn	2026-10-02T10:29:16	2026-10-02T10:47:54	mjolnircomp04fl	217705472
45815068	tigrfam	cmag_709	74e05862-a704-4e35-b0df-b1fe07bc87d6	COMPLETED	234	234	05:36.293		1	16Gn	2026-10-02T10:47:53	2026-10-02T10:51:47	mjolnircomp08fl	467931136
45815075	ncbifam	cmag_349	74e05862-a704-4e35-b0df-b1fe07bc87d6	COMPLETED	1253	1253	34:23.377		1	16Gn	2026-10-02T10:50:24	2026-10-02T11:11:17	mjolnirgpu03fl	416278528
45815076	cazy	cmag_162	74e05862-a704-4e35-b0df-b1fe07bc87d6	COMPLETED	25	25	00:21.340		1	8Gn	2026-10-02T10:29:47	2026-10-02T10:30:12	mjolnircomp12fl	813056
45815077	prodigal	cmag_780	74e05862-a704-4e35-b0df-b1fe07bc87d6	COMPLETED	10	10	00:06.956		1	2520Mn	2026-10-02T10:35:19	2026-10-02T10:35:29	mjolnircomp04fl	821248
45815078	prodigal	cmag_193	74e05862-a704-4e35-b0df-b1fe07bc87d6	COMPLETED	7	7	00:04.108		1	2932Mn	2026-10-02T10:35:19	2026-10-02T10:35:26	mjolnircomp04fl	822272
45815079	pfam	cmag_709	74e05862-a704-4e35-b0df-b1fe07bc87d6	COMPLETED	1501	1501	41:07.135		1	8Gn	2026-10-02T10:30:47	2026-10-02T10:55:48	mjolnircomp17fl	280551424
45815080	pfam	cmag_596	74e05862-a704-4e35-b0df-b1fe07bc87d6	COMPLETED	913	913	23:45.564		1	8Gn	2026-10-02T10:31:17	2026-10-02T10:46:30	mjolnircomp11fl	205280256
45815081	ncbifam	cmag_646	74e05862-a704-4e35-b0df-b1fe07bc87d6	COMPLETED	403	403	11:41.616		1	16Gn	2026-10-02T10:45:53	2026-10-02T10:52:36	mjolnircomp15fl	387447808
45815082	prodigal	cmag_796	74e05862-a704-4e35-b0df-b1fe07bc87d6	COMPLETED	6	6	00:03.465		1	2371Mn	2026-10-02T10:35:19	2026-10-02T10:35:25	mjolnircomp04fl	819200
45815083	kegg	cmag_795	74e05862-a704-4e35-b0df-b1fe07bc87d6	COMPLETED	2120	2120	01:03:25		1	8Gn	2026-10-02T10:48:54	2026-10-02T11:24:14	mjolnircomp16fl	890728448
45815087	tigrfam	cmag_098	74e05862-a704-4e35-b0df-b1fe07bc87d6	COMPLETED	249	249	06:51.634		1	16Gn	2026-10-02T10:50:54	2026-10-02T10:55:03	mjolnircomp01fl	428565504
45815088	prodigal	cmag_078	74e05862-a704-4e35-b0df-b1fe07bc87d6	COMPLETED	9	9	00:06.187		1	3147Mn	2026-10-02T10:35:49	2026-10-02T10:35:58	mjolnirgpu03fl	837632
45815089	prodigal	cmag_783	74e05862-a704-4e35-b0df-b1fe07bc87d6	COMPLETED	9	9	00:05.705		1	2963Mn	2026-10-02T10:35:49	2026-10-02T10:35:58	mjolnirgpu03fl	833536
45815090	pfam	cmag_034	74e05862-a704-4e35-b0df-b1fe07bc87d6	COMPLETED	1049	1049	26:51.420		1	8Gn	2026-10-02T10:31:17	2026-10-02T10:48:46	mjolnircomp11fl	185932800
45815091	prodigal	cmag_759	74e05862-a704-4e35-b0df-b1fe07bc87d6	COMPLETED	8	8	00:05.402		1	2528Mn	2026-10-02T10:36:49	2026-10-02T10:36:57	mjolnirgpu03fl	843776
45815094	prodigal	cmag_357	74e05862-a704-4e35-b0df-b1fe07bc87d6	COMPLETED	15	15	00:04.077		1	1840Mn	2026-10-02T10:34:49	2026-10-02T10:35:04	mjolnircomp17fl	1153024
45815095	cazy	cmag_466	74e05862-a704-4e35-b0df-b1fe07bc87d6	COMPLETED	23	23	00:18.535		1	8Gn	2026-10-02T10:37:50	2026-10-02T10:38:13	mjolnirgpu03fl	840704
45815096	prodigal	cmag_107	74e05862-a704-4e35-b0df-b1fe07bc87d6	COMPLETED	14	14	00:03.841		1	1094Mn	2026-10-02T10:35:19	2026-10-02T10:35:33	mjolnircomp17fl	1150976
45815097	pfam	cmag_196	74e05862-a704-4e35-b0df-b1fe07bc87d6	COMPLETED	618	618	15:52.670		1	8Gn	2026-10-02T10:31:17	2026-10-02T10:41:35	mjolnircomp11fl	245896192
45815098	prodigal	cmag_611	74e05862-a704-4e35-b0df-b1fe07bc87d6	COMPLETED	7	7	00:04.812		1	2453Mn	2026-10-02T10:38:20	2026-10-02T10:38:27	mjolnirgpu03fl	839680
45815106	kegg	cmag_275	74e05862-a704-4e35-b0df-b1fe07bc87d6	TIMEOUT	1997	1997	00:01.725		1	8Gn	2026-10-02T10:33:18	2026-10-02T11:06:35	mjolnircomp05fl	846965760
45815107	tigrfam	cmag_774	74e05862-a704-4e35-b0df-b1fe07bc87d6	COMPLETED	220	220	06:00.583		1	16Gn	2026-10-02T10:51:24	2026-10-02T10:55:04	mjolnircomp07fl	367479808
45815108	ncbifam	cmag_304	74e05862-a704-4e35-b0df-b1fe07bc87d6	COMPLETED	745	745	20:08.810		1	16Gn	2026-10-02T10:51:54	2026-10-02T11:04:19	mjolnircomp08fl	467807232
45815113	pfam	cmag_202	74e05862-a704-4e35-b0df-b1fe07bc87d6	COMPLETED	1052	1052	28:25.124		1	8Gn	2026-10-02T10:33:48	2026-10-02T10:51:20	mjolnircomp04fl	222005248
45815114	tigrfam	cmag_816	74e05862-a704-4e35-b0df-b1fe07bc87d6	COMPLETED	159	159	04:15.777		1	16Gn	2026-10-02T10:52:55	2026-10-02T10:55:34	mjolnircomp01fl	412430336
45815115	pfam	cmag_646	74e05862-a704-4e35-b0df-b1fe07bc87d6	COMPLETED	582	582	15:47.528		1	8Gn	2026-10-02T10:32:18	2026-10-02T10:42:00	mjolnirgpu03fl	215970816
45815116	tigrfam	cmag_806	74e05862-a704-4e35-b0df-b1fe07bc87d6	COMPLETED	219	219	04:20.170		1	16Gn	2026-10-02T10:52:55	2026-10-02T10:56:34	mjolnirgpu02fl	374989824
45815117	tigrfam	cmag_532	74e05862-a704-4e35-b0df-b1fe07bc87d6	COMPLETED	62	62	01:30.720		1	16Gn	2026-10-02T10:33:48	2026-10-02T10:34:50	mjolnircomp04fl	329391104
45815118	tigrfam	cmag_057	74e05862-a704-4e35-b0df-b1fe07bc87d6	COMPLETED	176	176	04:36.272		1	16Gn	2026-10-02T10:53:55	2026-10-02T10:56:51	mjolnirgpu01fl	393995264
45815119	cazy	cmag_709	74e05862-a704-4e35-b0df-b1fe07bc87d6	COMPLETED	50	50	00:23.029		1	8Gn	2026-10-02T10:44:52	2026-10-02T10:45:42	mjolnircomp17fl	275860480
45815120	ncbifam	cmag_742	74e05862-a704-4e35-b0df-b1fe07bc87d6	COMPLETED	914	914	26:56.766		1	16Gn	2026-10-02T10:55:26	2026-10-02T11:10:40	mjolnircomp01fl	400609280
45815124	ncbifam	cmag_672	74e05862-a704-4e35-b0df-b1fe07bc87d6	COMPLETED	748	748	21:50.553		1	16Gn	2026-10-02T10:55:26	2026-10-02T11:07:54	mjolnircomp07fl	425134080
45815127	cazy	cmag_555	74e05862-a704-4e35-b0df-b1fe07bc87d6	COMPLETED	42	42	00:16.915		1	8Gn	2026-10-02T10:45:22	2026-10-02T10:46:04	mjolnircomp17fl	78180352
45815128	kegg	cmag_466	74e05862-a704-4e35-b0df-b1fe07bc87d6	COMPLETED	1501	1501	44:45.709		1	8Gn	2026-10-02T10:41:51	2026-10-02T11:06:52	mjolnircomp12fl	798864384
45815129	prodigal	cmag_440	74e05862-a704-4e35-b0df-b1fe07bc87d6	COMPLETED	15	15	00:04.440		1	2638Mn	2026-10-02T10:41:21	2026-10-02T10:41:36	mjolnircomp17fl	1158144
45815130	ncbifam	cmag_089	74e05862-a704-4e35-b0df-b1fe07bc87d6	COMPLETED	683	683	19:40.093		1	16Gn	2026-10-02T10:55:56	2026-10-02T11:07:19	mjolnircomp01fl	335232000
45815131	tigrfam	cmag_455	74e05862-a704-4e35-b0df-b1fe07bc87d6	COMPLETED	214	214	05:40.648		1	16Gn	2026-10-02T10:56:56	2026-10-02T11:00:30	mjolnirgpu01fl	355745792
45815132	cazy	cmag_639	74e05862-a704-4e35-b0df-b1fe07bc87d6	COMPLETED	25	25	00:18.245		1	8Gn	2026-10-02T10:33:48	2026-10-02T10:34:13	mjolnircomp04fl	805888
45815135	cazy	cmag_424	74e05862-a704-4e35-b0df-b1fe07bc87d6	COMPLETED	23	23	00:17.103		1	8Gn	2026-10-02T10:34:18	2026-10-02T10:34:41	mjolnircomp04fl	818176
45815136	prodigal	cmag_068	74e05862-a704-4e35-b0df-b1fe07bc87d6	COMPLETED	14	14	00:03.913		1	1216Mn	2026-10-02T10:43:22	2026-10-02T10:43:36	mjolnircomp17fl	1158144
45815137	ncbifam	cmag_603	74e05862-a704-4e35-b0df-b1fe07bc87d6	COMPLETED	1001	1001	26:12.724		1	16Gn	2026-10-02T10:56:56	2026-10-02T11:13:37	mjolnirgpu02fl	422260736
45815138	prodigal	cmag_258	74e05862-a704-4e35-b0df-b1fe07bc87d6	COMPLETED	18	18	00:06.369		1	3218Mn	2026-10-02T10:46:23	2026-10-02T10:46:41	mjolnircomp17fl	1158144
45815139	prodigal	cmag_127	74e05862-a704-4e35-b0df-b1fe07bc87d6	COMPLETED	15	15	00:04.626		1	2860Mn	2026-10-02T10:44:52	2026-10-02T10:45:07	mjolnircomp17fl	1153024
45815140	tigrfam	cmag_485	74e05862-a704-4e35-b0df-b1fe07bc87d6	COMPLETED	71	71	01:45.891		1	16Gn	2026-10-02T10:34:18	2026-10-02T10:35:29	mjolnircomp04fl	343632896
45815144	prodigal	cmag_257	74e05862-a704-4e35-b0df-b1fe07bc87d6	COMPLETED	9	9	00:06.192		1	4545Mn	2026-10-02T10:46:53	2026-10-02T10:47:02	mjolnircomp12fl	824320
45815145	kegg	cmag_034	74e05862-a704-4e35-b0df-b1fe07bc87d6	COMPLETED	1738	1738	50:50.142		1	8Gn	2026-10-02T10:46:23	2026-10-02T11:15:21	mjolnircomp16fl	741658624
45815146	ncbifam	cmag_426	74e05862-a704-4e35-b0df-b1fe07bc87d6	COMPLETED	2090	2090	58:27.386		1	16639Mn	2026-10-02T10:57:56	2026-10-02T11:32:46	mjolnircomp17fl	399980544
45815147	ncbifam	cmag_774	74e05862-a704-4e35-b0df-b1fe07bc87d6	COMPLETED	1395	1395	39:04.381		1	16Gn	2026-10-02T10:57:56	2026-10-02T11:21:11	mjolnircomp17fl	458072064
45815148	tigrfam	cmag_088	74e05862-a704-4e35-b0df-b1fe07bc87d6	COMPLETED	127	127	03:13.995		1	16Gn	2026-10-02T10:46:23	2026-10-02T10:48:30	mjolnircomp16fl	308329472
45815149	tigrfam	cmag_177	74e05862-a704-4e35-b0df-b1fe07bc87d6	COMPLETED	385	385	10:09.437		1	16Gn	2026-10-02T10:58:57	2026-10-02T11:05:22	mjolnircomp06fl	437889024
45815150	tigrfam	cmag_338	74e05862-a704-4e35-b0df-b1fe07bc87d6	COMPLETED	206	206	05:27.909		1	16Gn	2026-10-02T10:59:27	2026-10-02T11:02:53	mjolnircomp09fl	369400832
45815151	tigrfam	cmag_468	74e05862-a704-4e35-b0df-b1fe07bc87d6	COMPLETED	118	118	03:06.910		1	16Gn	2026-10-02T10:52:55	2026-10-02T10:54:53	mjolnircomp15fl	339218432
45815152	cazy	cmag_804	74e05862-a704-4e35-b0df-b1fe07bc87d6	COMPLETED	17	17	00:12.242		1	8Gn	2026-10-02T10:46:53	2026-10-02T10:47:10	mjolnircomp12fl	830464
45815160	pfam	cmag_732	74e05862-a704-4e35-b0df-b1fe07bc87d6	COMPLETED	1199	1199	32:07.980		1	8Gn	2026-10-02T10:35:49	2026-10-02T10:55:48	mjolnircomp04fl	231932928
45815161	kegg	cmag_639	74e05862-a704-4e35-b0df-b1fe07bc87d6	COMPLETED	1916	1916	57:40.128		1	8Gn	2026-10-02T10:54:55	2026-10-02T11:26:51	mjolnircomp15fl	958824448
45815162	ncbifam	cmag_315	74e05862-a704-4e35-b0df-b1fe07bc87d6	COMPLETED	1267	1267	36:55.905		1	16Gn	2026-10-02T11:00:57	2026-10-02T11:22:04	mjolnirgpu01fl	422327296
45815163	prodigal	cmag_245	74e05862-a704-4e35-b0df-b1fe07bc87d6	COMPLETED	15	15	00:05.277		1	2303Mn	2026-10-02T10:46:53	2026-10-02T10:47:08	mjolnircomp17fl	1149952
45815164	prodigal	cmag_656	74e05862-a704-4e35-b0df-b1fe07bc87d6	COMPLETED	14	14	00:03.562		1	1Gn	2026-10-02T10:46:53	2026-10-02T10:47:07	mjolnircomp17fl	1153024
45815165	kegg	cmag_196	74e05862-a704-4e35-b0df-b1fe07bc87d6	TIMEOUT	2116	2116	01:01:18		1	8Gn	2026-10-02T10:35:49	2026-10-02T11:11:05	mjolnircomp05fl	1024797696
45815166	prodigal	cmag_082	74e05862-a704-4e35-b0df-b1fe07bc87d6	COMPLETED	7	7	00:05.012		1	2896Mn	2026-10-02T10:47:23	2026-10-02T10:47:30	mjolnircomp12fl	826368
45815167	prodigal	cmag_280	74e05862-a704-4e35-b0df-b1fe07bc87d6	COMPLETED	5	5	00:02.643		1	1Gn	2026-10-02T10:47:23	2026-10-02T10:47:28	mjolnircomp12fl	820224
45815168	kegg	cmag_709	74e05862-a704-4e35-b0df-b1fe07bc87d6	COMPLETED	2173	2173	01:05:14		1	8Gn	2026-10-02T10:53:55	2026-10-02T11:30:08	mjolnircomp12fl	1083964416
45815169	prodigal	cmag_318	74e05862-a704-4e35-b0df-b1fe07bc87d6	COMPLETED	5	5	00:02.757		1	1439Mn	2026-10-02T10:47:23	2026-10-02T10:47:28	mjolnircomp12fl	820224
45815170	ncbifam	cmag_816	74e05862-a704-4e35-b0df-b1fe07bc87d6	COMPLETED	720	720	20:46.730		1	16Gn	2026-10-02T11:00:57	2026-10-02T11:12:57	mjolnircomp09fl	381457408
45815171	prodigal	cmag_137	74e05862-a704-4e35-b0df-b1fe07bc87d6	COMPLETED	17	17	00:05.887		1	2949Mn	2026-10-02T10:47:23	2026-10-02T10:47:40	mjolnircomp17fl	1157120
45815172	pfam	cmag_089	74e05862-a704-4e35-b0df-b1fe07bc87d6	COMPLETED	916	916	23:54.378		1	8Gn	2026-10-02T10:36:49	2026-10-02T10:52:05	mjolnircomp11fl	224551936
45815173	cazy	cmag_646	74e05862-a704-4e35-b0df-b1fe07bc87d6	COMPLETED	15	15	00:10.123		1	8Gn	2026-10-02T10:47:53	2026-10-02T10:48:08	mjolnircomp12fl	834560
45815183	prodigal	cmag_060	74e05862-a704-4e35-b0df-b1fe07bc87d6	COMPLETED	16	16	00:05.709		1	2467Mn	2026-10-02T10:47:53	2026-10-02T10:48:09	mjolnircomp17fl	1154048
45815184	cazy	cmag_196	74e05862-a704-4e35-b0df-b1fe07bc87d6	COMPLETED	18	18	00:10.507		1	8Gn	2026-10-02T10:48:54	2026-10-02T10:49:12	mjolnircomp11fl	822272
45815185	pfam	cmag_304	74e05862-a704-4e35-b0df-b1fe07bc87d6	COMPLETED	855	855	23:56.001		1	8Gn	2026-10-02T10:38:20	2026-10-02T10:52:35	mjolnircomp12fl	228579328
45815186	ncbifam	cmag_485	74e05862-a704-4e35-b0df-b1fe07bc87d6	COMPLETED	287	287	07:53.848		1	16Gn	2026-10-02T10:39:20	2026-10-02T10:44:07	mjolnircomp09fl	246533120
45815190	ncbifam	cmag_521	74e05862-a704-4e35-b0df-b1fe07bc87d6	COMPLETED	720	720	20:07.848		1	16Gn	2026-10-02T10:46:53	2026-10-02T10:58:53	mjolnircomp06fl	361851904
45815191	kegg	cmag_424	74e05862-a704-4e35-b0df-b1fe07bc87d6	COMPLETED	2122	2122	01:04:22		1	8Gn	2026-10-02T11:02:58	2026-10-02T11:38:20	mjolnircomp09fl	825870336
45815194	tigrfam	cmag_128	74e05862-a704-4e35-b0df-b1fe07bc87d6	COMPLETED	257	257	06:28.400		1	16Gn	2026-10-02T11:04:29	2026-10-02T11:08:46	mjolnircomp08fl	335023104
45815195	prodigal	cmag_696	74e05862-a704-4e35-b0df-b1fe07bc87d6	COMPLETED	17	17	00:05.347		1	2056Mn	2026-10-02T10:48:23	2026-10-02T10:48:40	mjolnircomp17fl	1154048
45815196	prodigal	cmag_167	74e05862-a704-4e35-b0df-b1fe07bc87d6	COMPLETED	12	12	00:09.432		1	6281Mn	2026-10-02T10:37:50	2026-10-02T10:38:02	mjolnirgpu03fl	820224
45815201	pfam	cmag_657	74e05862-a704-4e35-b0df-b1fe07bc87d6	COMPLETED	693	693	17:54.624		1	8Gn	2026-10-02T10:41:51	2026-10-02T10:53:24	mjolnircomp05fl	284889088
45815206	pfam	cmag_770	74e05862-a704-4e35-b0df-b1fe07bc87d6	COMPLETED	991	991	26:16.736		1	8Gn	2026-10-02T10:41:21	2026-10-02T10:57:52	mjolnircomp17fl	174412800
45815207	cazy	cmag_596	74e05862-a704-4e35-b0df-b1fe07bc87d6	COMPLETED	18	18	00:14.108		1	8Gn	2026-10-02T10:49:24	2026-10-02T10:49:42	mjolnircomp11fl	823296
45815208	prodigal	cmag_408	74e05862-a704-4e35-b0df-b1fe07bc87d6	COMPLETED	14	14	00:04.749		1	1937Mn	2026-10-02T10:48:54	2026-10-02T10:49:08	mjolnircomp17fl	1159168
45815209	prodigal	cmag_248	74e05862-a704-4e35-b0df-b1fe07bc87d6	COMPLETED	14	14	00:12.140		1	4920Mn	2026-10-02T10:49:24	2026-10-02T10:49:38	mjolnircomp12fl	822272
45815210	prodigal	cmag_165	74e05862-a704-4e35-b0df-b1fe07bc87d6	COMPLETED	14	14	00:04.035		1	1879Mn	2026-10-02T10:48:54	2026-10-02T10:49:08	mjolnircomp17fl	1156096
45815211	prodigal	cmag_587	74e05862-a704-4e35-b0df-b1fe07bc87d6	COMPLETED	6	6	00:04.237		1	2883Mn	2026-10-02T10:49:24	2026-10-02T10:49:30	mjolnircomp12fl	824320
45815213	tigrfam	cmag_459	74e05862-a704-4e35-b0df-b1fe07bc87d6	COMPLETED	146	146	03:46.857		1	16Gn	2026-10-02T11:04:29	2026-10-02T11:06:55	mjolnircomp12fl	369610752
45815216	cazy	cmag_813	74e05862-a704-4e35-b0df-b1fe07bc87d6	COMPLETED	18	18	00:14.623		1	8Gn	2026-10-02T10:49:24	2026-10-02T10:49:42	mjolnircomp12fl	823296
45815226	cazy	cmag_341	74e05862-a704-4e35-b0df-b1fe07bc87d6	COMPLETED	48	48	00:20.639		1	8Gn	2026-10-02T10:49:24	2026-10-02T10:50:12	mjolnircomp17fl	279392256
45815227	pfam	cmag_627	74e05862-a704-4e35-b0df-b1fe07bc87d6	COMPLETED	1087	1087	28:08.896		1	8Gn	2026-10-02T10:41:51	2026-10-02T10:59:58	mjolnircomp11fl	227503104
45815234	prodigal	cmag_541	74e05862-a704-4e35-b0df-b1fe07bc87d6	COMPLETED	14	14	00:10.860		1	4358Mn	2026-10-02T10:50:24	2026-10-02T10:50:38	mjolnircomp11fl	827392
45815235	ncbifam	cmag_574	74e05862-a704-4e35-b0df-b1fe07bc87d6	COMPLETED	531	531	14:47.686		1	16Gn	2026-10-02T10:53:55	2026-10-02T11:02:46	mjolnircomp12fl	332697600
45815242	prodigal	cmag_256	74e05862-a704-4e35-b0df-b1fe07bc87d6	COMPLETED	16	16	00:05.170		1	2282Mn	2026-10-02T10:49:24	2026-10-02T10:49:40	mjolnircomp17fl	1156096
45815243	tigrfam	cmag_427	74e05862-a704-4e35-b0df-b1fe07bc87d6	COMPLETED	423	423	11:09.287		1	16Gn	2026-10-02T11:05:29	2026-10-02T11:12:32	mjolnircomp06fl	434493440
45815244	prodigal	cmag_681	74e05862-a704-4e35-b0df-b1fe07bc87d6	COMPLETED	15	15	00:04.576		1	2086Mn	2026-10-02T10:49:54	2026-10-02T10:50:09	mjolnircomp17fl	1158144
45815245	prodigal	cmag_187	74e05862-a704-4e35-b0df-b1fe07bc87d6	COMPLETED	13	13	00:10.303		1	3787Mn	2026-10-02T10:50:24	2026-10-02T10:50:37	mjolnircomp12fl	811008
45815251	prodigal	cmag_067	74e05862-a704-4e35-b0df-b1fe07bc87d6	COMPLETED	11	11	00:08.040		1	3062Mn	2026-10-02T10:50:24	2026-10-02T10:50:35	mjolnircomp12fl	827392
45815252	tigrfam	cmag_737	74e05862-a704-4e35-b0df-b1fe07bc87d6	COMPLETED	246	246	06:45.394		1	16Gn	2026-10-02T11:08:00	2026-10-02T11:12:06	mjolnircomp07fl	427445248
45815257	tigrfam	cmag_262	74e05862-a704-4e35-b0df-b1fe07bc87d6	COMPLETED	182	182	04:53.611		1	16Gn	2026-10-02T11:07:30	2026-10-02T11:10:32	mjolnircomp01fl	361590784
45815259	tigrfam	cmag_199	74e05862-a704-4e35-b0df-b1fe07bc87d6	COMPLETED	139	139	03:28.485		1	16Gn	2026-10-02T10:53:55	2026-10-02T10:56:14	mjolnircomp12fl	369908736
45815260	ncbifam	cmag_126	74e05862-a704-4e35-b0df-b1fe07bc87d6	COMPLETED	1072	1072	29:48.164		1	16Gn	2026-10-02T11:09:00	2026-10-02T11:26:52	mjolnircomp08fl	464359424
45815267	ncbifam	cmag_260	74e05862-a704-4e35-b0df-b1fe07bc87d6	COMPLETED	935	935	25:26.749		1	16Gn	2026-10-02T11:11:31	2026-10-02T11:27:06	mjolnirgpu03fl	447516672
45815268	kegg	cmag_596	74e05862-a704-4e35-b0df-b1fe07bc87d6	COMPLETED	1580	1580	46:31.511		1	8Gn	2026-10-02T10:54:25	2026-10-02T11:20:45	mjolnircomp12fl	784553984
45815269	prodigal	cmag_536	74e05862-a704-4e35-b0df-b1fe07bc87d6	COMPLETED	16	16	00:04.686		1	2001Mn	2026-10-02T10:50:24	2026-10-02T10:50:40	mjolnircomp17fl	1163264
45815275	ncbifam	cmag_637	74e05862-a704-4e35-b0df-b1fe07bc87d6	COMPLETED	758	758	22:32.211		1	16Gn	2026-10-02T11:12:31	2026-10-02T11:25:09	mjolnircomp07fl	448048128
45815276	prodigal	cmag_073	74e05862-a704-4e35-b0df-b1fe07bc87d6	COMPLETED	20	20	00:08.416		1	4937Mn	2026-10-02T10:55:26	2026-10-02T10:55:46	mjolnircomp17fl	1146880
45815280	ncbifam	cmag_283	74e05862-a704-4e35-b0df-b1fe07bc87d6	COMPLETED	466	466	13:02.340		1	16Gn	2026-10-02T10:56:26	2026-10-02T11:04:12	mjolnircomp12fl	317037568
45815281	ncbifam	cmag_057	74e05862-a704-4e35-b0df-b1fe07bc87d6	COMPLETED	563	563	16:21.840		1	16Gn	2026-10-02T11:11:01	2026-10-02T11:20:24	mjolnircomp01fl	410730496
45815282	tigrfam	cmag_742	74e05862-a704-4e35-b0df-b1fe07bc87d6	COMPLETED	415	415	10:59.771		1	16Gn	2026-10-02T11:13:01	2026-10-02T11:19:56	mjolnircomp06fl	437403648
45815286	pfam	cmag_052	74e05862-a704-4e35-b0df-b1fe07bc87d6	COMPLETED	360	360	10:13.480		1	8Gn	2026-10-02T10:47:53	2026-10-02T10:53:53	mjolnircomp12fl	241807360
45815287	prodigal	cmag_704	74e05862-a704-4e35-b0df-b1fe07bc87d6	COMPLETED	18	18	00:06.517		1	3455Mn	2026-10-02T10:55:26	2026-10-02T10:55:44	mjolnircomp17fl	1158144
45815288	prodigal	cmag_157	74e05862-a704-4e35-b0df-b1fe07bc87d6	COMPLETED	16	16	00:03.752		1	1312Mn	2026-10-02T10:55:26	2026-10-02T10:55:42	mjolnircomp17fl	1158144
45815289	prodigal	cmag_419	74e05862-a704-4e35-b0df-b1fe07bc87d6	COMPLETED	17	17	00:06.885		1	3519Mn	2026-10-02T10:55:56	2026-10-02T10:56:13	mjolnircomp17fl	1154048
45815290	prodigal	cmag_729	74e05862-a704-4e35-b0df-b1fe07bc87d6	COMPLETED	16	16	00:06.442		1	3057Mn	2026-10-02T10:55:56	2026-10-02T10:56:12	mjolnircomp17fl	1160192
45815291	tigrfam	cmag_723	74e05862-a704-4e35-b0df-b1fe07bc87d6	COMPLETED	160	160	04:17.628		1	16Gn	2026-10-02T11:11:01	2026-10-02T11:13:41	mjolnircomp01fl	294709248
45815292	tigrfam	cmag_588	74e05862-a704-4e35-b0df-b1fe07bc87d6	COMPLETED	172	172	04:29.214		1	16Gn	2026-10-02T11:04:59	2026-10-02T11:07:51	mjolnircomp12fl	405682176
45815297	tigrfam	cmag_653	74e05862-a704-4e35-b0df-b1fe07bc87d6	COMPLETED	103	103	02:40.008		1	16Gn	2026-10-02T10:57:26	2026-10-02T10:59:09	mjolnircomp11fl	354832384
45815298	kegg	cmag_656	74e05862-a704-4e35-b0df-b1fe07bc87d6	COMPLETED	592	592	17:09.187		1	8Gn	2026-10-02T10:48:54	2026-10-02T10:58:46	mjolnircomp04fl	713658368
45815299	kegg	cmag_245	74e05862-a704-4e35-b0df-b1fe07bc87d6	COMPLETED	1417	1417	41:55.567		1	8Gn	2026-10-02T11:06:59	2026-10-02T11:30:36	mjolnircomp12fl	710803456
45815300	ncbifam	cmag_338	74e05862-a704-4e35-b0df-b1fe07bc87d6	COMPLETED	933	933	26:55.344		1	16Gn	2026-10-02T11:13:01	2026-10-02T11:28:34	mjolnirgpu01fl	381928448
45815301	prodigal	cmag_023	74e05862-a704-4e35-b0df-b1fe07bc87d6	COMPLETED	8	8	00:04.976		1	3245Mn	2026-10-02T10:56:56	2026-10-02T10:57:04	mjolnircomp04fl	829440
45815307	prodigal	cmag_105	74e05862-a704-4e35-b0df-b1fe07bc87d6	COMPLETED	13	13	00:10.506		1	3432Mn	2026-10-02T10:58:57	2026-10-02T10:59:10	mjolnircomp05fl	817152
45815308	cazy	cmag_034	74e05862-a704-4e35-b0df-b1fe07bc87d6	COMPLETED	29	29	00:23.560		1	8Gn	2026-10-02T10:59:27	2026-10-02T10:59:56	mjolnircomp05fl	818176
45815309	prodigal	cmag_583	74e05862-a704-4e35-b0df-b1fe07bc87d6	COMPLETED	10	10	00:07.341		1	3278Mn	2026-10-02T10:59:27	2026-10-02T10:59:37	mjolnircomp05fl	815104
45815310	ncbifam	cmag_455	74e05862-a704-4e35-b0df-b1fe07bc87d6	COMPLETED	898	898	23:59.388		1	16Gn	2026-10-02T11:14:02	2026-10-02T11:29:00	mjolnirgpu02fl	574339072
45815322	prodigal	cmag_443	74e05862-a704-4e35-b0df-b1fe07bc87d6	COMPLETED	9	9	00:03.074		1	1724Mn	2026-10-02T10:59:27	2026-10-02T10:59:36	mjolnircomp04fl	840704
45815323	tigrfam	cmag_361	74e05862-a704-4e35-b0df-b1fe07bc87d6	COMPLETED	251	251	06:45.180		1	16Gn	2026-10-02T11:15:32	2026-10-02T11:19:43	mjolnircomp09fl	407792640
45815324	prodigal	cmag_616	74e05862-a704-4e35-b0df-b1fe07bc87d6	COMPLETED	9	9	00:03.309		1	1688Mn	2026-10-02T10:59:27	2026-10-02T10:59:36	mjolnircomp04fl	845824
45815325	prodigal	cmag_592	74e05862-a704-4e35-b0df-b1fe07bc87d6	COMPLETED	7	7	00:04.425		1	3188Mn	2026-10-02T11:16:33	2026-10-02T11:16:40	mjolnircomp11fl	836608
45815326	prodigal	cmag_284	74e05862-a704-4e35-b0df-b1fe07bc87d6	COMPLETED	5	5	00:02.600		1	1335Mn	2026-10-02T11:17:03	2026-10-02T11:17:08	mjolnircomp11fl	833536
45815327	ncbifam	cmag_710	74e05862-a704-4e35-b0df-b1fe07bc87d6	COMPLETED	774	774	22:26.725		1	16Gn	2026-10-02T11:14:02	2026-10-02T11:26:56	mjolnircomp01fl	412813312
45815328	tigrfam	cmag_516	74e05862-a704-4e35-b0df-b1fe07bc87d6	COMPLETED	110	110	02:50.931		1	16Gn	2026-10-02T11:13:01	2026-10-02T11:14:51	mjolnircomp09fl	306583552
45815329	tigrfam	cmag_444	74e05862-a704-4e35-b0df-b1fe07bc87d6	COMPLETED	110	110	02:54.775		1	16Gn	2026-10-02T11:14:02	2026-10-02T11:15:52	mjolnircomp01fl	407851008
45815337	prodigal	cmag_216	74e05862-a704-4e35-b0df-b1fe07bc87d6	COMPLETED	9	9	00:05.575		1	3926Mn	2026-10-02T11:17:33	2026-10-02T11:17:42	mjolnircomp11fl	829440
45815338	prodigal	cmag_758	74e05862-a704-4e35-b0df-b1fe07bc87d6	COMPLETED	5	5	00:02.656		1	1613Mn	2026-10-02T11:18:04	2026-10-02T11:18:09	mjolnircomp11fl	840704
45815339	prodigal	cmag_253	74e05862-a704-4e35-b0df-b1fe07bc87d6	COMPLETED	5	5	00:03.493		1	1971Mn	2026-10-02T11:18:04	2026-10-02T11:18:09	mjolnircomp11fl	842752
45815340	kegg	cmag_318	74e05862-a704-4e35-b0df-b1fe07bc87d6	COMPLETED	977	977	27:28.854		1	8Gn	2026-10-02T10:53:25	2026-10-02T11:09:42	mjolnircomp11fl	841056256
45815341	kegg	cmag_696	74e05862-a704-4e35-b0df-b1fe07bc87d6	COMPLETED	1025	1025	30:24.283		1	8Gn	2026-10-02T11:10:31	2026-10-02T11:27:36	mjolnircomp16fl	653874176
45815352	prodigal	cmag_724	74e05862-a704-4e35-b0df-b1fe07bc87d6	COMPLETED	7	7	00:04.505		1	3216Mn	2026-10-02T11:19:04	2026-10-02T11:19:11	mjolnircomp11fl	817152
45815353	kegg	cmag_174	74e05862-a704-4e35-b0df-b1fe07bc87d6	COMPLETED	1016	1016	29:14.982		1	8Gn	2026-10-02T10:53:25	2026-10-02T11:10:21	mjolnircomp11fl	644175872
45815354	prodigal	cmag_163	74e05862-a704-4e35-b0df-b1fe07bc87d6	COMPLETED	6	6	00:02.900		1	1168Mn	2026-10-02T11:19:34	2026-10-02T11:19:40	mjolnircomp11fl	776192
45815355	tigrfam	cmag_710	74e05862-a704-4e35-b0df-b1fe07bc87d6	COMPLETED	340	340	08:06.328		1	16Gn	2026-10-02T11:21:35	2026-10-02T11:27:15	mjolnircomp17fl	349857792
45815356	kegg	cmag_408	74e05862-a704-4e35-b0df-b1fe07bc87d6	COMPLETED	1179	1179	33:55.298		1	8Gn	2026-10-02T11:38:41	2026-10-02T11:58:20	mjolnircomp09fl	918661120
45815359	prodigal	cmag_328	74e05862-a704-4e35-b0df-b1fe07bc87d6	COMPLETED	7	7	00:03.679		1	2217Mn	2026-10-02T11:19:34	2026-10-02T11:19:41	mjolnircomp11fl	848896
45815369	ncbifam	cmag_026	74e05862-a704-4e35-b0df-b1fe07bc87d6	COMPLETED	991	991	28:23.578		1	16Gn	2026-10-02T11:22:05	2026-10-02T11:38:36	mjolnirgpu01fl	377823232
45815370	tigrfam	cmag_426	74e05862-a704-4e35-b0df-b1fe07bc87d6	COMPLETED	364	364	09:40.195		1	16639Mn	2026-10-02T11:29:07	2026-10-02T11:35:11	mjolnircomp16fl	433423360
45815371	tigrfam	cmag_603	74e05862-a704-4e35-b0df-b1fe07bc87d6	COMPLETED	189	189	05:02.403		1	16Gn	2026-10-02T11:24:36	2026-10-02T11:27:45	mjolnircomp13fl	391424000
45815372	ncbifam	cmag_088	74e05862-a704-4e35-b0df-b1fe07bc87d6	COMPLETED	464	464	13:12.180		1	16Gn	2026-10-02T11:20:04	2026-10-02T11:27:48	mjolnircomp09fl	417369088
45815373	pfam	cmag_804	74e05862-a704-4e35-b0df-b1fe07bc87d6	COMPLETED	766	766	21:09.123		1	8Gn	2026-10-02T11:04:59	2026-10-02T11:17:45	mjolnircomp11fl	243778560
45815374	prodigal	cmag_184	74e05862-a704-4e35-b0df-b1fe07bc87d6	COMPLETED	7	7	00:04.334		1	2663Mn	2026-10-02T11:19:34	2026-10-02T11:19:41	mjolnircomp11fl	844800
45815375	kegg	cmag_280	74e05862-a704-4e35-b0df-b1fe07bc87d6	COMPLETED	1067	1067	29:21.170		1	8Gn	2026-10-02T10:53:25	2026-10-02T11:11:12	mjolnircomp05fl	1026186240
45815376	prodigal	cmag_169	74e05862-a704-4e35-b0df-b1fe07bc87d6	COMPLETED	6	6	00:02.879		1	1669Mn	2026-10-02T11:20:04	2026-10-02T11:20:10	mjolnircomp11fl	843776
45815377	kegg	cmag_082	74e05862-a704-4e35-b0df-b1fe07bc87d6	COMPLETED	1640	1640	48:00.965		1	8Gn	2026-10-02T11:21:05	2026-10-02T11:48:25	mjolnircomp12fl	849612800
45815381	prodigal	cmag_348	74e05862-a704-4e35-b0df-b1fe07bc87d6	COMPLETED	6	6	00:03.349		1	2034Mn	2026-10-02T11:20:04	2026-10-02T11:20:10	mjolnircomp11fl	849920
45815382	ncbifam	cmag_267	74e05862-a704-4e35-b0df-b1fe07bc87d6	COMPLETED	932	932	25:25.309		1	16Gn	2026-10-02T11:29:07	2026-10-02T11:44:39	mjolnircomp17fl	371671040
45815383	kegg	cmag_481	74e05862-a704-4e35-b0df-b1fe07bc87d6	COMPLETED	2543	2543	01:16:56		1	8Gn	2026-10-02T11:29:07	2026-10-02T12:11:30	mjolnirgpu01fl	923664384
45815391	tigrfam	cmag_026	74e05862-a704-4e35-b0df-b1fe07bc87d6	COMPLETED	368	368	08:43.942		1	16Gn	2026-10-02T11:34:40	2026-10-02T11:40:48	mjolnircomp17fl	341321728
45815392	kegg	cmag_440	74e05862-a704-4e35-b0df-b1fe07bc87d6	COMPLETED	1659	1659	47:01.670		1	8Gn	2026-10-02T11:27:07	2026-10-02T11:54:46	mjolnircomp09fl	1029736448
45815393	prodigal	cmag_484	74e05862-a704-4e35-b0df-b1fe07bc87d6	COMPLETED	7	7	00:04.712		1	3277Mn	2026-10-02T11:20:35	2026-10-02T11:20:42	mjolnircomp11fl	836608
45815394	cazy	cmag_304	74e05862-a704-4e35-b0df-b1fe07bc87d6	COMPLETED	17	17	00:12.570		1	8Gn	2026-10-02T11:20:35	2026-10-02T11:20:52	mjolnircomp11fl	836608
45815397	prodigal	cmag_734	74e05862-a704-4e35-b0df-b1fe07bc87d6	COMPLETED	6	6	00:04.127		1	2645Mn	2026-10-02T11:20:35	2026-10-02T11:20:41	mjolnircomp11fl	833536
45815398	prodigal	cmag_351	74e05862-a704-4e35-b0df-b1fe07bc87d6	COMPLETED	8	8	00:05.398		1	3576Mn	2026-10-02T11:21:05	2026-10-02T11:21:13	mjolnircomp11fl	849920
45815399	tigrfam	cmag_089	74e05862-a704-4e35-b0df-b1fe07bc87d6	COMPLETED	233	233	05:48.353		1	16Gn	2026-10-02T11:29:07	2026-10-02T11:33:00	mjolnirgpu03fl	360783872
45815400	cazy	cmag_704	74e05862-a704-4e35-b0df-b1fe07bc87d6	COMPLETED	20	20	00:16.016		1	8Gn	2026-10-02T11:21:05	2026-10-02T11:21:25	mjolnircomp11fl	843776
45815401	kegg	cmag_157	74e05862-a704-4e35-b0df-b1fe07bc87d6	COMPLETED	895	895	25:12.300		1	8Gn	2026-10-02T10:59:27	2026-10-02T11:14:22	mjolnircomp11fl	648664064
45815402	kegg	cmag_068	74e05862-a704-4e35-b0df-b1fe07bc87d6	COMPLETED	893	893	24:01.510		1	8Gn	2026-10-02T11:00:27	2026-10-02T11:15:20	mjolnircomp11fl	642120704
45815403	kegg	cmag_729	74e05862-a704-4e35-b0df-b1fe07bc87d6	COMPLETED	1862	1862	53:34.423		1	8Gn	2026-10-02T11:27:07	2026-10-02T11:58:09	mjolnircomp09fl	807922688
45815404	prodigal	cmag_650	74e05862-a704-4e35-b0df-b1fe07bc87d6	COMPLETED	5	5	00:02.617		1	1201Mn	2026-10-02T11:21:05	2026-10-02T11:21:10	mjolnircomp11fl	848896
45815408	tigrfam	cmag_479	74e05862-a704-4e35-b0df-b1fe07bc87d6	COMPLETED	165	165	04:26.515		1	16Gn	2026-10-02T11:32:08	2026-10-02T11:34:53	mjolnircomp01fl	449324032
45815412	tigrfam	cmag_264	74e05862-a704-4e35-b0df-b1fe07bc87d6	COMPLETED	89	89	02:15.897		1	16Gn	2026-10-02T11:27:07	2026-10-02T11:28:36	mjolnircomp09fl	373151744
45815413	pfam	cmag_267	74e05862-a704-4e35-b0df-b1fe07bc87d6	COMPLETED	700	700	19:25.990		1	8Gn	2026-10-02T11:10:31	2026-10-02T11:22:11	mjolnircomp11fl	239755264
45815420	kegg	cmag_774	74e05862-a704-4e35-b0df-b1fe07bc87d6	COMPLETED	2339	2339	01:09:19		1	8Gn	2026-10-02T11:30:38	2026-10-02T12:09:37	mjolnircomp12fl	867134464
45815422	ncbifam	cmag_653	74e05862-a704-4e35-b0df-b1fe07bc87d6	COMPLETED	347	347	09:54.486		1	16Gn	2026-10-02T11:30:08	2026-10-02T11:35:55	mjolnircomp03fl	407814144
45815426	prodigal	cmag_411	74e05862-a704-4e35-b0df-b1fe07bc87d6	COMPLETED	7	7	00:04.575		1	3008Mn	2026-10-02T11:21:35	2026-10-02T11:21:42	mjolnircomp11fl	844800
45815427	prodigal	cmag_238	74e05862-a704-4e35-b0df-b1fe07bc87d6	COMPLETED	7	7	00:04.306		1	3180Mn	2026-10-02T11:21:35	2026-10-02T11:21:42	mjolnircomp11fl	849920
45815432	prodigal	cmag_360	74e05862-a704-4e35-b0df-b1fe07bc87d6	COMPLETED	6	6	00:03.308		1	2429Mn	2026-10-02T11:22:05	2026-10-02T11:22:11	mjolnircomp11fl	839680
45815433	cazy	cmag_105	74e05862-a704-4e35-b0df-b1fe07bc87d6	COMPLETED	21	21	00:16.343		1	8Gn	2026-10-02T11:22:05	2026-10-02T11:22:26	mjolnircomp11fl	833536
45815434	kegg	cmag_704	74e05862-a704-4e35-b0df-b1fe07bc87d6	COMPLETED	1951	1951	57:15.546		1	8Gn	2026-10-02T11:30:08	2026-10-02T12:02:39	mjolnircomp03fl	914808832
45815435	pfam	cmag_631	74e05862-a704-4e35-b0df-b1fe07bc87d6	COMPLETED	583	583	16:35.235		1	8Gn	2026-10-02T11:37:41	2026-10-02T11:47:24	mjolnircomp16fl	212009984
45815436	kegg	cmag_419	74e05862-a704-4e35-b0df-b1fe07bc87d6	COMPLETED	2021	2021	59:09.233		1	8Gn	2026-10-02T11:30:08	2026-10-02T12:03:49	mjolnircomp03fl	961587200
45815437	kegg	cmag_616	74e05862-a704-4e35-b0df-b1fe07bc87d6	COMPLETED	938	938	27:54.342		1	8Gn	2026-10-02T11:24:36	2026-10-02T11:40:14	mjolnircomp16fl	856981504
45815440	prodigal	cmag_340	74e05862-a704-4e35-b0df-b1fe07bc87d6	COMPLETED	6	6	00:03.182		1	2024Mn	2026-10-02T11:22:05	2026-10-02T11:22:11	mjolnircomp11fl	846848
45815441	prodigal	cmag_566	74e05862-a704-4e35-b0df-b1fe07bc87d6	COMPLETED	6	6	00:03.387		1	2318Mn	2026-10-02T11:22:35	2026-10-02T11:22:41	mjolnircomp11fl	849920
45815444	prodigal	cmag_347	74e05862-a704-4e35-b0df-b1fe07bc87d6	COMPLETED	7	7	00:03.734		1	2317Mn	2026-10-02T11:22:35	2026-10-02T11:22:42	mjolnircomp11fl	848896
45815448	prodigal	cmag_175	74e05862-a704-4e35-b0df-b1fe07bc87d6	COMPLETED	9	9	00:05.632		1	4865Mn	2026-10-02T11:22:35	2026-10-02T11:22:44	mjolnircomp11fl	849920
45815449	prodigal	cmag_425	74e05862-a704-4e35-b0df-b1fe07bc87d6	COMPLETED	6	6	00:03.100		1	1448Mn	2026-10-02T11:22:35	2026-10-02T11:22:41	mjolnircomp11fl	851968
45815451	ncbifam	cmag_479	74e05862-a704-4e35-b0df-b1fe07bc87d6	COMPLETED	694	694	20:12.369		1	16Gn	2026-10-02T11:32:08	2026-10-02T11:43:42	mjolnircomp01fl	397787136
45815454	cazy	cmag_267	74e05862-a704-4e35-b0df-b1fe07bc87d6	COMPLETED	17	17	00:12.879		1	8Gn	2026-10-02T11:23:06	2026-10-02T11:23:23	mjolnircomp11fl	849920
45815455	ncbifam	cmag_264	74e05862-a704-4e35-b0df-b1fe07bc87d6	COMPLETED	359	359	09:54.131		1	16Gn	2026-10-02T11:27:07	2026-10-02T11:33:06	mjolnircomp09fl	370877440
45815456	pfam	cmag_026	74e05862-a704-4e35-b0df-b1fe07bc87d6	COMPLETED	962	962	27:19.398		1	8Gn	2026-10-02T11:25:06	2026-10-02T11:41:08	mjolnircomp16fl	212751360
45815457	prodigal	cmag_369	74e05862-a704-4e35-b0df-b1fe07bc87d6	COMPLETED	6	6	00:04.011		1	2788Mn	2026-10-02T11:23:06	2026-10-02T11:23:12	mjolnircomp11fl	854016
45815458	prodigal	cmag_478	74e05862-a704-4e35-b0df-b1fe07bc87d6	COMPLETED	5	5	00:03.171		1	1910Mn	2026-10-02T11:23:06	2026-10-02T11:23:11	mjolnircomp11fl	851968
45815459	prodigal	cmag_686	74e05862-a704-4e35-b0df-b1fe07bc87d6	COMPLETED	5	5	00:03.452		1	1740Mn	2026-10-02T11:23:06	2026-10-02T11:23:11	mjolnircomp11fl	846848
45815460	prodigal	cmag_172	74e05862-a704-4e35-b0df-b1fe07bc87d6	COMPLETED	6	6	00:03.734		1	2804Mn	2026-10-02T11:23:06	2026-10-02T11:23:12	mjolnircomp11fl	854016
45815464	prodigal	cmag_463	74e05862-a704-4e35-b0df-b1fe07bc87d6	COMPLETED	8	8	00:05.485		1	3785Mn	2026-10-02T11:41:13	2026-10-02T11:41:21	mjolnircomp16fl	822272
45815466	prodigal	cmag_115	74e05862-a704-4e35-b0df-b1fe07bc87d6	COMPLETED	7	7	00:04.292		1	3083Mn	2026-10-02T11:41:13	2026-10-02T11:41:20	mjolnircomp16fl	858112
45815467	prodigal	cmag_510	74e05862-a704-4e35-b0df-b1fe07bc87d6	COMPLETED	10	10	00:06.849		1	5862Mn	2026-10-02T11:15:32	2026-10-02T11:15:42	mjolnircomp11fl	832512
45815470	prodigal	cmag_654	74e05862-a704-4e35-b0df-b1fe07bc87d6	COMPLETED	6	6	00:03.836		1	1564Mn	2026-10-02T11:47:46	2026-10-02T11:47:52	mjolnirgpu03fl	833536
45815475	cazy	cmag_774	74e05862-a704-4e35-b0df-b1fe07bc87d6	COMPLETED	24	24	00:19.644		1	8Gn	2026-10-02T11:16:03	2026-10-02T11:16:27	mjolnircomp11fl	831488
45815476	prodigal	cmag_048	74e05862-a704-4e35-b0df-b1fe07bc87d6	COMPLETED	11	11	00:07.540		1	3508Mn	2026-10-02T11:48:46	2026-10-02T11:48:57	mjolnirgpu03fl	834560
45815482	prodigal	cmag_150	74e05862-a704-4e35-b0df-b1fe07bc87d6	COMPLETED	7	7	00:03.906		1	1448Mn	2026-10-02T11:48:46	2026-10-02T11:48:53	mjolnirgpu03fl	831488
45815484	prodigal	cmag_269	74e05862-a704-4e35-b0df-b1fe07bc87d6	COMPLETED	9	9	00:05.289		1	2499Mn	2026-10-02T11:49:16	2026-10-02T11:49:25	mjolnirgpu03fl	833536
45815485	cazy	cmag_528	74e05862-a704-4e35-b0df-b1fe07bc87d6	COMPLETED	24	24	00:18.519		1	8Gn	2026-10-02T11:49:16	2026-10-02T11:49:40	mjolnirgpu03fl	826368
45815486	cazy	cmag_696	74e05862-a704-4e35-b0df-b1fe07bc87d6	COMPLETED	22	22	00:17.566		1	8Gn	2026-10-02T11:49:47	2026-10-02T11:50:09	mjolnirgpu03fl	827392
45815489	prodigal	cmag_748	74e05862-a704-4e35-b0df-b1fe07bc87d6	COMPLETED	9	9	00:06.856		1	2918Mn	2026-10-02T11:49:47	2026-10-02T11:49:56	mjolnirgpu03fl	833536
45815490	prodigal	cmag_432	74e05862-a704-4e35-b0df-b1fe07bc87d6	COMPLETED	8	8	00:06.139		1	2569Mn	2026-10-02T11:49:47	2026-10-02T11:49:55	mjolnirgpu03fl	824320
45815494	prodigal	cmag_362	74e05862-a704-4e35-b0df-b1fe07bc87d6	COMPLETED	16	16	00:03.907		1	1284Mn	2026-10-02T11:49:16	2026-10-02T11:49:32	mjolnircomp17fl	1159168
45815495	kegg	cmag_804	74e05862-a704-4e35-b0df-b1fe07bc87d6	COMPLETED	1496	1496	44:19.275		1	8Gn	2026-10-02T11:16:03	2026-10-02T11:40:59	mjolnircomp16fl	1091373056
45815498	pfam	cmag_774	74e05862-a704-4e35-b0df-b1fe07bc87d6	COMPLETED	894	894	24:54.562		1	8Gn	2026-10-02T11:41:43	2026-10-02T11:56:37	mjolnircomp03fl	274695168
45815499	prodigal	cmag_414	74e05862-a704-4e35-b0df-b1fe07bc87d6	COMPLETED	14	14	00:04.444		1	1792Mn	2026-10-02T11:49:47	2026-10-02T11:50:01	mjolnircomp17fl	1155072
45815504	ncbifam	cmag_676	74e05862-a704-4e35-b0df-b1fe07bc87d6	COMPLETED	758	758	22:04.421		1	16Gn	2026-10-02T11:35:10	2026-10-02T11:47:48	mjolnircomp01fl	382503936
45815505	prodigal	cmag_042	74e05862-a704-4e35-b0df-b1fe07bc87d6	COMPLETED	10	10	00:06.845		1	2792Mn	2026-10-02T11:50:17	2026-10-02T11:50:27	mjolnirgpu03fl	823296
45815507	prodigal	cmag_164	74e05862-a704-4e35-b0df-b1fe07bc87d6	COMPLETED	7	7	00:03.819		1	1583Mn	2026-10-02T11:50:47	2026-10-02T11:50:54	mjolnirgpu03fl	829440
45815510	prodigal	cmag_142	74e05862-a704-4e35-b0df-b1fe07bc87d6	COMPLETED	8	8	00:05.347		1	2213Mn	2026-10-02T11:50:47	2026-10-02T11:50:55	mjolnirgpu03fl	832512
45815513	tigrfam	cmag_565	74e05862-a704-4e35-b0df-b1fe07bc87d6	COMPLETED	161	161	04:18.111		1	16Gn	2026-10-02T11:32:08	2026-10-02T11:34:49	mjolnircomp01fl	357603328
45815514	cazy	cmag_408	74e05862-a704-4e35-b0df-b1fe07bc87d6	COMPLETED	20	20	00:15.001		1	8Gn	2026-10-02T11:50:47	2026-10-02T11:51:07	mjolnirgpu03fl	830464
45815515	prodigal	cmag_277	74e05862-a704-4e35-b0df-b1fe07bc87d6	COMPLETED	9	9	00:06.648		1	2731Mn	2026-10-02T11:50:47	2026-10-02T11:50:56	mjolnirgpu03fl	832512
45815519	kegg	cmag_510	74e05862-a704-4e35-b0df-b1fe07bc87d6	COMPLETED	3390	3390	01:35:47		1	8249Mn	2026-10-02T11:35:10	2026-10-02T12:31:40	mjolnircomp01fl	1176361984
45815520	cazy	cmag_510	74e05862-a704-4e35-b0df-b1fe07bc87d6	COMPLETED	32	32	00:19.586		1	8249Mn	2026-10-02T11:37:41	2026-10-02T11:38:13	mjolnircomp16fl	80016384
45815524	prodigal	cmag_170	74e05862-a704-4e35-b0df-b1fe07bc87d6	COMPLETED	9	9	00:06.057		1	2953Mn	2026-10-02T11:51:17	2026-10-02T11:51:26	mjolnirgpu03fl	827392
45815525	prodigal	cmag_703	74e05862-a704-4e35-b0df-b1fe07bc87d6	COMPLETED	9	9	00:06.430		1	2865Mn	2026-10-02T11:51:17	2026-10-02T11:51:26	mjolnirgpu03fl	830464
45815528	prodigal	cmag_561	74e05862-a704-4e35-b0df-b1fe07bc87d6	COMPLETED	7	7	00:03.922		1	1501Mn	2026-10-02T11:51:17	2026-10-02T11:51:24	mjolnirgpu03fl	824320
45815529	cazy	cmag_026	74e05862-a704-4e35-b0df-b1fe07bc87d6	COMPLETED	25	25	00:19.543		1	8Gn	2026-10-02T11:51:47	2026-10-02T11:52:12	mjolnirgpu03fl	827392
45815532	prodigal	cmag_450	74e05862-a704-4e35-b0df-b1fe07bc87d6	COMPLETED	16	16	00:04.347		1	1388Mn	2026-10-02T11:51:17	2026-10-02T11:51:33	mjolnircomp17fl	1160192
45815533	ncbifam	cmag_070	74e05862-a704-4e35-b0df-b1fe07bc87d6	COMPLETED	399	399	11:07.633		1	16Gn	2026-10-02T11:28:37	2026-10-02T11:35:16	mjolnircomp09fl	315717632
45815534	pfam	cmag_742	74e05862-a704-4e35-b0df-b1fe07bc87d6	COMPLETED	1159	1159	33:05.435		1	8Gn	2026-10-02T11:42:13	2026-10-02T12:01:32	mjolnircomp12fl	276667392
45815542	ncbifam	cmag_565	74e05862-a704-4e35-b0df-b1fe07bc87d6	COMPLETED	625	625	18:29.898		1	16Gn	2026-10-02T11:37:41	2026-10-02T11:48:06	mjolnircomp15fl	436838400
45815543	ncbifam	cmag_177	74e05862-a704-4e35-b0df-b1fe07bc87d6	COMPLETED	795	795	23:34.870		1	16Gn	2026-10-02T11:37:41	2026-10-02T11:50:56	mjolnircomp07fl	442501120
45815544	prodigal	cmag_735	74e05862-a704-4e35-b0df-b1fe07bc87d6	COMPLETED	15	15	00:04.010		1	1105Mn	2026-10-02T11:51:47	2026-10-02T11:52:02	mjolnircomp17fl	1163264
45815545	cazy	cmag_098	74e05862-a704-4e35-b0df-b1fe07bc87d6	COMPLETED	26	26	00:20.864		1	8Gn	2026-10-02T11:39:12	2026-10-02T11:39:38	mjolnircomp16fl	844800
45815546	kegg	cmag_331	74e05862-a704-4e35-b0df-b1fe07bc87d6	COMPLETED	1440	1440	41:52.428		1	8Gn	2026-10-02T11:31:38	2026-10-02T11:55:38	mjolnircomp09fl	1092097024
45815547	ncbifam	cmag_581	74e05862-a704-4e35-b0df-b1fe07bc87d6	COMPLETED	425	425	12:25.489		1	16Gn	2026-10-02T11:34:09	2026-10-02T11:41:14	mjolnircomp03fl	360302592
45815549	prodigal	cmag_243	74e05862-a704-4e35-b0df-b1fe07bc87d6	COMPLETED	13	13	00:10.729		1	2744Mn	2026-10-02T11:52:18	2026-10-02T11:52:31	mjolnirgpu03fl	833536
45815550	kegg	cmag_105	74e05862-a704-4e35-b0df-b1fe07bc87d6	COMPLETED	2067	2067	01:01:53		1	8Gn	2026-10-02T11:35:10	2026-10-02T12:09:37	mjolnircomp12fl	827692032
45815551	tigrfam	cmag_762	74e05862-a704-4e35-b0df-b1fe07bc87d6	COMPLETED	134	134	03:15.833		1	16Gn	2026-10-02T11:37:41	2026-10-02T11:39:55	mjolnircomp08fl	421090304
45815555	tigrfam	cmag_353	74e05862-a704-4e35-b0df-b1fe07bc87d6	COMPLETED	187	187	04:47.044		1	16Gn	2026-10-02T11:38:11	2026-10-02T11:41:18	mjolnircomp06fl	390824960
45815556	pfam	cmag_417	74e05862-a704-4e35-b0df-b1fe07bc87d6	COMPLETED	980	980	27:17.621		1	8Gn	2026-10-02T11:49:16	2026-10-02T12:05:36	mjolnircomp17fl	227549184
45815557	pfam	cmag_039	74e05862-a704-4e35-b0df-b1fe07bc87d6	COMPLETED	927	927	25:57.205		1	8Gn	2026-10-02T11:45:45	2026-10-02T12:01:12	mjolnircomp03fl	224664576
45815558	ncbifam	cmag_216	74e05862-a704-4e35-b0df-b1fe07bc87d6	COMPLETED	1052	1052	30:07.738		1	16Gn	2026-10-02T11:38:41	2026-10-02T11:56:13	mjolnirgpu01fl	347782144
45815559	ncbifam	cmag_747	74e05862-a704-4e35-b0df-b1fe07bc87d6	COMPLETED	329	329	09:08.443		1	16Gn	2026-10-02T11:33:09	2026-10-02T11:38:38	mjolnircomp09fl	350340096
45815560	ncbifam	cmag_386	74e05862-a704-4e35-b0df-b1fe07bc87d6	COMPLETED	588	588	15:28.412		1	16Gn	2026-10-02T11:38:11	2026-10-02T11:47:59	mjolnirgpu03fl	350979072
45815561	kegg	cmag_662	74e05862-a704-4e35-b0df-b1fe07bc87d6	COMPLETED	1153	1153	33:50.226		1	8Gn	2026-10-02T11:39:12	2026-10-02T11:58:25	mjolnircomp05fl	1133848576
45815563	ncbifam	cmag_609	74e05862-a704-4e35-b0df-b1fe07bc87d6	COMPLETED	670	670	18:37.087		1	16Gn	2026-10-02T11:40:12	2026-10-02T11:51:22	mjolnircomp08fl	469021696
45815564	cazy	cmag_328	74e05862-a704-4e35-b0df-b1fe07bc87d6	COMPLETED	30	30	00:21.950		1	8Gn	2026-10-02T11:53:18	2026-10-02T11:53:48	mjolnircomp05fl	836608
45815565	prodigal	cmag_102	74e05862-a704-4e35-b0df-b1fe07bc87d6	COMPLETED	14	14	00:11.065		1	3999Mn	2026-10-02T11:53:18	2026-10-02T11:53:32	mjolnircomp05fl	833536
45815570	tigrfam	cmag_193	74e05862-a704-4e35-b0df-b1fe07bc87d6	COMPLETED	284	284	06:47.895		1	16Gn	2026-10-02T11:41:13	2026-10-02T11:45:57	mjolnircomp17fl	375624704
45815571	prodigal	cmag_586	74e05862-a704-4e35-b0df-b1fe07bc87d6	COMPLETED	9	9	00:05.781		1	2776Mn	2026-10-02T11:53:18	2026-10-02T11:53:27	mjolnirgpu03fl	828416
45815572	ncbifam	cmag_107	74e05862-a704-4e35-b0df-b1fe07bc87d6	COMPLETED	251	251	07:13.522		1	16Gn	2026-10-02T11:46:45	2026-10-02T11:50:56	mjolnircomp03fl	349603840
45815573	ncbifam	cmag_381	74e05862-a704-4e35-b0df-b1fe07bc87d6	COMPLETED	869	869	24:53.867		1	16Gn	2026-10-02T11:41:43	2026-10-02T11:56:12	mjolnircomp06fl	466064384
45815574	prodigal	cmag_673	74e05862-a704-4e35-b0df-b1fe07bc87d6	COMPLETED	8	8	00:05.633		1	2543Mn	2026-10-02T11:53:18	2026-10-02T11:53:26	mjolnirgpu03fl	829440
45815577	pfam	cmag_197	74e05862-a704-4e35-b0df-b1fe07bc87d6	COMPLETED	1248	1248	34:33.596		1	8Gn	2026-10-02T11:45:45	2026-10-02T12:06:33	mjolnircomp17fl	224354304
45815578	tigrfam	cmag_235	74e05862-a704-4e35-b0df-b1fe07bc87d6	COMPLETED	323	323	06:52.168		1	16Gn	2026-10-02T11:42:13	2026-10-02T11:47:36	mjolnirgpu02fl	422767616
45815579	prodigal	cmag_788	74e05862-a704-4e35-b0df-b1fe07bc87d6	COMPLETED	12	12	00:09.289		1	2830Mn	2026-10-02T11:53:48	2026-10-02T11:54:00	mjolnircomp05fl	838656
45815580	cazy	cmag_282	74e05862-a704-4e35-b0df-b1fe07bc87d6	COMPLETED	21	21	00:16.240		1	8Gn	2026-10-02T11:53:48	2026-10-02T11:54:09	mjolnirgpu03fl	819200
45815581	cazy	cmag_053	74e05862-a704-4e35-b0df-b1fe07bc87d6	COMPLETED	22	22	00:17.514		1	8Gn	2026-10-02T11:53:48	2026-10-02T11:54:10	mjolnirgpu03fl	827392
45815582	cazy	cmag_507	74e05862-a704-4e35-b0df-b1fe07bc87d6	COMPLETED	21	21	00:16.601		1	8Gn	2026-10-02T11:53:48	2026-10-02T11:54:09	mjolnirgpu03fl	827392
45815583	prodigal	cmag_130	74e05862-a704-4e35-b0df-b1fe07bc87d6	COMPLETED	9	9	00:06.685		1	3482Mn	2026-10-02T11:53:48	2026-10-02T11:53:57	mjolnirgpu03fl	819200
45815584	kegg	cmag_098	74e05862-a704-4e35-b0df-b1fe07bc87d6	COMPLETED	2709	2709	01:18:59		1	8Gn	2026-10-02T11:42:43	2026-10-02T12:27:52	mjolnircomp01fl	959547392
45815585	cazy	cmag_545	74e05862-a704-4e35-b0df-b1fe07bc87d6	COMPLETED	31	31	00:24.984		1	8Gn	2026-10-02T11:54:18	2026-10-02T11:54:49	mjolnircomp05fl	79444992
45815589	pfam	cmag_790	74e05862-a704-4e35-b0df-b1fe07bc87d6	COMPLETED	1514	1514	39:50.106		1	8Gn	2026-10-02T11:46:15	2026-10-02T12:11:29	mjolnircomp17fl	243070976
45815593	prodigal	cmag_533	74e05862-a704-4e35-b0df-b1fe07bc87d6	COMPLETED	16	16	00:04.911		1	1828Mn	2026-10-02T11:52:18	2026-10-02T11:52:34	mjolnircomp17fl	1157120
45815630	pfam	cmag_727	74e05862-a704-4e35-b0df-b1fe07bc87d6	COMPLETED	1291	1291	35:33.158		1	8Gn	2026-10-02T11:39:12	2026-10-02T12:00:43	mjolnircomp05fl	259732480
45815631	ncbifam	cmag_662	74e05862-a704-4e35-b0df-b1fe07bc87d6	COMPLETED	274	274	07:57.908		1	16Gn	2026-10-02T11:41:43	2026-10-02T11:46:17	mjolnircomp03fl	444160000
45815633	ncbifam	cmag_353	74e05862-a704-4e35-b0df-b1fe07bc87d6	COMPLETED	410	410	11:53.527		1	16Gn	2026-10-02T11:41:43	2026-10-02T11:48:33	mjolnircomp03fl	420540416
45815634	cazy	cmag_156	74e05862-a704-4e35-b0df-b1fe07bc87d6	COMPLETED	30	30	00:25.109		1	8Gn	2026-10-02T11:54:18	2026-10-02T11:54:48	mjolnircomp05fl	837632
45815635	prodigal	cmag_342	74e05862-a704-4e35-b0df-b1fe07bc87d6	COMPLETED	11	11	00:08.053		1	2249Mn	2026-10-02T11:54:48	2026-10-02T11:54:59	mjolnircomp05fl	832512
45815637	ncbifam	cmag_573	74e05862-a704-4e35-b0df-b1fe07bc87d6	COMPLETED	1570	1570	43:31.110		1	16Gn	2026-10-02T11:44:44	2026-10-02T12:10:54	mjolnircomp17fl	318594048
45815638	kegg	cmag_271	74e05862-a704-4e35-b0df-b1fe07bc87d6	COMPLETED	2100	2100	01:03:09		1	8Gn	2026-10-02T11:47:46	2026-10-02T12:22:46	mjolnircomp16fl	1266798592
45815639	prodigal	cmag_491	74e05862-a704-4e35-b0df-b1fe07bc87d6	COMPLETED	15	15	00:12.763		1	2137Mn	2026-10-02T11:55:19	2026-10-02T11:55:34	mjolnircomp05fl	836608
45815641	prodigal	cmag_144	74e05862-a704-4e35-b0df-b1fe07bc87d6	COMPLETED	14	14	00:04.474		1	1636Mn	2026-10-02T11:52:48	2026-10-02T11:53:02	mjolnircomp17fl	1156096
45815642	pfam	cmag_013	74e05862-a704-4e35-b0df-b1fe07bc87d6	COMPLETED	356	356	09:50.149		1	8Gn	2026-10-02T12:08:23	2026-10-02T12:14:19	mjolnircomp03fl	204422144
45815674	prodigal	cmag_745	74e05862-a704-4e35-b0df-b1fe07bc87d6	COMPLETED	12	12	00:09.634		1	3064Mn	2026-10-02T11:55:19	2026-10-02T11:55:31	mjolnircomp05fl	835584
45815688	ncbifam	cmag_688	74e05862-a704-4e35-b0df-b1fe07bc87d6	COMPLETED	994	994	25:52.091		1	16Gn	2026-10-02T11:47:46	2026-10-02T12:04:20	mjolnirgpu02fl	474936320
45815699	prodigal	cmag_212	74e05862-a704-4e35-b0df-b1fe07bc87d6	COMPLETED	10	10	00:08.161		1	2455Mn	2026-10-02T11:55:49	2026-10-02T11:55:59	mjolnircomp05fl	835584
45815747	prodigal	cmag_317	74e05862-a704-4e35-b0df-b1fe07bc87d6	COMPLETED	16	16	00:04.231		1	1215Mn	2026-10-02T11:53:18	2026-10-02T11:53:34	mjolnircomp17fl	1157120
45815748	pfam	cmag_569	74e05862-a704-4e35-b0df-b1fe07bc87d6	COMPLETED	892	892	24:47.455		1	8Gn	2026-10-02T11:50:47	2026-10-02T12:05:39	mjolnircomp03fl	217606144
45815749	pfam	cmag_344	74e05862-a704-4e35-b0df-b1fe07bc87d6	COMPLETED	910	910	25:33.089		1	8Gn	2026-10-02T11:51:17	2026-10-02T12:06:27	mjolnircomp03fl	235155456
45815775	kegg	cmag_653	74e05862-a704-4e35-b0df-b1fe07bc87d6	COMPLETED	901	901	26:30.638		1	8Gn	2026-10-02T11:54:48	2026-10-02T12:09:49	mjolnircomp09fl	976870400
45815776	pfam	cmag_380	74e05862-a704-4e35-b0df-b1fe07bc87d6	COMPLETED	815	815	20:50.457		1	8Gn	2026-10-02T11:45:15	2026-10-02T11:58:50	mjolnirgpu03fl	231591936
45815797	ncbifam	cmag_148	74e05862-a704-4e35-b0df-b1fe07bc87d6	COMPLETED	501	501	14:46.212		1	16Gn	2026-10-02T11:48:16	2026-10-02T11:56:37	mjolnircomp15fl	390256640
45815798	tigrfam	cmag_539	74e05862-a704-4e35-b0df-b1fe07bc87d6	COMPLETED	146	146	03:56.577		1	16Gn	2026-10-02T11:51:17	2026-10-02T11:53:43	mjolnircomp07fl	379213824
45815815	prodigal	cmag_234	74e05862-a704-4e35-b0df-b1fe07bc87d6	COMPLETED	14	14	00:04.358		1	1743Mn	2026-10-02T11:53:48	2026-10-02T11:54:02	mjolnircomp17fl	1161216
45815840	pfam	cmag_565	74e05862-a704-4e35-b0df-b1fe07bc87d6	COMPLETED	1185	1185	32:42.473		1	8Gn	2026-10-02T11:39:12	2026-10-02T11:58:57	mjolnircomp05fl	283707392
45815841	pfam	cmag_347	74e05862-a704-4e35-b0df-b1fe07bc87d6	COMPLETED	1110	1110	30:37.003		1	8Gn	2026-10-02T11:49:16	2026-10-02T12:07:46	mjolnircomp17fl	180834304
45815842	pfam	cmag_369	74e05862-a704-4e35-b0df-b1fe07bc87d6	COMPLETED	1211	1211	33:11.266		1	8Gn	2026-10-02T11:39:42	2026-10-02T11:59:53	mjolnircomp05fl	233517056
45815843	kegg	cmag_487	74e05862-a704-4e35-b0df-b1fe07bc87d6	COMPLETED	1214	1214	36:23.549		1	8Gn	2026-10-02T12:49:36	2026-10-02T13:09:50	mjolnircomp12fl	954807296
45815849	ncbifam	cmag_309	74e05862-a704-4e35-b0df-b1fe07bc87d6	COMPLETED	759	759	21:13.402		1	16Gn	2026-10-02T11:51:47	2026-10-02T12:04:26	mjolnircomp08fl	422692864
45815850	pfam	cmag_328	74e05862-a704-4e35-b0df-b1fe07bc87d6	COMPLETED	1009	1009	27:48.358		1	8Gn	2026-10-02T11:49:16	2026-10-02T12:06:05	mjolnircomp17fl	190223360
45815851	prodigal	cmag_512	74e05862-a704-4e35-b0df-b1fe07bc87d6	COMPLETED	16	16	00:04.397		1	1764Mn	2026-10-02T11:56:19	2026-10-02T11:56:35	mjolnircomp17fl	1159168
45815855	cazy	cmag_264	74e05862-a704-4e35-b0df-b1fe07bc87d6	COMPLETED	18	18	00:12.574		1	8Gn	2026-10-02T11:56:49	2026-10-02T11:57:07	mjolnirgpu03fl	831488
45815858	ncbifam	cmag_536	74e05862-a704-4e35-b0df-b1fe07bc87d6	COMPLETED	492	492	14:27.309		1	16Gn	2026-10-02T11:53:48	2026-10-02T12:02:00	mjolnircomp07fl	417087488
45815859	cazy	cmag_493	74e05862-a704-4e35-b0df-b1fe07bc87d6	COMPLETED	27	27	00:22.042		1	8Gn	2026-10-02T11:57:19	2026-10-02T11:57:46	mjolnircomp05fl	833536
45815860	ncbifam	cmag_404	74e05862-a704-4e35-b0df-b1fe07bc87d6	COMPLETED	529	529	15:27.353		1	16Gn	2026-10-02T11:54:18	2026-10-02T12:03:07	mjolnircomp01fl	450530304
45815861	pfam	cmag_044	74e05862-a704-4e35-b0df-b1fe07bc87d6	COMPLETED	1186	1186	32:42.062		1	8Gn	2026-10-02T11:50:47	2026-10-02T12:10:33	mjolnircomp17fl	195955712
45815862	pfam	cmag_603	74e05862-a704-4e35-b0df-b1fe07bc87d6	COMPLETED	1020	1020	27:34.416		1	8Gn	2026-10-02T11:55:49	2026-10-02T12:12:49	mjolnircomp09fl	261366784
45815863	kegg	cmag_564	74e05862-a704-4e35-b0df-b1fe07bc87d6	COMPLETED	2162	2162	59:00.245		1	8Gn	2026-10-02T11:41:43	2026-10-02T12:17:45	mjolnircomp03fl	798042112
45815873	prodigal	cmag_495	74e05862-a704-4e35-b0df-b1fe07bc87d6	COMPLETED	15	15	00:04.203		1	1672Mn	2026-10-02T11:56:49	2026-10-02T11:57:04	mjolnircomp17fl	1162240
45815875	prodigal	cmag_135	74e05862-a704-4e35-b0df-b1fe07bc87d6	COMPLETED	8	8	00:04.935		1	2301Mn	2026-10-02T11:57:19	2026-10-02T11:57:27	mjolnirgpu03fl	836608
45815880	cazy	cmag_479	74e05862-a704-4e35-b0df-b1fe07bc87d6	COMPLETED	26	26	00:22.301		1	8Gn	2026-10-02T11:57:19	2026-10-02T11:57:45	mjolnirgpu03fl	817152
45815881	prodigal	cmag_337	74e05862-a704-4e35-b0df-b1fe07bc87d6	COMPLETED	13	13	00:08.983		1	3337Mn	2026-10-02T11:57:49	2026-10-02T11:58:02	mjolnircomp05fl	840704
45815891	kegg	cmag_026	74e05862-a704-4e35-b0df-b1fe07bc87d6	COMPLETED	1725	1725	52:18.821		1	8Gn	2026-10-02T11:48:16	2026-10-02T12:17:01	mjolnircomp13fl	1063041024
45815892	prodigal	cmag_811	74e05862-a704-4e35-b0df-b1fe07bc87d6	COMPLETED	16	16	00:03.973		1	1Gn	2026-10-02T11:54:18	2026-10-02T11:54:34	mjolnircomp17fl	1154048
45815894	tigrfam	cmag_662	74e05862-a704-4e35-b0df-b1fe07bc87d6	COMPLETED	73	73	01:54.446		1	16Gn	2026-10-02T11:48:46	2026-10-02T11:49:59	mjolnircomp03fl	306949120
45815895	kegg	cmag_253	74e05862-a704-4e35-b0df-b1fe07bc87d6	COMPLETED	1188	1188	34:26.898		1	8Gn	2026-10-02T12:32:29	2026-10-02T12:52:17	mjolnircomp01fl	778191872
45815896	ncbifam	cmag_369	74e05862-a704-4e35-b0df-b1fe07bc87d6	COMPLETED	580	580	17:04.286		1	16Gn	2026-10-02T11:56:49	2026-10-02T12:06:29	mjolnircomp15fl	403523584
45815897	pfam	cmag_793	74e05862-a704-4e35-b0df-b1fe07bc87d6	COMPLETED	802	802	21:25.642		1	8Gn	2026-10-02T11:56:49	2026-10-02T12:10:11	mjolnircomp03fl	236067840
45815898	kegg	cmag_351	74e05862-a704-4e35-b0df-b1fe07bc87d6	COMPLETED	1937	1937	57:46.613		1	8Gn	2026-10-02T11:48:46	2026-10-02T12:21:03	mjolnircomp12fl	903408640
45815904	kegg	cmag_479	74e05862-a704-4e35-b0df-b1fe07bc87d6	COMPLETED	1709	1709	50:10.594		1	8Gn	2026-10-02T11:55:49	2026-10-02T12:24:18	mjolnircomp12fl	912068608
45815905	prodigal	cmag_158	74e05862-a704-4e35-b0df-b1fe07bc87d6	COMPLETED	16	16	00:04.735		1	2232Mn	2026-10-02T12:06:52	2026-10-02T12:07:08	mjolnircomp17fl	1157120
45815906	cazy	cmag_115	74e05862-a704-4e35-b0df-b1fe07bc87d6	COMPLETED	18	18	00:13.627		1	8Gn	2026-10-02T12:08:53	2026-10-02T12:09:11	mjolnircomp09fl	822272
45815909	prodigal	cmag_097	74e05862-a704-4e35-b0df-b1fe07bc87d6	COMPLETED	17	17	00:06.521		1	3863Mn	2026-10-02T12:07:53	2026-10-02T12:08:10	mjolnircomp17fl	1158144
45815910	prodigal	cmag_785	74e05862-a704-4e35-b0df-b1fe07bc87d6	COMPLETED	16	16	00:05.314		1	2368Mn	2026-10-02T12:08:23	2026-10-02T12:08:39	mjolnircomp17fl	1162240
45815911	kegg	cmag_048	74e05862-a704-4e35-b0df-b1fe07bc87d6	COMPLETED	2085	2085	58:20.636		1	8Gn	2026-10-02T12:02:51	2026-10-02T12:37:36	mjolnircomp01fl	802204672
45815913	tigrfam	cmag_027	74e05862-a704-4e35-b0df-b1fe07bc87d6	COMPLETED	104	104	02:47.011		1	16Gn	2026-10-02T12:03:21	2026-10-02T12:05:05	mjolnircomp01fl	351798272
45815914	ncbifam	cmag_124	74e05862-a704-4e35-b0df-b1fe07bc87d6	COMPLETED	362	362	10:09.878		1	16Gn	2026-10-02T12:01:51	2026-10-02T12:07:53	mjolnircomp12fl	396447744
45815915	prodigal	cmag_358	74e05862-a704-4e35-b0df-b1fe07bc87d6	COMPLETED	16	16	00:04.227		1	1457Mn	2026-10-02T11:57:19	2026-10-02T11:57:35	mjolnircomp17fl	1162240
45815916	prodigal	cmag_334	74e05862-a704-4e35-b0df-b1fe07bc87d6	COMPLETED	15	15	00:04.482		1	1840Mn	2026-10-02T11:57:49	2026-10-02T11:58:04	mjolnircomp17fl	1162240
45815917	ncbifam	cmag_804	74e05862-a704-4e35-b0df-b1fe07bc87d6	COMPLETED	791	791	20:25.380		1	16Gn	2026-10-02T12:04:22	2026-10-02T12:17:33	mjolnirgpu02fl	457053184
45815918	prodigal	cmag_476	74e05862-a704-4e35-b0df-b1fe07bc87d6	COMPLETED	16	16	00:05.852		1	3176Mn	2026-10-02T12:08:23	2026-10-02T12:08:39	mjolnircomp17fl	1159168
45815922	prodigal	cmag_433	74e05862-a704-4e35-b0df-b1fe07bc87d6	COMPLETED	17	17	00:06.341		1	2786Mn	2026-10-02T12:08:53	2026-10-02T12:09:10	mjolnircomp17fl	1157120
45815923	cazy	cmag_344	74e05862-a704-4e35-b0df-b1fe07bc87d6	COMPLETED	20	20	00:15.597		1	8Gn	2026-10-02T12:09:53	2026-10-02T12:10:13	mjolnircomp09fl	817152
45815924	tigrfam	cmag_007	74e05862-a704-4e35-b0df-b1fe07bc87d6	COMPLETED	175	175	04:19.743		1	16Gn	2026-10-02T12:04:52	2026-10-02T12:07:47	mjolnircomp08fl	388004864
45815925	pfam	cmag_189	74e05862-a704-4e35-b0df-b1fe07bc87d6	COMPLETED	475	475	12:53.239		1	8Gn	2026-10-02T12:05:22	2026-10-02T12:13:17	mjolnircomp09fl	268435456
45815926	ncbifam	cmag_516	74e05862-a704-4e35-b0df-b1fe07bc87d6	COMPLETED	413	413	11:57.675		1	16Gn	2026-10-02T12:05:22	2026-10-02T12:12:15	mjolnircomp01fl	450714624
45815927	kegg	cmag_813	74e05862-a704-4e35-b0df-b1fe07bc87d6	COMPLETED	1479	1479	43:27.908		1	8Gn	2026-10-02T12:05:52	2026-10-02T12:30:31	mjolnircomp12fl	1001895936
45815932	tigrfam	cmag_743	74e05862-a704-4e35-b0df-b1fe07bc87d6	COMPLETED	177	177	04:41.962		1	16Gn	2026-10-02T12:07:53	2026-10-02T12:10:50	mjolnircomp08fl	302391296
45815933	tigrfam	cmag_131	74e05862-a704-4e35-b0df-b1fe07bc87d6	COMPLETED	86	86	02:09.930		1	16Gn	2026-10-02T12:55:09	2026-10-02T12:56:35	mjolnircomp12fl	362068992
45815934	cazy	cmag_417	74e05862-a704-4e35-b0df-b1fe07bc87d6	COMPLETED	15	15	00:10.542		1	8Gn	2026-10-02T12:10:23	2026-10-02T12:10:38	mjolnircomp09fl	811008
45815935	kegg	cmag_493	74e05862-a704-4e35-b0df-b1fe07bc87d6	COMPLETED	1518	1518	44:12.753		1	8Gn	2026-10-02T12:08:23	2026-10-02T12:33:41	mjolnircomp12fl	724175872
45815936	cazy	cmag_039	74e05862-a704-4e35-b0df-b1fe07bc87d6	COMPLETED	25	25	00:20.260		1	8Gn	2026-10-02T12:05:22	2026-10-02T12:05:47	mjolnircomp09fl	830464
45815938	pfam	cmag_309	74e05862-a704-4e35-b0df-b1fe07bc87d6	COMPLETED	797	797	21:15.215		1	8Gn	2026-10-02T11:56:49	2026-10-02T12:10:06	mjolnircomp03fl	221663232
45815939	tigrfam	cmag_702	74e05862-a704-4e35-b0df-b1fe07bc87d6	COMPLETED	205	205	05:24.240		1	16Gn	2026-10-02T12:09:23	2026-10-02T12:12:48	mjolnirgpu01fl	353773568
45815944	cazy	cmag_565	74e05862-a704-4e35-b0df-b1fe07bc87d6	COMPLETED	18	18	00:13.647		1	8Gn	2026-10-02T12:10:53	2026-10-02T12:11:11	mjolnircomp09fl	822272
45815945	kegg	cmag_053	74e05862-a704-4e35-b0df-b1fe07bc87d6	COMPLETED	1536	1536	43:22.740		1	8Gn	2026-10-02T12:08:53	2026-10-02T12:34:29	mjolnircomp01fl	932573184
45815946	tigrfam	cmag_452	74e05862-a704-4e35-b0df-b1fe07bc87d6	COMPLETED	209	209	05:27.483		1	16Gn	2026-10-02T12:10:53	2026-10-02T12:14:22	mjolnircomp08fl	405325824
45815950	pfam	cmag_148	74e05862-a704-4e35-b0df-b1fe07bc87d6	COMPLETED	779	779	19:31.562		1	8Gn	2026-10-02T11:58:20	2026-10-02T12:11:19	mjolnircomp09fl	200697856
45815951	cazy	cmag_354	74e05862-a704-4e35-b0df-b1fe07bc87d6	COMPLETED	20	20	00:13.438		1	8Gn	2026-10-02T12:11:23	2026-10-02T12:11:43	mjolnircomp03fl	819200
45815952	tigrfam	cmag_494	74e05862-a704-4e35-b0df-b1fe07bc87d6	COMPLETED	238	238	06:18.222		1	16Gn	2026-10-02T12:11:53	2026-10-02T12:15:51	mjolnirgpu01fl	357230592
45815953	pfam	cmag_386	74e05862-a704-4e35-b0df-b1fe07bc87d6	COMPLETED	601	601	15:41.268		1	8Gn	2026-10-02T11:58:20	2026-10-02T12:08:21	mjolnircomp09fl	221884416
45815954	ncbifam	cmag_007	74e05862-a704-4e35-b0df-b1fe07bc87d6	COMPLETED	703	703	20:42.251		1	16Gn	2026-10-02T12:12:24	2026-10-02T12:24:07	mjolnircomp01fl	458594304
45815955	prodigal	cmag_810	74e05862-a704-4e35-b0df-b1fe07bc87d6	COMPLETED	5	5	00:02.996		1	1716Mn	2026-10-02T12:11:54	2026-10-02T12:11:59	mjolnircomp03fl	820224
45815958	prodigal	cmag_801	74e05862-a704-4e35-b0df-b1fe07bc87d6	COMPLETED	6	6	00:04.205		1	2946Mn	2026-10-02T12:11:54	2026-10-02T12:12:00	mjolnircomp09fl	825344
45815959	tigrfam	cmag_715	74e05862-a704-4e35-b0df-b1fe07bc87d6	COMPLETED	217	217	05:53.996		1	16Gn	2026-10-02T12:12:54	2026-10-02T12:16:31	mjolnircomp07fl	440816640
45815960	pfam	cmag_124	74e05862-a704-4e35-b0df-b1fe07bc87d6	COMPLETED	520	520	14:17.360		1	8Gn	2026-10-02T12:05:52	2026-10-02T12:14:32	mjolnircomp17fl	176775168
45815961	pfam	cmag_404	74e05862-a704-4e35-b0df-b1fe07bc87d6	COMPLETED	571	571	15:44.901		1	8Gn	2026-10-02T11:58:50	2026-10-02T12:08:21	mjolnircomp03fl	304181248
45815962	kegg	cmag_039	74e05862-a704-4e35-b0df-b1fe07bc87d6	COMPLETED	2155	2155	01:00:38		1	8Gn	2026-10-02T12:09:53	2026-10-02T12:45:48	mjolnircomp01fl	974021632
45815963	prodigal	cmag_387	74e05862-a704-4e35-b0df-b1fe07bc87d6	COMPLETED	5	5	00:03.059		1	2011Mn	2026-10-02T12:11:54	2026-10-02T12:11:59	mjolnircomp09fl	824320
45815970	cazy	cmag_586	74e05862-a704-4e35-b0df-b1fe07bc87d6	COMPLETED	17	17	00:12.857		1	8Gn	2026-10-02T12:11:54	2026-10-02T12:12:11	mjolnircomp09fl	826368
45815971	pfam	cmag_581	74e05862-a704-4e35-b0df-b1fe07bc87d6	COMPLETED	607	607	15:51.075		1	8Gn	2026-10-02T11:58:50	2026-10-02T12:08:57	mjolnircomp09fl	211645440
45815972	kegg	cmag_417	74e05862-a704-4e35-b0df-b1fe07bc87d6	COMPLETED	1433	1433	41:50.865		1	8Gn	2026-10-02T12:09:23	2026-10-02T12:33:16	mjolnircomp12fl	899090432
45815973	cazy	cmag_631	74e05862-a704-4e35-b0df-b1fe07bc87d6	COMPLETED	15	15	00:10.836		1	8Gn	2026-10-02T12:12:24	2026-10-02T12:12:39	mjolnircomp03fl	799744
45815974	ncbifam	cmag_762	74e05862-a704-4e35-b0df-b1fe07bc87d6	COMPLETED	622	622	17:32.205		1	16Gn	2026-10-02T12:12:54	2026-10-02T12:23:16	mjolnirgpu01fl	402576384
45815976	prodigal	cmag_293	74e05862-a704-4e35-b0df-b1fe07bc87d6	COMPLETED	5	5	00:03.552		1	1995Mn	2026-10-02T12:12:54	2026-10-02T12:12:59	mjolnircomp03fl	821248
45815977	kegg	cmag_631	74e05862-a704-4e35-b0df-b1fe07bc87d6	COMPLETED	1271	1271	36:06.244		1	8Gn	2026-10-02T12:32:29	2026-10-02T12:53:40	mjolnircomp01fl	667948032
45815978	cazy	cmag_239	74e05862-a704-4e35-b0df-b1fe07bc87d6	COMPLETED	13	13	00:08.885		1	8Gn	2026-10-02T12:12:54	2026-10-02T12:13:07	mjolnircomp03fl	821248
45815980	pfam	cmag_130	74e05862-a704-4e35-b0df-b1fe07bc87d6	COMPLETED	973	973	26:50.047		1	8Gn	2026-10-02T11:56:49	2026-10-02T12:13:02	mjolnircomp03fl	215287808
45815981	prodigal	cmag_619	74e05862-a704-4e35-b0df-b1fe07bc87d6	COMPLETED	4	4	00:02.424		1	1164Mn	2026-10-02T12:12:54	2026-10-02T12:12:58	mjolnircomp03fl	820224
45815982	kegg	cmag_316	74e05862-a704-4e35-b0df-b1fe07bc87d6	COMPLETED	705	705	20:06.402		1	8Gn	2026-10-02T11:59:20	2026-10-02T12:11:05	mjolnircomp03fl	947097600
45815987	prodigal	cmag_241	74e05862-a704-4e35-b0df-b1fe07bc87d6	COMPLETED	6	6	00:04.001		1	2354Mn	2026-10-02T12:18:25	2026-10-02T12:18:31	mjolnircomp03fl	851968
45815988	pfam	cmag_762	74e05862-a704-4e35-b0df-b1fe07bc87d6	COMPLETED	714	714	19:00.920		1	8Gn	2026-10-02T12:01:21	2026-10-02T12:13:15	mjolnircomp09fl	226956288
45815989	tigrfam	cmag_568	74e05862-a704-4e35-b0df-b1fe07bc87d6	COMPLETED	228	228	05:49.971		1	16Gn	2026-10-02T12:14:24	2026-10-02T12:18:12	mjolnircomp08fl	360291328
45815990	pfam	cmag_516	74e05862-a704-4e35-b0df-b1fe07bc87d6	COMPLETED	522	522	14:18.383		1	8Gn	2026-10-02T12:06:22	2026-10-02T12:15:04	mjolnircomp09fl	230207488
45815991	tigrfam	cmag_624	74e05862-a704-4e35-b0df-b1fe07bc87d6	COMPLETED	251	251	06:35.927		1	16Gn	2026-10-02T12:15:24	2026-10-02T12:19:35	mjolnircomp06fl	397636608
45815997	kegg	cmag_264	74e05862-a704-4e35-b0df-b1fe07bc87d6	COMPLETED	822	822	22:56.772		1	8Gn	2026-10-02T11:58:20	2026-10-02T12:12:02	mjolnircomp03fl	667316224
45815998	cazy	cmag_381	74e05862-a704-4e35-b0df-b1fe07bc87d6	COMPLETED	16	16	00:11.436		1	8Gn	2026-10-02T12:18:55	2026-10-02T12:19:11	mjolnircomp03fl	828416
45815999	prodigal	cmag_693	74e05862-a704-4e35-b0df-b1fe07bc87d6	COMPLETED	5	5	00:03.377		1	2075Mn	2026-10-02T12:19:56	2026-10-02T12:20:01	mjolnircomp03fl	856064
45816000	tigrfam	cmag_757	74e05862-a704-4e35-b0df-b1fe07bc87d6	COMPLETED	107	107	02:50.763		1	16Gn	2026-10-02T12:16:55	2026-10-02T12:18:42	mjolnircomp07fl	377194496
45816007	tigrfam	cmag_573	74e05862-a704-4e35-b0df-b1fe07bc87d6	COMPLETED	426	426	11:23.132		1	16Gn	2026-10-02T12:17:55	2026-10-02T12:25:01	mjolnircomp06fl	364865536
45816008	tigrfam	cmag_187	74e05862-a704-4e35-b0df-b1fe07bc87d6	COMPLETED	311	311	07:35.665		1	16Gn	2026-10-02T12:17:55	2026-10-02T12:23:06	mjolnircomp17fl	378467328
45816009	prodigal	cmag_695	74e05862-a704-4e35-b0df-b1fe07bc87d6	COMPLETED	6	6	00:04.625		1	3113Mn	2026-10-02T12:19:56	2026-10-02T12:20:02	mjolnircomp03fl	851968
45816010	tigrfam	cmag_618	74e05862-a704-4e35-b0df-b1fe07bc87d6	COMPLETED	185	185	04:00.630		1	16Gn	2026-10-02T12:17:55	2026-10-02T12:21:00	mjolnirgpu02fl	369200128
45816011	ncbifam	cmag_655	74e05862-a704-4e35-b0df-b1fe07bc87d6	COMPLETED	375	375	10:29.427		1	16Gn	2026-10-02T12:09:53	2026-10-02T12:16:08	mjolnircomp12fl	349910016
45816018	tigrfam	cmag_688	74e05862-a704-4e35-b0df-b1fe07bc87d6	COMPLETED	178	178	04:44.168		1	16Gn	2026-10-02T12:18:25	2026-10-02T12:21:23	mjolnircomp08fl	373837824
45816019	prodigal	cmag_615	74e05862-a704-4e35-b0df-b1fe07bc87d6	COMPLETED	9	9	00:06.027		1	3980Mn	2026-10-02T12:34:30	2026-10-02T12:34:39	mjolnircomp13fl	839680
45816024	prodigal	cmag_208	74e05862-a704-4e35-b0df-b1fe07bc87d6	COMPLETED	8	8	00:04.314		1	2681Mn	2026-10-02T12:35:00	2026-10-02T12:35:08	mjolnircomp13fl	840704
45816025	ncbifam	cmag_130	74e05862-a704-4e35-b0df-b1fe07bc87d6	COMPLETED	761	761	22:19.050		1	16Gn	2026-10-02T12:18:55	2026-10-02T12:31:36	mjolnircomp07fl	498174976
45816026	ncbifam	cmag_102	74e05862-a704-4e35-b0df-b1fe07bc87d6	COMPLETED	1078	1078	30:47.152		1	16Gn	2026-10-02T12:18:55	2026-10-02T12:36:53	mjolnircomp09fl	546899968
45816028	pfam	cmag_586	74e05862-a704-4e35-b0df-b1fe07bc87d6	COMPLETED	841	841	23:07.343		1	8Gn	2026-10-02T12:03:52	2026-10-02T12:17:53	mjolnircomp03fl	259829760
45816029	prodigal	cmag_482	74e05862-a704-4e35-b0df-b1fe07bc87d6	COMPLETED	8	8	00:04.322		1	2623Mn	2026-10-02T12:35:30	2026-10-02T12:35:38	mjolnircomp13fl	851968
45816031	pfam	cmag_102	74e05862-a704-4e35-b0df-b1fe07bc87d6	COMPLETED	1267	1267	35:30.521		1	8Gn	2026-10-02T12:57:10	2026-10-02T13:18:17	mjolnircomp12fl	250825728
45816033	ncbifam	cmag_013	74e05862-a704-4e35-b0df-b1fe07bc87d6	COMPLETED	354	354	09:57.093		1	16Gn	2026-10-02T12:16:25	2026-10-02T12:22:19	mjolnircomp12fl	396290048
45816034	tigrfam	cmag_148	74e05862-a704-4e35-b0df-b1fe07bc87d6	COMPLETED	139	139	03:39.158		1	16Gn	2026-10-02T12:18:55	2026-10-02T12:21:14	mjolnircomp09fl	390674432
45816035	cazy	cmag_653	74e05862-a704-4e35-b0df-b1fe07bc87d6	COMPLETED	16	16	00:10.099		1	8Gn	2026-10-02T12:35:30	2026-10-02T12:35:46	mjolnircomp13fl	817152
45816036	prodigal	cmag_500	74e05862-a704-4e35-b0df-b1fe07bc87d6	COMPLETED	6	6	00:04.069		1	2326Mn	2026-10-02T12:36:01	2026-10-02T12:36:07	mjolnircomp13fl	848896
45816040	prodigal	cmag_708	74e05862-a704-4e35-b0df-b1fe07bc87d6	COMPLETED	8	8	00:05.201		1	3282Mn	2026-10-02T12:36:31	2026-10-02T12:36:39	mjolnircomp13fl	846848
45816042	prodigal	cmag_551	74e05862-a704-4e35-b0df-b1fe07bc87d6	COMPLETED	7	7	00:04.386		1	2505Mn	2026-10-02T12:36:31	2026-10-02T12:36:38	mjolnircomp13fl	835584
45816044	kegg	cmag_044	74e05862-a704-4e35-b0df-b1fe07bc87d6	COMPLETED	2490	2490	01:12:36		1	8Gn	2026-10-02T12:19:56	2026-10-02T13:01:26	mjolnircomp06fl	941076480
45816045	cazy	cmag_048	74e05862-a704-4e35-b0df-b1fe07bc87d6	COMPLETED	20	20	00:15.169		1	8Gn	2026-10-02T12:37:01	2026-10-02T12:37:21	mjolnircomp13fl	844800
45816047	prodigal	cmag_384	74e05862-a704-4e35-b0df-b1fe07bc87d6	COMPLETED	6	6	00:02.721		1	1449Mn	2026-10-02T12:37:01	2026-10-02T12:37:07	mjolnircomp13fl	850944
45816049	tigrfam	cmag_278	74e05862-a704-4e35-b0df-b1fe07bc87d6	COMPLETED	187	187	04:53.668		1	16Gn	2026-10-02T12:21:56	2026-10-02T12:25:03	mjolnircomp09fl	401084416
45816050	ncbifam	cmag_347	74e05862-a704-4e35-b0df-b1fe07bc87d6	COMPLETED	844	844	21:28.439		1	16Gn	2026-10-02T12:21:26	2026-10-02T12:35:30	mjolnirgpu02fl	379608064
45816051	ncbifam	cmag_510	74e05862-a704-4e35-b0df-b1fe07bc87d6	COMPLETED	1366	1366	38:31.847		1	16499Mn	2026-10-02T12:21:26	2026-10-02T12:44:12	mjolnircomp08fl	462922752
45816054	pfam	cmag_609	74e05862-a704-4e35-b0df-b1fe07bc87d6	COMPLETED	783	783	22:18.428		1	8Gn	2026-10-02T12:15:24	2026-10-02T12:28:27	mjolnircomp13fl	277052416
45816055	prodigal	cmag_530	74e05862-a704-4e35-b0df-b1fe07bc87d6	COMPLETED	12	12	00:09.527		1	4359Mn	2026-10-02T12:37:31	2026-10-02T12:37:43	mjolnircomp13fl	843776
45816056	kegg	cmag_282	74e05862-a704-4e35-b0df-b1fe07bc87d6	COMPLETED	907	907	27:31.628		1	8Gn	2026-10-02T12:15:55	2026-10-02T12:31:02	mjolnircomp13fl	723820544
45816057	kegg	cmag_284	74e05862-a704-4e35-b0df-b1fe07bc87d6	COMPLETED	747	747	22:31.196		1	8Gn	2026-10-02T12:15:55	2026-10-02T12:28:22	mjolnircomp13fl	813602816
45816061	ncbifam	cmag_586	74e05862-a704-4e35-b0df-b1fe07bc87d6	COMPLETED	1118	1118	30:38.350		1	16Gn	2026-10-02T12:21:56	2026-10-02T12:40:34	mjolnircomp17fl	390608896
45816062	cazy	cmag_581	74e05862-a704-4e35-b0df-b1fe07bc87d6	COMPLETED	16	16	00:11.012		1	8Gn	2026-10-02T12:37:31	2026-10-02T12:37:47	mjolnircomp13fl	850944
45816063	pfam	cmag_510	74e05862-a704-4e35-b0df-b1fe07bc87d6	COMPLETED	1569	1569	44:07.248		1	8249Mn	2026-10-02T12:22:56	2026-10-02T12:49:05	mjolnircomp16fl	257129472
45816064	kegg	cmag_748	74e05862-a704-4e35-b0df-b1fe07bc87d6	COMPLETED	1575	1575	46:41.717		1	8Gn	2026-10-02T12:22:56	2026-10-02T12:49:11	mjolnircomp12fl	1129260032
45816065	kegg	cmag_735	74e05862-a704-4e35-b0df-b1fe07bc87d6	COMPLETED	762	762	21:02.544		1	8Gn	2026-10-02T12:08:53	2026-10-02T12:21:35	mjolnircomp03fl	836631552
45816069	kegg	cmag_097	74e05862-a704-4e35-b0df-b1fe07bc87d6	COMPLETED	3134	3134	01:30:36		1	8Gn	2026-10-02T12:23:27	2026-10-02T13:15:41	mjolnircomp17fl	924469248
45816070	kegg	cmag_592	74e05862-a704-4e35-b0df-b1fe07bc87d6	COMPLETED	1907	1907	56:41.549		1	8Gn	2026-10-02T12:22:56	2026-10-02T12:54:43	mjolnircomp12fl	975855616
45816071	ncbifam	cmag_568	74e05862-a704-4e35-b0df-b1fe07bc87d6	COMPLETED	1056	1056	30:41.300		1	16Gn	2026-10-02T12:23:27	2026-10-02T12:41:03	mjolnirgpu01fl	489391104
45816075	ncbifam	cmag_539	74e05862-a704-4e35-b0df-b1fe07bc87d6	COMPLETED	609	609	18:01.441		1	16Gn	2026-10-02T12:24:27	2026-10-02T12:34:36	mjolnircomp01fl	340726784
45816076	cazy	cmag_351	74e05862-a704-4e35-b0df-b1fe07bc87d6	COMPLETED	21	21	00:16.442		1	8Gn	2026-10-02T12:55:09	2026-10-02T12:55:30	mjolnircomp01fl	820224
45816077	ncbifam	cmag_235	74e05862-a704-4e35-b0df-b1fe07bc87d6	COMPLETED	1454	1454	41:59.303		1	16Gn	2026-10-02T12:25:27	2026-10-02T12:49:41	mjolnircomp06fl	491966464
45816081	ncbifam	cmag_785	74e05862-a704-4e35-b0df-b1fe07bc87d6	COMPLETED	557	557	15:41.488		1	16Gn	2026-10-02T12:25:27	2026-10-02T12:34:44	mjolnircomp09fl	441450496
45816082	cazy	cmag_616	74e05862-a704-4e35-b0df-b1fe07bc87d6	COMPLETED	16	16	00:11.037		1	8Gn	2026-10-02T12:38:01	2026-10-02T12:38:17	mjolnircomp13fl	849920
45816083	prodigal	cmag_773	74e05862-a704-4e35-b0df-b1fe07bc87d6	COMPLETED	7	7	00:03.343		1	1860Mn	2026-10-02T12:38:31	2026-10-02T12:38:38	mjolnircomp13fl	854016
45816084	pfam	cmag_639	74e05862-a704-4e35-b0df-b1fe07bc87d6	COMPLETED	1154	1154	31:57.976		1	8Gn	2026-10-02T12:34:30	2026-10-02T12:53:44	mjolnircomp01fl	228748288
45816085	cazy	cmag_253	74e05862-a704-4e35-b0df-b1fe07bc87d6	COMPLETED	15	15	00:10.150		1	8Gn	2026-10-02T12:38:31	2026-10-02T12:38:46	mjolnircomp13fl	820224
45816089	kegg	cmag_234	74e05862-a704-4e35-b0df-b1fe07bc87d6	COMPLETED	1282	1282	36:06.867		1	8Gn	2026-10-02T12:35:00	2026-10-02T12:56:22	mjolnircomp01fl	960168960
45816090	kegg	cmag_258	74e05862-a704-4e35-b0df-b1fe07bc87d6	COMPLETED	1935	1935	56:40.557		1	8Gn	2026-10-02T12:24:27	2026-10-02T12:56:42	mjolnircomp12fl	1011289088
45816091	cazy	cmag_569	74e05862-a704-4e35-b0df-b1fe07bc87d6	COMPLETED	18	18	00:13.792		1	8Gn	2026-10-02T12:56:10	2026-10-02T12:56:28	mjolnircomp01fl	829440
45816092	kegg	cmag_023	74e05862-a704-4e35-b0df-b1fe07bc87d6	COMPLETED	1730	1730	51:22.045		1	8Gn	2026-10-02T12:27:58	2026-10-02T12:56:48	mjolnircomp03fl	1061664768
45816093	kegg	cmag_686	74e05862-a704-4e35-b0df-b1fe07bc87d6	COMPLETED	1017	1017	29:43.966		1	8Gn	2026-10-02T12:36:31	2026-10-02T12:53:28	mjolnircomp01fl	723763200
45816100	prodigal	cmag_343	74e05862-a704-4e35-b0df-b1fe07bc87d6	COMPLETED	5	5	00:03.473		1	2098Mn	2026-10-02T12:56:10	2026-10-02T12:56:15	mjolnircomp01fl	825344
45816101	prodigal	cmag_159	74e05862-a704-4e35-b0df-b1fe07bc87d6	COMPLETED	6	6	00:04.447		1	3367Mn	2026-10-02T12:56:10	2026-10-02T12:56:16	mjolnircomp01fl	825344
45816102	cazy	cmag_189	74e05862-a704-4e35-b0df-b1fe07bc87d6	COMPLETED	13	13	00:09.513		1	8Gn	2026-10-02T12:56:40	2026-10-02T12:56:53	mjolnircomp01fl	835584
45816103	cazy	cmag_735	74e05862-a704-4e35-b0df-b1fe07bc87d6	COMPLETED	13	13	00:09.011		1	8Gn	2026-10-02T12:56:40	2026-10-02T12:56:53	mjolnircomp01fl	832512
45816104	pfam	cmag_048	74e05862-a704-4e35-b0df-b1fe07bc87d6	COMPLETED	1025	1025	27:38.283		1	8Gn	2026-10-02T12:38:01	2026-10-02T12:55:06	mjolnircomp01fl	178826240
45816105	kegg	cmag_127	74e05862-a704-4e35-b0df-b1fe07bc87d6	COMPLETED	1797	1797	50:34.091		1	8Gn	2026-10-02T12:27:58	2026-10-02T12:57:55	mjolnircomp01fl	676343808
45816106	prodigal	cmag_599	74e05862-a704-4e35-b0df-b1fe07bc87d6	COMPLETED	13	13	00:11.367		1	5571Mn	2026-10-02T12:12:24	2026-10-02T12:12:37	mjolnircomp03fl	816128
45816109	cazy	cmag_801	74e05862-a704-4e35-b0df-b1fe07bc87d6	COMPLETED	18	18	00:14.556		1	8Gn	2026-10-02T12:56:40	2026-10-02T12:56:58	mjolnircomp01fl	813056
45816110	cazy	cmag_157	74e05862-a704-4e35-b0df-b1fe07bc87d6	COMPLETED	13	13	00:09.096		1	8Gn	2026-10-02T12:56:40	2026-10-02T12:56:53	mjolnircomp01fl	827392
45816111	cazy	cmag_419	74e05862-a704-4e35-b0df-b1fe07bc87d6	COMPLETED	20	20	00:15.671		1	8Gn	2026-10-02T12:56:40	2026-10-02T12:57:00	mjolnircomp01fl	827392
45816112	cazy	cmag_793	74e05862-a704-4e35-b0df-b1fe07bc87d6	COMPLETED	19	19	00:13.727		1	8Gn	2026-10-02T12:58:10	2026-10-02T12:58:29	mjolnircomp01fl	849920
45816116	tigrfam	cmag_785	74e05862-a704-4e35-b0df-b1fe07bc87d6	COMPLETED	193	193	04:48.827		1	16Gn	2026-10-02T12:30:59	2026-10-02T12:34:12	mjolnirgpu03fl	391444480
45816117	pfam	cmag_115	74e05862-a704-4e35-b0df-b1fe07bc87d6	COMPLETED	790	790	21:04.755		1	8Gn	2026-10-02T12:51:38	2026-10-02T13:04:48	mjolnircomp09fl	221503488
45816118	prodigal	cmag_046	74e05862-a704-4e35-b0df-b1fe07bc87d6	COMPLETED	6	6	00:03.520		1	2322Mn	2026-10-02T12:59:11	2026-10-02T12:59:17	mjolnircomp01fl	827392
45816119	cazy	cmag_656	74e05862-a704-4e35-b0df-b1fe07bc87d6	COMPLETED	13	13	00:08.514		1	8Gn	2026-10-02T12:59:41	2026-10-02T12:59:54	mjolnircomp01fl	825344
45816120	cazy	cmag_245	74e05862-a704-4e35-b0df-b1fe07bc87d6	COMPLETED	15	15	00:10.814		1	8Gn	2026-10-02T13:00:11	2026-10-02T13:00:26	mjolnircomp01fl	859136
45816121	pfam	cmag_105	74e05862-a704-4e35-b0df-b1fe07bc87d6	COMPLETED	1002	1002	28:14.682		1	8Gn	2026-10-02T13:00:11	2026-10-02T13:16:53	mjolnircomp12fl	230341632
45816122	prodigal	cmag_225	74e05862-a704-4e35-b0df-b1fe07bc87d6	COMPLETED	6	6	00:03.935		1	2437Mn	2026-10-02T13:00:11	2026-10-02T13:00:17	mjolnircomp01fl	859136
45816123	prodigal	cmag_519	74e05862-a704-4e35-b0df-b1fe07bc87d6	COMPLETED	6	6	00:03.208		1	2001Mn	2026-10-02T13:00:41	2026-10-02T13:00:47	mjolnircomp01fl	868352
45816128	kegg	cmag_144	74e05862-a704-4e35-b0df-b1fe07bc87d6	COMPLETED	823	823	24:24.373		1	8Gn	2026-10-02T13:01:11	2026-10-02T13:14:54	mjolnircomp12fl	645114880
45816129	prodigal	cmag_711	74e05862-a704-4e35-b0df-b1fe07bc87d6	COMPLETED	7	7	00:04.262		1	2630Mn	2026-10-02T13:00:41	2026-10-02T13:00:48	mjolnircomp01fl	870400
45816130	tigrfam	cmag_317	74e05862-a704-4e35-b0df-b1fe07bc87d6	COMPLETED	88	88	02:12.217		1	16Gn	2026-10-02T12:21:26	2026-10-02T12:22:54	mjolnircomp12fl	339501056
45816134	kegg	cmag_745	74e05862-a704-4e35-b0df-b1fe07bc87d6	COMPLETED	1795	1795	52:45.303		1	8Gn	2026-10-02T12:30:59	2026-10-02T13:00:54	mjolnircomp12fl	1179884544
45816138	kegg	cmag_212	74e05862-a704-4e35-b0df-b1fe07bc87d6	COMPLETED	1303	1303	38:53.008		1	8Gn	2026-10-02T12:31:59	2026-10-02T12:53:42	mjolnircomp09fl	826299392
45816139	kegg	cmag_317	74e05862-a704-4e35-b0df-b1fe07bc87d6	COMPLETED	736	736	20:59.777		1	8Gn	2026-10-02T12:47:35	2026-10-02T12:59:51	mjolnircomp01fl	800409600
45816141	pfam	cmag_479	74e05862-a704-4e35-b0df-b1fe07bc87d6	COMPLETED	870	870	24:18.789		1	8Gn	2026-10-02T13:05:13	2026-10-02T13:19:43	mjolnircomp12fl	225329152
45816143	pfam	cmag_264	74e05862-a704-4e35-b0df-b1fe07bc87d6	COMPLETED	349	349	09:52.314		1	8Gn	2026-10-02T12:17:55	2026-10-02T12:23:44	mjolnircomp03fl	241948672
45816144	kegg	cmag_267	74e05862-a704-4e35-b0df-b1fe07bc87d6	COMPLETED	1588	1588	46:46.485		1	8Gn	2026-10-02T12:33:30	2026-10-02T12:59:58	mjolnircomp12fl	1229195264
45816149	kegg	cmag_135	74e05862-a704-4e35-b0df-b1fe07bc87d6	COMPLETED	1473	1473	43:53.679		1	8Gn	2026-10-02T12:34:00	2026-10-02T12:58:33	mjolnircomp12fl	963072000
45816150	ncbifam	cmag_328	74e05862-a704-4e35-b0df-b1fe07bc87d6	COMPLETED	721	721	19:57.505		1	16Gn	2026-10-02T12:34:30	2026-10-02T12:46:31	mjolnirgpu03fl	480493568
45816151	kegg	cmag_165	74e05862-a704-4e35-b0df-b1fe07bc87d6	COMPLETED	1499	1499	40:46.358		1	8Gn	2026-10-02T13:13:45	2026-10-02T13:38:44	mjolnirgpu03fl	1026894848
45816155	tigrfam	cmag_102	74e05862-a704-4e35-b0df-b1fe07bc87d6	COMPLETED	244	244	06:26.727		1	16Gn	2026-10-02T12:35:00	2026-10-02T12:39:04	mjolnircomp09fl	398698496
45816156	tigrfam	cmag_013	74e05862-a704-4e35-b0df-b1fe07bc87d6	COMPLETED	139	139	02:33.714		1	16Gn	2026-10-02T12:35:30	2026-10-02T12:37:49	mjolnirgpu02fl	346841088
45816160	cazy	cmag_097	74e05862-a704-4e35-b0df-b1fe07bc87d6	COMPLETED	21	21	00:17.124		1	8Gn	2026-10-02T12:23:57	2026-10-02T12:24:18	mjolnircomp03fl	863232
45816161	cazy	cmag_293	74e05862-a704-4e35-b0df-b1fe07bc87d6	COMPLETED	17	17	00:13.272		1	8Gn	2026-10-02T13:29:51	2026-10-02T13:30:08	mjolnircomp12fl	831488
45816164	tigrfam	cmag_309	74e05862-a704-4e35-b0df-b1fe07bc87d6	COMPLETED	179	179	04:46.907		1	16Gn	2026-10-02T12:38:01	2026-10-02T12:41:00	mjolnircomp02fl	421724160
45816165	ncbifam	cmag_380	74e05862-a704-4e35-b0df-b1fe07bc87d6	COMPLETED	651	651	17:17.204		1	16Gn	2026-10-02T12:38:01	2026-10-02T12:48:52	mjolnirgpu02fl	401927168
45816168	ncbifam	cmag_197	74e05862-a704-4e35-b0df-b1fe07bc87d6	COMPLETED	718	718	20:16.631		1	16Gn	2026-10-02T12:39:32	2026-10-02T12:51:30	mjolnircomp09fl	431330304
45816169	kegg	cmag_334	74e05862-a704-4e35-b0df-b1fe07bc87d6	COMPLETED	1094	1094	33:04.813		1	8Gn	2026-10-02T13:10:44	2026-10-02T13:28:58	mjolnircomp13fl	1357000704
45816170	prodigal	cmag_103	74e05862-a704-4e35-b0df-b1fe07bc87d6	COMPLETED	5	5	00:02.582		1	1Gn	2026-10-02T13:29:51	2026-10-02T13:29:56	mjolnircomp12fl	826368
45816171	prodigal	cmag_749	74e05862-a704-4e35-b0df-b1fe07bc87d6	COMPLETED	8	8	00:04.639		1	2709Mn	2026-10-02T13:31:21	2026-10-02T13:31:29	mjolnircomp13fl	861184
45816172	prodigal	cmag_288	74e05862-a704-4e35-b0df-b1fe07bc87d6	COMPLETED	8	8	00:04.298		1	2625Mn	2026-10-02T13:31:21	2026-10-02T13:31:29	mjolnircomp13fl	851968
45816178	tigrfam	cmag_609	74e05862-a704-4e35-b0df-b1fe07bc87d6	COMPLETED	196	196	05:18.849		1	16Gn	2026-10-02T12:41:02	2026-10-02T12:44:18	mjolnircomp02fl	368828416
45816180	tigrfam	cmag_130	74e05862-a704-4e35-b0df-b1fe07bc87d6	COMPLETED	333	333	08:07.908		1	16Gn	2026-10-02T12:41:02	2026-10-02T12:46:35	mjolnircomp17fl	364664832
45816181	cazy	cmag_068	74e05862-a704-4e35-b0df-b1fe07bc87d6	COMPLETED	15	15	00:08.999		1	8Gn	2026-10-02T13:31:21	2026-10-02T13:31:36	mjolnircomp13fl	829440
45816182	cazy	cmag_748	74e05862-a704-4e35-b0df-b1fe07bc87d6	COMPLETED	19	19	00:14.505		1	8Gn	2026-10-02T13:31:52	2026-10-02T13:32:11	mjolnircomp13fl	851968
45816185	ncbifam	cmag_184	74e05862-a704-4e35-b0df-b1fe07bc87d6	COMPLETED	741	741	21:27.938		1	16Gn	2026-10-02T12:41:32	2026-10-02T12:53:53	mjolnirgpu01fl	410853376
45816186	ncbifam	cmag_478	74e05862-a704-4e35-b0df-b1fe07bc87d6	COMPLETED	471	471	13:21.870		1	16Gn	2026-10-02T12:44:34	2026-10-02T12:52:25	mjolnircomp02fl	395355136
45816189	tigrfam	cmag_601	74e05862-a704-4e35-b0df-b1fe07bc87d6	COMPLETED	195	195	05:03.836		1	16Gn	2026-10-02T12:44:34	2026-10-02T12:47:49	mjolnircomp08fl	428738560
45816190	tigrfam	cmag_347	74e05862-a704-4e35-b0df-b1fe07bc87d6	COMPLETED	192	192	05:07.819		1	16Gn	2026-10-02T12:46:04	2026-10-02T12:49:16	mjolnircomp13fl	418266112
45816191	ncbifam	cmag_048	74e05862-a704-4e35-b0df-b1fe07bc87d6	COMPLETED	1344	1344	36:37.277		1	16Gn	2026-10-02T12:46:35	2026-10-02T13:08:59	mjolnircomp17fl	344340480
45816192	prodigal	cmag_040	74e05862-a704-4e35-b0df-b1fe07bc87d6	COMPLETED	7	7	00:03.522		1	1876Mn	2026-10-02T13:31:52	2026-10-02T13:31:59	mjolnircomp13fl	856064
45816193	kegg	cmag_337	74e05862-a704-4e35-b0df-b1fe07bc87d6	COMPLETED	2216	2216	01:02:37		1	8Gn	2026-10-02T12:46:35	2026-10-02T13:23:31	mjolnirgpu03fl	1024599040
45816196	pfam	cmag_653	74e05862-a704-4e35-b0df-b1fe07bc87d6	COMPLETED	411	411	11:43.352		1	8Gn	2026-10-02T12:33:30	2026-10-02T12:40:21	mjolnircomp13fl	213812224
45816197	ncbifam	cmag_115	74e05862-a704-4e35-b0df-b1fe07bc87d6	COMPLETED	914	914	25:17.965		1	16Gn	2026-10-02T12:49:36	2026-10-02T13:04:50	mjolnircomp16fl	460399616
45816198	ncbifam	cmag_639	74e05862-a704-4e35-b0df-b1fe07bc87d6	COMPLETED	1166	1166	30:51.369		1	16Gn	2026-10-02T12:49:36	2026-10-02T13:09:02	mjolnirgpu02fl	419139584
45816201	tigrfam	cmag_197	74e05862-a704-4e35-b0df-b1fe07bc87d6	COMPLETED	177	177	04:42.531		1	16Gn	2026-10-02T12:54:09	2026-10-02T12:57:06	mjolnircomp13fl	331087872
45816202	tigrfam	cmag_380	74e05862-a704-4e35-b0df-b1fe07bc87d6	COMPLETED	132	132	03:27.987		1	16Gn	2026-10-02T12:56:10	2026-10-02T12:58:22	mjolnircomp13fl	394883072
45816206	tigrfam	cmag_586	74e05862-a704-4e35-b0df-b1fe07bc87d6	COMPLETED	176	176	04:25.498		1	16Gn	2026-10-02T12:56:40	2026-10-02T12:59:36	mjolnircomp08fl	335190016
45816207	prodigal	cmag_716	74e05862-a704-4e35-b0df-b1fe07bc87d6	COMPLETED	6	6	00:02.560		1	1424Mn	2026-10-02T13:31:52	2026-10-02T13:31:58	mjolnircomp13fl	856064
45816212	cazy	cmag_234	74e05862-a704-4e35-b0df-b1fe07bc87d6	COMPLETED	21	21	00:14.720		1	8Gn	2026-10-02T13:32:52	2026-10-02T13:33:13	mjolnirgpu03fl	827392
45816216	tigrfam	cmag_351	74e05862-a704-4e35-b0df-b1fe07bc87d6	COMPLETED	188	188	05:04.071		1	16Gn	2026-10-02T12:57:10	2026-10-02T13:00:18	mjolnircomp02fl	408962048
45816217	cazy	cmag_811	74e05862-a704-4e35-b0df-b1fe07bc87d6	COMPLETED	15	15	00:10.596		1	8Gn	2026-10-02T13:33:22	2026-10-02T13:33:37	mjolnirgpu03fl	823296
45816222	kegg	cmag_243	74e05862-a704-4e35-b0df-b1fe07bc87d6	COMPLETED	1440	1440	42:42.456		1	8Gn	2026-10-02T12:42:03	2026-10-02T13:06:03	mjolnircomp12fl	971864064
45816223	kegg	cmag_193	74e05862-a704-4e35-b0df-b1fe07bc87d6	COMPLETED	1429	1429	43:02.825		1	8Gn	2026-10-02T12:54:39	2026-10-02T13:18:28	mjolnircomp09fl	698808320
45816224	tigrfam	cmag_369	74e05862-a704-4e35-b0df-b1fe07bc87d6	COMPLETED	148	148	03:57.728		1	16Gn	2026-10-02T12:57:10	2026-10-02T12:59:38	mjolnircomp03fl	353676288
45816225	ncbifam	cmag_196	74e05862-a704-4e35-b0df-b1fe07bc87d6	COMPLETED	741	741	20:55.758		1	16Gn	2026-10-02T12:57:10	2026-10-02T13:09:31	mjolnircomp06fl	387820544
45816229	kegg	cmag_615	74e05862-a704-4e35-b0df-b1fe07bc87d6	COMPLETED	1859	1859	55:31.487		1	8Gn	2026-10-02T12:57:10	2026-10-02T13:28:09	mjolnircomp07fl	787405824
45816230	cazy	cmag_082	74e05862-a704-4e35-b0df-b1fe07bc87d6	COMPLETED	23	23	00:18.349		1	8Gn	2026-10-02T13:33:22	2026-10-02T13:33:45	mjolnirgpu03fl	820224
45816231	kegg	cmag_758	74e05862-a704-4e35-b0df-b1fe07bc87d6	COMPLETED	1307	1307	35:34.845		1	8Gn	2026-10-02T13:17:47	2026-10-02T13:39:34	mjolnirgpu03fl	1032071168
45816234	cazy	cmag_745	74e05862-a704-4e35-b0df-b1fe07bc87d6	COMPLETED	28	28	00:22.916		1	8Gn	2026-10-02T13:33:22	2026-10-02T13:33:50	mjolnirgpu03fl	820224
45816235	ncbifam	cmag_137	74e05862-a704-4e35-b0df-b1fe07bc87d6	COMPLETED	715	715	21:11.578		1	16Gn	2026-10-02T12:58:10	2026-10-02T13:10:05	mjolnircomp15fl	416072704
45816240	cazy	cmag_317	74e05862-a704-4e35-b0df-b1fe07bc87d6	COMPLETED	17	17	00:11.714		1	8Gn	2026-10-02T13:33:52	2026-10-02T13:34:09	mjolnirgpu03fl	827392
45816241	tigrfam	cmag_615	74e05862-a704-4e35-b0df-b1fe07bc87d6	COMPLETED	250	250	06:01.335		1	16Gn	2026-10-02T12:59:41	2026-10-02T13:03:51	mjolnircomp08fl	335836160
45816242	prodigal	cmag_628	74e05862-a704-4e35-b0df-b1fe07bc87d6	COMPLETED	11	11	00:07.330		1	4391Mn	2026-10-02T13:33:52	2026-10-02T13:34:03	mjolnirgpu03fl	826368
45816244	cazy	cmag_144	74e05862-a704-4e35-b0df-b1fe07bc87d6	COMPLETED	17	17	00:12.350		1	8Gn	2026-10-02T13:34:23	2026-10-02T13:34:40	mjolnirgpu03fl	823296
45816245	cazy	cmag_284	74e05862-a704-4e35-b0df-b1fe07bc87d6	COMPLETED	17	17	00:12.151		1	8Gn	2026-10-02T13:34:23	2026-10-02T13:34:40	mjolnirgpu03fl	825344
45816246	ncbifam	cmag_615	74e05862-a704-4e35-b0df-b1fe07bc87d6	COMPLETED	1105	1105	32:00.020		1	16Gn	2026-10-02T13:00:41	2026-10-02T13:19:06	mjolnircomp02fl	409807872
45816251	pfam	cmag_801	74e05862-a704-4e35-b0df-b1fe07bc87d6	COMPLETED	1197	1197	32:05.029		1	8Gn	2026-10-02T13:17:47	2026-10-02T13:37:44	mjolnirgpu03fl	288926720
45816252	cazy	cmag_695	74e05862-a704-4e35-b0df-b1fe07bc87d6	COMPLETED	24	24	00:19.168		1	8Gn	2026-10-02T13:34:23	2026-10-02T13:34:47	mjolnirgpu03fl	821248
45816253	pfam	cmag_748	74e05862-a704-4e35-b0df-b1fe07bc87d6	COMPLETED	735	735	20:52.499		1	8Gn	2026-10-02T13:17:47	2026-10-02T13:30:02	mjolnircomp13fl	276417536
45816254	cazy	cmag_592	74e05862-a704-4e35-b0df-b1fe07bc87d6	COMPLETED	23	23	00:17.452		1	8Gn	2026-10-02T13:34:53	2026-10-02T13:35:16	mjolnirgpu03fl	824320
45816258	kegg	cmag_482	74e05862-a704-4e35-b0df-b1fe07bc87d6	COMPLETED	1360	1360	39:22.889		1	8Gn	2026-10-02T13:04:12	2026-10-02T13:26:52	mjolnircomp08fl	831074304
45816259	cazy	cmag_212	74e05862-a704-4e35-b0df-b1fe07bc87d6	COMPLETED	20	20	00:14.378		1	8Gn	2026-10-02T13:34:53	2026-10-02T13:35:13	mjolnirgpu03fl	823296
45816261	kegg	cmag_530	74e05862-a704-4e35-b0df-b1fe07bc87d6	COMPLETED	1904	1904	57:17.452		1	8Gn	2026-10-02T13:05:13	2026-10-02T13:36:57	mjolnircomp09fl	1032877056
45816262	kegg	cmag_384	74e05862-a704-4e35-b0df-b1fe07bc87d6	COMPLETED	1284	1284	35:20.598		1	8Gn	2026-10-02T13:25:19	2026-10-02T13:46:43	mjolnirgpu03fl	675702784
45816263	kegg	cmag_208	74e05862-a704-4e35-b0df-b1fe07bc87d6	COMPLETED	1513	1513	44:51.079		1	8Gn	2026-10-02T13:05:13	2026-10-02T13:30:26	mjolnircomp16fl	1070935040
45816264	kegg	cmag_187	74e05862-a704-4e35-b0df-b1fe07bc87d6	COMPLETED	1692	1692	50:20.998		1	8Gn	2026-10-02T13:09:14	2026-10-02T13:37:26	mjolnircomp03fl	651479040
45816265	kegg	cmag_196	74e05862-a704-4e35-b0df-b1fe07bc87d6	COMPLETED	1488	1488	41:52.345		1	16Gn	2026-10-02T13:09:14	2026-10-02T13:34:02	mjolnircomp17fl	827555840
45816270	cazy	cmag_495	74e05862-a704-4e35-b0df-b1fe07bc87d6	COMPLETED	20	20	00:14.654		1	8Gn	2026-10-02T13:34:53	2026-10-02T13:35:13	mjolnirgpu03fl	821248
45816271	kegg	cmag_708	74e05862-a704-4e35-b0df-b1fe07bc87d6	COMPLETED	1971	1971	55:35.433		1	8Gn	2026-10-02T13:09:14	2026-10-02T13:42:05	mjolnirgpu02fl	1055931392
45816276	cazy	cmag_135	74e05862-a704-4e35-b0df-b1fe07bc87d6	COMPLETED	23	23	00:17.994		1	8Gn	2026-10-02T13:34:53	2026-10-02T13:35:16	mjolnirgpu03fl	818176
45816277	cazy	cmag_337	74e05862-a704-4e35-b0df-b1fe07bc87d6	COMPLETED	28	28	00:23.121		1	8Gn	2026-10-02T13:38:54	2026-10-02T13:39:22	mjolnirgpu03fl	828416
45816278	pfam	cmag_097	74e05862-a704-4e35-b0df-b1fe07bc87d6	COMPLETED	1053	1053	30:13.348		1	8Gn	2026-10-02T13:37:54	2026-10-02T13:55:27	mjolnircomp13fl	226436096
45816282	tigrfam	cmag_271	74e05862-a704-4e35-b0df-b1fe07bc87d6	COMPLETED	409	409	10:43.720		1	16Gn	2026-10-02T13:09:44	2026-10-02T13:16:33	mjolnircomp06fl	342801408
45816285	pfam	cmag_329	74e05862-a704-4e35-b0df-b1fe07bc87d6	COMPLETED	982	982	27:53.867		1	8Gn	2026-10-02T13:37:54	2026-10-02T13:54:16	mjolnircomp13fl	228006912
45816286	ncbifam	cmag_163	74e05862-a704-4e35-b0df-b1fe07bc87d6	COMPLETED	276	276	07:56.050		1	16Gn	2026-10-02T13:37:54	2026-10-02T13:42:30	mjolnircomp13fl	364149760
45816288	pfam	cmag_824	74e05862-a704-4e35-b0df-b1fe07bc87d6	COMPLETED	964	964	27:22.121		1	8Gn	2026-10-02T13:38:54	2026-10-02T13:54:58	mjolnircomp13fl	223010816
45816289	kegg	cmag_587	74e05862-a704-4e35-b0df-b1fe07bc87d6	COMPLETED	1651	1651	48:18.020		1	8Gn	2026-10-02T13:10:14	2026-10-02T13:37:45	mjolnircomp15fl	808065024
45816290	pfam	cmag_616	74e05862-a704-4e35-b0df-b1fe07bc87d6	COMPLETED	471	471	13:17.987		1	8Gn	2026-10-02T12:52:38	2026-10-02T13:00:29	mjolnircomp01fl	219192320
45816304	kegg	cmag_703	74e05862-a704-4e35-b0df-b1fe07bc87d6	COMPLETED	2492	2492	01:14:04		1	8Gn	2026-10-02T13:12:45	2026-10-02T13:54:17	mjolnircomp06fl	935707648
45816309	cazy	cmag_243	74e05862-a704-4e35-b0df-b1fe07bc87d6	COMPLETED	26	26	00:20.598		1	8Gn	2026-10-02T13:34:53	2026-10-02T13:35:19	mjolnirgpu03fl	825344
45816310	kegg	cmag_561	74e05862-a704-4e35-b0df-b1fe07bc87d6	COMPLETED	847	847	24:52.547		1	8Gn	2026-10-02T13:38:54	2026-10-02T13:53:01	mjolnircomp09fl	695698432
45816317	pfam	cmag_234	74e05862-a704-4e35-b0df-b1fe07bc87d6	COMPLETED	531	531	15:04.573		1	8Gn	2026-10-02T12:53:39	2026-10-02T13:02:30	mjolnircomp01fl	215797760
45816324	kegg	cmag_450	74e05862-a704-4e35-b0df-b1fe07bc87d6	COMPLETED	811	811	24:25.326		1	8Gn	2026-10-02T13:17:47	2026-10-02T13:31:18	mjolnircomp13fl	981283840
45816325	pfam	cmag_735	74e05862-a704-4e35-b0df-b1fe07bc87d6	COMPLETED	429	429	11:12.232		1	8Gn	2026-10-02T13:38:54	2026-10-02T13:46:03	mjolnirgpu03fl	208624640
45816326	kegg	cmag_681	74e05862-a704-4e35-b0df-b1fe07bc87d6	COMPLETED	984	984	28:46.088		1	8Gn	2026-10-02T13:38:54	2026-10-02T13:55:18	mjolnircomp10fl	829396992
45816327	tigrfam	cmag_384	74e05862-a704-4e35-b0df-b1fe07bc87d6	COMPLETED	100	100	02:36.410		1	16Gn	2026-10-02T13:14:16	2026-10-02T13:15:56	mjolnircomp09fl	368999424
45816340	cazy	cmag_208	74e05862-a704-4e35-b0df-b1fe07bc87d6	COMPLETED	21	21	00:17.164		1	8Gn	2026-10-02T13:39:25	2026-10-02T13:39:46	mjolnirgpu03fl	831488
45816347	cazy	cmag_482	74e05862-a704-4e35-b0df-b1fe07bc87d6	COMPLETED	22	22	00:17.865		1	8Gn	2026-10-02T13:39:25	2026-10-02T13:39:47	mjolnirgpu03fl	818176
45816348	cazy	cmag_615	74e05862-a704-4e35-b0df-b1fe07bc87d6	COMPLETED	17	17	00:14.114		1	8Gn	2026-10-02T12:56:10	2026-10-02T12:56:27	mjolnircomp01fl	818176
45816357	pfam	cmag_293	74e05862-a704-4e35-b0df-b1fe07bc87d6	COMPLETED	569	569	15:39.743		1	8Gn	2026-10-02T13:18:47	2026-10-02T13:28:16	mjolnircomp12fl	224269312
45816358	cazy	cmag_551	74e05862-a704-4e35-b0df-b1fe07bc87d6	COMPLETED	24	24	00:18.491		1	8Gn	2026-10-02T13:39:55	2026-10-02T13:40:19	mjolnirgpu03fl	829440
45816364	cazy	cmag_241	74e05862-a704-4e35-b0df-b1fe07bc87d6	COMPLETED	21	21	00:15.987		1	8Gn	2026-10-02T13:40:25	2026-10-02T13:40:46	mjolnirgpu03fl	831488
45816365	kegg	cmag_495	74e05862-a704-4e35-b0df-b1fe07bc87d6	COMPLETED	974	974	28:35.659		1	8Gn	2026-10-02T13:39:55	2026-10-02T13:56:09	mjolnircomp03fl	756280320
45816366	pfam	cmag_351	74e05862-a704-4e35-b0df-b1fe07bc87d6	COMPLETED	885	885	25:05.508		1	8Gn	2026-10-02T13:39:25	2026-10-02T13:54:10	mjolnircomp15fl	256115712
45816367	pfam	cmag_253	74e05862-a704-4e35-b0df-b1fe07bc87d6	COMPLETED	611	611	16:57.611		1	8Gn	2026-10-02T13:19:47	2026-10-02T13:29:58	mjolnircomp12fl	219271168
45816368	cazy	cmag_023	74e05862-a704-4e35-b0df-b1fe07bc87d6	COMPLETED	24	24	00:18.402		1	8Gn	2026-10-02T13:38:55	2026-10-02T13:39:19	mjolnirgpu03fl	829440
45816369	prodigal	cmag_366	74e05862-a704-4e35-b0df-b1fe07bc87d6	COMPLETED	7	7	00:03.900		1	1533Mn	2026-10-02T13:40:25	2026-10-02T13:40:32	mjolnirgpu03fl	831488
45816370	cazy	cmag_686	74e05862-a704-4e35-b0df-b1fe07bc87d6	COMPLETED	20	20	00:14.573		1	8Gn	2026-10-02T13:40:25	2026-10-02T13:40:45	mjolnirgpu03fl	827392
45816371	kegg	cmag_107	74e05862-a704-4e35-b0df-b1fe07bc87d6	COMPLETED	923	923	25:09.759		1	8Gn	2026-10-02T13:23:49	2026-10-02T13:39:12	mjolnirgpu03fl	726529024
45816372	prodigal	cmag_276	74e05862-a704-4e35-b0df-b1fe07bc87d6	COMPLETED	7	7	00:03.614		1	1478Mn	2026-10-02T13:40:25	2026-10-02T13:40:32	mjolnirgpu03fl	832512
45816376	ncbifam	cmag_801	74e05862-a704-4e35-b0df-b1fe07bc87d6	COMPLETED	657	657	19:23.246		1	16Gn	2026-10-02T13:19:17	2026-10-02T13:30:14	mjolnircomp02fl	452291584
45816377	pfam	cmag_245	74e05862-a704-4e35-b0df-b1fe07bc87d6	COMPLETED	658	658	18:23.887		1	8Gn	2026-10-02T13:43:27	2026-10-02T13:54:25	mjolnircomp15fl	263027712
45816378	pfam	cmag_800	74e05862-a704-4e35-b0df-b1fe07bc87d6	COMPLETED	784	784	21:25.250		1	8Gn	2026-10-02T13:15:16	2026-10-02T13:28:20	mjolnircomp12fl	212251648
45816380	pfam	cmag_745	74e05862-a704-4e35-b0df-b1fe07bc87d6	COMPLETED	880	880	25:03.266		1	8Gn	2026-10-02T13:40:25	2026-10-02T13:55:05	mjolnircomp13fl	188327936
45816381	pfam	cmag_317	74e05862-a704-4e35-b0df-b1fe07bc87d6	COMPLETED	406	406	10:54.671		1	8Gn	2026-10-02T13:47:28	2026-10-02T13:54:14	mjolnirgpu03fl	218337280
45816382	tigrfam	cmag_559	74e05862-a704-4e35-b0df-b1fe07bc87d6	COMPLETED	180	180	04:46.259		1	16Gn	2026-10-02T13:23:18	2026-10-02T13:26:18	mjolnircomp09fl	363528192
45816383	pfam	cmag_419	74e05862-a704-4e35-b0df-b1fe07bc87d6	COMPLETED	1029	1029	28:29.762		1	8Gn	2026-10-02T13:40:25	2026-10-02T13:57:34	mjolnircomp09fl	219291648
45816386	pfam	cmag_811	74e05862-a704-4e35-b0df-b1fe07bc87d6	COMPLETED	339	339	08:51.881		1	8Gn	2026-10-02T13:40:56	2026-10-02T13:46:35	mjolnirgpu03fl	232011776
45816387	kegg	cmag_650	74e05862-a704-4e35-b0df-b1fe07bc87d6	COMPLETED	705	705	20:24.528		1	8Gn	2026-10-02T13:44:27	2026-10-02T13:56:12	mjolnircomp15fl	953080832
45816388	ncbifam	cmag_384	74e05862-a704-4e35-b0df-b1fe07bc87d6	COMPLETED	404	404	11:18.089		1	16Gn	2026-10-02T13:16:16	2026-10-02T13:23:00	mjolnircomp09fl	451740672
45816389	pfam	cmag_144	74e05862-a704-4e35-b0df-b1fe07bc87d6	COMPLETED	427	427	11:55.225		1	8Gn	2026-10-02T13:23:49	2026-10-02T13:30:56	mjolnircomp12fl	203856896
45816390	kegg	cmag_759	74e05862-a704-4e35-b0df-b1fe07bc87d6	COMPLETED	1550	1550	44:31.721		1	8Gn	2026-10-02T13:17:17	2026-10-02T13:43:07	mjolnircomp15fl	810693632
45816391	ncbifam	cmag_105	74e05862-a704-4e35-b0df-b1fe07bc87d6	COMPLETED	842	842	24:26.044		1	16Gn	2026-10-02T13:26:20	2026-10-02T13:40:22	mjolnircomp09fl	446312448
45816392	pfam	cmag_704	74e05862-a704-4e35-b0df-b1fe07bc87d6	COMPLETED	833	833	23:33.635		1	8Gn	2026-10-02T13:40:25	2026-10-02T13:54:18	mjolnircomp10fl	311457792
45816393	kegg	cmag_739	74e05862-a704-4e35-b0df-b1fe07bc87d6	COMPLETED	1575	1575	45:19.053		1	8Gn	2026-10-02T13:17:17	2026-10-02T13:43:32	mjolnircomp15fl	965569536
45816395	kegg	cmag_170	74e05862-a704-4e35-b0df-b1fe07bc87d6	COMPLETED	1782	1782	52:18.263		1	8Gn	2026-10-02T13:17:17	2026-10-02T13:46:59	mjolnircomp15fl	821366784
45816396	prodigal	cmag_310	74e05862-a704-4e35-b0df-b1fe07bc87d6	COMPLETED	9	9	00:06.804		1	2892Mn	2026-10-02T13:40:56	2026-10-02T13:41:05	mjolnirgpu03fl	830464
45816397	pfam	cmag_562	74e05862-a704-4e35-b0df-b1fe07bc87d6	COMPLETED	832	832	23:21.636		1	8Gn	2026-10-02T13:40:25	2026-10-02T13:54:17	mjolnircomp10fl	253836288
45816398	prodigal	cmag_250	74e05862-a704-4e35-b0df-b1fe07bc87d6	COMPLETED	9	9	00:06.582		1	2971Mn	2026-10-02T13:40:56	2026-10-02T13:41:05	mjolnirgpu03fl	834560
45816399	prodigal	cmag_736	74e05862-a704-4e35-b0df-b1fe07bc87d6	COMPLETED	10	10	00:07.762		1	4205Mn	2026-10-02T13:40:56	2026-10-02T13:41:06	mjolnirgpu03fl	828416
45816400	pfam	cmag_241	74e05862-a704-4e35-b0df-b1fe07bc87d6	COMPLETED	946	946	26:03.618		1	8Gn	2026-10-02T13:44:27	2026-10-02T14:00:13	mjolnircomp17fl	203867136
45816402	pfam	cmag_551	74e05862-a704-4e35-b0df-b1fe07bc87d6	COMPLETED	700	700	19:52.246		1	8Gn	2026-10-02T13:20:18	2026-10-02T13:31:58	mjolnircomp13fl	255919104
45816403	cazy	cmag_500	74e05862-a704-4e35-b0df-b1fe07bc87d6	COMPLETED	18	18	00:13.531		1	8Gn	2026-10-02T13:48:29	2026-10-02T13:48:47	mjolnircomp15fl	850944
45816404	pfam	cmag_500	74e05862-a704-4e35-b0df-b1fe07bc87d6	COMPLETED	735	735	20:17.417		1	8Gn	2026-10-02T13:44:57	2026-10-02T13:57:12	mjolnirgpu01fl	281733120
45816405	pfam	cmag_212	74e05862-a704-4e35-b0df-b1fe07bc87d6	COMPLETED	698	698	19:29.971		1	8Gn	2026-10-02T13:20:48	2026-10-02T13:32:26	mjolnircomp13fl	224914432
45816408	cazy	cmag_708	74e05862-a704-4e35-b0df-b1fe07bc87d6	COMPLETED	25	25	00:20.569		1	8Gn	2026-10-02T13:39:25	2026-10-02T13:39:50	mjolnirgpu03fl	833536
45816410	kegg	cmag_811	74e05862-a704-4e35-b0df-b1fe07bc87d6	COMPLETED	491	491	14:35.373		1	8Gn	2026-10-02T13:21:48	2026-10-02T13:29:59	mjolnircomp12fl	695514112
45816411	kegg	cmag_500	74e05862-a704-4e35-b0df-b1fe07bc87d6	COMPLETED	1478	1478	42:07.982		1	8Gn	2026-10-02T13:25:19	2026-10-02T13:49:57	mjolnircomp15fl	736782336
45816413	cazy	cmag_384	74e05862-a704-4e35-b0df-b1fe07bc87d6	COMPLETED	19	19	00:09.132		1	8Gn	2026-10-02T13:48:59	2026-10-02T13:49:18	mjolnircomp08fl	932864
45816414	kegg	cmag_293	74e05862-a704-4e35-b0df-b1fe07bc87d6	COMPLETED	1041	1041	31:10.914		1	8Gn	2026-10-02T13:40:56	2026-10-02T13:58:17	mjolnircomp16fl	1120286720
45816415	cazy	cmag_530	74e05862-a704-4e35-b0df-b1fe07bc87d6	COMPLETED	27	27	00:21.607		1	8Gn	2026-10-02T13:24:49	2026-10-02T13:25:16	mjolnircomp13fl	841728
45816433	kegg	cmag_241	74e05862-a704-4e35-b0df-b1fe07bc87d6	COMPLETED	1507	1507	43:37.846		1	8Gn	2026-10-02T13:41:26	2026-10-02T14:06:33	mjolnirgpu01fl	1103992832
45816434	kegg	cmag_432	74e05862-a704-4e35-b0df-b1fe07bc87d6	COMPLETED	1299	1299	38:02.998		1	8Gn	2026-10-02T13:27:20	2026-10-02T13:48:59	mjolnircomp08fl	736107520
45816441	kegg	cmag_150	74e05862-a704-4e35-b0df-b1fe07bc87d6	COMPLETED	1081	1081	29:22.258		1	8Gn	2026-10-02T13:42:26	2026-10-02T14:00:27	mjolnirgpu02fl	799550464
45816444	kegg	cmag_566	74e05862-a704-4e35-b0df-b1fe07bc87d6	COMPLETED	1288	1288	38:51.184		1	8Gn	2026-10-02T13:28:20	2026-10-02T13:49:48	mjolnircomp07fl	1098900480
45816445	kegg	cmag_551	74e05862-a704-4e35-b0df-b1fe07bc87d6	COMPLETED	1312	1312	39:22.738		1	8Gn	2026-10-02T13:28:50	2026-10-02T13:50:42	mjolnircomp09fl	729126912
45816447	kegg	cmag_340	74e05862-a704-4e35-b0df-b1fe07bc87d6	COMPLETED	1644	1644	47:11.847		1	8Gn	2026-10-02T13:42:26	2026-10-02T14:09:50	mjolnirgpu01fl	809625600
45816448	kegg	cmag_414	74e05862-a704-4e35-b0df-b1fe07bc87d6	COMPLETED	1599	1599	44:47.874		1	8Gn	2026-10-02T13:42:26	2026-10-02T14:09:05	mjolnirgpu01fl	949216256
45816449	kegg	cmag_142	74e05862-a704-4e35-b0df-b1fe07bc87d6	COMPLETED	1121	1121	33:37.152		1	8Gn	2026-10-02T13:42:57	2026-10-02T14:01:38	mjolnircomp13fl	959965184
45816451	merge_gene_annotations	cmag_026	74e05862-a704-4e35-b0df-b1fe07bc87d6	COMPLETED	22	22	00:15.183		1	8Gn	2026-10-02T13:30:21	2026-10-02T13:30:43	mjolnircomp02fl	902144
45816457	ncbifam	cmag_161	74e05862-a704-4e35-b0df-b1fe07bc87d6	COMPLETED	824	824	22:22.429		1	16Gn	2026-10-02T13:30:21	2026-10-02T13:44:05	mjolnircomp17fl	366626816
45816458	tigrfam	cmag_046	74e05862-a704-4e35-b0df-b1fe07bc87d6	COMPLETED	154	154	04:08.695		1	16Gn	2026-10-02T13:30:51	2026-10-02T13:33:25	mjolnircomp02fl	447362048
45816467	ncbifam	cmag_225	74e05862-a704-4e35-b0df-b1fe07bc87d6	COMPLETED	549	549	15:58.427		1	16Gn	2026-10-02T13:32:52	2026-10-02T13:42:01	mjolnircomp13fl	470572032
45816468	tigrfam	cmag_161	74e05862-a704-4e35-b0df-b1fe07bc87d6	COMPLETED	146	146	03:55.613		1	16Gn	2026-10-02T13:33:52	2026-10-02T13:36:18	mjolnircomp02fl	390738944
45816469	kegg	cmag_425	74e05862-a704-4e35-b0df-b1fe07bc87d6	COMPLETED	709	709	21:19.414		1	8Gn	2026-10-02T13:49:59	2026-10-02T14:01:48	mjolnircomp09fl	956869632
45816476	ncbifam	cmag_293	74e05862-a704-4e35-b0df-b1fe07bc87d6	COMPLETED	423	423	12:03.636		1	16Gn	2026-10-02T13:51:00	2026-10-02T13:58:03	mjolnircomp08fl	389000192
45816477	cazy	cmag_440	74e05862-a704-4e35-b0df-b1fe07bc87d6	COMPLETED	18	18	00:12.773		1	8Gn	2026-10-02T13:50:29	2026-10-02T13:50:47	mjolnircomp15fl	845824
45816478	prodigal	cmag_585	74e05862-a704-4e35-b0df-b1fe07bc87d6	COMPLETED	7	7	00:03.055		1	1430Mn	2026-10-02T13:50:29	2026-10-02T13:50:36	mjolnircomp09fl	838656
45816481	ncbifam	cmag_241	74e05862-a704-4e35-b0df-b1fe07bc87d6	COMPLETED	885	885	24:13.507		1	16Gn	2026-10-02T13:51:00	2026-10-02T14:05:45	mjolnircomp17fl	370411520
45816488	ncbifam	cmag_551	74e05862-a704-4e35-b0df-b1fe07bc87d6	COMPLETED	803	803	23:04.466		1	16Gn	2026-10-02T13:53:00	2026-10-02T14:06:23	mjolnircomp16fl	390749184
45816489	pfam	cmag_656	74e05862-a704-4e35-b0df-b1fe07bc87d6	COMPLETED	306	306	08:11.211		1	8Gn	2026-10-02T13:51:30	2026-10-02T13:56:36	mjolnircomp09fl	193175552
45816490	cazy	cmag_167	74e05862-a704-4e35-b0df-b1fe07bc87d6	COMPLETED	25	25	00:20.633		1	8878Mn	2026-10-02T13:51:00	2026-10-02T13:51:25	mjolnircomp09fl	829440
45816491	cazy	cmag_587	74e05862-a704-4e35-b0df-b1fe07bc87d6	COMPLETED	18	18	00:12.891		1	8Gn	2026-10-02T13:51:30	2026-10-02T13:51:48	mjolnircomp09fl	828416
45816492	pfam	cmag_082	74e05862-a704-4e35-b0df-b1fe07bc87d6	COMPLETED	810	810	22:54.632		1	8Gn	2026-10-02T13:51:00	2026-10-02T14:04:30	mjolnircomp15fl	240043008
45816493	pfam	cmag_318	74e05862-a704-4e35-b0df-b1fe07bc87d6	COMPLETED	465	465	13:04.428		1	8Gn	2026-10-02T13:51:00	2026-10-02T13:58:45	mjolnircomp15fl	266766336
45816498	cazy	cmag_703	74e05862-a704-4e35-b0df-b1fe07bc87d6	COMPLETED	20	20	00:13.811		1	8Gn	2026-10-02T13:52:30	2026-10-02T13:52:50	mjolnircomp09fl	827392
45816499	cazy	cmag_450	74e05862-a704-4e35-b0df-b1fe07bc87d6	COMPLETED	15	15	00:09.457		1	8Gn	2026-10-02T13:53:00	2026-10-02T13:53:15	mjolnircomp09fl	836608
45816503	pfam	cmag_495	74e05862-a704-4e35-b0df-b1fe07bc87d6	COMPLETED	486	486	13:41.272		1	8Gn	2026-10-02T13:55:01	2026-10-02T14:03:07	mjolnircomp10fl	224877568
45816504	pfam	cmag_408	74e05862-a704-4e35-b0df-b1fe07bc87d6	COMPLETED	604	604	16:36.523		1	8Gn	2026-10-02T13:55:01	2026-10-02T14:05:05	mjolnircomp13fl	179472384
45816505	cazy	cmag_165	74e05862-a704-4e35-b0df-b1fe07bc87d6	COMPLETED	17	17	00:10.667		1	8Gn	2026-10-02T13:54:31	2026-10-02T13:54:48	mjolnircomp15fl	847872
45816506	ncbifam	cmag_596	74e05862-a704-4e35-b0df-b1fe07bc87d6	COMPLETED	650	650	18:37.434		1	16Gn	2026-10-02T13:54:31	2026-10-02T14:05:21	mjolnircomp10fl	404628480
45816508	pfam	cmag_288	74e05862-a704-4e35-b0df-b1fe07bc87d6	COMPLETED	849	849	23:53.875		1	8Gn	2026-10-02T13:55:01	2026-10-02T14:09:10	mjolnirgpu01fl	250750976
45816509	tigrfam	cmag_804	74e05862-a704-4e35-b0df-b1fe07bc87d6	COMPLETED	183	183	04:45.177		1	16Gn	2026-10-02T13:55:01	2026-10-02T13:58:04	mjolnirgpu01fl	396281856
45816510	kegg	cmag_780	74e05862-a704-4e35-b0df-b1fe07bc87d6	COMPLETED	1141	1141	33:51.142		1	8Gn	2026-10-02T13:55:31	2026-10-02T14:14:32	mjolnircomp10fl	925234176
45816511	tigrfam	cmag_115	74e05862-a704-4e35-b0df-b1fe07bc87d6	COMPLETED	230	230	06:07.530		1	16Gn	2026-10-02T13:55:31	2026-10-02T13:59:21	mjolnirgpu01fl	436003840
45816512	kegg	cmag_583	74e05862-a704-4e35-b0df-b1fe07bc87d6	COMPLETED	2255	2255	01:02:50		1	8Gn	2026-10-02T13:55:31	2026-10-02T14:33:06	mjolnirgpu03fl	702629888
45816514	pfam	cmag_513	74e05862-a704-4e35-b0df-b1fe07bc87d6	COMPLETED	635	635	17:52.044		1	8Gn	2026-10-02T13:55:31	2026-10-02T14:06:06	mjolnircomp13fl	254558208
45816517	pfam	cmag_168	74e05862-a704-4e35-b0df-b1fe07bc87d6	COMPLETED	966	966	26:00.689		1	8Gn	2026-10-02T13:55:31	2026-10-02T14:11:37	mjolnircomp01fl	253989888
45816518	prodigal	cmag_638	74e05862-a704-4e35-b0df-b1fe07bc87d6	COMPLETED	12	12	00:07.896		1	3021Mn	2026-10-02T13:54:31	2026-10-02T13:54:43	mjolnircomp15fl	851968
45816521	pfam	cmag_135	74e05862-a704-4e35-b0df-b1fe07bc87d6	COMPLETED	800	800	22:30.182		1	8Gn	2026-10-02T13:55:32	2026-10-02T14:08:52	mjolnircomp01fl	268417024
45816522	kegg	cmag_484	74e05862-a704-4e35-b0df-b1fe07bc87d6	COMPLETED	1710	1710	50:02.755		1	8Gn	2026-10-02T13:56:02	2026-10-02T14:24:32	mjolnircomp16fl	989266944
45816523	kegg	cmag_783	74e05862-a704-4e35-b0df-b1fe07bc87d6	COMPLETED	1836	1836	53:51.972		1	8Gn	2026-10-02T13:56:02	2026-10-02T14:26:38	mjolnircomp16fl	881644544
45816524	kegg	cmag_078	74e05862-a704-4e35-b0df-b1fe07bc87d6	COMPLETED	1722	1722	51:25.952		1	8Gn	2026-10-02T13:56:02	2026-10-02T14:24:44	mjolnircomp16fl	739552256
45816525	cazy	cmag_192	74e05862-a704-4e35-b0df-b1fe07bc87d6	COMPLETED	14	14	00:08.137		1	8Gn	2026-10-02T13:55:32	2026-10-02T13:55:46	mjolnircomp01fl	828416
45816526	pfam	cmag_284	74e05862-a704-4e35-b0df-b1fe07bc87d6	COMPLETED	376	376	10:25.452		1	8Gn	2026-10-02T13:55:32	2026-10-02T14:01:48	mjolnircomp01fl	262555648
45816534	kegg	cmag_040	74e05862-a704-4e35-b0df-b1fe07bc87d6	COMPLETED	967	967	29:18.361		1	8Gn	2026-10-02T13:56:32	2026-10-02T14:12:39	mjolnircomp13fl	952623104
45816535	prodigal	cmag_535	74e05862-a704-4e35-b0df-b1fe07bc87d6	COMPLETED	13	13	00:10.352		1	4220Mn	2026-10-02T13:56:32	2026-10-02T13:56:45	mjolnircomp16fl	822272
45816536	pfam	cmag_729	74e05862-a704-4e35-b0df-b1fe07bc87d6	COMPLETED	885	885	24:25.749		1	8Gn	2026-10-02T13:56:32	2026-10-02T14:11:17	mjolnircomp16fl	225334272
45816539	cazy	cmag_561	74e05862-a704-4e35-b0df-b1fe07bc87d6	COMPLETED	15	15	00:09.979		1	8Gn	2026-10-02T14:07:07	2026-10-02T14:07:22	mjolnircomp15fl	867328
45816540	kegg	cmag_277	74e05862-a704-4e35-b0df-b1fe07bc87d6	COMPLETED	1590	1590	46:10.999		1	8Gn	2026-10-02T13:57:33	2026-10-02T14:24:03	mjolnirgpu01fl	684854272
45816541	prodigal	cmag_606	74e05862-a704-4e35-b0df-b1fe07bc87d6	COMPLETED	6	6	00:03.290		1	1850Mn	2026-10-02T14:07:37	2026-10-02T14:07:43	mjolnircomp15fl	861184
45816542	cazy	cmag_583	74e05862-a704-4e35-b0df-b1fe07bc87d6	COMPLETED	22	22	00:15.954		1	8Gn	2026-10-02T14:02:05	2026-10-02T14:02:27	mjolnircomp13fl	825344
45816543	pfam	cmag_592	74e05862-a704-4e35-b0df-b1fe07bc87d6	COMPLETED	820	820	22:39.316		1	8Gn	2026-10-02T13:57:02	2026-10-02T14:10:42	mjolnircomp01fl	224581632
45816545	ncbifam	cmag_234	74e05862-a704-4e35-b0df-b1fe07bc87d6	COMPLETED	778	778	20:43.991		1	16Gn	2026-10-02T14:00:34	2026-10-02T14:13:32	mjolnircomp17fl	408635392
45816546	kegg	cmag_369	74e05862-a704-4e35-b0df-b1fe07bc87d6	COMPLETED	1494	1494	43:52.111		1	8Gn	2026-10-02T13:59:03	2026-10-02T14:23:57	mjolnircomp15fl	1085336576
45816547	ncbifam	cmag_811	74e05862-a704-4e35-b0df-b1fe07bc87d6	COMPLETED	219	219	06:16.818		1	16Gn	2026-10-02T13:57:02	2026-10-02T14:00:41	mjolnircomp13fl	336951296
45816548	ncbifam	cmag_748	74e05862-a704-4e35-b0df-b1fe07bc87d6	COMPLETED	752	752	21:21.890		1	16Gn	2026-10-02T13:56:32	2026-10-02T14:09:04	mjolnircomp16fl	381250560
45816549	ncbifam	cmag_253	74e05862-a704-4e35-b0df-b1fe07bc87d6	COMPLETED	460	460	13:28.344		1	16Gn	2026-10-02T13:57:02	2026-10-02T14:04:42	mjolnircomp02fl	432738304
45816551	merge_gene_annotations	cmag_653	74e05862-a704-4e35-b0df-b1fe07bc87d6	COMPLETED	23	23	00:15.036		1	8Gn	2026-10-02T14:05:06	2026-10-02T14:05:29	mjolnirgpu03fl	840704
45816552	cazy	cmag_170	74e05862-a704-4e35-b0df-b1fe07bc87d6	COMPLETED	22	22	00:16.841		1	8Gn	2026-10-02T14:13:09	2026-10-02T14:13:31	mjolnircomp01fl	821248
45816553	pfam	cmag_243	74e05862-a704-4e35-b0df-b1fe07bc87d6	COMPLETED	811	811	23:04.289		1	8Gn	2026-10-02T14:02:05	2026-10-02T14:15:36	mjolnirgpu01fl	232009728
45816554	kegg	cmag_103	74e05862-a704-4e35-b0df-b1fe07bc87d6	COMPLETED	510	510	14:54.426		1	8Gn	2026-10-02T13:59:34	2026-10-02T14:08:04	mjolnircomp13fl	779496448
45816555	ncbifam	cmag_704	74e05862-a704-4e35-b0df-b1fe07bc87d6	COMPLETED	1365	1365	39:24.064		1	16Gn	2026-10-02T13:57:02	2026-10-02T14:19:47	mjolnircomp06fl	360538112
45816556	ncbifam	cmag_616	74e05862-a704-4e35-b0df-b1fe07bc87d6	COMPLETED	398	398	11:20.896		1	16Gn	2026-10-02T14:13:39	2026-10-02T14:20:17	mjolnircomp08fl	405706752
45816557	kegg	cmag_288	74e05862-a704-4e35-b0df-b1fe07bc87d6	COMPLETED	1892	1892	53:00.372		1	8Gn	2026-10-02T14:05:36	2026-10-02T14:37:08	mjolnirgpu03fl	848172032
45816558	pfam	cmag_068	74e05862-a704-4e35-b0df-b1fe07bc87d6	COMPLETED	381	381	10:34.670		1	8Gn	2026-10-02T14:02:35	2026-10-02T14:08:56	mjolnircomp13fl	240066560
45816559	pfam	cmag_208	74e05862-a704-4e35-b0df-b1fe07bc87d6	COMPLETED	819	819	22:16.099		1	8Gn	2026-10-02T14:05:37	2026-10-02T14:19:16	mjolnircomp03fl	223841280
45816560	tigrfam	cmag_328	74e05862-a704-4e35-b0df-b1fe07bc87d6	COMPLETED	163	163	04:14.297		1	16Gn	2026-10-02T13:57:02	2026-10-02T13:59:45	mjolnircomp16fl	369143808
45816561	tigrfam	cmag_048	74e05862-a704-4e35-b0df-b1fe07bc87d6	COMPLETED	227	227	05:59.727		1	16Gn	2026-10-02T13:57:33	2026-10-02T14:01:20	mjolnircomp15fl	362842112
45816562	kegg	cmag_711	74e05862-a704-4e35-b0df-b1fe07bc87d6	COMPLETED	2190	2190	01:02:23		1	8Gn	2026-10-02T14:06:07	2026-10-02T14:42:37	mjolnircomp17fl	841442304
45816567	pfam	cmag_337	74e05862-a704-4e35-b0df-b1fe07bc87d6	COMPLETED	826	826	23:17.261		1	8Gn	2026-10-02T13:57:33	2026-10-02T14:11:19	mjolnircomp03fl	263586816
45816568	cazy	cmag_758	74e05862-a704-4e35-b0df-b1fe07bc87d6	COMPLETED	15	15	00:10.272		1	8Gn	2026-10-02T14:13:09	2026-10-02T14:13:24	mjolnircomp01fl	816128
45816569	cazy	cmag_187	74e05862-a704-4e35-b0df-b1fe07bc87d6	COMPLETED	33	33	00:27.187		1	8Gn	2026-10-02T14:07:37	2026-10-02T14:08:10	mjolnirgpu01fl	78456832
45816570	cazy	cmag_536	74e05862-a704-4e35-b0df-b1fe07bc87d6	COMPLETED	16	16	00:11.423		1	8Gn	2026-10-02T14:13:09	2026-10-02T14:13:25	mjolnircomp01fl	816128
45816571	cazy	cmag_258	74e05862-a704-4e35-b0df-b1fe07bc87d6	COMPLETED	19	19	00:14.906		1	8Gn	2026-10-02T14:13:09	2026-10-02T14:13:28	mjolnircomp01fl	822272
45816583	ncbifam	cmag_519	74e05862-a704-4e35-b0df-b1fe07bc87d6	COMPLETED	488	488	14:11.108		1	16Gn	2026-10-02T13:58:03	2026-10-02T14:06:11	mjolnircomp07fl	429537280
45816584	pfam	cmag_157	74e05862-a704-4e35-b0df-b1fe07bc87d6	COMPLETED	451	451	12:21.730		1	8Gn	2026-10-02T13:59:34	2026-10-02T14:07:05	mjolnircomp13fl	229818368
45816585	pfam	cmag_686	74e05862-a704-4e35-b0df-b1fe07bc87d6	COMPLETED	437	437	12:26.734		1	8Gn	2026-10-02T14:01:35	2026-10-02T14:08:52	mjolnircomp15fl	238420992
45816589	tigrfam	cmag_695	74e05862-a704-4e35-b0df-b1fe07bc87d6	COMPLETED	205	205	05:24.063		1	16Gn	2026-10-02T13:58:03	2026-10-02T14:01:28	mjolnircomp16fl	350340096
45816593	tigrfam	cmag_519	74e05862-a704-4e35-b0df-b1fe07bc87d6	COMPLETED	139	139	03:25.623		1	16Gn	2026-10-02T13:58:33	2026-10-02T14:00:52	mjolnircomp08fl	342234112
45816594	pfam	cmag_785	74e05862-a704-4e35-b0df-b1fe07bc87d6	COMPLETED	636	636	17:45.569		1	8Gn	2026-10-02T13:57:33	2026-10-02T14:08:09	mjolnircomp13fl	209341440
45816612	kegg	cmag_801	74e05862-a704-4e35-b0df-b1fe07bc87d6	COMPLETED	1620	1620	49:06.031		1	8Gn	2026-10-02T14:14:39	2026-10-02T14:41:39	mjolnircomp16fl	980156416
45816613	prodigal	cmag_111	74e05862-a704-4e35-b0df-b1fe07bc87d6	COMPLETED	7	7	00:04.098		1	2710Mn	2026-10-02T14:14:09	2026-10-02T14:14:16	mjolnircomp01fl	813056
45816617	kegg	cmag_716	74e05862-a704-4e35-b0df-b1fe07bc87d6	COMPLETED	805	805	23:55.087		1	8Gn	2026-10-02T13:58:03	2026-10-02T14:11:28	mjolnircomp09fl	783837184
45816618	ncbifam	cmag_097	74e05862-a704-4e35-b0df-b1fe07bc87d6	COMPLETED	1289	1289	33:05.719		1	16Gn	2026-10-02T14:00:34	2026-10-02T14:22:03	mjolnirgpu02fl	404411392
45816627	ncbifam	cmag_500	74e05862-a704-4e35-b0df-b1fe07bc87d6	COMPLETED	563	563	15:37.657		1	16Gn	2026-10-02T14:01:04	2026-10-02T14:10:27	mjolnircomp08fl	461964288
45816632	cazy	cmag_382	74e05862-a704-4e35-b0df-b1fe07bc87d6	COMPLETED	17	17	00:11.415		1	8Gn	2026-10-02T14:14:39	2026-10-02T14:14:56	mjolnircomp01fl	816128
45816633	tigrfam	cmag_801	74e05862-a704-4e35-b0df-b1fe07bc87d6	COMPLETED	223	223	05:51.016		1	16Gn	2026-10-02T14:01:35	2026-10-02T14:05:18	mjolnircomp16fl	352647168
45816640	cazy	cmag_197	74e05862-a704-4e35-b0df-b1fe07bc87d6	COMPLETED	18	18	00:12.298		1	8Gn	2026-10-02T14:14:39	2026-10-02T14:14:57	mjolnircomp01fl	815104
45816641	pfam	cmag_615	74e05862-a704-4e35-b0df-b1fe07bc87d6	COMPLETED	1142	1142	31:01.578		1	8Gn	2026-10-02T14:02:05	2026-10-02T14:21:07	mjolnircomp01fl	225842176
45816653	cazy	cmag_380	74e05862-a704-4e35-b0df-b1fe07bc87d6	COMPLETED	16	16	00:11.055		1	8Gn	2026-10-02T14:14:39	2026-10-02T14:14:55	mjolnircomp01fl	817152
45816654	cazy	cmag_650	74e05862-a704-4e35-b0df-b1fe07bc87d6	COMPLETED	14	14	00:08.583		1	8Gn	2026-10-02T14:14:39	2026-10-02T14:14:53	mjolnircomp01fl	811008
45816655	cazy	cmag_127	74e05862-a704-4e35-b0df-b1fe07bc87d6	COMPLETED	20	20	00:15.113		1	8Gn	2026-10-02T14:14:39	2026-10-02T14:14:59	mjolnircomp01fl	813056
45816662	tigrfam	cmag_263	74e05862-a704-4e35-b0df-b1fe07bc87d6	COMPLETED	78	78	01:58.622		1	16Gn	2026-10-02T14:18:10	2026-10-02T14:19:28	mjolnircomp16fl	385684480
45816666	tigrfam	cmag_282	74e05862-a704-4e35-b0df-b1fe07bc87d6	COMPLETED	187	187	04:50.993		1	16Gn	2026-10-02T14:20:11	2026-10-02T14:23:18	mjolnircomp06fl	366290944
45816674	ncbifam	cmag_695	74e05862-a704-4e35-b0df-b1fe07bc87d6	COMPLETED	841	841	23:35.386		1	16Gn	2026-10-02T14:01:35	2026-10-02T14:15:36	mjolnircomp16fl	404691968
45816675	kegg	cmag_599	74e05862-a704-4e35-b0df-b1fe07bc87d6	COMPLETED	2738	2738	01:24:05		1	8Gn	2026-10-02T14:05:06	2026-10-02T14:50:44	mjolnircomp02fl	987225088
45816676	pfam	cmag_023	74e05862-a704-4e35-b0df-b1fe07bc87d6	COMPLETED	908	908	25:19.393		1	8Gn	2026-10-02T14:01:35	2026-10-02T14:16:43	mjolnircomp01fl	230563840
45816678	cazy	cmag_716	74e05862-a704-4e35-b0df-b1fe07bc87d6	COMPLETED	14	14	00:09.698		1	8Gn	2026-10-02T14:15:40	2026-10-02T14:15:54	mjolnircomp01fl	811008
45816679	prodigal	cmag_475	74e05862-a704-4e35-b0df-b1fe07bc87d6	COMPLETED	6	6	00:02.714		1	1621Mn	2026-10-02T14:18:40	2026-10-02T14:18:46	mjolnircomp01fl	818176
45816680	pfam	cmag_280	74e05862-a704-4e35-b0df-b1fe07bc87d6	COMPLETED	302	302	08:02.910		1	8Gn	2026-10-02T14:18:40	2026-10-02T14:23:42	mjolnircomp01fl	171613184
45816681	tigrfam	cmag_105	74e05862-a704-4e35-b0df-b1fe07bc87d6	COMPLETED	211	211	05:32.554		1	16Gn	2026-10-02T14:05:06	2026-10-02T14:08:37	mjolnircomp11fl	322371584
45816682	cazy	cmag_759	74e05862-a704-4e35-b0df-b1fe07bc87d6	COMPLETED	20	20	00:14.101		1	8Gn	2026-10-02T14:18:40	2026-10-02T14:19:00	mjolnircomp01fl	822272
45816683	pfam	cmag_127	74e05862-a704-4e35-b0df-b1fe07bc87d6	COMPLETED	925	925	24:45.745		1	8Gn	2026-10-02T14:07:37	2026-10-02T14:23:02	mjolnircomp01fl	194915328
45816690	cazy	cmag_513	74e05862-a704-4e35-b0df-b1fe07bc87d6	COMPLETED	17	17	00:10.739		1	8Gn	2026-10-02T14:18:40	2026-10-02T14:18:57	mjolnircomp01fl	819200
45816691	kegg	cmag_169	74e05862-a704-4e35-b0df-b1fe07bc87d6	COMPLETED	940	940	27:34.504		1	8Gn	2026-10-02T14:03:36	2026-10-02T14:19:16	mjolnircomp10fl	705967104
45816692	pfam	cmag_258	74e05862-a704-4e35-b0df-b1fe07bc87d6	COMPLETED	897	897	24:57.714		1	8Gn	2026-10-02T14:01:35	2026-10-02T14:16:32	mjolnircomp01fl	236445696
45816693	prodigal	cmag_182	74e05862-a704-4e35-b0df-b1fe07bc87d6	COMPLETED	8	8	00:04.192		1	2797Mn	2026-10-02T14:18:40	2026-10-02T14:18:48	mjolnircomp01fl	817152
45816699	cazy	cmag_168	74e05862-a704-4e35-b0df-b1fe07bc87d6	COMPLETED	20	20	00:15.671		1	8Gn	2026-10-02T14:19:41	2026-10-02T14:20:01	mjolnircomp03fl	856064
45816700	kegg	cmag_796	74e05862-a704-4e35-b0df-b1fe07bc87d6	COMPLETED	1382	1382	40:33.739		1	8Gn	2026-10-02T14:20:41	2026-10-02T14:43:43	mjolnircomp08fl	1190661120
45816701	ncbifam	cmag_419	74e05862-a704-4e35-b0df-b1fe07bc87d6	COMPLETED	788	788	23:22.099		1	16Gn	2026-10-02T14:06:37	2026-10-02T14:19:45	mjolnircomp07fl	445018112
45816710	pfam	cmag_585	74e05862-a704-4e35-b0df-b1fe07bc87d6	COMPLETED	375	375	10:01.381		1	8Gn	2026-10-02T14:05:06	2026-10-02T14:11:21	mjolnircomp03fl	197011456
45816711	pfam	cmag_440	74e05862-a704-4e35-b0df-b1fe07bc87d6	COMPLETED	744	744	20:32.751		1	8Gn	2026-10-02T14:07:37	2026-10-02T14:20:01	mjolnircomp03fl	265505792
45816712	cazy	cmag_169	74e05862-a704-4e35-b0df-b1fe07bc87d6	COMPLETED	21	21	00:16.179		1	8Gn	2026-10-02T14:35:48	2026-10-02T14:36:09	mjolnirgpu01fl	825344
45816721	cazy	cmag_340	74e05862-a704-4e35-b0df-b1fe07bc87d6	COMPLETED	17	17	00:11.794		1	8Gn	2026-10-02T14:40:21	2026-10-02T14:40:38	mjolnircomp09fl	827392
45816722	cazy	cmag_113	74e05862-a704-4e35-b0df-b1fe07bc87d6	COMPLETED	21	21	00:15.307		1	8Gn	2026-10-02T14:40:21	2026-10-02T14:40:42	mjolnirgpu03fl	823296
45816729	prodigal	cmag_496	74e05862-a704-4e35-b0df-b1fe07bc87d6	COMPLETED	11	11	00:08.531		1	3742Mn	2026-10-02T14:33:46	2026-10-02T14:33:57	mjolnirgpu01fl	811008
45816730	cazy	cmag_566	74e05862-a704-4e35-b0df-b1fe07bc87d6	COMPLETED	15	15	00:11.258		1	8Gn	2026-10-02T14:41:21	2026-10-02T14:41:36	mjolnircomp03fl	865280
45816734	cazy	cmag_150	74e05862-a704-4e35-b0df-b1fe07bc87d6	COMPLETED	14	14	00:08.919		1	8Gn	2026-10-02T14:41:51	2026-10-02T14:42:05	mjolnircomp03fl	857088
45816735	ncbifam	cmag_318	74e05862-a704-4e35-b0df-b1fe07bc87d6	COMPLETED	550	550	13:37.792		1	16Gn	2026-10-02T14:22:11	2026-10-02T14:31:21	mjolnirgpu02fl	347213824
45816736	ncbifam	cmag_735	74e05862-a704-4e35-b0df-b1fe07bc87d6	COMPLETED	273	273	07:43.958		1	16Gn	2026-10-02T14:24:12	2026-10-02T14:28:45	mjolnircomp13fl	413742080
45816740	cazy	cmag_432	74e05862-a704-4e35-b0df-b1fe07bc87d6	COMPLETED	17	17	00:12.499		1	8Gn	2026-10-02T14:41:51	2026-10-02T14:42:08	mjolnircomp03fl	857088
45816745	ncbifam	cmag_212	74e05862-a704-4e35-b0df-b1fe07bc87d6	COMPLETED	831	831	22:14.655		1	16Gn	2026-10-02T14:08:07	2026-10-02T14:21:58	mjolnircomp16fl	395197440
45816748	cazy	cmag_414	74e05862-a704-4e35-b0df-b1fe07bc87d6	COMPLETED	20	20	00:14.560		1	8Gn	2026-10-02T14:41:51	2026-10-02T14:42:11	mjolnirgpu03fl	817152
45816749	cazy	cmag_142	74e05862-a704-4e35-b0df-b1fe07bc87d6	COMPLETED	19	19	00:13.880		1	8Gn	2026-10-02T14:41:51	2026-10-02T14:42:10	mjolnirgpu03fl	822272
45816752	pfam	cmag_708	74e05862-a704-4e35-b0df-b1fe07bc87d6	COMPLETED	802	802	22:31.658		1	8Gn	2026-10-02T14:05:37	2026-10-02T14:18:59	mjolnircomp10fl	232794112
45816753	ncbifam	cmag_408	74e05862-a704-4e35-b0df-b1fe07bc87d6	COMPLETED	601	601	16:36.296		1	16Gn	2026-10-02T14:08:07	2026-10-02T14:18:08	mjolnircomp16fl	377786368
45816754	ncbifam	cmag_656	74e05862-a704-4e35-b0df-b1fe07bc87d6	COMPLETED	319	319	08:58.717		1	16Gn	2026-10-02T14:09:08	2026-10-02T14:14:27	mjolnirgpu01fl	448636928
45816761	pfam	cmag_530	74e05862-a704-4e35-b0df-b1fe07bc87d6	COMPLETED	1314	1314	36:42.595		1	8Gn	2026-10-02T14:09:38	2026-10-02T14:31:32	mjolnirgpu01fl	210229248
45816762	kegg	cmag_736	74e05862-a704-4e35-b0df-b1fe07bc87d6	COMPLETED	1935	1935	57:01.220		1	8Gn	2026-10-02T14:08:37	2026-10-02T14:40:52	mjolnircomp11fl	862637056
45816763	ncbifam	cmag_157	74e05862-a704-4e35-b0df-b1fe07bc87d6	COMPLETED	344	344	09:48.023		1	16Gn	2026-10-02T14:26:43	2026-10-02T14:32:27	mjolnircomp14fl	506706944
45816769	kegg	cmag_411	74e05862-a704-4e35-b0df-b1fe07bc87d6	COMPLETED	1817	1817	52:59.932		1	8Gn	2026-10-02T14:27:13	2026-10-02T14:57:30	mjolnircomp16fl	795584512
45816770	kegg	cmag_238	74e05862-a704-4e35-b0df-b1fe07bc87d6	COMPLETED	1879	1879	56:09.809		1	8Gn	2026-10-02T14:27:13	2026-10-02T14:58:32	mjolnircomp16fl	957476864
45816775	ncbifam	cmag_495	74e05862-a704-4e35-b0df-b1fe07bc87d6	COMPLETED	481	481	13:23.011		1	16Gn	2026-10-02T14:27:13	2026-10-02T14:35:14	mjolnircomp01fl	437269504
45816782	ncbifam	cmag_135	74e05862-a704-4e35-b0df-b1fe07bc87d6	COMPLETED	644	644	18:08.621		1	16Gn	2026-10-02T14:09:08	2026-10-02T14:19:52	mjolnircomp16fl	400160768
45816797	pfam	cmag_384	74e05862-a704-4e35-b0df-b1fe07bc87d6	COMPLETED	544	544	15:19.738		1	8Gn	2026-10-02T14:10:38	2026-10-02T14:19:42	mjolnircomp01fl	221773824
45816798	cazy	cmag_796	74e05862-a704-4e35-b0df-b1fe07bc87d6	COMPLETED	21	21	00:16.160		1	8Gn	2026-10-02T14:43:53	2026-10-02T14:44:14	mjolnirgpu03fl	817152
45816799	pfam	cmag_167	74e05862-a704-4e35-b0df-b1fe07bc87d6	COMPLETED	1668	1668	45:44.860		1	8878Mn	2026-10-02T14:27:13	2026-10-02T14:55:01	mjolnircomp01fl	244892672
45816803	cazy	cmag_425	74e05862-a704-4e35-b0df-b1fe07bc87d6	COMPLETED	17	17	00:12.061		1	8Gn	2026-10-02T14:43:53	2026-10-02T14:44:10	mjolnirgpu03fl	820224
45816804	cazy	cmag_780	74e05862-a704-4e35-b0df-b1fe07bc87d6	COMPLETED	20	20	00:15.355		1	8Gn	2026-10-02T14:43:53	2026-10-02T14:44:13	mjolnirgpu03fl	817152
45816805	tigrfam	cmag_748	74e05862-a704-4e35-b0df-b1fe07bc87d6	COMPLETED	184	184	04:52.907		1	16Gn	2026-10-02T14:09:08	2026-10-02T14:12:12	mjolnircomp15fl	386001920
45816806	pfam	cmag_587	74e05862-a704-4e35-b0df-b1fe07bc87d6	COMPLETED	738	738	20:20.904		1	8Gn	2026-10-02T14:20:11	2026-10-02T14:32:29	mjolnircomp03fl	228346880
45816810	tigrfam	cmag_293	74e05862-a704-4e35-b0df-b1fe07bc87d6	COMPLETED	110	110	02:55.040		1	16Gn	2026-10-02T14:10:08	2026-10-02T14:11:58	mjolnircomp09fl	324002816
45816811	cazy	cmag_599	74e05862-a704-4e35-b0df-b1fe07bc87d6	COMPLETED	32	32	00:23.658		1	8Gn	2026-10-02T14:11:38	2026-10-02T14:12:10	mjolnircomp01fl	79170560
45816812	ncbifam	cmag_068	74e05862-a704-4e35-b0df-b1fe07bc87d6	COMPLETED	366	366	09:51.870		1	16Gn	2026-10-02T14:27:13	2026-10-02T14:33:19	mjolnircomp01fl	390208512
45816813	ncbifam	cmag_729	74e05862-a704-4e35-b0df-b1fe07bc87d6	COMPLETED	826	826	23:24.919		1	16Gn	2026-10-02T14:10:08	2026-10-02T14:23:54	mjolnircomp09fl	353264640
45816816	tigrfam	cmag_551	74e05862-a704-4e35-b0df-b1fe07bc87d6	COMPLETED	153	153	03:55.067		1	16Gn	2026-10-02T14:10:38	2026-10-02T14:13:11	mjolnircomp08fl	364195840
45816821	ncbifam	cmag_337	74e05862-a704-4e35-b0df-b1fe07bc87d6	COMPLETED	803	803	23:05.947		1	16Gn	2026-10-02T14:11:38	2026-10-02T14:25:01	mjolnircomp09fl	447366144
45816822	ncbifam	cmag_745	74e05862-a704-4e35-b0df-b1fe07bc87d6	COMPLETED	782	782	21:40.853		1	16Gn	2026-10-02T14:12:08	2026-10-02T14:25:10	mjolnircomp09fl	534657024
45816829	ncbifam	cmag_317	74e05862-a704-4e35-b0df-b1fe07bc87d6	COMPLETED	301	301	08:25.021		1	16Gn	2026-10-02T14:27:13	2026-10-02T14:32:14	mjolnircomp11fl	612388864
45816830	cazy	cmag_484	74e05862-a704-4e35-b0df-b1fe07bc87d6	COMPLETED	28	28	00:21.996		1	8Gn	2026-10-02T14:44:23	2026-10-02T14:44:51	mjolnirgpu03fl	819200
45816831	kegg	cmag_749	74e05862-a704-4e35-b0df-b1fe07bc87d6	COMPLETED	1565	1565	45:27.574		1	8Gn	2026-10-02T14:27:13	2026-10-02T14:53:18	mjolnircomp11fl	726086656
45816836	tigrfam	cmag_241	74e05862-a704-4e35-b0df-b1fe07bc87d6	COMPLETED	157	157	04:05.224		1	16Gn	2026-10-02T14:11:38	2026-10-02T14:14:15	mjolnircomp16fl	385024000
45816837	kegg	cmag_250	74e05862-a704-4e35-b0df-b1fe07bc87d6	COMPLETED	1457	1457	43:38.886		1	8Gn	2026-10-02T14:27:43	2026-10-02T14:52:00	mjolnircomp09fl	973345792
45816838	kegg	cmag_547	74e05862-a704-4e35-b0df-b1fe07bc87d6	COMPLETED	1264	1264	37:35.756		1	8Gn	2026-10-02T14:29:14	2026-10-02T14:50:18	mjolnircomp13fl	1102640128
45816839	pfam	cmag_248	74e05862-a704-4e35-b0df-b1fe07bc87d6	COMPLETED	1164	1164	33:18.662		1	8Gn	2026-10-02T14:29:44	2026-10-02T14:49:08	mjolnircomp04fl	284339200
45816840	cazy	cmag_078	74e05862-a704-4e35-b0df-b1fe07bc87d6	COMPLETED	23	23	00:17.056		1	8Gn	2026-10-02T14:44:23	2026-10-02T14:44:46	mjolnirgpu03fl	820224
45816841	cazy	cmag_783	74e05862-a704-4e35-b0df-b1fe07bc87d6	COMPLETED	25	25	00:18.787		1	8Gn	2026-10-02T14:44:23	2026-10-02T14:44:48	mjolnirgpu03fl	821248
45816842	pfam	cmag_165	74e05862-a704-4e35-b0df-b1fe07bc87d6	COMPLETED	627	627	17:27.243		1	8Gn	2026-10-02T14:09:38	2026-10-02T14:20:05	mjolnircomp01fl	218869760
45816847	prodigal	cmag_011	74e05862-a704-4e35-b0df-b1fe07bc87d6	COMPLETED	8	8	00:05.456		1	1376Mn	2026-10-02T14:29:14	2026-10-02T14:29:22	mjolnirgpu01fl	811008
45816849	cazy	cmag_369	74e05862-a704-4e35-b0df-b1fe07bc87d6	COMPLETED	24	24	00:18.381		1	8Gn	2026-10-02T14:44:23	2026-10-02T14:44:47	mjolnirgpu03fl	816128
45816853	kegg	cmag_654	74e05862-a704-4e35-b0df-b1fe07bc87d6	COMPLETED	1115	1115	31:44.801		1	8Gn	2026-10-02T14:12:39	2026-10-02T14:31:14	mjolnirgpu01fl	802667520
45816855	kegg	cmag_115	74e05862-a704-4e35-b0df-b1fe07bc87d6	COMPLETED	1675	1675	50:46.635		1	8Gn	2026-10-02T14:31:45	2026-10-02T14:59:40	mjolnircomp13fl	907802624
45816856	pfam	cmag_583	74e05862-a704-4e35-b0df-b1fe07bc87d6	COMPLETED	1300	1300	35:58.851		1	8Gn	2026-10-02T14:14:39	2026-10-02T14:36:19	mjolnirgpu01fl	242550784
45816857	ncbifam	cmag_082	74e05862-a704-4e35-b0df-b1fe07bc87d6	COMPLETED	659	659	19:13.452		1	16Gn	2026-10-02T14:13:09	2026-10-02T14:24:08	mjolnircomp13fl	396835840
45816858	kegg	cmag_535	74e05862-a704-4e35-b0df-b1fe07bc87d6	COMPLETED	2211	2211	01:04:21		1	8Gn	2026-10-02T14:13:09	2026-10-02T14:50:00	mjolnircomp15fl	865841152
45816859	cazy	cmag_250	74e05862-a704-4e35-b0df-b1fe07bc87d6	COMPLETED	22	22	00:16.703		1	8Gn	2026-10-02T14:44:23	2026-10-02T14:44:45	mjolnirgpu03fl	819200
45816863	pfam	cmag_450	74e05862-a704-4e35-b0df-b1fe07bc87d6	COMPLETED	385	385	10:25.366		1	8Gn	2026-10-02T14:13:09	2026-10-02T14:19:34	mjolnircomp03fl	214142976
45816864	kegg	cmag_283	74e05862-a704-4e35-b0df-b1fe07bc87d6	COMPLETED	1068	1068	30:56.652		1	8Gn	2026-10-02T14:15:40	2026-10-02T14:33:28	mjolnirgpu01fl	716679168
45816865	pfam	cmag_681	74e05862-a704-4e35-b0df-b1fe07bc87d6	COMPLETED	582	582	16:06.376		1	8Gn	2026-10-02T14:12:39	2026-10-02T14:22:21	mjolnircomp01fl	219156480
45816871	tigrfam	cmag_234	74e05862-a704-4e35-b0df-b1fe07bc87d6	COMPLETED	127	127	03:17.675		1	16Gn	2026-10-02T14:33:16	2026-10-02T14:35:23	mjolnircomp15fl	337499136
45816872	pfam	cmag_561	74e05862-a704-4e35-b0df-b1fe07bc87d6	COMPLETED	528	528	14:40.070		1	8Gn	2026-10-02T14:13:39	2026-10-02T14:22:27	mjolnircomp01fl	204601344
45816879	tigrfam	cmag_811	74e05862-a704-4e35-b0df-b1fe07bc87d6	COMPLETED	77	77	01:56.624		1	16Gn	2026-10-02T14:16:10	2026-10-02T14:17:27	mjolnirgpu01fl	287434752
45816880	tigrfam	cmag_704	74e05862-a704-4e35-b0df-b1fe07bc87d6	COMPLETED	195	195	05:13.279		1	16Gn	2026-10-02T14:14:39	2026-10-02T14:17:54	mjolnircomp10fl	429674496
45816881	pfam	cmag_536	74e05862-a704-4e35-b0df-b1fe07bc87d6	COMPLETED	601	601	16:33.873		1	8Gn	2026-10-02T14:14:09	2026-10-02T14:24:10	mjolnircomp03fl	240695296
45816882	prodigal	cmag_188	74e05862-a704-4e35-b0df-b1fe07bc87d6	COMPLETED	9	9	00:05.580		1	1073Mn	2026-10-02T14:29:14	2026-10-02T14:29:23	mjolnirgpu01fl	818176
45816883	cazy	cmag_049	74e05862-a704-4e35-b0df-b1fe07bc87d6	COMPLETED	27	27	00:21.231		1	8Gn	2026-10-02T14:44:53	2026-10-02T14:45:20	mjolnirgpu03fl	817152
45816889	tigrfam	cmag_536	74e05862-a704-4e35-b0df-b1fe07bc87d6	COMPLETED	227	227	05:56.854		1	16Gn	2026-10-02T14:17:10	2026-10-02T14:20:57	mjolnircomp06fl	402302976
45816890	tigrfam	cmag_735	74e05862-a704-4e35-b0df-b1fe07bc87d6	COMPLETED	85	85	02:07.135		1	16Gn	2026-10-02T14:32:45	2026-10-02T14:34:10	mjolnircomp11fl	372861952
45816891	kegg	cmag_126	74e05862-a704-4e35-b0df-b1fe07bc87d6	COMPLETED	2385	2385	01:11:36		1	8Gn	2026-10-02T14:18:10	2026-10-02T14:57:55	mjolnircomp10fl	1022376960
45816892	tigrfam	cmag_253	74e05862-a704-4e35-b0df-b1fe07bc87d6	COMPLETED	173	173	04:29.045		1	16Gn	2026-10-02T14:18:40	2026-10-02T14:21:33	mjolnirgpu01fl	382394368
45816897	pfam	cmag_703	74e05862-a704-4e35-b0df-b1fe07bc87d6	COMPLETED	1084	1084	30:22.139		1	8Gn	2026-10-02T14:21:41	2026-10-02T14:39:45	mjolnirgpu01fl	189239296
45816898	cazy	cmag_711	74e05862-a704-4e35-b0df-b1fe07bc87d6	COMPLETED	21	21	00:14.990		1	8Gn	2026-10-02T14:44:53	2026-10-02T14:45:14	mjolnirgpu03fl	819200
45816899	pfam	cmag_334	74e05862-a704-4e35-b0df-b1fe07bc87d6	COMPLETED	559	559	15:04.434		1	8Gn	2026-10-02T14:15:40	2026-10-02T14:24:59	mjolnircomp01fl	225262592
45816900	kegg	cmag_382	74e05862-a704-4e35-b0df-b1fe07bc87d6	COMPLETED	1410	1410	42:23.561		1	8Gn	2026-10-02T14:33:46	2026-10-02T14:57:16	mjolnircomp01fl	1092377600
45816901	kegg	cmag_010	74e05862-a704-4e35-b0df-b1fe07bc87d6	COMPLETED	2382	2382	01:06:09		1	8Gn	2026-10-02T14:34:17	2026-10-02T15:13:59	mjolnircomp11fl	982057984
45816907	tigrfam	cmag_288	74e05862-a704-4e35-b0df-b1fe07bc87d6	COMPLETED	204	204	05:21.247		1	16Gn	2026-10-02T14:18:40	2026-10-02T14:22:04	mjolnirgpu01fl	347285504
45816908	pfam	cmag_169	74e05862-a704-4e35-b0df-b1fe07bc87d6	COMPLETED	500	500	13:58.159		1	8Gn	2026-10-02T14:18:40	2026-10-02T14:27:00	mjolnircomp01fl	212331520
45816909	ncbifam	cmag_023	74e05862-a704-4e35-b0df-b1fe07bc87d6	COMPLETED	1001	1001	28:25.795		1	16Gn	2026-10-02T14:18:40	2026-10-02T14:35:21	mjolnirgpu01fl	400302080
45816917	prodigal	cmag_121	74e05862-a704-4e35-b0df-b1fe07bc87d6	COMPLETED	10	10	00:07.598		1	2498Mn	2026-10-02T14:34:17	2026-10-02T14:34:27	mjolnirgpu01fl	811008
45816921	kegg	cmag_342	74e05862-a704-4e35-b0df-b1fe07bc87d6	COMPLETED	1869	1869	51:57.140		1	8Gn	2026-10-02T14:31:45	2026-10-02T15:02:54	mjolnirgpu01fl	912063488
45816925	tigrfam	cmag_103	74e05862-a704-4e35-b0df-b1fe07bc87d6	COMPLETED	64	64	01:36.111		1	16Gn	2026-10-02T14:20:11	2026-10-02T14:21:15	mjolnircomp16fl	380179456
45816926	ncbifam	cmag_482	74e05862-a704-4e35-b0df-b1fe07bc87d6	COMPLETED	1027	1027	28:08.979		1	16Gn	2026-10-02T14:19:10	2026-10-02T14:36:17	mjolnircomp17fl	362391552
45816927	ncbifam	cmag_819	74e05862-a704-4e35-b0df-b1fe07bc87d6	COMPLETED	468	468	13:22.814		1	16Gn	2026-10-02T14:33:46	2026-10-02T14:41:34	mjolnirgpu01fl	382699520
45816937	kegg	cmag_555	74e05862-a704-4e35-b0df-b1fe07bc87d6	COMPLETED	2093	2093	56:21.813		1	8Gn	2026-10-02T14:36:49	2026-10-02T15:11:42	mjolnirgpu01fl	821984256
45816938	ncbifam	cmag_258	74e05862-a704-4e35-b0df-b1fe07bc87d6	COMPLETED	757	757	21:57.761		1	16Gn	2026-10-02T14:19:41	2026-10-02T14:32:18	mjolnircomp10fl	404556800
45816939	ncbifam	cmag_127	74e05862-a704-4e35-b0df-b1fe07bc87d6	COMPLETED	815	815	23:08.176		1	16Gn	2026-10-02T14:19:41	2026-10-02T14:33:16	mjolnircomp16fl	361314304
45816940	kegg	cmag_521	74e05862-a704-4e35-b0df-b1fe07bc87d6	COMPLETED	939	939	27:08.810		1	8Gn	2026-10-02T14:21:41	2026-10-02T14:37:20	mjolnircomp16fl	739215360
45816941	ncbifam	cmag_686	74e05862-a704-4e35-b0df-b1fe07bc87d6	COMPLETED	447	447	12:55.174		1	16Gn	2026-10-02T14:40:21	2026-10-02T14:47:48	mjolnircomp04fl	488769536
45816942	kegg	cmag_601	74e05862-a704-4e35-b0df-b1fe07bc87d6	COMPLETED	2388	2388	01:07:37		1	8Gn	2026-10-02T14:36:49	2026-10-02T15:16:37	mjolnirgpu01fl	875293696
45816943	cazy	cmag_749	74e05862-a704-4e35-b0df-b1fe07bc87d6	COMPLETED	22	22	00:16.190		1	8Gn	2026-10-02T14:44:53	2026-10-02T14:45:15	mjolnirgpu03fl	817152
45816946	kegg	cmag_328	74e05862-a704-4e35-b0df-b1fe07bc87d6	COMPLETED	1771	1771	48:22.715		1	8Gn	2026-10-02T14:36:49	2026-10-02T15:06:20	mjolnirgpu01fl	789995520
45816947	cazy	cmag_628	74e05862-a704-4e35-b0df-b1fe07bc87d6	COMPLETED	31	31	00:25.148		1	8Gn	2026-10-02T14:24:42	2026-10-02T14:25:13	mjolnirgpu01fl	74054656
45816948	tigrfam	cmag_157	74e05862-a704-4e35-b0df-b1fe07bc87d6	COMPLETED	107	107	02:37.993		1	16Gn	2026-10-02T14:37:19	2026-10-02T14:39:06	mjolnircomp11fl	340288512
45816949	tigrfam	cmag_419	74e05862-a704-4e35-b0df-b1fe07bc87d6	COMPLETED	238	238	06:22.269		1	16Gn	2026-10-02T14:20:11	2026-10-02T14:24:09	mjolnircomp15fl	403444736
45816950	pfam	cmag_107	74e05862-a704-4e35-b0df-b1fe07bc87d6	COMPLETED	407	407	10:44.467		1	8Gn	2026-10-02T14:34:47	2026-10-02T14:41:34	mjolnirgpu03fl	245812224
45816951	pfam	cmag_650	74e05862-a704-4e35-b0df-b1fe07bc87d6	COMPLETED	319	319	08:08.610		1	8Gn	2026-10-02T14:35:17	2026-10-02T14:40:36	mjolnircomp03fl	221596672
45816955	ncbifam	cmag_617	74e05862-a704-4e35-b0df-b1fe07bc87d6	COMPLETED	505	505	14:33.366		1	16Gn	2026-10-02T14:40:51	2026-10-02T14:49:16	mjolnircomp04fl	405849088
45816956	prodigal	cmag_540	74e05862-a704-4e35-b0df-b1fe07bc87d6	COMPLETED	9	9	00:06.677		1	2267Mn	2026-10-02T14:34:17	2026-10-02T14:34:26	mjolnirgpu01fl	813056
45816957	tigrfam	cmag_616	74e05862-a704-4e35-b0df-b1fe07bc87d6	COMPLETED	114	114	03:01.835		1	16Gn	2026-10-02T14:40:51	2026-10-02T14:42:45	mjolnircomp04fl	396008448
45816958	prodigal	cmag_019	74e05862-a704-4e35-b0df-b1fe07bc87d6	COMPLETED	11	11	00:07.751		1	2227Mn	2026-10-02T14:34:47	2026-10-02T14:34:58	mjolnirgpu01fl	813056
45816961	pfam	cmag_672	74e05862-a704-4e35-b0df-b1fe07bc87d6	COMPLETED	919	919	24:36.544		1	8Gn	2026-10-02T14:24:12	2026-10-02T14:39:31	mjolnircomp03fl	213536768
45816962	pfam	cmag_758	74e05862-a704-4e35-b0df-b1fe07bc87d6	COMPLETED	581	581	16:03.489		1	8Gn	2026-10-02T14:31:15	2026-10-02T14:40:56	mjolnirgpu01fl	240603136
45816963	kegg	cmag_647	74e05862-a704-4e35-b0df-b1fe07bc87d6	COMPLETED	2632	2632	01:11:20		1	8Gn	2026-10-02T14:39:50	2026-10-02T15:23:42	mjolnirgpu01fl	1042207744
45816964	pfam	cmag_606	74e05862-a704-4e35-b0df-b1fe07bc87d6	COMPLETED	694	694	19:33.763		1	8Gn	2026-10-02T14:23:42	2026-10-02T14:35:16	mjolnirgpu01fl	194714624
45816966	prodigal	cmag_781	74e05862-a704-4e35-b0df-b1fe07bc87d6	COMPLETED	8	8	00:05.161		1	1452Mn	2026-10-02T14:34:47	2026-10-02T14:34:55	mjolnirgpu01fl	820224
45816967	pfam	cmag_780	74e05862-a704-4e35-b0df-b1fe07bc87d6	COMPLETED	736	736	20:17.877		1	8Gn	2026-10-02T14:24:12	2026-10-02T14:36:28	mjolnirgpu01fl	250360832
45816968	pfam	cmag_796	74e05862-a704-4e35-b0df-b1fe07bc87d6	COMPLETED	712	712	20:22.961		1	8Gn	2026-10-02T14:24:42	2026-10-02T14:36:34	mjolnircomp16fl	238281728
45816969	tigrfam	cmag_245	74e05862-a704-4e35-b0df-b1fe07bc87d6	COMPLETED	263	263	06:56.123		1	16Gn	2026-10-02T14:23:42	2026-10-02T14:28:05	mjolnircomp06fl	323893248
45816970	tigrfam	cmag_082	74e05862-a704-4e35-b0df-b1fe07bc87d6	COMPLETED	183	183	04:49.370		1	16Gn	2026-10-02T14:24:12	2026-10-02T14:27:15	mjolnircomp09fl	410438656
45816971	ncbifam	cmag_631	74e05862-a704-4e35-b0df-b1fe07bc87d6	COMPLETED	517	517	14:44.702		1	16Gn	2026-10-02T14:24:12	2026-10-02T14:32:49	mjolnircomp15fl	349746176
45816974	prodigal	cmag_508	74e05862-a704-4e35-b0df-b1fe07bc87d6	COMPLETED	9	9	00:06.887		1	2350Mn	2026-10-02T14:35:18	2026-10-02T14:35:27	mjolnirgpu01fl	814080
45816975	tigrfam	cmag_408	74e05862-a704-4e35-b0df-b1fe07bc87d6	COMPLETED	144	144	03:44.525		1	16Gn	2026-10-02T14:24:12	2026-10-02T14:26:36	mjolnircomp15fl	435293184
45816976	kegg	cmag_617	74e05862-a704-4e35-b0df-b1fe07bc87d6	COMPLETED	1787	1787	49:35.149		1	8Gn	2026-10-02T14:26:13	2026-10-02T14:56:00	mjolnirgpu01fl	1112849408
45816977	prodigal	cmag_394	74e05862-a704-4e35-b0df-b1fe07bc87d6	COMPLETED	10	10	00:06.719		1	2155Mn	2026-10-02T14:35:48	2026-10-02T14:35:58	mjolnirgpu01fl	815104
45816978	ncbifam	cmag_817	74e05862-a704-4e35-b0df-b1fe07bc87d6	COMPLETED	479	479	13:09.854		1	16Gn	2026-10-02T14:40:21	2026-10-02T14:48:20	mjolnircomp11fl	342736896
45816979	pfam	cmag_599	74e05862-a704-4e35-b0df-b1fe07bc87d6	COMPLETED	1491	1491	42:15.168		1	8Gn	2026-10-02T14:40:21	2026-10-02T15:05:12	mjolnircomp11fl	260671488
45816980	ncbifam	cmag_192	74e05862-a704-4e35-b0df-b1fe07bc87d6	COMPLETED	406	406	11:04.046		1	16Gn	2026-10-02T14:40:21	2026-10-02T14:47:07	mjolnircomp11fl	338897920
45816981	cazy	cmag_276	74e05862-a704-4e35-b0df-b1fe07bc87d6	COMPLETED	18	18	00:12.525		1	8Gn	2026-10-02T14:44:53	2026-10-02T14:45:11	mjolnirgpu03fl	817152
45816982	kegg	cmag_161	74e05862-a704-4e35-b0df-b1fe07bc87d6	COMPLETED	1343	1343	36:57.539		1	8Gn	2026-10-02T14:40:21	2026-10-02T15:02:44	mjolnircomp11fl	941016064
45816988	tigrfam	cmag_637	74e05862-a704-4e35-b0df-b1fe07bc87d6	COMPLETED	212	212	05:41.453		1	16Gn	2026-10-02T14:26:43	2026-10-02T14:30:15	mjolnircomp15fl	353271808
45816989	prodigal	cmag_091	74e05862-a704-4e35-b0df-b1fe07bc87d6	COMPLETED	9	9	00:06.669		1	2593Mn	2026-10-02T14:36:18	2026-10-02T14:36:27	mjolnirgpu01fl	820224
45816990	kegg	cmag_817	74e05862-a704-4e35-b0df-b1fe07bc87d6	COMPLETED	951	951	26:26.501		1	8Gn	2026-10-02T14:26:13	2026-10-02T14:42:04	mjolnircomp03fl	882308096
45816991	prodigal	cmag_823	74e05862-a704-4e35-b0df-b1fe07bc87d6	COMPLETED	6	6	00:04.205		1	3012Mn	2026-10-02T14:41:52	2026-10-02T14:41:58	mjolnircomp13fl	851968
45816992	prodigal	cmag_171	74e05862-a704-4e35-b0df-b1fe07bc87d6	COMPLETED	8	8	00:04.901		1	1636Mn	2026-10-02T14:36:18	2026-10-02T14:36:26	mjolnirgpu01fl	819200
45817009	cazy	cmag_306	74e05862-a704-4e35-b0df-b1fe07bc87d6	COMPLETED	20	20	00:14.279		1	8Gn	2026-10-02T14:45:23	2026-10-02T14:45:43	mjolnirgpu03fl	826368
45817010	pfam	cmag_098	74e05862-a704-4e35-b0df-b1fe07bc87d6	COMPLETED	1137	1137	32:33.658		1	8Gn	2026-10-02T14:40:51	2026-10-02T14:59:48	mjolnircomp01fl	213267456
45817021	cazy	cmag_570	74e05862-a704-4e35-b0df-b1fe07bc87d6	COMPLETED	29	29	00:24.033		1	8Gn	2026-10-02T14:34:17	2026-10-02T14:34:46	mjolnircomp03fl	840704
45817022	tigrfam	cmag_676	74e05862-a704-4e35-b0df-b1fe07bc87d6	COMPLETED	351	351	09:08.152		1	16Gn	2026-10-02T14:28:13	2026-10-02T14:34:04	mjolnircomp06fl	364222464
45817033	cazy	cmag_202	74e05862-a704-4e35-b0df-b1fe07bc87d6	COMPLETED	25	25	00:17.780		1	8Gn	2026-10-02T14:39:50	2026-10-02T14:40:15	mjolnircomp09fl	828416
45817034	tigrfam	cmag_283	74e05862-a704-4e35-b0df-b1fe07bc87d6	COMPLETED	107	107	02:46.165		1	16Gn	2026-10-02T14:41:51	2026-10-02T14:43:38	mjolnircomp16fl	327931904
45817037	cazy	cmag_810	74e05862-a704-4e35-b0df-b1fe07bc87d6	COMPLETED	20	20	00:14.082		1	8Gn	2026-10-02T14:45:23	2026-10-02T14:45:43	mjolnirgpu03fl	813056
45817038	pfam	cmag_076	74e05862-a704-4e35-b0df-b1fe07bc87d6	COMPLETED	1173	1173	30:01.694		1	8Gn	2026-10-02T14:32:15	2026-10-02T14:51:48	mjolnirgpu03fl	216750080
45817041	ncbifam	cmag_647	74e05862-a704-4e35-b0df-b1fe07bc87d6	COMPLETED	995	995	24:50.299		1	16Gn	2026-10-02T14:31:45	2026-10-02T14:48:20	mjolnirgpu02fl	392817664
45817044	pfam	cmag_228	74e05862-a704-4e35-b0df-b1fe07bc87d6	COMPLETED	1246	1246	34:34.200		1	8Gn	2026-10-02T14:41:51	2026-10-02T15:02:37	mjolnircomp16fl	262887424
45817045	cazy	cmag_310	74e05862-a704-4e35-b0df-b1fe07bc87d6	COMPLETED	23	23	00:17.257		1	8Gn	2026-10-02T14:45:53	2026-10-02T14:46:16	mjolnirgpu03fl	817152
45817046	pfam	cmag_759	74e05862-a704-4e35-b0df-b1fe07bc87d6	COMPLETED	717	717	19:15.301		1	8Gn	2026-10-02T14:33:46	2026-10-02T14:45:43	mjolnircomp09fl	260333568
45817051	pfam	cmag_558	74e05862-a704-4e35-b0df-b1fe07bc87d6	COMPLETED	1333	1333	38:06.017		1	8Gn	2026-10-02T14:41:51	2026-10-02T15:04:04	mjolnircomp13fl	292101120
45817052	kegg	cmag_460	74e05862-a704-4e35-b0df-b1fe07bc87d6	COMPLETED	2290	2290	01:03:56		1	8Gn	2026-10-02T14:41:51	2026-10-02T15:20:01	mjolnirgpu01fl	825751552
45817058	prodigal	cmag_345	74e05862-a704-4e35-b0df-b1fe07bc87d6	COMPLETED	7	7	00:05.115		1	4039Mn	2026-10-02T14:41:52	2026-10-02T14:41:59	mjolnircomp13fl	849920
45817059	prodigal	cmag_480	74e05862-a704-4e35-b0df-b1fe07bc87d6	COMPLETED	7	7	00:04.569		1	3099Mn	2026-10-02T14:42:22	2026-10-02T14:42:29	mjolnircomp13fl	840704
45817060	tigrfam	cmag_656	74e05862-a704-4e35-b0df-b1fe07bc87d6	COMPLETED	102	102	02:29.464		1	16Gn	2026-10-02T14:33:16	2026-10-02T14:34:58	mjolnirgpu03fl	341377024
45817063	kegg	cmag_358	74e05862-a704-4e35-b0df-b1fe07bc87d6	COMPLETED	862	862	25:47.263		1	8Gn	2026-10-02T14:33:46	2026-10-02T14:48:08	mjolnircomp09fl	935048192
45817064	kegg	cmag_106	74e05862-a704-4e35-b0df-b1fe07bc87d6	COMPLETED	888	888	25:54.812		1	8Gn	2026-10-02T14:33:46	2026-10-02T14:48:34	mjolnircomp16fl	628276224
45817065	ncbifam	cmag_167	74e05862-a704-4e35-b0df-b1fe07bc87d6	COMPLETED	2620	2620	01:15:14		1	17756Mn	2026-10-02T14:34:17	2026-10-02T15:17:57	mjolnircomp06fl	434400256
45817066	prodigal	cmag_771	74e05862-a704-4e35-b0df-b1fe07bc87d6	COMPLETED	7	7	00:05.068		1	3412Mn	2026-10-02T14:42:22	2026-10-02T14:42:29	mjolnircomp13fl	838656
45817071	tigrfam	cmag_126	74e05862-a704-4e35-b0df-b1fe07bc87d6	COMPLETED	313	313	07:26.745		1	16Gn	2026-10-02T14:35:17	2026-10-02T14:40:30	mjolnircomp01fl	388305920
45817072	kegg	cmag_182	74e05862-a704-4e35-b0df-b1fe07bc87d6	COMPLETED	2022	2022	56:22.109		1	8Gn	2026-10-02T14:41:51	2026-10-02T15:15:33	mjolnirgpu01fl	913993728
45817073	cazy	cmag_288	74e05862-a704-4e35-b0df-b1fe07bc87d6	COMPLETED	22	22	00:16.784		1	8Gn	2026-10-02T14:45:53	2026-10-02T14:46:15	mjolnirgpu03fl	814080
45817079	kegg	cmag_178	74e05862-a704-4e35-b0df-b1fe07bc87d6	COMPLETED	2061	2061	57:57.422		1	8Gn	2026-10-02T14:42:22	2026-10-02T15:16:43	mjolnirgpu01fl	880606208
45817080	kegg	cmag_303	74e05862-a704-4e35-b0df-b1fe07bc87d6	COMPLETED	677	677	20:11.612		1	8Gn	2026-10-02T14:35:48	2026-10-02T14:47:05	mjolnircomp09fl	765364224
45817081	ncbifam	cmag_440	74e05862-a704-4e35-b0df-b1fe07bc87d6	COMPLETED	1100	1100	29:33.488		1	16Gn	2026-10-02T14:36:18	2026-10-02T14:54:38	mjolnircomp17fl	401306624
45817082	kegg	cmag_636	74e05862-a704-4e35-b0df-b1fe07bc87d6	COMPLETED	1660	1660	47:19.528		1	8Gn	2026-10-02T14:42:52	2026-10-02T15:10:32	mjolnircomp11fl	780260352
45817083	kegg	cmag_361	74e05862-a704-4e35-b0df-b1fe07bc87d6	COMPLETED	2205	2205	01:06:54		1	8Gn	2026-10-02T14:36:49	2026-10-02T15:13:34	mjolnircomp04fl	939948032
45817084	kegg	cmag_240	74e05862-a704-4e35-b0df-b1fe07bc87d6	COMPLETED	1755	1755	49:11.839		1	8Gn	2026-10-02T14:47:24	2026-10-02T15:16:39	mjolnircomp11fl	850920448
45817087	kegg	cmag_724	74e05862-a704-4e35-b0df-b1fe07bc87d6	COMPLETED	2065	2065	58:09.680		1	8Gn	2026-10-02T14:48:24	2026-10-02T15:22:49	mjolnircomp11fl	751635456
45817088	tigrfam	cmag_318	74e05862-a704-4e35-b0df-b1fe07bc87d6	COMPLETED	111	111	02:55.122		1	16Gn	2026-10-02T14:53:26	2026-10-02T14:55:17	mjolnircomp04fl	372736000
45817089	tigrfam	cmag_696	74e05862-a704-4e35-b0df-b1fe07bc87d6	COMPLETED	125	125	03:15.172		1	16Gn	2026-10-02T14:36:49	2026-10-02T14:38:54	mjolnircomp04fl	401389568
45817090	prodigal	cmag_292	74e05862-a704-4e35-b0df-b1fe07bc87d6	COMPLETED	9	9	00:05.973		1	2460Mn	2026-10-02T14:42:22	2026-10-02T14:42:31	mjolnirgpu01fl	819200
45817091	pfam	cmag_277	74e05862-a704-4e35-b0df-b1fe07bc87d6	COMPLETED	800	800	21:35.868		1	8Gn	2026-10-02T14:36:18	2026-10-02T14:49:38	mjolnircomp09fl	224264192
45817098	tigrfam	cmag_482	74e05862-a704-4e35-b0df-b1fe07bc87d6	COMPLETED	170	170	04:26.332		1	16Gn	2026-10-02T14:37:49	2026-10-02T14:40:39	mjolnircomp04fl	370791424
45817099	cazy	cmag_736	74e05862-a704-4e35-b0df-b1fe07bc87d6	COMPLETED	24	24	00:17.562		1	8Gn	2026-10-02T14:39:50	2026-10-02T14:40:14	mjolnirgpu03fl	823296
45817100	ncbifam	cmag_280	74e05862-a704-4e35-b0df-b1fe07bc87d6	COMPLETED	301	301	08:03.184		1	16Gn	2026-10-02T14:36:49	2026-10-02T14:41:50	mjolnircomp16fl	404965376
45817101	tigrfam	cmag_280	74e05862-a704-4e35-b0df-b1fe07bc87d6	COMPLETED	105	105	02:15.762		1	16Gn	2026-10-02T14:38:50	2026-10-02T14:40:35	mjolnirgpu03fl	294030336
45817108	tigrfam	cmag_500	74e05862-a704-4e35-b0df-b1fe07bc87d6	COMPLETED	163	163	04:16.661		1	16Gn	2026-10-02T14:37:49	2026-10-02T14:40:32	mjolnircomp04fl	331565056
45817109	pfam	cmag_187	74e05862-a704-4e35-b0df-b1fe07bc87d6	COMPLETED	1160	1160	29:38.522		1	8Gn	2026-10-02T14:39:20	2026-10-02T14:58:40	mjolnirgpu03fl	255664128
45817110	tigrfam	cmag_466	74e05862-a704-4e35-b0df-b1fe07bc87d6	COMPLETED	175	175	04:35.877		1	16Gn	2026-10-02T14:37:49	2026-10-02T14:40:44	mjolnircomp04fl	294332416
45817111	cazy	cmag_107	74e05862-a704-4e35-b0df-b1fe07bc87d6	COMPLETED	17	17	00:12.341		1	8Gn	2026-10-02T14:46:24	2026-10-02T14:46:41	mjolnirgpu03fl	811008
45817115	ncbifam	cmag_144	74e05862-a704-4e35-b0df-b1fe07bc87d6	COMPLETED	354	354	10:12.885		1	16Gn	2026-10-02T14:55:56	2026-10-02T15:01:50	mjolnircomp03fl	418357248
45817116	tigrfam	cmag_111	74e05862-a704-4e35-b0df-b1fe07bc87d6	COMPLETED	184	184	04:49.152		1	16Gn	2026-10-02T14:37:49	2026-10-02T14:40:53	mjolnircomp04fl	317963264
45817123	kegg	cmag_360	74e05862-a704-4e35-b0df-b1fe07bc87d6	COMPLETED	1501	1501	45:15.402		1	8Gn	2026-10-02T14:50:55	2026-10-02T15:15:56	mjolnircomp13fl	1289230336
45817124	kegg	cmag_172	74e05862-a704-4e35-b0df-b1fe07bc87d6	COMPLETED	1470	1470	44:03.423		1	8Gn	2026-10-02T14:51:25	2026-10-02T15:15:55	mjolnircomp10fl	877562880
45817129	merge_gene_annotations	cmag_479	74e05862-a704-4e35-b0df-b1fe07bc87d6	COMPLETED	17	17	00:12.707		1	8Gn	2026-10-02T14:40:51	2026-10-02T14:41:08	mjolnircomp15fl	867328
45817130	tigrfam	cmag_097	74e05862-a704-4e35-b0df-b1fe07bc87d6	COMPLETED	382	382	09:27.830		1	16Gn	2026-10-02T14:42:52	2026-10-02T14:49:14	mjolnircomp17fl	330636288
45817137	kegg	cmag_216	74e05862-a704-4e35-b0df-b1fe07bc87d6	COMPLETED	2002	2002	59:49.100		1	8Gn	2026-10-02T14:40:51	2026-10-02T15:14:13	mjolnircomp04fl	899188736
45817138	kegg	cmag_046	74e05862-a704-4e35-b0df-b1fe07bc87d6	COMPLETED	1546	1546	43:06.885		1	8Gn	2026-10-02T14:53:26	2026-10-02T15:19:12	mjolnircomp11fl	1096281088
45817139	ncbifam	cmag_245	74e05862-a704-4e35-b0df-b1fe07bc87d6	COMPLETED	558	558	16:24.359		1	16Gn	2026-10-02T14:42:52	2026-10-02T14:52:10	mjolnircomp03fl	386933760
45817149	prodigal	cmag_792	74e05862-a704-4e35-b0df-b1fe07bc87d6	COMPLETED	6	6	00:02.973		1	2173Mn	2026-10-02T14:42:52	2026-10-02T14:42:58	mjolnircomp13fl	841728
45817150	tigrfam	cmag_350	74e05862-a704-4e35-b0df-b1fe07bc87d6	COMPLETED	77	77	01:53.461		1	16Gn	2026-10-02T14:50:25	2026-10-02T14:51:42	mjolnircomp16fl	411794432
45817151	ncbifam	cmag_696	74e05862-a704-4e35-b0df-b1fe07bc87d6	COMPLETED	503	503	14:39.867		1	16Gn	2026-10-02T14:42:52	2026-10-02T14:51:15	mjolnircomp04fl	324145152
45817152	kegg	cmag_598	74e05862-a704-4e35-b0df-b1fe07bc87d6	COMPLETED	1855	1855	55:37.095		1	8Gn	2026-10-02T14:43:22	2026-10-02T15:14:17	mjolnircomp03fl	721148928
45817153	kegg	cmag_134	74e05862-a704-4e35-b0df-b1fe07bc87d6	COMPLETED	1358	1358	41:17.096		1	8Gn	2026-10-02T14:53:26	2026-10-02T15:16:04	mjolnircomp13fl	773128192
45817154	prodigal	cmag_820	74e05862-a704-4e35-b0df-b1fe07bc87d6	COMPLETED	5	5	00:02.455		1	1227Mn	2026-10-02T14:42:52	2026-10-02T14:42:57	mjolnircomp13fl	838656
45817155	merge_gene_annotations	cmag_234	74e05862-a704-4e35-b0df-b1fe07bc87d6	COMPLETED	19	19	00:12.399		1	8Gn	2026-10-02T14:56:56	2026-10-02T14:57:15	mjolnircomp04fl	805888
45817156	ncbifam	cmag_248	74e05862-a704-4e35-b0df-b1fe07bc87d6	COMPLETED	993	993	28:35.513		1	16Gn	2026-10-02T14:43:52	2026-10-02T15:00:25	mjolnircomp08fl	385125376
45817157	ncbifam	cmag_165	74e05862-a704-4e35-b0df-b1fe07bc87d6	COMPLETED	635	635	16:46.499		1	16Gn	2026-10-02T14:43:22	2026-10-02T14:53:57	mjolnircomp16fl	415076352
45817158	ncbifam	cmag_587	74e05862-a704-4e35-b0df-b1fe07bc87d6	COMPLETED	716	716	20:55.646		1	16Gn	2026-10-02T14:44:23	2026-10-02T14:56:19	mjolnircomp10fl	443794432
45817159	cazy	cmag_103	74e05862-a704-4e35-b0df-b1fe07bc87d6	COMPLETED	16	16	00:10.415		1	8Gn	2026-10-02T14:46:24	2026-10-02T14:46:40	mjolnirgpu03fl	820224
45817164	tigrfam	cmag_319	74e05862-a704-4e35-b0df-b1fe07bc87d6	COMPLETED	95	95	02:29.120		1	16Gn	2026-10-02T14:57:27	2026-10-02T14:59:02	mjolnircomp04fl	359155712
45817165	kegg	cmag_743	74e05862-a704-4e35-b0df-b1fe07bc87d6	COMPLETED	1955	1955	55:02.035		1	8Gn	2026-10-02T14:57:57	2026-10-02T15:30:32	mjolnircomp11fl	1125510144
45817166	tigrfam	cmag_592	74e05862-a704-4e35-b0df-b1fe07bc87d6	COMPLETED	260	260	06:14.959		1	16Gn	2026-10-02T14:48:24	2026-10-02T14:52:44	mjolnirgpu02fl	349882368
45817167	ncbifam	cmag_284	74e05862-a704-4e35-b0df-b1fe07bc87d6	COMPLETED	392	392	11:17.882		1	16Gn	2026-10-02T14:59:27	2026-10-02T15:05:59	mjolnircomp04fl	329892864
45817168	kegg	cmag_211	74e05862-a704-4e35-b0df-b1fe07bc87d6	COMPLETED	2159	2159	01:03:41		1	8Gn	2026-10-02T14:46:23	2026-10-02T15:22:22	mjolnircomp15fl	979223552
45817176	tigrfam	cmag_521	74e05862-a704-4e35-b0df-b1fe07bc87d6	COMPLETED	116	116	03:00.392		1	16Gn	2026-10-02T15:00:27	2026-10-02T15:02:23	mjolnircomp04fl	290922496
45817177	pfam	cmag_484	74e05862-a704-4e35-b0df-b1fe07bc87d6	COMPLETED	897	897	24:58.801		1	8Gn	2026-10-02T14:50:25	2026-10-02T15:05:22	mjolnircomp16fl	248947712
45817178	cazy	cmag_303	74e05862-a704-4e35-b0df-b1fe07bc87d6	COMPLETED	17	17	00:11.596		1	8Gn	2026-10-02T14:46:24	2026-10-02T14:46:41	mjolnirgpu03fl	821248
45817179	kegg	cmag_628	74e05862-a704-4e35-b0df-b1fe07bc87d6	COMPLETED	2274	2274	01:08:19		1	8Gn	2026-10-02T14:48:54	2026-10-02T15:26:48	mjolnircomp16fl	905532416
45817180	kegg	cmag_276	74e05862-a704-4e35-b0df-b1fe07bc87d6	COMPLETED	1267	1267	34:27.209		1	8Gn	2026-10-02T14:56:26	2026-10-02T15:17:33	mjolnirgpu01fl	1212246016
45817181	kegg	cmag_310	74e05862-a704-4e35-b0df-b1fe07bc87d6	COMPLETED	1536	1536	46:17.481		1	8Gn	2026-10-02T14:59:57	2026-10-02T15:25:33	mjolnircomp13fl	1139873792
45817182	ncbifam	cmag_592	74e05862-a704-4e35-b0df-b1fe07bc87d6	COMPLETED	1214	1214	33:19.028		1	16Gn	2026-10-02T14:49:24	2026-10-02T15:09:38	mjolnircomp17fl	411970560
45817183	pfam	cmag_466	74e05862-a704-4e35-b0df-b1fe07bc87d6	COMPLETED	765	765	20:31.386		1	8Gn	2026-10-02T14:58:57	2026-10-02T15:11:42	mjolnircomp16fl	222671872
45817184	kegg	cmag_475	74e05862-a704-4e35-b0df-b1fe07bc87d6	COMPLETED	1045	1045	30:05.849		1	8Gn	2026-10-02T14:50:25	2026-10-02T15:07:50	mjolnircomp16fl	947008512
45817185	cazy	cmag_277	74e05862-a704-4e35-b0df-b1fe07bc87d6	COMPLETED	20	20	00:15.273		1	8Gn	2026-10-02T14:46:54	2026-10-02T14:47:14	mjolnirgpu03fl	825344
45817203	kegg	cmag_349	74e05862-a704-4e35-b0df-b1fe07bc87d6	COMPLETED	2479	2479	01:12:56		1	8Gn	2026-10-02T14:50:25	2026-10-02T15:31:44	mjolnircomp15fl	1268009984
45817204	tigrfam	cmag_729	74e05862-a704-4e35-b0df-b1fe07bc87d6	COMPLETED	216	216	05:53.071		1	16Gn	2026-10-02T14:50:55	2026-10-02T14:54:31	mjolnircomp02fl	456940544
45817205	tigrfam	cmag_284	74e05862-a704-4e35-b0df-b1fe07bc87d6	COMPLETED	96	96	02:29.473		1	16Gn	2026-10-02T15:02:28	2026-10-02T15:04:04	mjolnircomp04fl	379589632
45817206	kegg	cmag_536	74e05862-a704-4e35-b0df-b1fe07bc87d6	COMPLETED	1324	1324	38:28.086		1	8Gn	2026-10-02T14:51:55	2026-10-02T15:13:59	mjolnircomp16fl	929676288
45817214	tigrfam	cmag_260	74e05862-a704-4e35-b0df-b1fe07bc87d6	COMPLETED	186	186	04:58.776		1	16Gn	2026-10-02T14:52:25	2026-10-02T14:55:31	mjolnircomp03fl	366253056
45817215	pfam	cmag_480	74e05862-a704-4e35-b0df-b1fe07bc87d6	COMPLETED	974	974	28:00.992		1	8Gn	2026-10-02T14:50:55	2026-10-02T15:07:09	mjolnirgpu01fl	214975488
45817224	kegg	cmag_001	74e05862-a704-4e35-b0df-b1fe07bc87d6	COMPLETED	1140	1140	34:49.495		1	8Gn	2026-10-02T14:55:26	2026-10-02T15:14:26	mjolnircomp01fl	956130304
45817225	cazy	cmag_248	74e05862-a704-4e35-b0df-b1fe07bc87d6	COMPLETED	38	38	00:32.603		1	8Gn	2026-10-02T14:44:53	2026-10-02T14:45:31	mjolnirgpu03fl	268315648
45817226	prodigal	cmag_335	74e05862-a704-4e35-b0df-b1fe07bc87d6	COMPLETED	7	7	00:04.713		1	3266Mn	2026-10-02T14:46:54	2026-10-02T14:47:01	mjolnircomp13fl	845824
45817234	prodigal	cmag_815	74e05862-a704-4e35-b0df-b1fe07bc87d6	COMPLETED	6	6	00:03.490		1	2111Mn	2026-10-02T14:47:24	2026-10-02T14:47:30	mjolnircomp13fl	841728
45817235	pfam	cmag_680	74e05862-a704-4e35-b0df-b1fe07bc87d6	COMPLETED	608	608	16:26.476		1	8Gn	2026-10-02T14:55:56	2026-10-02T15:06:04	mjolnircomp09fl	279244800
45817236	ncbifam	cmag_351	74e05862-a704-4e35-b0df-b1fe07bc87d6	COMPLETED	844	844	24:39.717		1	16Gn	2026-10-02T14:59:57	2026-10-02T15:14:01	mjolnircomp10fl	381862912
45817237	prodigal	cmag_668	74e05862-a704-4e35-b0df-b1fe07bc87d6	COMPLETED	7	7	00:04.425		1	3339Mn	2026-10-02T14:47:24	2026-10-02T14:47:31	mjolnircomp13fl	843776
45817238	prodigal	cmag_009	74e05862-a704-4e35-b0df-b1fe07bc87d6	COMPLETED	9	9	00:06.032		1	2948Mn	2026-10-02T14:47:24	2026-10-02T14:47:33	mjolnirgpu03fl	824320
45817239	prodigal	cmag_645	74e05862-a704-4e35-b0df-b1fe07bc87d6	COMPLETED	5	5	00:02.694		1	1063Mn	2026-10-02T14:47:24	2026-10-02T14:47:29	mjolnircomp13fl	843776
45817249	prodigal	cmag_679	74e05862-a704-4e35-b0df-b1fe07bc87d6	COMPLETED	6	6	00:03.419		1	1827Mn	2026-10-02T14:47:54	2026-10-02T14:48:00	mjolnircomp13fl	841728
45817250	cazy	cmag_126	74e05862-a704-4e35-b0df-b1fe07bc87d6	COMPLETED	23	23	00:18.906		1	8Gn	2026-10-02T14:46:24	2026-10-02T14:46:47	mjolnircomp09fl	830464
45817251	tigrfam	cmag_023	74e05862-a704-4e35-b0df-b1fe07bc87d6	COMPLETED	182	182	04:51.103		1	16Gn	2026-10-02T14:59:57	2026-10-02T15:02:59	mjolnircomp10fl	412253184
45817252	tigrfam	cmag_188	74e05862-a704-4e35-b0df-b1fe07bc87d6	COMPLETED	69	69	01:45.931		1	16Gn	2026-10-02T14:56:26	2026-10-02T14:57:35	mjolnircomp10fl	369994752
45817253	ncbifam	cmag_583	74e05862-a704-4e35-b0df-b1fe07bc87d6	COMPLETED	787	787	22:27.038		1	16Gn	2026-10-02T15:00:27	2026-10-02T15:13:34	mjolnircomp08fl	437142528
45817254	ncbifam	cmag_681	74e05862-a704-4e35-b0df-b1fe07bc87d6	COMPLETED	524	524	15:06.267		1	16Gn	2026-10-02T14:47:54	2026-10-02T14:56:38	mjolnircomp04fl	417195008
45817255	ncbifam	cmag_758	74e05862-a704-4e35-b0df-b1fe07bc87d6	COMPLETED	520	520	14:13.951		1	16Gn	2026-10-02T15:05:29	2026-10-02T15:14:09	mjolnircomp11fl	336040960
45817269	tigrfam	cmag_819	74e05862-a704-4e35-b0df-b1fe07bc87d6	COMPLETED	114	114	02:59.440		1	16Gn	2026-10-02T15:05:59	2026-10-02T15:07:53	mjolnircomp04fl	354458624
45817270	kegg	cmag_164	74e05862-a704-4e35-b0df-b1fe07bc87d6	COMPLETED	1332	1332	36:34.923		1	8Gn	2026-10-02T14:54:56	2026-10-02T15:17:08	mjolnirgpu03fl	754155520
45817282	kegg	cmag_042	74e05862-a704-4e35-b0df-b1fe07bc87d6	COMPLETED	1548	1548	46:33.690		1	8Gn	2026-10-02T15:07:59	2026-10-02T15:33:47	mjolnircomp04fl	965777408
45817283	cazy	cmag_521	74e05862-a704-4e35-b0df-b1fe07bc87d6	COMPLETED	20	20	00:12.836		1	8Gn	2026-10-02T14:50:55	2026-10-02T14:51:15	mjolnirgpu03fl	819200
45817284	pfam	cmag_103	74e05862-a704-4e35-b0df-b1fe07bc87d6	COMPLETED	337	337	08:32.195		1	8Gn	2026-10-02T14:50:55	2026-10-02T14:56:32	mjolnirgpu03fl	197912576
45817285	tigrfam	cmag_795	74e05862-a704-4e35-b0df-b1fe07bc87d6	COMPLETED	387	387	10:10.323		1	16Gn	2026-10-02T15:05:29	2026-10-02T15:11:56	mjolnircomp06fl	440125440
45817286	cazy	cmag_134	74e05862-a704-4e35-b0df-b1fe07bc87d6	COMPLETED	23	23	00:15.677		1	8Gn	2026-10-02T14:50:55	2026-10-02T14:51:18	mjolnirgpu03fl	820224
45817287	cazy	cmag_271	74e05862-a704-4e35-b0df-b1fe07bc87d6	COMPLETED	30	30	00:25.088		1	8Gn	2026-10-02T14:47:24	2026-10-02T14:47:54	mjolnirgpu03fl	74489856
45817288	cazy	cmag_598	74e05862-a704-4e35-b0df-b1fe07bc87d6	COMPLETED	32	32	00:27.037		1	8Gn	2026-10-02T14:47:24	2026-10-02T14:47:56	mjolnirgpu03fl	78621696
45817289	ncbifam	cmag_567	74e05862-a704-4e35-b0df-b1fe07bc87d6	COMPLETED	824	824	23:58.950		1	16Gn	2026-10-02T14:54:56	2026-10-02T15:08:40	mjolnircomp02fl	446743552
45817300	pfam	cmag_813	74e05862-a704-4e35-b0df-b1fe07bc87d6	COMPLETED	1110	1110	30:31.696		1	8Gn	2026-10-02T15:02:58	2026-10-02T15:21:28	mjolnirgpu01fl	277860352
45817301	pfam	cmag_783	74e05862-a704-4e35-b0df-b1fe07bc87d6	COMPLETED	1078	1078	27:39.619		1	8Gn	2026-10-02T14:51:55	2026-10-02T15:09:53	mjolnirgpu03fl	228024320
45817302	tigrfam	cmag_686	74e05862-a704-4e35-b0df-b1fe07bc87d6	COMPLETED	114	114	03:01.528		1	16Gn	2026-10-02T15:07:59	2026-10-02T15:09:53	mjolnircomp04fl	370017280
45817303	pfam	cmag_250	74e05862-a704-4e35-b0df-b1fe07bc87d6	COMPLETED	1249	1249	32:31.273		1	8Gn	2026-10-02T15:09:30	2026-10-02T15:30:19	mjolnirgpu03fl	209848320
45817304	tigrfam	cmag_127	74e05862-a704-4e35-b0df-b1fe07bc87d6	COMPLETED	174	174	04:37.197		1	16Gn	2026-10-02T15:03:28	2026-10-02T15:06:22	mjolnircomp10fl	347768832
45817305	tigrfam	cmag_258	74e05862-a704-4e35-b0df-b1fe07bc87d6	COMPLETED	194	194	05:08.253		1	16Gn	2026-10-02T15:06:29	2026-10-02T15:09:43	mjolnircomp09fl	387105792
45817318	tigrfam	cmag_617	74e05862-a704-4e35-b0df-b1fe07bc87d6	COMPLETED	137	137	03:36.025		1	16Gn	2026-10-02T15:22:04	2026-10-02T15:24:21	mjolnirgpu01fl	364689408
45817319	pfam	cmag_078	74e05862-a704-4e35-b0df-b1fe07bc87d6	COMPLETED	1289	1289	35:27.885		1	8Gn	2026-10-02T14:55:26	2026-10-02T15:16:55	mjolnirgpu01fl	220851200
45817320	kegg	cmag_456	74e05862-a704-4e35-b0df-b1fe07bc87d6	COMPLETED	1371	1371	38:27.206		1	8Gn	2026-10-02T14:57:27	2026-10-02T15:20:18	mjolnirgpu03fl	1008132096
45817321	ncbifam	cmag_759	74e05862-a704-4e35-b0df-b1fe07bc87d6	COMPLETED	620	620	18:08.083		1	16Gn	2026-10-02T14:56:56	2026-10-02T15:07:16	mjolnircomp15fl	421714944
45817322	kegg	cmag_627	74e05862-a704-4e35-b0df-b1fe07bc87d6	COMPLETED	1917	1917	57:54.131		1	8Gn	2026-10-02T15:16:02	2026-10-02T15:47:59	mjolnircomp13fl	1040388096
45817323	kegg	cmag_027	74e05862-a704-4e35-b0df-b1fe07bc87d6	COMPLETED	1002	1002	29:12.261		1	8Gn	2026-10-02T14:57:57	2026-10-02T15:14:39	mjolnircomp16fl	1010234368
45817327	cazy	cmag_342	74e05862-a704-4e35-b0df-b1fe07bc87d6	COMPLETED	25	25	00:19.343		1	8Gn	2026-10-02T15:13:01	2026-10-02T15:13:26	mjolnirgpu01fl	820224
45817328	tigrfam	cmag_647	74e05862-a704-4e35-b0df-b1fe07bc87d6	COMPLETED	167	167	04:25.484		1	16Gn	2026-10-02T15:06:29	2026-10-02T15:09:16	mjolnircomp10fl	326904832
45817330	pfam	cmag_009	74e05862-a704-4e35-b0df-b1fe07bc87d6	COMPLETED	1228	1228	32:01.711		1	8Gn	2026-10-02T15:09:30	2026-10-02T15:29:58	mjolnirgpu03fl	207726592
45817331	pfam	cmag_341	74e05862-a704-4e35-b0df-b1fe07bc87d6	COMPLETED	831	831	22:19.010		1	8Gn	2026-10-02T15:03:28	2026-10-02T15:17:19	mjolnircomp16fl	203574272
45817332	pfam	cmag_645	74e05862-a704-4e35-b0df-b1fe07bc87d6	COMPLETED	294	294	07:57.119		1	8Gn	2026-10-02T14:50:55	2026-10-02T14:55:49	mjolnircomp09fl	186523648
45817333	kegg	cmag_541	74e05862-a704-4e35-b0df-b1fe07bc87d6	COMPLETED	2173	2173	01:05:54		1	8Gn	2026-10-02T14:53:26	2026-10-02T15:29:39	mjolnircomp04fl	958617600
45817338	ncbifam	cmag_076	74e05862-a704-4e35-b0df-b1fe07bc87d6	COMPLETED	818	818	23:24.771		1	16Gn	2026-10-02T15:06:59	2026-10-02T15:20:37	mjolnircomp09fl	422226944
45817339	pfam	cmag_354	74e05862-a704-4e35-b0df-b1fe07bc87d6	COMPLETED	707	707	19:45.101		1	8Gn	2026-10-02T15:05:29	2026-10-02T15:17:16	mjolnircomp16fl	197482496
45817340	cazy	cmag_361	74e05862-a704-4e35-b0df-b1fe07bc87d6	COMPLETED	35	35	00:28.483		1	8Gn	2026-10-02T15:10:00	2026-10-02T15:10:35	mjolnirgpu01fl	77607936
45817358	ncbifam	cmag_228	74e05862-a704-4e35-b0df-b1fe07bc87d6	COMPLETED	1681	1681	46:43.321		1	16Gn	2026-10-02T15:09:30	2026-10-02T15:37:31	mjolnircomp17fl	356073472
45817359	prodigal	cmag_511	74e05862-a704-4e35-b0df-b1fe07bc87d6	COMPLETED	12	12	00:09.588		1	3871Mn	2026-10-02T15:09:30	2026-10-02T15:09:42	mjolnircomp13fl	847872
45817360	ncbifam	cmag_796	74e05862-a704-4e35-b0df-b1fe07bc87d6	COMPLETED	592	592	16:40.121		1	16Gn	2026-10-02T15:09:30	2026-10-02T15:19:22	mjolnircomp10fl	443791360
45817366	kegg	cmag_067	74e05862-a704-4e35-b0df-b1fe07bc87d6	COMPLETED	1641	1641	46:20.326		1	8Gn	2026-10-02T15:14:32	2026-10-02T15:41:53	mjolnircomp11fl	796364800
45817367	ncbifam	cmag_558	74e05862-a704-4e35-b0df-b1fe07bc87d6	COMPLETED	1330	1330	37:44.330		1	16Gn	2026-10-02T15:10:00	2026-10-02T15:32:10	mjolnircomp09fl	375587840
45817368	kegg	cmag_121	74e05862-a704-4e35-b0df-b1fe07bc87d6	COMPLETED	1370	1370	40:28.456		1	8Gn	2026-10-02T15:16:33	2026-10-02T15:39:23	mjolnircomp13fl	752812032
45817372	tigrfam	cmag_631	74e05862-a704-4e35-b0df-b1fe07bc87d6	COMPLETED	141	141	03:39.266		1	16Gn	2026-10-02T14:54:26	2026-10-02T14:56:47	mjolnircomp15fl	291162112
45817374	pfam	cmag_668	74e05862-a704-4e35-b0df-b1fe07bc87d6	COMPLETED	1002	1002	27:11.985		1	8Gn	2026-10-02T14:57:57	2026-10-02T15:14:39	mjolnircomp16fl	208541696
45817375	cazy	cmag_506	74e05862-a704-4e35-b0df-b1fe07bc87d6	COMPLETED	18	18	00:12.856		1	8Gn	2026-10-02T15:15:02	2026-10-02T15:15:20	mjolnircomp16fl	817152
45817381	tigrfam	cmag_817	74e05862-a704-4e35-b0df-b1fe07bc87d6	COMPLETED	106	106	02:44.585		1	16Gn	2026-10-02T15:17:33	2026-10-02T15:19:19	mjolnircomp15fl	351196160
45817382	cazy	cmag_358	74e05862-a704-4e35-b0df-b1fe07bc87d6	COMPLETED	21	21	00:16.361		1	8Gn	2026-10-02T15:15:32	2026-10-02T15:15:53	mjolnirgpu01fl	818176
45817383	cazy	cmag_460	74e05862-a704-4e35-b0df-b1fe07bc87d6	COMPLETED	25	25	00:20.448		1	8Gn	2026-10-02T15:15:32	2026-10-02T15:15:57	mjolnirgpu01fl	814080
45817384	cazy	cmag_010	74e05862-a704-4e35-b0df-b1fe07bc87d6	COMPLETED	20	20	00:14.829		1	8Gn	2026-10-02T15:11:01	2026-10-02T15:11:21	mjolnircomp16fl	816128
45817385	kegg	cmag_567	74e05862-a704-4e35-b0df-b1fe07bc87d6	COMPLETED	1951	1951	54:35.047		1	8Gn	2026-10-02T15:18:03	2026-10-02T15:50:34	mjolnircomp11fl	953399296
45817387	ncbifam	cmag_820	74e05862-a704-4e35-b0df-b1fe07bc87d6	COMPLETED	378	378	10:33.670		1	16Gn	2026-10-02T15:19:33	2026-10-02T15:25:51	mjolnircomp11fl	281042944
45817388	kegg	cmag_188	74e05862-a704-4e35-b0df-b1fe07bc87d6	COMPLETED	823	823	22:51.990		1	8Gn	2026-10-02T15:06:29	2026-10-02T15:20:12	mjolnirgpu01fl	975679488
45817389	ncbifam	cmag_277	74e05862-a704-4e35-b0df-b1fe07bc87d6	COMPLETED	656	656	18:55.529		1	16Gn	2026-10-02T15:10:00	2026-10-02T15:20:56	mjolnircomp10fl	398262272
45817392	prodigal	cmag_356	74e05862-a704-4e35-b0df-b1fe07bc87d6	COMPLETED	6	6	00:03.033		1	1876Mn	2026-10-02T15:07:29	2026-10-02T15:07:35	mjolnircomp13fl	840704
45817393	pfam	cmag_276	74e05862-a704-4e35-b0df-b1fe07bc87d6	COMPLETED	523	523	14:45.867		1	8Gn	2026-10-02T15:08:30	2026-10-02T15:17:13	mjolnirgpu01fl	229737472
45817394	tigrfam	cmag_587	74e05862-a704-4e35-b0df-b1fe07bc87d6	COMPLETED	321	321	08:27.759		1	16Gn	2026-10-02T15:12:01	2026-10-02T15:17:22	mjolnircomp06fl	404100096
45817395	cazy	cmag_240	74e05862-a704-4e35-b0df-b1fe07bc87d6	COMPLETED	28	28	00:23.713		1	8Gn	2026-10-02T15:15:32	2026-10-02T15:16:00	mjolnirgpu01fl	817152
45817401	prodigal	cmag_488	74e05862-a704-4e35-b0df-b1fe07bc87d6	COMPLETED	8	8	00:04.781		1	3539Mn	2026-10-02T15:09:30	2026-10-02T15:09:38	mjolnircomp13fl	850944
45817402	tigrfam	cmag_248	74e05862-a704-4e35-b0df-b1fe07bc87d6	COMPLETED	254	254	06:34.140		1	16Gn	2026-10-02T15:14:02	2026-10-02T15:18:16	mjolnircomp08fl	356972544
45817403	cazy	cmag_647	74e05862-a704-4e35-b0df-b1fe07bc87d6	COMPLETED	29	29	00:23.938		1	8Gn	2026-10-02T15:16:02	2026-10-02T15:16:31	mjolnirgpu01fl	818176
45817406	kegg	cmag_060	74e05862-a704-4e35-b0df-b1fe07bc87d6	COMPLETED	1463	1463	42:40.387		1	8Gn	2026-10-02T15:22:34	2026-10-02T15:46:57	mjolnircomp15fl	866078720
45817409	ncbifam	cmag_098	74e05862-a704-4e35-b0df-b1fe07bc87d6	COMPLETED	1022	1022	30:01.540		1	16Gn	2026-10-02T15:14:32	2026-10-02T15:31:34	mjolnircomp03fl	587174912
45817410	kegg	cmag_256	74e05862-a704-4e35-b0df-b1fe07bc87d6	COMPLETED	1506	1506	42:02.749		1	8Gn	2026-10-02T14:59:27	2026-10-02T15:24:33	mjolnirgpu03fl	1031179264
45817413	prodigal	cmag_560	74e05862-a704-4e35-b0df-b1fe07bc87d6	COMPLETED	7	7	00:04.646		1	2968Mn	2026-10-02T15:09:00	2026-10-02T15:09:07	mjolnircomp13fl	842752
45817414	prodigal	cmag_112	74e05862-a704-4e35-b0df-b1fe07bc87d6	COMPLETED	8	8	00:05.036		1	3799Mn	2026-10-02T15:10:00	2026-10-02T15:10:08	mjolnircomp13fl	844800
45817419	ncbifam	cmag_771	74e05862-a704-4e35-b0df-b1fe07bc87d6	COMPLETED	1330	1330	38:20.092		1	16Gn	2026-10-02T15:13:31	2026-10-02T15:35:41	mjolnircomp05fl	512311296
45817422	prodigal	cmag_787	74e05862-a704-4e35-b0df-b1fe07bc87d6	COMPLETED	6	6	00:02.902		1	1382Mn	2026-10-02T15:10:00	2026-10-02T15:10:06	mjolnircomp13fl	844800
45817424	cazy	cmag_178	74e05862-a704-4e35-b0df-b1fe07bc87d6	COMPLETED	27	27	00:22.192		1	8Gn	2026-10-02T15:16:02	2026-10-02T15:16:29	mjolnirgpu01fl	816128
45817425	pfam	cmag_736	74e05862-a704-4e35-b0df-b1fe07bc87d6	COMPLETED	1180	1180	32:57.719		1	8Gn	2026-10-02T15:10:00	2026-10-02T15:29:40	mjolnircomp04fl	193473536
45817426	kegg	cmag_397	74e05862-a704-4e35-b0df-b1fe07bc87d6	COMPLETED	1578	1578	44:59.519		1	8Gn	2026-10-02T15:23:04	2026-10-02T15:49:22	mjolnircomp11fl	1088629760
45817427	pfam	cmag_306	74e05862-a704-4e35-b0df-b1fe07bc87d6	COMPLETED	678	678	19:05.008		1	8Gn	2026-10-02T15:07:29	2026-10-02T15:18:47	mjolnirgpu01fl	252681216
45817428	cazy	cmag_205	74e05862-a704-4e35-b0df-b1fe07bc87d6	COMPLETED	20	20	00:15.860		1	8Gn	2026-10-02T15:16:33	2026-10-02T15:16:53	mjolnirgpu01fl	813056
45817430	cazy	cmag_349	74e05862-a704-4e35-b0df-b1fe07bc87d6	COMPLETED	27	27	00:21.403		1	8Gn	2026-10-02T15:09:00	2026-10-02T15:09:27	mjolnircomp16fl	817152
45817431	prodigal	cmag_473	74e05862-a704-4e35-b0df-b1fe07bc87d6	COMPLETED	11	11	00:09.500		1	2928Mn	2026-10-02T15:10:31	2026-10-02T15:10:42	mjolnircomp13fl	821248
45817437	cazy	cmag_001	74e05862-a704-4e35-b0df-b1fe07bc87d6	COMPLETED	16	16	00:11.793		1	8Gn	2026-10-02T15:16:33	2026-10-02T15:16:49	mjolnircomp16fl	828416
45817438	pfam	cmag_810	74e05862-a704-4e35-b0df-b1fe07bc87d6	COMPLETED	534	534	14:53.367		1	8Gn	2026-10-02T15:09:30	2026-10-02T15:18:24	mjolnircomp16fl	204699648
45817439	pfam	cmag_570	74e05862-a704-4e35-b0df-b1fe07bc87d6	COMPLETED	1542	1542	41:45.073		1	8Gn	2026-10-02T15:26:05	2026-10-02T15:51:47	mjolnircomp11fl	226938880
45817440	cazy	cmag_019	74e05862-a704-4e35-b0df-b1fe07bc87d6	COMPLETED	17	17	00:12.564		1	8Gn	2026-10-02T15:16:33	2026-10-02T15:16:50	mjolnircomp16fl	832512
45817442	tigrfam	cmag_574	74e05862-a704-4e35-b0df-b1fe07bc87d6	COMPLETED	115	115	03:01.654		1	16Gn	2026-10-02T15:52:49	2026-10-02T15:54:44	mjolnircomp10fl	328363008
45817443	pfam	cmag_335	74e05862-a704-4e35-b0df-b1fe07bc87d6	COMPLETED	1378	1378	36:00.840		1	8Gn	2026-10-02T15:09:30	2026-10-02T15:32:28	mjolnirgpu03fl	189486080
45817445	prodigal	cmag_133	74e05862-a704-4e35-b0df-b1fe07bc87d6	COMPLETED	6	6	00:03.580		1	2112Mn	2026-10-02T15:10:31	2026-10-02T15:10:37	mjolnircomp13fl	821248
45817446	kegg	cmag_820	74e05862-a704-4e35-b0df-b1fe07bc87d6	COMPLETED	1174	1174	32:41.245		1	8Gn	2026-10-02T15:09:30	2026-10-02T15:29:04	mjolnirgpu03fl	1340427264
45817447	kegg	cmag_558	74e05862-a704-4e35-b0df-b1fe07bc87d6	COMPLETED	2799	2799	01:22:29		1	8Gn	2026-10-02T15:10:00	2026-10-02T15:56:39	mjolnircomp10fl	756559872
45817450	kegg	cmag_275	74e05862-a704-4e35-b0df-b1fe07bc87d6	COMPLETED	1142	1142	31:56.370		1	16Gn	2026-10-02T15:27:35	2026-10-02T15:46:37	mjolnircomp11fl	839460864
45817453	prodigal	cmag_215	74e05862-a704-4e35-b0df-b1fe07bc87d6	COMPLETED	5	5	00:02.892		1	1297Mn	2026-10-02T15:10:31	2026-10-02T15:10:36	mjolnircomp13fl	847872
45817455	kegg	cmag_345	74e05862-a704-4e35-b0df-b1fe07bc87d6	COMPLETED	2282	2282	01:09:04		1	8Gn	2026-10-02T15:14:02	2026-10-02T15:52:04	mjolnircomp10fl	933893120
45817460	kegg	cmag_508	74e05862-a704-4e35-b0df-b1fe07bc87d6	COMPLETED	1601	1601	45:12.607		1	8Gn	2026-10-02T15:32:06	2026-10-02T15:58:47	mjolnircomp11fl	1116527616
45817462	pfam	cmag_528	74e05862-a704-4e35-b0df-b1fe07bc87d6	COMPLETED	990	990	24:35.312		1	8Gn	2026-10-02T15:10:00	2026-10-02T15:26:30	mjolnirgpu03fl	198934528
45817463	pfam	cmag_310	74e05862-a704-4e35-b0df-b1fe07bc87d6	COMPLETED	1501	1501	39:53.087		1	8Gn	2026-10-02T15:11:31	2026-10-02T15:36:32	mjolnirgpu03fl	245008384
45817464	tigrfam	cmag_440	74e05862-a704-4e35-b0df-b1fe07bc87d6	COMPLETED	278	278	07:16.600		1	16Gn	2026-10-02T15:18:03	2026-10-02T15:22:41	mjolnircomp06fl	378802176
45817465	cazy	cmag_475	74e05862-a704-4e35-b0df-b1fe07bc87d6	COMPLETED	15	15	00:10.270		1	8Gn	2026-10-02T15:16:33	2026-10-02T15:16:48	mjolnircomp16fl	820224
45817468	cazy	cmag_042	74e05862-a704-4e35-b0df-b1fe07bc87d6	COMPLETED	19	19	00:13.877		1	8Gn	2026-10-02T15:28:05	2026-10-02T15:28:24	mjolnircomp04fl	814080
45817469	pfam	cmag_749	74e05862-a704-4e35-b0df-b1fe07bc87d6	COMPLETED	798	798	21:57.573		1	8Gn	2026-10-02T15:14:32	2026-10-02T15:27:50	mjolnircomp04fl	221663232
45817471	cazy	cmag_182	74e05862-a704-4e35-b0df-b1fe07bc87d6	COMPLETED	19	19	00:13.977		1	8Gn	2026-10-02T16:10:00	2026-10-02T16:10:19	mjolnircomp11fl	823296
45817472	tigrfam	cmag_167	74e05862-a704-4e35-b0df-b1fe07bc87d6	COMPLETED	381	381	09:48.375		1	17756Mn	2026-10-02T15:18:33	2026-10-02T15:24:54	mjolnircomp08fl	403380224
45817473	cazy	cmag_106	74e05862-a704-4e35-b0df-b1fe07bc87d6	COMPLETED	15	15	00:09.740		1	8Gn	2026-10-02T16:10:00	2026-10-02T16:10:15	mjolnircomp11fl	827392
45817474	cazy	cmag_817	74e05862-a704-4e35-b0df-b1fe07bc87d6	COMPLETED	16	16	00:11.185		1	8Gn	2026-10-02T16:10:30	2026-10-02T16:10:46	mjolnircomp11fl	830464
45817477	pfam	cmag_424	74e05862-a704-4e35-b0df-b1fe07bc87d6	COMPLETED	1017	1017	29:22.722		1	8Gn	2026-10-02T15:32:06	2026-10-02T15:49:03	mjolnircomp13fl	228004864
45817478	kegg	cmag_442	74e05862-a704-4e35-b0df-b1fe07bc87d6	COMPLETED	1302	1302	39:05.199		1	8Gn	2026-10-02T15:39:41	2026-10-02T16:01:23	mjolnircomp13fl	999750656
45817479	cazy	cmag_535	74e05862-a704-4e35-b0df-b1fe07bc87d6	COMPLETED	27	27	00:21.596		1	8Gn	2026-10-02T15:11:31	2026-10-02T15:11:58	mjolnircomp16fl	805888
45817480	ncbifam	cmag_599	74e05862-a704-4e35-b0df-b1fe07bc87d6	COMPLETED	1080	1080	31:11.744		1	16Gn	2026-10-02T15:20:03	2026-10-02T15:38:03	mjolnircomp07fl	472163328
45817481	ncbifam	cmag_780	74e05862-a704-4e35-b0df-b1fe07bc87d6	COMPLETED	556	556	15:55.431		1	16Gn	2026-10-02T15:19:33	2026-10-02T15:28:49	mjolnircomp10fl	449664000
45817483	ncbifam	cmag_645	74e05862-a704-4e35-b0df-b1fe07bc87d6	COMPLETED	262	262	07:26.440		1	16Gn	2026-10-02T15:36:39	2026-10-02T15:41:01	mjolnircomp01fl	355672064
45817488	prodigal	cmag_198	74e05862-a704-4e35-b0df-b1fe07bc87d6	COMPLETED	8	8	00:04.862		1	3407Mn	2026-10-02T15:14:32	2026-10-02T15:14:40	mjolnircomp13fl	846848
45817489	prodigal	cmag_221	74e05862-a704-4e35-b0df-b1fe07bc87d6	COMPLETED	13	13	00:09.377		1	3802Mn	2026-10-02T15:14:32	2026-10-02T15:14:45	mjolnircomp13fl	842752
45817490	kegg	cmag_019	74e05862-a704-4e35-b0df-b1fe07bc87d6	COMPLETED	1156	1156	33:08.478		1	8Gn	2026-10-02T15:40:11	2026-10-02T15:59:27	mjolnircomp11fl	996610048
45817491	ncbifam	cmag_187	74e05862-a704-4e35-b0df-b1fe07bc87d6	COMPLETED	803	803	22:51.946		1	16Gn	2026-10-02T15:21:04	2026-10-02T15:34:27	mjolnircomp09fl	400382976
45817498	kegg	cmag_257	74e05862-a704-4e35-b0df-b1fe07bc87d6	COMPLETED	2164	2164	01:02:49		1	8Gn	2026-10-02T15:14:02	2026-10-02T15:50:06	mjolnircomp10fl	1204783104
45817499	kegg	cmag_771	74e05862-a704-4e35-b0df-b1fe07bc87d6	COMPLETED	2087	2087	59:40.743		1	8Gn	2026-10-02T15:40:41	2026-10-02T16:15:28	mjolnircomp11fl	697079808
45817500	pfam	cmag_711	74e05862-a704-4e35-b0df-b1fe07bc87d6	COMPLETED	774	774	21:20.460		1	8Gn	2026-10-02T15:17:33	2026-10-02T15:30:27	mjolnircomp04fl	190253056
45817505	ncbifam	cmag_366	74e05862-a704-4e35-b0df-b1fe07bc87d6	COMPLETED	516	516	14:40.591		1	16Gn	2026-10-02T15:54:51	2026-10-02T16:03:27	mjolnircomp10fl	385468416
45817506	ncbifam	cmag_783	74e05862-a704-4e35-b0df-b1fe07bc87d6	COMPLETED	800	800	23:06.504		1	16Gn	2026-10-02T15:21:04	2026-10-02T15:34:24	mjolnircomp10fl	399981568
45817507	pfam	cmag_535	74e05862-a704-4e35-b0df-b1fe07bc87d6	COMPLETED	958	958	26:48.503		1	8Gn	2026-10-02T15:41:42	2026-10-02T15:57:40	mjolnircomp10fl	292464640
45817508	tigrfam	cmag_107	74e05862-a704-4e35-b0df-b1fe07bc87d6	COMPLETED	88	88	02:12.715		1	16Gn	2026-10-02T15:42:12	2026-10-02T15:43:40	mjolnircomp11fl	364119040
45817509	kegg	cmag_540	74e05862-a704-4e35-b0df-b1fe07bc87d6	COMPLETED	1151	1151	34:46.392		1	8Gn	2026-10-02T15:42:12	2026-10-02T16:01:23	mjolnircomp13fl	1095008256
45817510	ncbifam	cmag_650	74e05862-a704-4e35-b0df-b1fe07bc87d6	COMPLETED	300	300	08:37.900		1	16Gn	2026-10-02T15:46:45	2026-10-02T15:51:45	mjolnircomp10fl	361939968
45817511	ncbifam	cmag_484	74e05862-a704-4e35-b0df-b1fe07bc87d6	COMPLETED	714	714	20:34.932		1	16Gn	2026-10-02T15:23:04	2026-10-02T15:34:58	mjolnircomp03fl	354107392
45817516	ncbifam	cmag_668	74e05862-a704-4e35-b0df-b1fe07bc87d6	COMPLETED	1383	1383	40:10.316		1	16Gn	2026-10-02T15:23:04	2026-10-02T15:46:07	mjolnircomp06fl	431407104
45817517	ncbifam	cmag_078	74e05862-a704-4e35-b0df-b1fe07bc87d6	COMPLETED	754	754	21:46.757		1	16Gn	2026-10-02T15:29:05	2026-10-02T15:41:39	mjolnircomp10fl	413069312
45817518	merge_gene_annotations	cmag_735	74e05862-a704-4e35-b0df-b1fe07bc87d6	COMPLETED	19	19	00:13.291		1	8Gn	2026-10-02T15:17:03	2026-10-02T15:17:22	mjolnirgpu03fl	825344
45817519	pfam	cmag_338	74e05862-a704-4e35-b0df-b1fe07bc87d6	COMPLETED	1338	1338	34:03.815		1	8Gn	2026-10-02T15:17:33	2026-10-02T15:39:51	mjolnirgpu03fl	239647744
45817524	ncbifam	cmag_335	74e05862-a704-4e35-b0df-b1fe07bc87d6	COMPLETED	1330	1330	37:44.368		1	16Gn	2026-10-02T15:33:37	2026-10-02T15:55:47	mjolnircomp05fl	357681152
45817525	pfam	cmag_394	74e05862-a704-4e35-b0df-b1fe07bc87d6	COMPLETED	628	628	17:26.938		1	8Gn	2026-10-02T15:17:33	2026-10-02T15:28:01	mjolnircomp04fl	247276544
45817532	ncbifam	cmag_585	74e05862-a704-4e35-b0df-b1fe07bc87d6	COMPLETED	428	428	12:10.560		1	16Gn	2026-10-02T15:56:52	2026-10-02T16:04:00	mjolnircomp10fl	377761792
45817533	tigrfam	cmag_169	74e05862-a704-4e35-b0df-b1fe07bc87d6	COMPLETED	102	102	02:41.571		1	16Gn	2026-10-02T15:57:53	2026-10-02T15:59:35	mjolnircomp10fl	357037056
45817534	cazy	cmag_743	74e05862-a704-4e35-b0df-b1fe07bc87d6	COMPLETED	22	22	00:17.443		1	8Gn	2026-10-02T15:21:04	2026-10-02T15:21:26	mjolnircomp16fl	826368
45817535	cazy	cmag_814	74e05862-a704-4e35-b0df-b1fe07bc87d6	COMPLETED	17	17	00:12.368		1	8Gn	2026-10-02T16:21:04	2026-10-02T16:21:21	mjolnircomp02fl	894976
45817536	pfam	cmag_303	74e05862-a704-4e35-b0df-b1fe07bc87d6	COMPLETED	338	338	09:05.627		1	8Gn	2026-10-02T15:21:04	2026-10-02T15:26:42	mjolnircomp16fl	212717568
45817537	cazy	cmag_211	74e05862-a704-4e35-b0df-b1fe07bc87d6	COMPLETED	27	27	00:22.106		1	8Gn	2026-10-02T15:27:35	2026-10-02T15:28:02	mjolnirgpu03fl	822272
45817538	pfam	cmag_283	74e05862-a704-4e35-b0df-b1fe07bc87d6	COMPLETED	461	461	12:21.995		1	8Gn	2026-10-02T15:19:03	2026-10-02T15:26:44	mjolnircomp16fl	181550080
45817539	kegg	cmag_814	74e05862-a704-4e35-b0df-b1fe07bc87d6	COMPLETED	2153	2153	01:01:11		1	8Gn	2026-10-02T15:52:49	2026-10-02T16:28:42	mjolnircomp17fl	782733312
45817547	cazy	cmag_541	74e05862-a704-4e35-b0df-b1fe07bc87d6	COMPLETED	37	37	00:30.877		1	8Gn	2026-10-02T15:19:03	2026-10-02T15:19:40	mjolnirgpu01fl	78776320
45817548	kegg	cmag_823	74e05862-a704-4e35-b0df-b1fe07bc87d6	COMPLETED	3034	3034	01:28:49		1	8Gn	2026-10-02T16:00:55	2026-10-02T16:51:29	mjolnircomp05fl	1012999168
45817549	ncbifam	cmag_288	74e05862-a704-4e35-b0df-b1fe07bc87d6	COMPLETED	651	651	18:28.716		1	16Gn	2026-10-02T15:34:38	2026-10-02T15:45:29	mjolnircomp09fl	436913152
45817550	pfam	cmag_628	74e05862-a704-4e35-b0df-b1fe07bc87d6	COMPLETED	1344	1344	37:14.306		1	8Gn	2026-10-02T15:43:43	2026-10-02T16:06:07	mjolnircomp11fl	271238144
45817551	ncbifam	cmag_749	74e05862-a704-4e35-b0df-b1fe07bc87d6	COMPLETED	721	721	20:58.364		1	16Gn	2026-10-02T15:34:38	2026-10-02T15:46:39	mjolnircomp10fl	394219520
45817552	tigrfam	cmag_567	74e05862-a704-4e35-b0df-b1fe07bc87d6	COMPLETED	183	183	04:51.215		1	16Gn	2026-10-02T15:35:08	2026-10-02T15:38:11	mjolnircomp03fl	385020928
45817553	ncbifam	cmag_103	74e05862-a704-4e35-b0df-b1fe07bc87d6	COMPLETED	232	232	06:35.144		1	16Gn	2026-10-02T15:17:33	2026-10-02T15:21:25	mjolnircomp04fl	360180736
45817554	tigrfam	cmag_758	74e05862-a704-4e35-b0df-b1fe07bc87d6	COMPLETED	105	105	02:47.548		1	16Gn	2026-10-02T16:01:25	2026-10-02T16:03:10	mjolnircomp03fl	329954304
45817555	kegg	cmag_091	74e05862-a704-4e35-b0df-b1fe07bc87d6	COMPLETED	1362	1362	40:33.154		1	8Gn	2026-10-02T16:02:56	2026-10-02T16:25:38	mjolnircomp09fl	770759680
45817566	prodigal	cmag_670	74e05862-a704-4e35-b0df-b1fe07bc87d6	COMPLETED	5	5	00:02.409		1	1062Mn	2026-10-02T16:18:02	2026-10-02T16:18:07	mjolnircomp13fl	863232
45817567	pfam	cmag_126	74e05862-a704-4e35-b0df-b1fe07bc87d6	COMPLETED	1170	1170	33:32.136		1	8Gn	2026-10-02T16:03:26	2026-10-02T16:22:56	mjolnircomp03fl	203730944
45817568	pfam	cmag_382	74e05862-a704-4e35-b0df-b1fe07bc87d6	COMPLETED	730	730	20:07.648		1	8Gn	2026-10-02T15:18:33	2026-10-02T15:30:43	mjolnircomp01fl	219061248
45817569	cazy	cmag_456	74e05862-a704-4e35-b0df-b1fe07bc87d6	COMPLETED	44	44	00:16.938		1	8Gn	2026-10-02T16:55:01	2026-10-02T16:55:45	mjolnircomp17fl	78956544
45817570	cazy	cmag_627	74e05862-a704-4e35-b0df-b1fe07bc87d6	COMPLETED	28	28	00:23.004		1	8Gn	2026-10-02T15:28:05	2026-10-02T15:28:33	mjolnirgpu03fl	822272
45817571	pfam	cmag_134	74e05862-a704-4e35-b0df-b1fe07bc87d6	COMPLETED	814	814	22:42.843		1	8Gn	2026-10-02T15:19:03	2026-10-02T15:32:37	mjolnircomp04fl	213423104
45817578	kegg	cmag_679	74e05862-a704-4e35-b0df-b1fe07bc87d6	COMPLETED	1227	1227	34:51.924		1	8Gn	2026-10-02T15:21:34	2026-10-02T15:42:01	mjolnirgpu03fl	956654592
45817579	ncbifam	cmag_250	74e05862-a704-4e35-b0df-b1fe07bc87d6	COMPLETED	688	688	19:59.166		1	16Gn	2026-10-02T15:38:40	2026-10-02T15:50:08	mjolnircomp03fl	390566912
45817580	kegg	cmag_153	74e05862-a704-4e35-b0df-b1fe07bc87d6	COMPLETED	2144	2144	01:01:28		1	8Gn	2026-10-02T16:06:58	2026-10-02T16:42:42	mjolnircomp03fl	1163621376
45817583	pfam	cmag_506	74e05862-a704-4e35-b0df-b1fe07bc87d6	COMPLETED	850	850	23:49.437		1	8Gn	2026-10-02T15:19:33	2026-10-02T15:33:43	mjolnircomp04fl	223795200
45817584	cazy	cmag_256	74e05862-a704-4e35-b0df-b1fe07bc87d6	COMPLETED	17	17	00:11.292		1	8Gn	2026-10-02T16:55:31	2026-10-02T16:55:48	mjolnircomp16fl	821248
45817590	pfam	cmag_358	74e05862-a704-4e35-b0df-b1fe07bc87d6	COMPLETED	429	429	12:02.149		1	8Gn	2026-10-02T15:21:04	2026-10-02T15:28:13	mjolnircomp01fl	219725824
45817591	tigrfam	cmag_650	74e05862-a704-4e35-b0df-b1fe07bc87d6	COMPLETED	81	81	02:07.447		1	16Gn	2026-10-02T16:04:27	2026-10-02T16:05:48	mjolnircomp10fl	285273088
45817592	kegg	cmag_009	74e05862-a704-4e35-b0df-b1fe07bc87d6	COMPLETED	1520	1520	45:39.440		1	8Gn	2026-10-02T16:07:29	2026-10-02T16:32:49	mjolnircomp10fl	940334080
45817596	tigrfam	cmag_820	74e05862-a704-4e35-b0df-b1fe07bc87d6	COMPLETED	157	157	03:56.788		1	16Gn	2026-10-02T16:10:00	2026-10-02T16:12:37	mjolnircomp05fl	348972032
45817597	pfam	cmag_521	74e05862-a704-4e35-b0df-b1fe07bc87d6	COMPLETED	478	478	13:19.325		1	8Gn	2026-10-02T15:23:34	2026-10-02T15:31:32	mjolnircomp16fl	210673664
45817598	pfam	cmag_361	74e05862-a704-4e35-b0df-b1fe07bc87d6	COMPLETED	1194	1194	32:25.033		1	8Gn	2026-10-02T15:45:44	2026-10-02T16:05:38	mjolnircomp11fl	240104448
45817601	ncbifam	cmag_570	74e05862-a704-4e35-b0df-b1fe07bc87d6	COMPLETED	1209	1209	35:30.003		1	16Gn	2026-10-02T15:38:40	2026-10-02T15:58:49	mjolnircomp04fl	477330432
45817602	ncbifam	cmag_202	74e05862-a704-4e35-b0df-b1fe07bc87d6	COMPLETED	1423	1423	41:16.902		1	16Gn	2026-10-02T15:39:10	2026-10-02T16:02:53	mjolnircomp06fl	451778560
45817606	pfam	cmag_178	74e05862-a704-4e35-b0df-b1fe07bc87d6	COMPLETED	779	779	21:33.812		1	8Gn	2026-10-02T15:22:34	2026-10-02T15:35:33	mjolnircomp04fl	204960768
45817607	pfam	cmag_598	74e05862-a704-4e35-b0df-b1fe07bc87d6	COMPLETED	1117	1117	31:16.726		1	8Gn	2026-10-02T15:47:15	2026-10-02T16:05:52	mjolnircomp11fl	265502720
45817608	pfam	cmag_240	74e05862-a704-4e35-b0df-b1fe07bc87d6	COMPLETED	735	735	20:31.006		1	8Gn	2026-10-02T15:22:34	2026-10-02T15:34:49	mjolnircomp04fl	220585984
45817610	ncbifam	cmag_306	74e05862-a704-4e35-b0df-b1fe07bc87d6	COMPLETED	486	486	13:10.404		1	16Gn	2026-10-02T15:40:11	2026-10-02T15:48:17	mjolnircomp08fl	452443136
45817613	pfam	cmag_205	74e05862-a704-4e35-b0df-b1fe07bc87d6	COMPLETED	734	734	18:20.644		1	8Gn	2026-10-02T15:23:34	2026-10-02T15:35:48	mjolnirgpu03fl	201910272
45817614	tigrfam	cmag_771	74e05862-a704-4e35-b0df-b1fe07bc87d6	COMPLETED	198	198	05:20.297		1	16Gn	2026-10-02T15:41:42	2026-10-02T15:45:00	mjolnircomp03fl	417893376
45817619	pfam	cmag_349	74e05862-a704-4e35-b0df-b1fe07bc87d6	COMPLETED	987	987	27:49.041		1	8Gn	2026-10-02T15:48:46	2026-10-02T16:05:13	mjolnircomp02fl	256590848
45817622	pfam	cmag_001	74e05862-a704-4e35-b0df-b1fe07bc87d6	COMPLETED	870	870	22:40.864		1	8Gn	2026-10-02T15:25:35	2026-10-02T15:40:05	mjolnirgpu03fl	266694656
45817623	cazy	cmag_060	74e05862-a704-4e35-b0df-b1fe07bc87d6	COMPLETED	19	19	00:14.355		1	8Gn	2026-10-02T16:57:02	2026-10-02T16:57:21	mjolnircomp16fl	836608
45817626	cazy	cmag_508	74e05862-a704-4e35-b0df-b1fe07bc87d6	COMPLETED	16	16	00:11.642		1	8Gn	2026-10-02T16:57:02	2026-10-02T16:57:18	mjolnircomp16fl	829440
45817629	cazy	cmag_345	74e05862-a704-4e35-b0df-b1fe07bc87d6	COMPLETED	28	28	00:22.751		1	8Gn	2026-10-02T15:27:05	2026-10-02T15:27:33	mjolnirgpu03fl	822272
45817630	tigrfam	cmag_480	74e05862-a704-4e35-b0df-b1fe07bc87d6	COMPLETED	186	186	04:55.382		1	16Gn	2026-10-02T15:43:13	2026-10-02T15:46:19	mjolnircomp09fl	379008000
45817632	kegg	cmag_815	74e05862-a704-4e35-b0df-b1fe07bc87d6	COMPLETED	1242	1242	35:59.881		1	8Gn	2026-10-02T16:17:31	2026-10-02T16:38:13	mjolnircomp16fl	1157816320
45817636	prodigal	cmag_222	74e05862-a704-4e35-b0df-b1fe07bc87d6	COMPLETED	5	5	00:02.926		1	1547Mn	2026-10-02T16:18:02	2026-10-02T16:18:07	mjolnircomp13fl	858112
45817637	merge_gene_annotations	cmag_264	74e05862-a704-4e35-b0df-b1fe07bc87d6	COMPLETED	17	17	00:09.981		1	8Gn	2026-10-02T16:17:31	2026-10-02T16:17:48	mjolnircomp16fl	849920
45817638	pfam	cmag_636	74e05862-a704-4e35-b0df-b1fe07bc87d6	COMPLETED	733	733	20:36.534		1	8Gn	2026-10-02T15:31:06	2026-10-02T15:43:19	mjolnircomp01fl	184328192
45817640	prodigal	cmag_232	74e05862-a704-4e35-b0df-b1fe07bc87d6	COMPLETED	6	6	00:04.097		1	2586Mn	2026-10-02T16:18:02	2026-10-02T16:18:08	mjolnircomp13fl	857088
45817641	ncbifam	cmag_424	74e05862-a704-4e35-b0df-b1fe07bc87d6	COMPLETED	1006	1006	29:00.935		1	16Gn	2026-10-02T15:45:44	2026-10-02T16:02:30	mjolnircomp09fl	521842688
45817643	kegg	cmag_356	74e05862-a704-4e35-b0df-b1fe07bc87d6	COMPLETED	1163	1163	34:33.145		1	8Gn	2026-10-02T15:48:16	2026-10-02T16:07:39	mjolnircomp13fl	931218432
45817644	pfam	cmag_617	74e05862-a704-4e35-b0df-b1fe07bc87d6	COMPLETED	516	516	14:49.107		1	8Gn	2026-10-02T15:41:12	2026-10-02T15:49:48	mjolnircomp01fl	227878912
45817645	tigrfam	cmag_780	74e05862-a704-4e35-b0df-b1fe07bc87d6	COMPLETED	243	243	06:21.182		1	16Gn	2026-10-02T15:46:15	2026-10-02T15:50:18	mjolnircomp06fl	316273664
45817646	kegg	cmag_335	74e05862-a704-4e35-b0df-b1fe07bc87d6	COMPLETED	1911	1911	57:17.644		1	8Gn	2026-10-02T16:20:03	2026-10-02T16:51:54	mjolnircomp10fl	799613952
45817647	cazy	cmag_567	74e05862-a704-4e35-b0df-b1fe07bc87d6	COMPLETED	17	17	00:11.819		1	8Gn	2026-10-02T16:57:02	2026-10-02T16:57:19	mjolnircomp16fl	834560
45817651	kegg	cmag_787	74e05862-a704-4e35-b0df-b1fe07bc87d6	COMPLETED	787	787	22:21.941		1	8Gn	2026-10-02T15:58:53	2026-10-02T16:12:00	mjolnircomp11fl	710678528
45817652	kegg	cmag_112	74e05862-a704-4e35-b0df-b1fe07bc87d6	COMPLETED	2257	2257	01:06:05		1	8Gn	2026-10-02T16:23:05	2026-10-02T17:00:42	mjolnircomp03fl	966353920
45817654	kegg	cmag_473	74e05862-a704-4e35-b0df-b1fe07bc87d6	COMPLETED	1397	1397	41:25.351		1	8Gn	2026-10-02T16:18:01	2026-10-02T16:41:18	mjolnircomp09fl	722096128
45817655	tigrfam	cmag_645	74e05862-a704-4e35-b0df-b1fe07bc87d6	COMPLETED	68	68	01:42.220		1	16Gn	2026-10-02T16:18:01	2026-10-02T16:19:09	mjolnircomp16fl	384201728
45817657	cazy	cmag_767	74e05862-a704-4e35-b0df-b1fe07bc87d6	COMPLETED	14	14	00:08.860		1	8Gn	2026-10-02T16:57:32	2026-10-02T16:57:46	mjolnircomp16fl	818176
45817658	ncbifam	cmag_310	74e05862-a704-4e35-b0df-b1fe07bc87d6	COMPLETED	708	708	19:53.240		1	16Gn	2026-10-02T15:46:45	2026-10-02T15:58:33	mjolnircomp09fl	469705728
45817659	pfam	cmag_647	74e05862-a704-4e35-b0df-b1fe07bc87d6	COMPLETED	852	852	24:23.765		1	8Gn	2026-10-02T15:32:06	2026-10-02T15:46:18	mjolnircomp15fl	223916032
45817660	ncbifam	cmag_276	74e05862-a704-4e35-b0df-b1fe07bc87d6	COMPLETED	335	335	09:42.471		1	16Gn	2026-10-02T16:18:01	2026-10-02T16:23:36	mjolnircomp16fl	445821952
45817662	cazy	cmag_257	74e05862-a704-4e35-b0df-b1fe07bc87d6	COMPLETED	18	18	00:13.331		1	8Gn	2026-10-02T16:08:29	2026-10-02T16:08:47	mjolnircomp11fl	832512
45817663	pfam	cmag_171	74e05862-a704-4e35-b0df-b1fe07bc87d6	COMPLETED	483	483	13:35.116		1	8Gn	2026-10-02T15:44:44	2026-10-02T15:52:47	mjolnircomp01fl	244217856
45817664	kegg	cmag_666	74e05862-a704-4e35-b0df-b1fe07bc87d6	COMPLETED	937	937	27:46.036		1	8Gn	2026-10-02T15:48:46	2026-10-02T16:04:23	mjolnircomp10fl	656893952
45817665	tigrfam	cmag_796	74e05862-a704-4e35-b0df-b1fe07bc87d6	COMPLETED	146	146	03:47.325		1	16Gn	2026-10-02T15:48:46	2026-10-02T15:51:12	mjolnircomp08fl	441546752
45817668	merge_gene_annotations	cmag_103	74e05862-a704-4e35-b0df-b1fe07bc87d6	COMPLETED	15	15	00:10.096		1	8Gn	2026-10-02T15:58:53	2026-10-02T15:59:08	mjolnircomp13fl	857088
45817669	ncbifam	cmag_606	74e05862-a704-4e35-b0df-b1fe07bc87d6	COMPLETED	478	478	13:49.791		1	16Gn	2026-10-02T15:50:17	2026-10-02T15:58:15	mjolnircomp03fl	418312192
45817670	pfam	cmag_113	74e05862-a704-4e35-b0df-b1fe07bc87d6	COMPLETED	598	598	16:51.341		1	8Gn	2026-10-02T15:46:45	2026-10-02T15:56:43	mjolnircomp15fl	267239424
45817674	pfam	cmag_164	74e05862-a704-4e35-b0df-b1fe07bc87d6	COMPLETED	483	483	13:32.522		1	8Gn	2026-10-02T15:47:46	2026-10-02T15:55:49	mjolnircomp15fl	212305920
45817675	cazy	cmag_792	74e05862-a704-4e35-b0df-b1fe07bc87d6	COMPLETED	17	17	00:11.461		1	8Gn	2026-10-02T16:57:32	2026-10-02T16:57:49	mjolnircomp16fl	822272
45817677	pfam	cmag_042	74e05862-a704-4e35-b0df-b1fe07bc87d6	COMPLETED	909	909	25:32.580		1	8Gn	2026-10-02T15:59:24	2026-10-02T16:14:33	mjolnircomp13fl	203750400
45817678	pfam	cmag_073	74e05862-a704-4e35-b0df-b1fe07bc87d6	COMPLETED	1354	1354	37:26.810		1	8Gn	2026-10-02T16:19:33	2026-10-02T16:42:07	mjolnircomp16fl	223805440
45817680	tigrfam	cmag_335	74e05862-a704-4e35-b0df-b1fe07bc87d6	COMPLETED	184	184	04:54.084		1	16Gn	2026-10-02T15:51:18	2026-10-02T15:54:22	mjolnircomp07fl	429998080
45817681	tigrfam	cmag_341	74e05862-a704-4e35-b0df-b1fe07bc87d6	COMPLETED	166	166	04:22.995		1	16Gn	2026-10-02T15:51:18	2026-10-02T15:54:04	mjolnircomp08fl	383648768
45817682	tigrfam	cmag_668	74e05862-a704-4e35-b0df-b1fe07bc87d6	COMPLETED	197	197	04:56.049		1	16Gn	2026-10-02T15:54:20	2026-10-02T15:57:37	mjolnircomp08fl	358738944
45817683	ncbifam	cmag_496	74e05862-a704-4e35-b0df-b1fe07bc87d6	COMPLETED	971	971	27:18.023		1	16Gn	2026-10-02T15:54:51	2026-10-02T16:11:02	mjolnircomp07fl	467204096
45817684	kegg	cmag_139	74e05862-a704-4e35-b0df-b1fe07bc87d6	COMPLETED	1443	1443	41:35.529		1	8Gn	2026-10-02T16:19:33	2026-10-02T16:43:36	mjolnircomp09fl	951457792
45817687	tigrfam	cmag_813	74e05862-a704-4e35-b0df-b1fe07bc87d6	COMPLETED	159	159	04:16.152		1	16Gn	2026-10-02T15:58:23	2026-10-02T16:01:02	mjolnircomp03fl	388308992
45817691	ncbifam	cmag_555	74e05862-a704-4e35-b0df-b1fe07bc87d6	COMPLETED	527	527	15:02.249		1	16Gn	2026-10-02T15:55:21	2026-10-02T16:04:08	mjolnircomp03fl	353218560
45817692	tigrfam	cmag_009	74e05862-a704-4e35-b0df-b1fe07bc87d6	COMPLETED	172	172	04:25.988		1	16Gn	2026-10-02T15:58:23	2026-10-02T16:01:15	mjolnircomp08fl	351457280
45817693	ncbifam	cmag_460	74e05862-a704-4e35-b0df-b1fe07bc87d6	COMPLETED	761	761	22:18.067		1	16Gn	2026-10-02T15:58:53	2026-10-02T16:11:34	mjolnircomp04fl	454537216
45817694	kegg	cmag_560	74e05862-a704-4e35-b0df-b1fe07bc87d6	COMPLETED	1833	1833	53:12.547		1	8Gn	2026-10-02T16:19:33	2026-10-02T16:50:06	mjolnircomp09fl	809206784
45817696	kegg	cmag_611	74e05862-a704-4e35-b0df-b1fe07bc87d6	COMPLETED	1314	1314	37:12.629		1	8Gn	2026-10-02T16:20:33	2026-10-02T16:42:27	mjolnircomp09fl	964942848
45817697	ncbifam	cmag_342	74e05862-a704-4e35-b0df-b1fe07bc87d6	COMPLETED	829	829	23:41.904		1	16Gn	2026-10-02T15:55:51	2026-10-02T16:09:40	mjolnircomp05fl	434571264
45817704	kegg	cmag_133	74e05862-a704-4e35-b0df-b1fe07bc87d6	COMPLETED	1388	1388	40:01.238		1	8Gn	2026-10-02T16:20:33	2026-10-02T16:43:41	mjolnircomp09fl	1013063680
45817705	kegg	cmag_488	74e05862-a704-4e35-b0df-b1fe07bc87d6	COMPLETED	3787	3787	01:45:25		1	8Gn	2026-10-02T16:23:05	2026-10-02T17:26:12	mjolnircomp05fl	1030412288
45817708	kegg	cmag_215	74e05862-a704-4e35-b0df-b1fe07bc87d6	COMPLETED	722	722	20:51.210		1	8Gn	2026-10-02T16:01:25	2026-10-02T16:13:27	mjolnircomp11fl	822103040
45817709	pfam	cmag_541	74e05862-a704-4e35-b0df-b1fe07bc87d6	COMPLETED	1965	1965	54:35.137		1	8Gn	2026-10-02T16:23:05	2026-10-02T16:55:50	mjolnircomp05fl	263391232
45817712	ncbifam	cmag_810	74e05862-a704-4e35-b0df-b1fe07bc87d6	COMPLETED	842	842	23:37.387		1	16Gn	2026-10-02T16:23:05	2026-10-02T16:37:07	mjolnircomp05fl	376932352
45817713	pfam	cmag_067	74e05862-a704-4e35-b0df-b1fe07bc87d6	COMPLETED	711	711	19:38.035		1	8Gn	2026-10-02T16:01:25	2026-10-02T16:13:16	mjolnircomp13fl	222835712
45817718	prodigal	cmag_323	74e05862-a704-4e35-b0df-b1fe07bc87d6	COMPLETED	5	5	00:02.784		1	1967Mn	2026-10-02T16:18:32	2026-10-02T16:18:37	mjolnircomp13fl	833536
45817720	prodigal	cmag_110	74e05862-a704-4e35-b0df-b1fe07bc87d6	COMPLETED	10	10	00:07.633		1	2941Mn	2026-10-02T16:18:32	2026-10-02T16:18:42	mjolnircomp13fl	862208
45817724	tigrfam	cmag_810	74e05862-a704-4e35-b0df-b1fe07bc87d6	COMPLETED	110	110	02:55.407		1	16Gn	2026-10-02T16:25:37	2026-10-02T16:27:27	mjolnircomp03fl	348908544
45817725	tigrfam	cmag_783	74e05862-a704-4e35-b0df-b1fe07bc87d6	COMPLETED	175	175	04:35.609		1	16Gn	2026-10-02T16:01:55	2026-10-02T16:04:50	mjolnircomp08fl	339910656
45817726	tigrfam	cmag_484	74e05862-a704-4e35-b0df-b1fe07bc87d6	COMPLETED	162	162	04:16.081		1	16Gn	2026-10-02T16:04:57	2026-10-02T16:07:39	mjolnircomp08fl	423688192
45817727	pfam	cmag_577	74e05862-a704-4e35-b0df-b1fe07bc87d6	COMPLETED	1148	1148	31:59.226		1	8Gn	2026-10-02T15:51:18	2026-10-02T16:10:26	mjolnircomp11fl	288024576
45817728	kegg	cmag_688	74e05862-a704-4e35-b0df-b1fe07bc87d6	COMPLETED	1773	1773	52:27.086		1	8Gn	2026-10-02T16:25:37	2026-10-02T16:55:10	mjolnircomp10fl	865561600
45817730	kegg	cmag_186	74e05862-a704-4e35-b0df-b1fe07bc87d6	COMPLETED	1899	1899	56:58.207		1	8Gn	2026-10-02T16:25:37	2026-10-02T16:57:16	mjolnircomp10fl	989726720
45817732	cazy	cmag_679	74e05862-a704-4e35-b0df-b1fe07bc87d6	COMPLETED	15	15	00:10.637		1	8Gn	2026-10-02T16:58:33	2026-10-02T16:58:48	mjolnircomp16fl	832512
45817751	prodigal	cmag_775	74e05862-a704-4e35-b0df-b1fe07bc87d6	COMPLETED	5	5	00:02.885		1	2343Mn	2026-10-02T16:18:32	2026-10-02T16:18:37	mjolnircomp13fl	859136
45817753	prodigal	cmag_730	74e05862-a704-4e35-b0df-b1fe07bc87d6	COMPLETED	15	15	00:04.281		1	1922Mn	2026-10-02T16:55:01	2026-10-02T16:55:16	mjolnircomp17fl	1158144
45817756	merge_gene_annotations	cmag_288	74e05862-a704-4e35-b0df-b1fe07bc87d6	COMPLETED	25	25	00:12.946		1	8Gn	2026-10-02T16:07:59	2026-10-02T16:08:24	mjolnircomp08fl	922624
45817757	kegg	cmag_011	74e05862-a704-4e35-b0df-b1fe07bc87d6	COMPLETED	874	874	25:07.387		1	8Gn	2026-10-02T15:51:49	2026-10-02T16:06:23	mjolnircomp11fl	687311872
45817759	prodigal	cmag_825	74e05862-a704-4e35-b0df-b1fe07bc87d6	COMPLETED	17	17	00:06.425		1	3341Mn	2026-10-02T16:55:31	2026-10-02T16:55:48	mjolnircomp17fl	1162240
45817760	pfam	cmag_182	74e05862-a704-4e35-b0df-b1fe07bc87d6	COMPLETED	814	814	22:51.254		1	8Gn	2026-10-02T16:01:25	2026-10-02T16:14:59	mjolnircomp13fl	272268288
45817761	kegg	cmag_443	74e05862-a704-4e35-b0df-b1fe07bc87d6	COMPLETED	1265	1265	36:30.783		1	8Gn	2026-10-02T15:52:19	2026-10-02T16:13:24	mjolnirgpu01fl	936468480
45817762	kegg	cmag_348	74e05862-a704-4e35-b0df-b1fe07bc87d6	COMPLETED	1221	1221	35:30.538		1	8Gn	2026-10-02T16:24:06	2026-10-02T16:44:27	mjolnircomp16fl	668475392
45817764	tigrfam	cmag_306	74e05862-a704-4e35-b0df-b1fe07bc87d6	COMPLETED	222	222	05:46.244		1	16Gn	2026-10-02T15:56:52	2026-10-02T16:00:34	mjolnircomp05fl	398211072
45817766	tigrfam	cmag_570	74e05862-a704-4e35-b0df-b1fe07bc87d6	COMPLETED	291	291	07:30.796		1	16Gn	2026-10-02T16:08:29	2026-10-02T16:13:20	mjolnircomp08fl	377081856
45817767	tigrfam	cmag_202	74e05862-a704-4e35-b0df-b1fe07bc87d6	COMPLETED	395	395	10:05.570		1	16Gn	2026-10-02T16:09:29	2026-10-02T16:16:04	mjolnirgpu03fl	412784640
45817771	kegg	cmag_198	74e05862-a704-4e35-b0df-b1fe07bc87d6	COMPLETED	2285	2285	01:06:10		1	8Gn	2026-10-02T16:34:45	2026-10-02T17:12:50	mjolnirgpu01fl	895513600
45817772	pfam	cmag_060	74e05862-a704-4e35-b0df-b1fe07bc87d6	COMPLETED	732	732	20:35.617		1	8Gn	2026-10-02T16:06:58	2026-10-02T16:19:10	mjolnircomp02fl	226958336
45817774	pfam	cmag_256	74e05862-a704-4e35-b0df-b1fe07bc87d6	COMPLETED	691	691	19:10.757		1	8Gn	2026-10-02T16:05:28	2026-10-02T16:16:59	mjolnirgpu01fl	287289344
45817775	cazy	cmag_771	74e05862-a704-4e35-b0df-b1fe07bc87d6	COMPLETED	20	20	00:15.095		1	8Gn	2026-10-02T16:08:29	2026-10-02T16:08:49	mjolnircomp11fl	828416
45817776	prodigal	cmag_255	74e05862-a704-4e35-b0df-b1fe07bc87d6	COMPLETED	17	17	00:05.562		1	2599Mn	2026-10-02T16:56:01	2026-10-02T16:56:18	mjolnircomp17fl	1153024
45817780	ncbifam	cmag_178	74e05862-a704-4e35-b0df-b1fe07bc87d6	COMPLETED	1003	1003	26:43.051		1	16Gn	2026-10-02T16:09:29	2026-10-02T16:26:12	mjolnirgpu03fl	393600000
45817781	ncbifam	cmag_205	74e05862-a704-4e35-b0df-b1fe07bc87d6	COMPLETED	1002	1002	26:19.648		1	16Gn	2026-10-02T16:36:47	2026-10-02T16:53:29	mjolnircomp05fl	346189824
45817783	ncbifam	cmag_358	74e05862-a704-4e35-b0df-b1fe07bc87d6	COMPLETED	323	323	09:20.306		1	16Gn	2026-10-02T16:27:39	2026-10-02T16:33:02	mjolnircomp03fl	405424128
45817784	ncbifam	cmag_001	74e05862-a704-4e35-b0df-b1fe07bc87d6	COMPLETED	529	529	15:23.025		1	16Gn	2026-10-02T16:02:26	2026-10-02T16:11:15	mjolnircomp15fl	362191872
45817786	kegg	cmag_357	74e05862-a704-4e35-b0df-b1fe07bc87d6	COMPLETED	1247	1247	34:41.288		1	8Gn	2026-10-02T16:27:39	2026-10-02T16:48:26	mjolnircomp03fl	720221184
45817787	tigrfam	cmag_424	74e05862-a704-4e35-b0df-b1fe07bc87d6	COMPLETED	337	337	08:30.099		1	16Gn	2026-10-02T16:11:00	2026-10-02T16:16:37	mjolnirgpu02fl	334912512
45817788	pfam	cmag_508	74e05862-a704-4e35-b0df-b1fe07bc87d6	COMPLETED	657	657	18:22.072		1	8Gn	2026-10-02T16:14:31	2026-10-02T16:25:28	mjolnircomp03fl	230978560
45817791	pfam	cmag_345	74e05862-a704-4e35-b0df-b1fe07bc87d6	COMPLETED	1037	1037	28:58.778		1	8Gn	2026-10-02T16:30:11	2026-10-02T16:47:28	mjolnircomp16fl	206627840
45817792	pfam	cmag_781	74e05862-a704-4e35-b0df-b1fe07bc87d6	COMPLETED	526	526	13:48.134		1	8Gn	2026-10-02T16:08:29	2026-10-02T16:17:15	mjolnircomp11fl	198883328
45817793	cazy	cmag_172	74e05862-a704-4e35-b0df-b1fe07bc87d6	COMPLETED	20	20	00:15.318		1	8Gn	2026-10-02T16:59:03	2026-10-02T16:59:23	mjolnircomp16fl	844800
45817794	cazy	cmag_488	74e05862-a704-4e35-b0df-b1fe07bc87d6	COMPLETED	19	19	00:13.653		1	8Gn	2026-10-02T16:09:29	2026-10-02T16:09:48	mjolnircomp11fl	824320
45817795	cazy	cmag_724	74e05862-a704-4e35-b0df-b1fe07bc87d6	COMPLETED	21	21	00:16.447		1	8Gn	2026-10-02T16:59:03	2026-10-02T16:59:24	mjolnircomp16fl	824320
45817796	merge_gene_annotations	cmag_656	74e05862-a704-4e35-b0df-b1fe07bc87d6	COMPLETED	16	16	00:09.937		1	8Gn	2026-10-02T15:59:54	2026-10-02T16:00:10	mjolnircomp11fl	819200
45817798	cazy	cmag_112	74e05862-a704-4e35-b0df-b1fe07bc87d6	COMPLETED	22	22	00:16.844		1	8Gn	2026-10-02T16:09:29	2026-10-02T16:09:51	mjolnircomp11fl	828416
45817799	cazy	cmag_787	74e05862-a704-4e35-b0df-b1fe07bc87d6	COMPLETED	14	14	00:08.842		1	8Gn	2026-10-02T16:59:03	2026-10-02T16:59:17	mjolnircomp16fl	829440
45817800	cazy	cmag_473	74e05862-a704-4e35-b0df-b1fe07bc87d6	COMPLETED	20	20	00:14.636		1	8Gn	2026-10-02T16:59:03	2026-10-02T16:59:23	mjolnircomp16fl	841728
45817803	cazy	cmag_560	74e05862-a704-4e35-b0df-b1fe07bc87d6	COMPLETED	17	17	00:12.063		1	8Gn	2026-10-02T16:59:03	2026-10-02T16:59:20	mjolnircomp16fl	835584
45817804	cazy	cmag_411	74e05862-a704-4e35-b0df-b1fe07bc87d6	COMPLETED	18	18	00:13.620		1	8Gn	2026-10-02T16:59:03	2026-10-02T16:59:21	mjolnircomp16fl	832512
45817805	ncbifam	cmag_450	74e05862-a704-4e35-b0df-b1fe07bc87d6	COMPLETED	807	807	21:51.267		1	16Gn	2026-10-02T16:31:12	2026-10-02T16:44:39	mjolnircomp05fl	398081024
45817810	ncbifam	cmag_504	74e05862-a704-4e35-b0df-b1fe07bc87d6	COMPLETED	914	914	25:53.037		1	16Gn	2026-10-02T16:11:30	2026-10-02T16:26:44	mjolnircomp07fl	429546496
45817811	cazy	cmag_238	74e05862-a704-4e35-b0df-b1fe07bc87d6	COMPLETED	20	20	00:14.537		1	8Gn	2026-10-02T16:09:29	2026-10-02T16:09:49	mjolnircomp11fl	823296
45817812	kegg	cmag_085	74e05862-a704-4e35-b0df-b1fe07bc87d6	TIMEOUT	1519	1519	41:15.024		1	8Gn	2026-10-02T16:36:47	2026-10-02T17:02:06	mjolnircomp05fl	1071519744
45817813	ncbifam	cmag_042	74e05862-a704-4e35-b0df-b1fe07bc87d6	COMPLETED	687	687	19:48.264		1	16Gn	2026-10-02T16:11:30	2026-10-02T16:22:57	mjolnircomp15fl	356469760
45817814	ncbifam	cmag_073	74e05862-a704-4e35-b0df-b1fe07bc87d6	COMPLETED	1051	1051	30:54.798		1	16Gn	2026-10-02T16:12:00	2026-10-02T16:29:31	mjolnircomp04fl	447811584
45817815	pfam	cmag_414	74e05862-a704-4e35-b0df-b1fe07bc87d6	COMPLETED	663	663	17:47.411		1	8Gn	2026-10-02T16:05:58	2026-10-02T16:17:01	mjolnircomp11fl	204712960
45817816	tigrfam	cmag_400	74e05862-a704-4e35-b0df-b1fe07bc87d6	COMPLETED	267	267	07:01.007		1	16Gn	2026-10-02T16:13:00	2026-10-02T16:17:27	mjolnircomp06fl	347644928
45817818	merge_gene_annotations	cmag_796	74e05862-a704-4e35-b0df-b1fe07bc87d6	COMPLETED	26	26	00:11.795		1	8Gn	2026-10-02T16:13:30	2026-10-02T16:13:56	mjolnircomp08fl	927744
45817819	prodigal	cmag_398	74e05862-a704-4e35-b0df-b1fe07bc87d6	COMPLETED	15	15	00:04.018		1	1461Mn	2026-10-02T16:55:01	2026-10-02T16:55:16	mjolnircomp17fl	1154048
45817822	ncbifam	cmag_790	74e05862-a704-4e35-b0df-b1fe07bc87d6	COMPLETED	799	799	22:41.259		1	16Gn	2026-10-02T16:14:00	2026-10-02T16:27:19	mjolnircomp08fl	385797120
45817823	tigrfam	cmag_658	74e05862-a704-4e35-b0df-b1fe07bc87d6	COMPLETED	253	253	06:21.193		1	16Gn	2026-10-02T16:41:51	2026-10-02T16:46:04	mjolnircomp05fl	349639680
45817824	ncbifam	cmag_170	74e05862-a704-4e35-b0df-b1fe07bc87d6	COMPLETED	813	813	23:18.950		1	16Gn	2026-10-02T16:14:30	2026-10-02T16:28:03	mjolnirgpu01fl	431197184
45817827	tigrfam	cmag_460	74e05862-a704-4e35-b0df-b1fe07bc87d6	COMPLETED	232	232	06:10.366		1	16Gn	2026-10-02T16:17:01	2026-10-02T16:20:53	mjolnirgpu01fl	393788416
45817828	pfam	cmag_257	74e05862-a704-4e35-b0df-b1fe07bc87d6	COMPLETED	2166	2166	58:22.422		1	8Gn	2026-10-02T16:31:12	2026-10-02T17:07:18	mjolnircomp05fl	210882560
45817835	tigrfam	cmag_342	74e05862-a704-4e35-b0df-b1fe07bc87d6	COMPLETED	223	223	05:47.709		1	16Gn	2026-10-02T16:13:00	2026-10-02T16:16:43	mjolnircomp05fl	382372864
45817836	pfam	cmag_767	74e05862-a704-4e35-b0df-b1fe07bc87d6	COMPLETED	430	430	11:23.613		1	8Gn	2026-10-02T16:10:00	2026-10-02T16:17:10	mjolnircomp11fl	182254592
45817839	pfam	cmag_792	74e05862-a704-4e35-b0df-b1fe07bc87d6	TIMEOUT	1389	1389	37:35.615		1	8Gn	2026-10-02T16:37:17	2026-10-02T17:00:26	mjolnircomp05fl	238346240
45817841	tigrfam	cmag_555	74e05862-a704-4e35-b0df-b1fe07bc87d6	COMPLETED	259	259	06:46.326		1	16Gn	2026-10-02T16:17:31	2026-10-02T16:21:50	mjolnircomp06fl	424584192
45817842	cazy	cmag_133	74e05862-a704-4e35-b0df-b1fe07bc87d6	COMPLETED	46	46	00:18.475		1	8Gn	2026-10-02T17:03:37	2026-10-02T17:04:23	mjolnircomp17fl	246571008
45817844	cazy	cmag_611	74e05862-a704-4e35-b0df-b1fe07bc87d6	COMPLETED	16	16	00:11.275		1	8Gn	2026-10-02T17:04:08	2026-10-02T17:04:24	mjolnircomp03fl	839680
45817845	prodigal	cmag_320	74e05862-a704-4e35-b0df-b1fe07bc87d6	COMPLETED	17	17	00:14.740		1	6906Mn	2026-10-02T16:10:30	2026-10-02T16:10:47	mjolnircomp11fl	804864
45817846	kegg	cmag_225	74e05862-a704-4e35-b0df-b1fe07bc87d6	COMPLETED	1481	1481	40:28.226		1	8Gn	2026-10-02T16:33:14	2026-10-02T16:57:55	mjolnircomp03fl	732288000
45817847	cazy	cmag_348	74e05862-a704-4e35-b0df-b1fe07bc87d6	COMPLETED	15	15	00:10.669		1	8Gn	2026-10-02T17:04:08	2026-10-02T17:04:23	mjolnircomp09fl	801792
45817848	ncbifam	cmag_067	74e05862-a704-4e35-b0df-b1fe07bc87d6	COMPLETED	852	852	22:27.883		1	16Gn	2026-10-02T16:18:01	2026-10-02T16:32:13	mjolnirgpu02fl	370987008
45817849	ncbifam	cmag_432	74e05862-a704-4e35-b0df-b1fe07bc87d6	COMPLETED	991	991	27:01.573		1	16Gn	2026-10-02T16:20:03	2026-10-02T16:36:34	mjolnircomp17fl	421979136
45817850	ncbifam	cmag_703	74e05862-a704-4e35-b0df-b1fe07bc87d6	COMPLETED	821	821	23:31.292		1	16Gn	2026-10-02T16:21:04	2026-10-02T16:34:45	mjolnirgpu01fl	408989696
45817851	kegg	cmag_465	74e05862-a704-4e35-b0df-b1fe07bc87d6	COMPLETED	1129	1129	33:40.826		1	8Gn	2026-10-02T16:33:14	2026-10-02T16:52:03	mjolnircomp10fl	937811968
45817854	cazy	cmag_186	74e05862-a704-4e35-b0df-b1fe07bc87d6	COMPLETED	21	21	00:15.963		1	8Gn	2026-10-02T16:20:03	2026-10-02T16:20:24	mjolnircomp02fl	892928
45817855	prodigal	cmag_755	74e05862-a704-4e35-b0df-b1fe07bc87d6	COMPLETED	15	15	00:05.123		1	2540Mn	2026-10-02T16:56:32	2026-10-02T16:56:47	mjolnircomp17fl	1153024
45817856	pfam	cmag_172	74e05862-a704-4e35-b0df-b1fe07bc87d6	COMPLETED	854	854	23:13.651		1	8Gn	2026-10-02T16:42:22	2026-10-02T16:56:36	mjolnircomp16fl	192679936
45817858	ncbifam	cmag_541	74e05862-a704-4e35-b0df-b1fe07bc87d6	COMPLETED	1564	1564	44:50.025		1	16Gn	2026-10-02T16:23:36	2026-10-02T16:49:40	mjolnircomp06fl	444060672
45817859	merge_gene_annotations	cmag_384	74e05862-a704-4e35-b0df-b1fe07bc87d6	COMPLETED	16	16	00:09.991		1	8Gn	2026-10-02T16:36:47	2026-10-02T16:37:03	mjolnircomp15fl	899072
45817860	ncbifam	cmag_121	74e05862-a704-4e35-b0df-b1fe07bc87d6	COMPLETED	731	731	21:29.957		1	16Gn	2026-10-02T16:25:07	2026-10-02T16:37:18	mjolnircomp13fl	484596736
45817861	tigrfam	cmag_506	74e05862-a704-4e35-b0df-b1fe07bc87d6	COMPLETED	173	173	04:27.072		1	16Gn	2026-10-02T16:25:37	2026-10-02T16:28:30	mjolnircomp11fl	444882944
45817865	cazy	cmag_054	74e05862-a704-4e35-b0df-b1fe07bc87d6	COMPLETED	18	18	00:13.251		1	8Gn	2026-10-02T17:04:08	2026-10-02T17:04:26	mjolnirgpu03fl	840704
45817866	tigrfam	cmag_708	74e05862-a704-4e35-b0df-b1fe07bc87d6	COMPLETED	342	342	08:58.550		1	16Gn	2026-10-02T16:26:38	2026-10-02T16:32:20	mjolnircomp06fl	418738176
45817867	ncbifam	cmag_414	74e05862-a704-4e35-b0df-b1fe07bc87d6	COMPLETED	920	920	25:16.324		1	16Gn	2026-10-02T16:17:01	2026-10-02T16:32:21	mjolnircomp05fl	381972480
45817870	pfam	cmag_815	74e05862-a704-4e35-b0df-b1fe07bc87d6	COMPLETED	787	787	20:09.952		1	8Gn	2026-10-02T16:43:53	2026-10-02T16:57:00	mjolnircomp09fl	228850688
45817875	tigrfam	cmag_358	74e05862-a704-4e35-b0df-b1fe07bc87d6	COMPLETED	99	99	02:32.488		1	16Gn	2026-10-02T16:37:17	2026-10-02T16:38:56	mjolnircomp15fl	377463808
45817876	pfam	cmag_679	74e05862-a704-4e35-b0df-b1fe07bc87d6	COMPLETED	510	510	13:34.933		1	8Gn	2026-10-02T16:48:27	2026-10-02T16:56:57	mjolnircomp16fl	192438272
45817877	cazy	cmag_357	74e05862-a704-4e35-b0df-b1fe07bc87d6	COMPLETED	24	24	00:19.454		1	8Gn	2026-10-02T17:05:39	2026-10-02T17:06:03	mjolnircomp05fl	807936
45817878	cazy	cmag_198	74e05862-a704-4e35-b0df-b1fe07bc87d6	COMPLETED	20	20	00:14.627		1	8Gn	2026-10-02T16:20:33	2026-10-02T16:20:53	mjolnircomp02fl	893952
45817879	cazy	cmag_215	74e05862-a704-4e35-b0df-b1fe07bc87d6	COMPLETED	41	41	00:14.472		1	8Gn	2026-10-02T17:05:39	2026-10-02T17:06:20	mjolnircomp17fl	78797824
45817880	merge_gene_annotations	cmag_647	74e05862-a704-4e35-b0df-b1fe07bc87d6	COMPLETED	21	21	00:13.316		1	8Gn	2026-10-02T16:27:08	2026-10-02T16:27:29	mjolnircomp07fl	877568
45817882	kegg	cmag_418	74e05862-a704-4e35-b0df-b1fe07bc87d6	COMPLETED	2617	2617	01:18:38		1	8Gn	2026-10-02T16:27:39	2026-10-02T17:11:16	mjolnircomp07fl	1096915968
45817883	kegg	cmag_591	74e05862-a704-4e35-b0df-b1fe07bc87d6	TIMEOUT	3180	3180	00:01.513		1	8Gn	2026-10-02T16:41:51	2026-10-02T17:34:51	mjolnircomp05fl	778016768
45817884	kegg	cmag_299	74e05862-a704-4e35-b0df-b1fe07bc87d6	TIMEOUT	2940	2940	00:01.508		1	8Gn	2026-10-02T16:41:51	2026-10-02T17:30:51	mjolnircomp05fl	971711488
45817885	cazy	cmag_654	74e05862-a704-4e35-b0df-b1fe07bc87d6	COMPLETED	24	24	00:18.565		1	8Gn	2026-10-02T17:06:09	2026-10-02T17:06:33	mjolnircomp05fl	805888
45817886	prodigal	cmag_402	74e05862-a704-4e35-b0df-b1fe07bc87d6	COMPLETED	17	17	00:05.306		1	2519Mn	2026-10-02T16:57:02	2026-10-02T16:57:19	mjolnircomp17fl	1153024
45817894	prodigal	cmag_534	74e05862-a704-4e35-b0df-b1fe07bc87d6	COMPLETED	15	15	00:04.430		1	1742Mn	2026-10-02T16:57:32	2026-10-02T16:57:47	mjolnircomp17fl	1163264
45817895	pfam	cmag_411	74e05862-a704-4e35-b0df-b1fe07bc87d6	COMPLETED	792	792	21:59.836		1	8Gn	2026-10-02T16:23:05	2026-10-02T16:36:17	mjolnircomp15fl	263324672
45817896	cazy	cmag_287	74e05862-a704-4e35-b0df-b1fe07bc87d6	COMPLETED	42	42	00:14.917		1	8Gn	2026-10-02T17:06:39	2026-10-02T17:07:21	mjolnircomp17fl	78678016
45817897	pfam	cmag_238	74e05862-a704-4e35-b0df-b1fe07bc87d6	COMPLETED	1034	1034	27:37.303		1	8Gn	2026-10-02T16:38:18	2026-10-02T16:55:32	mjolnircomp09fl	278187008
45817902	kegg	cmag_141	74e05862-a704-4e35-b0df-b1fe07bc87d6	COMPLETED	717	717	20:46.855		1	8Gn	2026-10-02T16:43:53	2026-10-02T16:55:50	mjolnircomp09fl	757274624
45817903	ncbifam	cmag_562	74e05862-a704-4e35-b0df-b1fe07bc87d6	COMPLETED	805	805	23:23.029		1	16Gn	2026-10-02T16:29:40	2026-10-02T16:43:05	mjolnircomp04fl	358821888
45817904	ncbifam	cmag_708	74e05862-a704-4e35-b0df-b1fe07bc87d6	COMPLETED	1042	1042	28:14.444		1	16Gn	2026-10-02T16:31:12	2026-10-02T16:48:34	mjolnirgpu03fl	471271424
45817910	kegg	cmag_427	74e05862-a704-4e35-b0df-b1fe07bc87d6	COMPLETED	2269	2269	01:08:05		1	8Gn	2026-10-02T16:20:03	2026-10-02T16:57:52	mjolnircomp10fl	781437952
45817911	prodigal	cmag_395	74e05862-a704-4e35-b0df-b1fe07bc87d6	COMPLETED	16	16	00:04.668		1	1912Mn	2026-10-02T16:58:03	2026-10-02T16:58:19	mjolnircomp17fl	1159168
45817919	kegg	cmag_092	74e05862-a704-4e35-b0df-b1fe07bc87d6	COMPLETED	1246	1246	36:21.950		1	8Gn	2026-10-02T16:42:22	2026-10-02T17:03:08	mjolnircomp09fl	802150400
45817920	pfam	cmag_011	74e05862-a704-4e35-b0df-b1fe07bc87d6	COMPLETED	889	889	24:06.620		1	8Gn	2026-10-02T16:45:25	2026-10-02T17:00:14	mjolnircomp05fl	219552768
45817921	tigrfam	cmag_251	74e05862-a704-4e35-b0df-b1fe07bc87d6	COMPLETED	183	183	04:45.601		1	16Gn	2026-10-02T16:28:09	2026-10-02T16:31:12	mjolnirgpu01fl	370344960
45817922	ncbifam	cmag_256	74e05862-a704-4e35-b0df-b1fe07bc87d6	COMPLETED	617	617	17:32.456		1	16Gn	2026-10-02T16:31:42	2026-10-02T16:41:59	mjolnirgpu01fl	414167040
45817923	tigrfam	cmag_001	74e05862-a704-4e35-b0df-b1fe07bc87d6	COMPLETED	231	231	06:04.874		1	16Gn	2026-10-02T16:32:43	2026-10-02T16:36:34	mjolnircomp06fl	411910144
45817933	ncbifam	cmag_060	74e05862-a704-4e35-b0df-b1fe07bc87d6	COMPLETED	842	842	21:48.544		1	16Gn	2026-10-02T16:32:43	2026-10-02T16:46:45	mjolnirgpu02fl	364217344
45817934	tigrfam	cmag_205	74e05862-a704-4e35-b0df-b1fe07bc87d6	COMPLETED	191	191	04:28.257		1	16Gn	2026-10-02T16:42:22	2026-10-02T16:45:33	mjolnircomp17fl	307618816
45817940	tigrfam	cmag_349	74e05862-a704-4e35-b0df-b1fe07bc87d6	COMPLETED	247	247	06:39.311		1	16Gn	2026-10-02T16:35:46	2026-10-02T16:39:53	mjolnircomp01fl	422324224
45817950	kegg	cmag_087	74e05862-a704-4e35-b0df-b1fe07bc87d6	TIMEOUT	4409	4409	00:01.390		1	8Gn	2026-10-02T16:42:22	2026-10-02T17:55:51	mjolnircomp05fl	1074023424
45817951	ncbifam	cmag_251	74e05862-a704-4e35-b0df-b1fe07bc87d6	COMPLETED	1078	1078	30:05.238		1	16Gn	2026-10-02T16:36:47	2026-10-02T16:54:45	mjolnircomp06fl	389271552
45817952	prodigal	cmag_751	74e05862-a704-4e35-b0df-b1fe07bc87d6	COMPLETED	20	20	00:07.786		1	3679Mn	2026-10-02T17:02:06	2026-10-02T17:02:26	mjolnircomp17fl	1142784
45817953	cazy	cmag_323	74e05862-a704-4e35-b0df-b1fe07bc87d6	COMPLETED	16	16	00:11.085		1	8Gn	2026-10-02T17:06:39	2026-10-02T17:06:55	mjolnircomp09fl	813056
45817955	cazy	cmag_110	74e05862-a704-4e35-b0df-b1fe07bc87d6	COMPLETED	18	18	00:14.684		1	8Gn	2026-10-02T17:07:10	2026-10-02T17:07:28	mjolnircomp09fl	813056
45817956	tigrfam	cmag_703	74e05862-a704-4e35-b0df-b1fe07bc87d6	COMPLETED	279	279	06:45.572		1	16Gn	2026-10-02T16:36:47	2026-10-02T16:41:26	mjolnircomp17fl	406318080
45817957	merge_gene_annotations	cmag_748	74e05862-a704-4e35-b0df-b1fe07bc87d6	COMPLETED	20	20	00:13.081		1	8Gn	2026-10-02T16:37:48	2026-10-02T16:38:08	mjolnircomp08fl	927744
45817959	ncbifam	cmag_345	74e05862-a704-4e35-b0df-b1fe07bc87d6	COMPLETED	902	902	26:45.876		1	16Gn	2026-10-02T16:37:48	2026-10-02T16:52:50	mjolnircomp13fl	479375360
45817960	kegg	cmag_518	74e05862-a704-4e35-b0df-b1fe07bc87d6	COMPLETED	1076	1076	30:51.919		1	8Gn	2026-10-02T16:41:21	2026-10-02T16:59:17	mjolnircomp09fl	673549312
45817961	kegg	cmag_290	74e05862-a704-4e35-b0df-b1fe07bc87d6	COMPLETED	1063	1063	30:33.521		1	8Gn	2026-10-02T16:38:49	2026-10-02T16:56:32	mjolnircomp16fl	702343168
45817963	kegg	cmag_689	74e05862-a704-4e35-b0df-b1fe07bc87d6	COMPLETED	968	968	27:37.072		1	8Gn	2026-10-02T16:42:22	2026-10-02T16:58:30	mjolnircomp09fl	740191232
45817967	kegg	cmag_088	74e05862-a704-4e35-b0df-b1fe07bc87d6	TIMEOUT	2125	2125	00:01.382		1	8Gn	2026-10-02T16:42:22	2026-10-02T17:17:47	mjolnircomp05fl	697019392
45817969	ncbifam	cmag_275	74e05862-a704-4e35-b0df-b1fe07bc87d6	COMPLETED	946	946	25:03.209		1	16Gn	2026-10-02T16:42:22	2026-10-02T16:58:08	mjolnircomp05fl	396319744
45817970	prodigal	cmag_295	74e05862-a704-4e35-b0df-b1fe07bc87d6	COMPLETED	8	8	00:04.948		1	3769Mn	2026-10-02T17:07:40	2026-10-02T17:07:48	mjolnircomp09fl	818176
45817971	ncbifam	cmag_011	74e05862-a704-4e35-b0df-b1fe07bc87d6	COMPLETED	883	883	23:22.165		1	16Gn	2026-10-02T16:42:22	2026-10-02T16:57:05	mjolnircomp05fl	407316480
45817972	prodigal	cmag_378	74e05862-a704-4e35-b0df-b1fe07bc87d6	COMPLETED	15	15	00:04.382		1	1356Mn	2026-10-02T16:58:03	2026-10-02T16:58:18	mjolnircomp17fl	1149952
45817973	kegg	cmag_177	74e05862-a704-4e35-b0df-b1fe07bc87d6	COMPLETED	1877	1877	54:50.820		1	8Gn	2026-10-02T16:43:23	2026-10-02T17:14:40	mjolnircomp08fl	1038197760
45817974	merge_gene_annotations	cmag_484	74e05862-a704-4e35-b0df-b1fe07bc87d6	COMPLETED	24	24	00:12.132		1	8Gn	2026-10-02T16:38:18	2026-10-02T16:38:42	mjolnircomp08fl	877568
45817976	pfam	cmag_320	74e05862-a704-4e35-b0df-b1fe07bc87d6	COMPLETED	2498	2498	01:10:51		1	9352Mn	2026-10-02T16:43:23	2026-10-02T17:25:01	mjolnircomp17fl	250757120
45817977	ncbifam	cmag_657	74e05862-a704-4e35-b0df-b1fe07bc87d6	COMPLETED	317	317	09:03.398		1	16Gn	2026-10-02T16:43:23	2026-10-02T16:48:40	mjolnircomp15fl	374824960
45817978	pfam	cmag_287	74e05862-a704-4e35-b0df-b1fe07bc87d6	COMPLETED	499	499	13:17.764		1	8Gn	2026-10-02T16:48:27	2026-10-02T16:56:46	mjolnircomp16fl	188324864
45817979	cazy	cmag_269	74e05862-a704-4e35-b0df-b1fe07bc87d6	COMPLETED	19	19	00:14.031		1	8Gn	2026-10-02T17:07:40	2026-10-02T17:07:59	mjolnircomp09fl	816128
45817980	pfam	cmag_473	74e05862-a704-4e35-b0df-b1fe07bc87d6	COMPLETED	789	789	21:32.303		1	8Gn	2026-10-02T16:44:54	2026-10-02T16:58:03	mjolnircomp16fl	262539264
45817981	cazy	cmag_588	74e05862-a704-4e35-b0df-b1fe07bc87d6	COMPLETED	16	16	00:11.262		1	8Gn	2026-10-02T17:07:40	2026-10-02T17:07:56	mjolnircomp09fl	814080
45817986	cazy	cmag_226	74e05862-a704-4e35-b0df-b1fe07bc87d6	COMPLETED	17	17	00:11.322		1	8Gn	2026-10-02T17:07:40	2026-10-02T17:07:57	mjolnircomp09fl	811008
45817987	tigrfam	cmag_073	74e05862-a704-4e35-b0df-b1fe07bc87d6	COMPLETED	249	249	06:22.106		1	16Gn	2026-10-02T16:38:49	2026-10-02T16:42:58	mjolnircomp08fl	401729536
45817990	tigrfam	cmag_504	74e05862-a704-4e35-b0df-b1fe07bc87d6	COMPLETED	222	222	05:53.794		1	16Gn	2026-10-02T16:39:19	2026-10-02T16:43:01	mjolnircomp15fl	386134016
45817991	pfam	cmag_787	74e05862-a704-4e35-b0df-b1fe07bc87d6	COMPLETED	367	367	09:42.807		1	8Gn	2026-10-02T16:49:57	2026-10-02T16:56:04	mjolnircomp16fl	237350912
45817999	ncbifam	cmag_508	74e05862-a704-4e35-b0df-b1fe07bc87d6	COMPLETED	587	587	16:54.923		1	16Gn	2026-10-02T16:42:22	2026-10-02T16:52:09	mjolnircomp01fl	433694720
45818006	tigrfam	cmag_042	74e05862-a704-4e35-b0df-b1fe07bc87d6	COMPLETED	175	175	04:41.774		1	16Gn	2026-10-02T16:42:22	2026-10-02T16:45:17	mjolnircomp11fl	373267456
45818007	pfam	cmag_162	74e05862-a704-4e35-b0df-b1fe07bc87d6	COMPLETED	1121	1121	31:37.543		1	8Gn	2026-10-02T16:42:52	2026-10-02T17:01:33	mjolnircomp03fl	222696448
45818008	kegg	cmag_312	74e05862-a704-4e35-b0df-b1fe07bc87d6	COMPLETED	2346	2346	01:06:27		1	8Gn	2026-10-02T16:45:55	2026-10-02T17:25:01	mjolnircomp17fl	1131043840
45818009	merge_gene_annotations	cmag_157	74e05862-a704-4e35-b0df-b1fe07bc87d6	COMPLETED	23	23	00:14.370		1	8Gn	2026-10-02T16:46:56	2026-10-02T16:47:19	mjolnirgpu02fl	851968
45818014	pfam	cmag_356	74e05862-a704-4e35-b0df-b1fe07bc87d6	COMPLETED	645	645	17:10.595		1	8Gn	2026-10-02T16:46:25	2026-10-02T16:57:10	mjolnircomp16fl	228547584
45818015	pfam	cmag_488	74e05862-a704-4e35-b0df-b1fe07bc87d6	COMPLETED	1034	1034	25:54.162		1	8Gn	2026-10-02T16:42:52	2026-10-02T17:00:06	mjolnircomp09fl	182360064
45818017	pfam	cmag_560	74e05862-a704-4e35-b0df-b1fe07bc87d6	COMPLETED	1301	1301	36:34.188		1	8Gn	2026-10-02T16:50:58	2026-10-02T17:12:39	mjolnircomp17fl	206536704
45818018	ncbifam	cmag_438	74e05862-a704-4e35-b0df-b1fe07bc87d6	COMPLETED	573	573	16:53.064		1	16Gn	2026-10-02T16:44:24	2026-10-02T16:53:57	mjolnircomp15fl	363445248
45818019	ncbifam	cmag_481	74e05862-a704-4e35-b0df-b1fe07bc87d6	COMPLETED	1050	1050	30:46.505		1	16Gn	2026-10-02T16:44:54	2026-10-02T17:02:24	mjolnircomp15fl	367973376
45818023	prodigal	cmag_462	74e05862-a704-4e35-b0df-b1fe07bc87d6	COMPLETED	24	24	00:21.121		1	4452Mn	2026-10-02T17:10:12	2026-10-02T17:10:36	mjolnircomp05fl	807936
45818024	prodigal	cmag_600	74e05862-a704-4e35-b0df-b1fe07bc87d6	COMPLETED	8	8	00:05.238		1	1552Mn	2026-10-02T17:10:12	2026-10-02T17:10:20	mjolnircomp05fl	807936
45818027	kegg	cmag_315	74e05862-a704-4e35-b0df-b1fe07bc87d6	COMPLETED	2262	2262	01:09:13		1	8Gn	2026-10-02T16:45:55	2026-10-02T17:23:37	mjolnircomp11fl	1352227840
45818028	pfam	cmag_112	74e05862-a704-4e35-b0df-b1fe07bc87d6	COMPLETED	1353	1353	36:01.664		1	8Gn	2026-10-02T16:47:26	2026-10-02T17:09:59	mjolnirgpu02fl	321768448
45818032	tigrfam	cmag_164	74e05862-a704-4e35-b0df-b1fe07bc87d6	COMPLETED	163	163	03:48.825		1	16Gn	2026-10-02T16:48:57	2026-10-02T16:51:40	mjolnirgpu03fl	411646976
45818033	kegg	cmag_485	74e05862-a704-4e35-b0df-b1fe07bc87d6	COMPLETED	668	668	18:04.542		1	8Gn	2026-10-02T16:47:26	2026-10-02T16:58:34	mjolnircomp16fl	671516672
45818034	kegg	cmag_338	74e05862-a704-4e35-b0df-b1fe07bc87d6	COMPLETED	1759	1759	52:19.324		1	8Gn	2026-10-02T16:51:28	2026-10-02T17:20:47	mjolnircomp12fl	984916992
45818035	kegg	cmag_659	74e05862-a704-4e35-b0df-b1fe07bc87d6	COMPLETED	809	809	23:16.227		1	8Gn	2026-10-02T16:51:28	2026-10-02T17:04:57	mjolnircomp09fl	675436544
45818037	prodigal	cmag_467	74e05862-a704-4e35-b0df-b1fe07bc87d6	COMPLETED	9	9	00:06.700		1	2275Mn	2026-10-02T17:10:12	2026-10-02T17:10:21	mjolnircomp05fl	805888
45818038	prodigal	cmag_652	74e05862-a704-4e35-b0df-b1fe07bc87d6	COMPLETED	5	5	00:02.622		1	1466Mn	2026-10-02T16:59:34	2026-10-02T16:59:39	mjolnircomp16fl	869376
45818041	ncbifam	cmag_257	74e05862-a704-4e35-b0df-b1fe07bc87d6	COMPLETED	1706	1706	48:01.330		1	16Gn	2026-10-02T16:49:57	2026-10-02T17:18:23	mjolnircomp06fl	474046464
45818042	cazy	cmag_734	74e05862-a704-4e35-b0df-b1fe07bc87d6	COMPLETED	28	28	00:24.023		1	8Gn	2026-10-02T17:10:12	2026-10-02T17:10:40	mjolnircomp05fl	805888
45818043	pfam	cmag_443	74e05862-a704-4e35-b0df-b1fe07bc87d6	COMPLETED	592	592	15:54.523		1	8Gn	2026-10-02T16:49:27	2026-10-02T16:59:19	mjolnircomp16fl	267628544
45818052	kegg	cmag_412	74e05862-a704-4e35-b0df-b1fe07bc87d6	COMPLETED	1855	1855	54:42.109		1	8Gn	2026-10-02T16:51:59	2026-10-02T17:22:54	mjolnircomp10fl	856579072
45818053	ncbifam	cmag_767	74e05862-a704-4e35-b0df-b1fe07bc87d6	COMPLETED	408	408	10:40.367		1	16Gn	2026-10-02T16:51:59	2026-10-02T16:58:47	mjolnirgpu03fl	395332608
45818059	kegg	cmag_775	74e05862-a704-4e35-b0df-b1fe07bc87d6	COMPLETED	1385	1385	40:54.637		1	8Gn	2026-10-02T16:52:29	2026-10-02T17:15:34	mjolnircomp10fl	898078720
45818060	ncbifam	cmag_172	74e05862-a704-4e35-b0df-b1fe07bc87d6	COMPLETED	654	654	19:01.122		1	16Gn	2026-10-02T16:52:29	2026-10-02T17:03:23	mjolnircomp01fl	441436160
45818061	tigrfam	cmag_011	74e05862-a704-4e35-b0df-b1fe07bc87d6	COMPLETED	94	94	02:27.945		1	16Gn	2026-10-02T16:53:00	2026-10-02T16:54:34	mjolnircomp13fl	412216320
45818062	ncbifam	cmag_171	74e05862-a704-4e35-b0df-b1fe07bc87d6	COMPLETED	561	561	14:38.782		1	16Gn	2026-10-02T17:13:44	2026-10-02T17:23:05	mjolnirgpu03fl	356284416
45818063	pfam	cmag_545	74e05862-a704-4e35-b0df-b1fe07bc87d6	COMPLETED	1199	1199	33:53.601		1	8Gn	2026-10-02T16:53:30	2026-10-02T17:13:29	mjolnircomp17fl	198574080
45818064	tigrfam	cmag_225	74e05862-a704-4e35-b0df-b1fe07bc87d6	COMPLETED	179	179	04:06.278		1	16Gn	2026-10-02T16:54:00	2026-10-02T16:56:59	mjolnircomp15fl	349693952
45818066	tigrfam	cmag_067	74e05862-a704-4e35-b0df-b1fe07bc87d6	COMPLETED	267	267	07:04.125		1	16Gn	2026-10-02T16:55:01	2026-10-02T16:59:28	mjolnircomp06fl	375625728
45818067	tigrfam	cmag_121	74e05862-a704-4e35-b0df-b1fe07bc87d6	COMPLETED	153	153	04:03.583		1	16Gn	2026-10-02T16:55:01	2026-10-02T16:57:34	mjolnircomp13fl	359942144
45818072	tigrfam	cmag_541	74e05862-a704-4e35-b0df-b1fe07bc87d6	COMPLETED	220	220	05:57.042		1	16Gn	2026-10-02T16:58:02	2026-10-02T17:01:42	mjolnircomp13fl	377513984
45818075	pfam	cmag_133	74e05862-a704-4e35-b0df-b1fe07bc87d6	COMPLETED	788	788	20:11.311		1	8Gn	2026-10-02T16:56:01	2026-10-02T17:09:09	mjolnircomp09fl	219645952
45818076	tigrfam	cmag_170	74e05862-a704-4e35-b0df-b1fe07bc87d6	COMPLETED	249	249	06:01.979		1	16Gn	2026-10-02T16:59:03	2026-10-02T17:03:12	mjolnirgpu03fl	398323712
45818077	tigrfam	cmag_414	74e05862-a704-4e35-b0df-b1fe07bc87d6	COMPLETED	225	225	05:48.736		1	16Gn	2026-10-02T16:59:34	2026-10-02T17:03:19	mjolnircomp06fl	365120512
45818078	ncbifam	cmag_411	74e05862-a704-4e35-b0df-b1fe07bc87d6	COMPLETED	724	724	21:15.922		1	16Gn	2026-10-02T17:02:06	2026-10-02T17:14:10	mjolnircomp13fl	380065792
45818080	tigrfam	cmag_366	74e05862-a704-4e35-b0df-b1fe07bc87d6	COMPLETED	253	253	06:05.683		1	16Gn	2026-10-02T17:10:42	2026-10-02T17:14:55	mjolnircomp05fl	289836032
45818081	pfam	cmag_654	74e05862-a704-4e35-b0df-b1fe07bc87d6	COMPLETED	753	753	20:58.853		1	8Gn	2026-10-02T16:57:02	2026-10-02T17:09:35	mjolnircomp17fl	186505216
45818082	tigrfam	cmag_432	74e05862-a704-4e35-b0df-b1fe07bc87d6	COMPLETED	157	157	04:11.857		1	16Gn	2026-10-02T17:03:37	2026-10-02T17:06:14	mjolnircomp01fl	394997760
45818083	pfam	cmag_348	74e05862-a704-4e35-b0df-b1fe07bc87d6	COMPLETED	743	743	19:10.545		1	8Gn	2026-10-02T16:57:02	2026-10-02T17:09:25	mjolnircomp09fl	212966400
45818084	ncbifam	cmag_238	74e05862-a704-4e35-b0df-b1fe07bc87d6	COMPLETED	1417	1417	40:49.504		1	16Gn	2026-10-02T17:03:37	2026-10-02T17:27:14	mjolnircomp06fl	443713536
45818085	kegg	cmag_025	74e05862-a704-4e35-b0df-b1fe07bc87d6	COMPLETED	2424	2424	01:11:40		1	8Gn	2026-10-02T17:02:06	2026-10-02T17:42:30	mjolnircomp01fl	1031606272
45818087	ncbifam	cmag_164	74e05862-a704-4e35-b0df-b1fe07bc87d6	COMPLETED	423	423	11:45.040		1	16Gn	2026-10-02T17:20:49	2026-10-02T17:27:52	mjolnircomp10fl	440015872
45818088	cazy	cmag_591	74e05862-a704-4e35-b0df-b1fe07bc87d6	COMPLETED	18	18	00:12.776		1	8Gn	2026-10-02T17:11:12	2026-10-02T17:11:30	mjolnircomp09fl	822272
45818089	cazy	cmag_476	74e05862-a704-4e35-b0df-b1fe07bc87d6	COMPLETED	17	17	00:11.909		1	8Gn	2026-10-02T17:11:12	2026-10-02T17:11:29	mjolnircomp09fl	824320
45818090	ncbifam	cmag_206	74e05862-a704-4e35-b0df-b1fe07bc87d6	COMPLETED	570	570	16:20.179		1	16Gn	2026-10-02T17:06:39	2026-10-02T17:16:09	mjolnircomp01fl	362090496
45818096	pfam	cmag_255	74e05862-a704-4e35-b0df-b1fe07bc87d6	COMPLETED	806	806	20:43.475		1	8Gn	2026-10-02T16:58:33	2026-10-02T17:11:59	mjolnircomp09fl	207861760
45818097	pfam	cmag_724	74e05862-a704-4e35-b0df-b1fe07bc87d6	COMPLETED	1751	1751	45:05.869		1	8Gn	2026-10-02T16:57:32	2026-10-02T17:26:43	mjolnircomp05fl	272283648
45818098	kegg	cmag_720	74e05862-a704-4e35-b0df-b1fe07bc87d6	COMPLETED	1141	1141	33:39.096		1	8Gn	2026-10-02T16:57:32	2026-10-02T17:16:33	mjolnircomp10fl	776330240
45818099	kegg	cmag_674	74e05862-a704-4e35-b0df-b1fe07bc87d6	COMPLETED	1766	1766	52:33.086		1	8Gn	2026-10-02T17:00:04	2026-10-02T17:29:30	mjolnircomp10fl	999719936
45818100	prodigal	cmag_416	74e05862-a704-4e35-b0df-b1fe07bc87d6	COMPLETED	11	11	00:08.598		1	3641Mn	2026-10-02T17:10:42	2026-10-02T17:10:53	mjolnircomp16fl	854016
45818101	prodigal	cmag_003	74e05862-a704-4e35-b0df-b1fe07bc87d6	COMPLETED	5	5	00:02.520		1	1Gn	2026-10-02T17:11:12	2026-10-02T17:11:17	mjolnircomp16fl	890880
45818102	kegg	cmag_622	74e05862-a704-4e35-b0df-b1fe07bc87d6	COMPLETED	1705	1705	50:23.616		1	8Gn	2026-10-02T16:58:02	2026-10-02T17:26:27	mjolnircomp10fl	1011386368
45818103	ncbifam	cmag_666	74e05862-a704-4e35-b0df-b1fe07bc87d6	COMPLETED	439	439	12:36.615		1	16Gn	2026-10-02T17:23:19	2026-10-02T17:30:38	mjolnircomp10fl	402752512
45818104	tigrfam	cmag_503	74e05862-a704-4e35-b0df-b1fe07bc87d6	COMPLETED	168	168	04:31.007		1	16Gn	2026-10-02T17:11:43	2026-10-02T17:14:31	mjolnircomp07fl	360108032
45818105	merge_gene_annotations	cmag_804	74e05862-a704-4e35-b0df-b1fe07bc87d6	COMPLETED	21	21	00:15.692		1	8Gn	2026-10-02T17:13:14	2026-10-02T17:13:35	mjolnirgpu03fl	845824
45818106	pfam	cmag_476	74e05862-a704-4e35-b0df-b1fe07bc87d6	COMPLETED	1241	1241	34:22.110		1	8Gn	2026-10-02T16:58:33	2026-10-02T17:19:14	mjolnircomp17fl	213863424
45818107	cazy	cmag_375	74e05862-a704-4e35-b0df-b1fe07bc87d6	COMPLETED	15	15	00:11.499		1	8Gn	2026-10-02T17:11:43	2026-10-02T17:11:58	mjolnircomp09fl	826368
45818115	ncbifam	cmag_052	74e05862-a704-4e35-b0df-b1fe07bc87d6	COMPLETED	638	638	16:58.796		1	16Gn	2026-10-02T16:58:33	2026-10-02T17:09:11	mjolnircomp05fl	408922112
45818116	ncbifam	cmag_287	74e05862-a704-4e35-b0df-b1fe07bc87d6	COMPLETED	896	896	23:37.358		1	16Gn	2026-10-02T16:59:34	2026-10-02T17:14:30	mjolnircomp05fl	393733120
45818117	pfam	cmag_085	74e05862-a704-4e35-b0df-b1fe07bc87d6	COMPLETED	323	323	08:59.900		1	8Gn	2026-10-02T16:58:33	2026-10-02T17:03:56	mjolnircomp16fl	206177280
45818118	cazy	cmag_755	74e05862-a704-4e35-b0df-b1fe07bc87d6	COMPLETED	16	16	00:11.947		1	8Gn	2026-10-02T17:11:43	2026-10-02T17:11:59	mjolnircomp09fl	824320
45818119	ncbifam	cmag_503	74e05862-a704-4e35-b0df-b1fe07bc87d6	COMPLETED	555	555	16:24.114		1	16Gn	2026-10-02T17:14:15	2026-10-02T17:23:30	mjolnircomp13fl	423837696
45818120	ncbifam	cmag_724	74e05862-a704-4e35-b0df-b1fe07bc87d6	COMPLETED	787	787	22:01.358		1	16Gn	2026-10-02T17:14:45	2026-10-02T17:27:52	mjolnircomp07fl	401481728
45818124	kegg	cmag_222	74e05862-a704-4e35-b0df-b1fe07bc87d6	COMPLETED	780	780	22:50.638		1	8Gn	2026-10-02T17:00:04	2026-10-02T17:13:04	mjolnircomp09fl	698506240
45818125	tigrfam	cmag_534	74e05862-a704-4e35-b0df-b1fe07bc87d6	COMPLETED	174	174	04:05.982		1	16Gn	2026-10-02T17:13:14	2026-10-02T17:16:08	mjolnirgpu03fl	354845696
45818126	tigrfam	cmag_378	74e05862-a704-4e35-b0df-b1fe07bc87d6	COMPLETED	78	78	02:01.489		1	16Gn	2026-10-02T17:00:04	2026-10-02T17:01:22	mjolnircomp10fl	382041088
45818127	prodigal	cmag_728	74e05862-a704-4e35-b0df-b1fe07bc87d6	COMPLETED	8	8	00:05.011		1	3163Mn	2026-10-02T17:11:12	2026-10-02T17:11:20	mjolnircomp16fl	890880
45818128	kegg	cmag_375	74e05862-a704-4e35-b0df-b1fe07bc87d6	COMPLETED	994	994	29:13.153		1	8Gn	2026-10-02T17:01:35	2026-10-02T17:18:09	mjolnircomp10fl	731468800
45818129	prodigal	cmag_183	74e05862-a704-4e35-b0df-b1fe07bc87d6	COMPLETED	6	6	00:03.208		1	2107Mn	2026-10-02T17:12:13	2026-10-02T17:12:19	mjolnircomp16fl	885760
45818138	ncbifam	cmag_770	74e05862-a704-4e35-b0df-b1fe07bc87d6	COMPLETED	497	497	13:57.993		1	16Gn	2026-10-02T17:14:45	2026-10-02T17:23:02	mjolnircomp08fl	348097536
45818139	cazy	cmag_085	74e05862-a704-4e35-b0df-b1fe07bc87d6	COMPLETED	14	14	00:08.704		1	8Gn	2026-10-02T17:14:45	2026-10-02T17:14:59	mjolnircomp09fl	849920
45818140	tigrfam	cmag_730	74e05862-a704-4e35-b0df-b1fe07bc87d6	COMPLETED	216	216	05:35.001		1	16Gn	2026-10-02T17:18:48	2026-10-02T17:22:24	mjolnircomp06fl	323178496
45818141	prodigal	cmag_651	74e05862-a704-4e35-b0df-b1fe07bc87d6	COMPLETED	11	11	00:08.511		1	2981Mn	2026-10-02T17:12:13	2026-10-02T17:12:24	mjolnircomp16fl	889856
45818142	prodigal	cmag_377	74e05862-a704-4e35-b0df-b1fe07bc87d6	COMPLETED	9	9	00:06.154		1	1825Mn	2026-10-02T17:12:13	2026-10-02T17:12:22	mjolnircomp05fl	807936
45818143	kegg	cmag_590	74e05862-a704-4e35-b0df-b1fe07bc87d6	COMPLETED	2787	2787	01:24:50		1	8740Mn	2026-10-02T17:20:49	2026-10-02T18:07:16	mjolnircomp09fl	1049131008
45818144	ncbifam	cmag_054	74e05862-a704-4e35-b0df-b1fe07bc87d6	COMPLETED	834	834	22:09.429		1	16Gn	2026-10-02T17:55:29	2026-10-02T18:09:23	mjolnirgpu02fl	364479488
45818145	prodigal	cmag_556	74e05862-a704-4e35-b0df-b1fe07bc87d6	COMPLETED	9	9	00:06.123		1	1910Mn	2026-10-02T17:12:13	2026-10-02T17:12:22	mjolnircomp05fl	801792
45818153	cazy	cmag_222	74e05862-a704-4e35-b0df-b1fe07bc87d6	COMPLETED	28	28	00:22.046		1	8Gn	2026-10-02T17:16:46	2026-10-02T17:17:14	mjolnircomp05fl	800768
45818154	merge_gene_annotations	cmag_048	74e05862-a704-4e35-b0df-b1fe07bc87d6	COMPLETED	27	27	00:21.653		1	8Gn	2026-10-02T17:20:49	2026-10-02T17:21:16	mjolnirgpu01fl	875520
45818155	pfam	cmag_734	74e05862-a704-4e35-b0df-b1fe07bc87d6	COMPLETED	792	792	20:46.707		1	8Gn	2026-10-02T17:00:34	2026-10-02T17:13:46	mjolnircomp09fl	188858368
45818156	cazy	cmag_622	74e05862-a704-4e35-b0df-b1fe07bc87d6	COMPLETED	49	49	00:20.971		1	8Gn	2026-10-02T17:16:46	2026-10-02T17:17:35	mjolnircomp17fl	284133376
45818158	cazy	cmag_232	74e05862-a704-4e35-b0df-b1fe07bc87d6	COMPLETED	32	32	00:28.138		1	8Gn	2026-10-02T17:17:47	2026-10-02T17:18:19	mjolnircomp05fl	77305856
45818159	pfam	cmag_054	74e05862-a704-4e35-b0df-b1fe07bc87d6	COMPLETED	544	544	15:08.545		1	8Gn	2026-10-02T17:01:05	2026-10-02T17:10:09	mjolnircomp03fl	274373632
45818160	kegg	cmag_137	74e05862-a704-4e35-b0df-b1fe07bc87d6	TIMEOUT	3729	3729	00:01.501		1	8Gn	2026-10-02T17:10:42	2026-10-02T18:12:51	mjolnircomp05fl	870467584
45818161	cazy	cmag_720	74e05862-a704-4e35-b0df-b1fe07bc87d6	COMPLETED	28	28	00:22.611		1	8Gn	2026-10-02T17:17:47	2026-10-02T17:18:15	mjolnircomp05fl	809984
45818167	kegg	cmag_741	74e05862-a704-4e35-b0df-b1fe07bc87d6	COMPLETED	708	708	20:13.669		1	8Gn	2026-10-02T17:01:35	2026-10-02T17:13:23	mjolnircomp09fl	613665792
45818172	kegg	cmag_057	74e05862-a704-4e35-b0df-b1fe07bc87d6	COMPLETED	2925	2925	01:17:44		1	8Gn	2026-10-02T17:02:06	2026-10-02T17:50:51	mjolnircomp05fl	694355968
45818173	kegg	cmag_251	74e05862-a704-4e35-b0df-b1fe07bc87d6	TIMEOUT	3075	3075	00:01.414		1	8Gn	2026-10-02T17:02:06	2026-10-02T17:53:21	mjolnircomp05fl	711959552
45818178	kegg	cmag_366	74e05862-a704-4e35-b0df-b1fe07bc87d6	COMPLETED	1061	1061	30:41.095		1	8Gn	2026-10-02T17:03:06	2026-10-02T17:20:47	mjolnircomp15fl	941373440
45818179	tigrfam	cmag_450	74e05862-a704-4e35-b0df-b1fe07bc87d6	COMPLETED	236	236	05:38.208		1	16Gn	2026-10-02T17:11:12	2026-10-02T17:15:08	mjolnircomp05fl	341885952
45818180	pfam	cmag_215	74e05862-a704-4e35-b0df-b1fe07bc87d6	COMPLETED	415	415	10:36.933		1	8Gn	2026-10-02T17:03:37	2026-10-02T17:10:32	mjolnircomp09fl	242275328
45818186	ncbifam	cmag_815	74e05862-a704-4e35-b0df-b1fe07bc87d6	COMPLETED	615	615	17:18.114		1	16Gn	2026-10-02T17:21:19	2026-10-02T17:31:34	mjolnirgpu01fl	435740672
45818187	cazy	cmag_299	74e05862-a704-4e35-b0df-b1fe07bc87d6	COMPLETED	27	27	00:23.898		1	8Gn	2026-10-02T17:19:18	2026-10-02T17:19:45	mjolnircomp05fl	807936
45818188	kegg	cmag_184	74e05862-a704-4e35-b0df-b1fe07bc87d6	COMPLETED	3076	3076	01:22:27		1	8Gn	2026-10-02T17:04:08	2026-10-02T17:55:24	mjolnircomp05fl	911474688
45818189	tigrfam	cmag_172	74e05862-a704-4e35-b0df-b1fe07bc87d6	COMPLETED	284	284	07:32.323		1	16Gn	2026-10-02T17:22:49	2026-10-02T17:27:33	mjolnircomp06fl	400026624
45818198	prodigal	cmag_055	74e05862-a704-4e35-b0df-b1fe07bc87d6	COMPLETED	9	9	00:06.461		1	1080Mn	2026-10-02T17:12:13	2026-10-02T17:12:22	mjolnircomp05fl	806912
45818211	kegg	cmag_816	74e05862-a704-4e35-b0df-b1fe07bc87d6	COMPLETED	3292	3292	01:30:08		1	8Gn	2026-10-02T17:11:43	2026-10-02T18:06:35	mjolnircomp05fl	956052480
45818212	kegg	cmag_062	74e05862-a704-4e35-b0df-b1fe07bc87d6	COMPLETED	1243	1243	36:31.582		1	8Gn	2026-10-02T17:05:08	2026-10-02T17:25:51	mjolnircomp03fl	949804032
45818213	ncbifam	cmag_443	74e05862-a704-4e35-b0df-b1fe07bc87d6	COMPLETED	479	479	13:46.055		1	16Gn	2026-10-02T17:58:59	2026-10-02T18:06:58	mjolnircomp10fl	366713856
45818214	ncbifam	cmag_348	74e05862-a704-4e35-b0df-b1fe07bc87d6	COMPLETED	480	480	13:27.277		1	16Gn	2026-10-02T17:23:49	2026-10-02T17:31:49	mjolnircomp08fl	417396736
45818220	prodigal	cmag_179	74e05862-a704-4e35-b0df-b1fe07bc87d6	COMPLETED	7	7	00:05.130		1	2815Mn	2026-10-02T17:12:44	2026-10-02T17:12:51	mjolnircomp16fl	890880
45818224	kegg	cmag_532	74e05862-a704-4e35-b0df-b1fe07bc87d6	TIMEOUT	1092	1092	00:01.561		1	8Gn	2026-10-02T17:06:09	2026-10-02T17:24:21	mjolnircomp05fl	720586752
45818226	prodigal	cmag_738	74e05862-a704-4e35-b0df-b1fe07bc87d6	COMPLETED	11	11	00:09.111		1	3942Mn	2026-10-02T17:12:44	2026-10-02T17:12:55	mjolnircomp05fl	806912
45818227	tigrfam	cmag_481	74e05862-a704-4e35-b0df-b1fe07bc87d6	COMPLETED	259	259	07:01.163		1	16Gn	2026-10-02T17:23:49	2026-10-02T17:28:08	mjolnircomp13fl	399312896
45818228	kegg	cmag_719	74e05862-a704-4e35-b0df-b1fe07bc87d6	COMPLETED	3840	3840	01:54:50		1	8Gn	2026-10-02T17:27:20	2026-10-02T18:31:20	mjolnircomp06fl	860361728
45818230	prodigal	cmag_552	74e05862-a704-4e35-b0df-b1fe07bc87d6	COMPLETED	6	6	00:03.866		1	1540Mn	2026-10-02T17:12:44	2026-10-02T17:12:50	mjolnircomp16fl	867328
45818231	pfam	cmag_591	74e05862-a704-4e35-b0df-b1fe07bc87d6	COMPLETED	1419	1419	37:58.103		1	8Gn	2026-10-02T17:07:40	2026-10-02T17:31:19	mjolnircomp05fl	187800576
45818232	cazy	cmag_312	74e05862-a704-4e35-b0df-b1fe07bc87d6	COMPLETED	30	30	00:25.382		1	8Gn	2026-10-02T17:20:19	2026-10-02T17:20:49	mjolnircomp05fl	807936
45818238	cazy	cmag_087	74e05862-a704-4e35-b0df-b1fe07bc87d6	COMPLETED	28	28	00:23.626		1	8Gn	2026-10-02T17:10:12	2026-10-02T17:10:40	mjolnircomp05fl	809984
45818239	tigrfam	cmag_287	74e05862-a704-4e35-b0df-b1fe07bc87d6	COMPLETED	103	103	02:41.947		1	16Gn	2026-10-02T17:15:46	2026-10-02T17:17:29	mjolnircomp10fl	290765824
45818240	cazy	cmag_674	74e05862-a704-4e35-b0df-b1fe07bc87d6	COMPLETED	37	37	00:32.490		1	8Gn	2026-10-02T17:20:49	2026-10-02T17:21:26	mjolnircomp05fl	77249536
45818241	tigrfam	cmag_238	74e05862-a704-4e35-b0df-b1fe07bc87d6	COMPLETED	336	336	07:52.008		1	16Gn	2026-10-02T17:27:20	2026-10-02T17:32:56	mjolnirgpu02fl	407535616
45818242	pfam	cmag_299	74e05862-a704-4e35-b0df-b1fe07bc87d6	COMPLETED	1038	1038	29:10.060		1	8Gn	2026-10-02T17:09:42	2026-10-02T17:27:00	mjolnircomp17fl	194180096
45818244	pfam	cmag_186	74e05862-a704-4e35-b0df-b1fe07bc87d6	COMPLETED	1940	1940	50:14.944		1	8Gn	2026-10-02T17:09:42	2026-10-02T17:42:02	mjolnircomp05fl	194792448
45818245	ncbifam	cmag_476	74e05862-a704-4e35-b0df-b1fe07bc87d6	COMPLETED	1256	1256	35:22.032		1	16Gn	2026-10-02T17:27:50	2026-10-02T17:48:46	mjolnircomp06fl	387001344
45818246	kegg	cmag_374	74e05862-a704-4e35-b0df-b1fe07bc87d6	COMPLETED	2169	2169	01:00:59		1	8Gn	2026-10-02T17:16:16	2026-10-02T17:52:25	mjolnirgpu03fl	1134016512
45818247	prodigal	cmag_056	74e05862-a704-4e35-b0df-b1fe07bc87d6	COMPLETED	6	6	00:02.805		1	1603Mn	2026-10-02T17:16:46	2026-10-02T17:16:52	mjolnircomp16fl	892928
45818248	pfam	cmag_357	74e05862-a704-4e35-b0df-b1fe07bc87d6	COMPLETED	640	640	17:29.744		1	8Gn	2026-10-02T17:10:42	2026-10-02T17:21:22	mjolnircomp03fl	213993472
45818249	cazy	cmag_092	74e05862-a704-4e35-b0df-b1fe07bc87d6	COMPLETED	18	18	00:12.760		1	8Gn	2026-10-02T17:23:49	2026-10-02T17:24:07	mjolnircomp03fl	849920
45818253	kegg	cmag_016	74e05862-a704-4e35-b0df-b1fe07bc87d6	COMPLETED	1364	1364	40:21.906		1	8Gn	2026-10-02T17:16:46	2026-10-02T17:39:30	mjolnircomp10fl	1530976256
45818254	pfam	cmag_269	74e05862-a704-4e35-b0df-b1fe07bc87d6	COMPLETED	912	912	25:09.864		1	8Gn	2026-10-02T17:13:44	2026-10-02T17:28:56	mjolnirgpu01fl	260385792
45818255	kegg	cmag_402	74e05862-a704-4e35-b0df-b1fe07bc87d6	COMPLETED	1476	1476	44:03.897		1	8Gn	2026-10-02T17:17:47	2026-10-02T17:42:23	mjolnircomp10fl	1023284224
45818256	ncbifam	cmag_654	74e05862-a704-4e35-b0df-b1fe07bc87d6	COMPLETED	402	402	11:28.681		1	16Gn	2026-10-02T17:24:19	2026-10-02T17:31:01	mjolnircomp01fl	385982464
45818257	prodigal	cmag_036	74e05862-a704-4e35-b0df-b1fe07bc87d6	COMPLETED	9	9	00:05.083		1	3731Mn	2026-10-02T17:16:46	2026-10-02T17:16:55	mjolnircomp16fl	848896
45818258	kegg	cmag_478	74e05862-a704-4e35-b0df-b1fe07bc87d6	COMPLETED	1090	1090	31:32.893		1	8Gn	2026-10-02T17:18:17	2026-10-02T17:36:27	mjolnircomp10fl	1060814848
45818259	prodigal	cmag_231	74e05862-a704-4e35-b0df-b1fe07bc87d6	COMPLETED	5	5	00:02.823		1	1796Mn	2026-10-02T17:17:47	2026-10-02T17:17:52	mjolnircomp16fl	899072
45818267	pfam	cmag_611	74e05862-a704-4e35-b0df-b1fe07bc87d6	COMPLETED	954	954	26:29.481		1	8Gn	2026-10-02T17:12:43	2026-10-02T17:28:37	mjolnircomp17fl	192806912
45818268	ncbifam	cmag_462	74e05862-a704-4e35-b0df-b1fe07bc87d6	COMPLETED	963	963	28:11.443		1	16Gn	2026-10-02T17:28:21	2026-10-02T17:44:24	mjolnircomp15fl	376526848
45818269	kegg	cmag_163	74e05862-a704-4e35-b0df-b1fe07bc87d6	COMPLETED	706	706	19:30.076		1	8Gn	2026-10-02T17:15:15	2026-10-02T17:27:01	mjolnircomp03fl	1101646848
45818270	kegg	cmag_295	74e05862-a704-4e35-b0df-b1fe07bc87d6	COMPLETED	2099	2099	01:02:31		1	8Gn	2026-10-02T18:00:00	2026-10-02T18:34:59	mjolnircomp01fl	835542016
45818271	pfam	cmag_465	74e05862-a704-4e35-b0df-b1fe07bc87d6	COMPLETED	884	884	24:34.203		1	8Gn	2026-10-02T17:13:44	2026-10-02T17:28:28	mjolnircomp17fl	205735936
45818280	kegg	cmag_232	74e05862-a704-4e35-b0df-b1fe07bc87d6	COMPLETED	1757	1757	49:32.672		1	8Gn	2026-10-02T17:24:19	2026-10-02T17:53:36	mjolnirgpu03fl	716689408
45818281	tigrfam	cmag_724	74e05862-a704-4e35-b0df-b1fe07bc87d6	COMPLETED	190	190	05:01.369		1	16Gn	2026-10-02T17:28:21	2026-10-02T17:31:31	mjolnircomp16fl	328176640
45818282	tigrfam	cmag_467	74e05862-a704-4e35-b0df-b1fe07bc87d6	COMPLETED	144	144	03:49.012		1	16Gn	2026-10-02T17:28:21	2026-10-02T17:30:45	mjolnircomp16fl	433199104
45818285	cazy	cmag_670	74e05862-a704-4e35-b0df-b1fe07bc87d6	COMPLETED	21	21	00:17.201		1	8Gn	2026-10-02T17:43:26	2026-10-02T17:43:47	mjolnircomp05fl	826368
45818286	kegg	cmag_734	74e05862-a704-4e35-b0df-b1fe07bc87d6	COMPLETED	1404	1404	41:46.036		1	8Gn	2026-10-02T17:26:50	2026-10-02T17:50:14	mjolnircomp10fl	954700800
45818287	kegg	cmag_269	74e05862-a704-4e35-b0df-b1fe07bc87d6	COMPLETED	1473	1473	43:21.079		1	8Gn	2026-10-02T17:28:21	2026-10-02T17:52:54	mjolnircomp10fl	1000349696
45818288	tigrfam	cmag_198	74e05862-a704-4e35-b0df-b1fe07bc87d6	COMPLETED	249	249	06:51.973		1	16Gn	2026-10-02T17:28:51	2026-10-02T17:33:00	mjolnircomp13fl	380735488
45818289	merge_gene_annotations	cmag_034	74e05862-a704-4e35-b0df-b1fe07bc87d6	COMPLETED	18	18	00:14.270		1	8Gn	2026-10-02T17:28:51	2026-10-02T17:29:09	mjolnircomp15fl	864256
45818290	merge_gene_annotations	cmag_358	74e05862-a704-4e35-b0df-b1fe07bc87d6	COMPLETED	16	16	00:11.346		1	8Gn	2026-10-02T17:29:51	2026-10-02T17:30:07	mjolnircomp10fl	827392
45818291	ncbifam	cmag_534	74e05862-a704-4e35-b0df-b1fe07bc87d6	COMPLETED	463	463	13:13.657		1	16Gn	2026-10-02T17:16:16	2026-10-02T17:23:59	mjolnircomp01fl	422246400
45818292	ncbifam	cmag_680	74e05862-a704-4e35-b0df-b1fe07bc87d6	COMPLETED	900	900	24:03.457		1	16Gn	2026-10-02T17:28:51	2026-10-02T17:43:51	mjolnircomp17fl	399452160
45818293	pfam	cmag_179	74e05862-a704-4e35-b0df-b1fe07bc87d6	COMPLETED	913	913	23:32.068		1	8Gn	2026-10-02T18:34:59	2026-10-02T18:50:12	mjolnircomp11fl	191932416
45818294	cazy	cmag_443	74e05862-a704-4e35-b0df-b1fe07bc87d6	COMPLETED	25	25	00:19.943		1	8Gn	2026-10-02T17:43:26	2026-10-02T17:43:51	mjolnircomp05fl	823296
45818298	cazy	cmag_067	74e05862-a704-4e35-b0df-b1fe07bc87d6	COMPLETED	19	19	00:14.781		1	8Gn	2026-10-02T17:43:56	2026-10-02T17:44:15	mjolnircomp10fl	817152
45818299	tigrfam	cmag_179	74e05862-a704-4e35-b0df-b1fe07bc87d6	COMPLETED	288	288	07:01.706		1	16Gn	2026-10-02T17:28:51	2026-10-02T17:33:39	mjolnircomp17fl	325989376
45818300	kegg	cmag_751	74e05862-a704-4e35-b0df-b1fe07bc87d6	COMPLETED	1822	1822	54:35.129		1	8Gn	2026-10-02T18:00:30	2026-10-02T18:30:52	mjolnircomp09fl	763524096
45818301	ncbifam	cmag_467	74e05862-a704-4e35-b0df-b1fe07bc87d6	COMPLETED	586	586	17:02.890		1	16Gn	2026-10-02T17:29:21	2026-10-02T17:39:07	mjolnircomp15fl	376638464
45818304	cazy	cmag_121	74e05862-a704-4e35-b0df-b1fe07bc87d6	COMPLETED	26	26	00:21.604		1	8Gn	2026-10-02T17:43:56	2026-10-02T17:44:22	mjolnircomp05fl	825344
45818305	merge_gene_annotations	cmag_414	74e05862-a704-4e35-b0df-b1fe07bc87d6	COMPLETED	22	22	00:11.769		1	8Gn	2026-10-02T18:01:00	2026-10-02T18:01:22	mjolnircomp11fl	856064
45818308	pfam	cmag_342	74e05862-a704-4e35-b0df-b1fe07bc87d6	COMPLETED	554	554	15:16.228		1	8Gn	2026-10-02T17:35:53	2026-10-02T17:45:07	mjolnircomp10fl	189108224
45818309	ncbifam	cmag_781	74e05862-a704-4e35-b0df-b1fe07bc87d6	COMPLETED	445	445	12:20.923		1	16Gn	2026-10-02T18:01:30	2026-10-02T18:08:55	mjolnircomp11fl	427020288
45818310	tigrfam	cmag_411	74e05862-a704-4e35-b0df-b1fe07bc87d6	COMPLETED	234	234	06:07.364		1	16Gn	2026-10-02T17:29:21	2026-10-02T17:33:15	mjolnirgpu01fl	332344320
45818311	kegg	cmag_416	74e05862-a704-4e35-b0df-b1fe07bc87d6	COMPLETED	1595	1595	48:57.615		1	8Gn	2026-10-02T18:01:30	2026-10-02T18:28:05	mjolnircomp13fl	914376704
45818316	ncbifam	cmag_506	74e05862-a704-4e35-b0df-b1fe07bc87d6	COMPLETED	712	712	20:08.853		1	16Gn	2026-10-02T17:31:21	2026-10-02T17:43:13	mjolnircomp12fl	407371776
45818317	ncbifam	cmag_085	74e05862-a704-4e35-b0df-b1fe07bc87d6	COMPLETED	292	292	08:22.464		1	16Gn	2026-10-02T17:30:51	2026-10-02T17:35:43	mjolnircomp10fl	433192960
45818318	ncbifam	cmag_552	74e05862-a704-4e35-b0df-b1fe07bc87d6	COMPLETED	408	408	11:42.360		1	16Gn	2026-10-02T18:03:00	2026-10-02T18:09:48	mjolnircomp10fl	402577408
45818320	kegg	cmag_110	74e05862-a704-4e35-b0df-b1fe07bc87d6	COMPLETED	1379	1379	41:15.320		1	8Gn	2026-10-02T18:04:00	2026-10-02T18:26:59	mjolnircomp10fl	715996160
45818321	kegg	cmag_323	74e05862-a704-4e35-b0df-b1fe07bc87d6	COMPLETED	1311	1311	38:49.841		1	8Gn	2026-10-02T18:04:30	2026-10-02T18:26:21	mjolnircomp11fl	1343417344
45818322	ncbifam	cmag_732	74e05862-a704-4e35-b0df-b1fe07bc87d6	COMPLETED	988	988	28:27.803		1	16Gn	2026-10-02T17:31:21	2026-10-02T17:47:49	mjolnircomp16fl	480647168
45818323	kegg	cmag_476	74e05862-a704-4e35-b0df-b1fe07bc87d6	COMPLETED	1648	1648	49:22.341		1	8Gn	2026-10-02T18:04:30	2026-10-02T18:31:58	mjolnircomp11fl	921125888
45818324	kegg	cmag_728	74e05862-a704-4e35-b0df-b1fe07bc87d6	COMPLETED	1683	1683	50:56.098		1	8Gn	2026-10-02T18:04:30	2026-10-02T18:32:33	mjolnircomp11fl	731717632
45818331	tigrfam	cmag_076	74e05862-a704-4e35-b0df-b1fe07bc87d6	COMPLETED	201	201	05:23.090		1	16Gn	2026-10-02T17:31:52	2026-10-02T17:35:13	mjolnircomp16fl	389995520
45818332	pfam	cmag_438	74e05862-a704-4e35-b0df-b1fe07bc87d6	COMPLETED	685	685	18:22.958		1	8Gn	2026-10-02T17:36:23	2026-10-02T17:47:48	mjolnircomp10fl	215980032
45818333	kegg	cmag_003	74e05862-a704-4e35-b0df-b1fe07bc87d6	COMPLETED	588	588	16:39.971		1	8Gn	2026-10-02T17:18:48	2026-10-02T17:28:36	mjolnircomp03fl	646822912
45818335	tigrfam	cmag_054	74e05862-a704-4e35-b0df-b1fe07bc87d6	COMPLETED	127	127	03:16.802		1	16Gn	2026-10-02T18:05:01	2026-10-02T18:07:08	mjolnircomp15fl	360269824
45818336	pfam	cmag_552	74e05862-a704-4e35-b0df-b1fe07bc87d6	COMPLETED	456	456	12:50.959		1	8Gn	2026-10-02T17:18:48	2026-10-02T17:26:24	mjolnircomp15fl	269991936
45818337	kegg	cmag_289	74e05862-a704-4e35-b0df-b1fe07bc87d6	COMPLETED	1683	1683	49:08.589		1	8Gn	2026-10-02T18:06:31	2026-10-02T18:34:34	mjolnircomp11fl	1600677888
45818338	kegg	cmag_085	74e05862-a704-4e35-b0df-b1fe07bc87d6	COMPLETED	678	678	20:11.523		1	16Gn	2026-10-02T18:06:31	2026-10-02T18:17:49	mjolnircomp11fl	1025494016
45818342	tigrfam	cmag_558	74e05862-a704-4e35-b0df-b1fe07bc87d6	COMPLETED	375	375	10:01.167		1	16Gn	2026-10-02T17:31:52	2026-10-02T17:38:07	mjolnirgpu01fl	381427712
45818343	pfam	cmag_121	74e05862-a704-4e35-b0df-b1fe07bc87d6	COMPLETED	682	682	18:21.001		1	8Gn	2026-10-02T17:36:23	2026-10-02T17:47:45	mjolnircomp10fl	214259712
45818346	tigrfam	cmag_228	74e05862-a704-4e35-b0df-b1fe07bc87d6	COMPLETED	327	327	08:41.188		1	16Gn	2026-10-02T17:33:22	2026-10-02T17:38:49	mjolnirgpu01fl	426345472
45818352	cazy	cmag_815	74e05862-a704-4e35-b0df-b1fe07bc87d6	COMPLETED	26	26	00:21.253		1	8Gn	2026-10-02T17:44:56	2026-10-02T17:45:22	mjolnircomp05fl	821248
45818361	pfam	cmag_460	74e05862-a704-4e35-b0df-b1fe07bc87d6	COMPLETED	824	824	23:43.707		1	8Gn	2026-10-02T17:48:57	2026-10-02T18:02:41	mjolnircomp10fl	193241088
45818362	tigrfam	cmag_654	74e05862-a704-4e35-b0df-b1fe07bc87d6	COMPLETED	117	117	03:00.705		1	16Gn	2026-10-02T18:07:31	2026-10-02T18:09:28	mjolnircomp15fl	311593984
45818363	kegg	cmag_755	74e05862-a704-4e35-b0df-b1fe07bc87d6	COMPLETED	1318	1318	39:55.053		1	8Gn	2026-10-02T18:07:31	2026-10-02T18:29:29	mjolnircomp09fl	975949824
45818369	prodigal	cmag_324	74e05862-a704-4e35-b0df-b1fe07bc87d6	COMPLETED	8	8	00:05.276		1	4241Mn	2026-10-02T17:46:57	2026-10-02T17:47:05	mjolnircomp10fl	818176
45818370	cazy	cmag_402	74e05862-a704-4e35-b0df-b1fe07bc87d6	COMPLETED	16	16	00:12.755		1	8Gn	2026-10-02T17:47:27	2026-10-02T17:47:43	mjolnircomp10fl	823296
45818371	ncbifam	cmag_179	74e05862-a704-4e35-b0df-b1fe07bc87d6	COMPLETED	1137	1137	30:50.304		1	16Gn	2026-10-02T17:35:23	2026-10-02T17:54:20	mjolnircomp17fl	396368896
45818373	prodigal	cmag_151	74e05862-a704-4e35-b0df-b1fe07bc87d6	COMPLETED	5	5	00:02.502		1	1390Mn	2026-10-02T17:47:27	2026-10-02T17:47:32	mjolnircomp10fl	818176
45818374	ncbifam	cmag_734	74e05862-a704-4e35-b0df-b1fe07bc87d6	COMPLETED	592	592	17:24.617		1	16Gn	2026-10-02T17:36:54	2026-10-02T17:46:46	mjolnircomp03fl	432080896
45818375	kegg	cmag_542	74e05862-a704-4e35-b0df-b1fe07bc87d6	COMPLETED	1694	1694	50:16.518		1	8Gn	2026-10-02T18:08:31	2026-10-02T18:36:45	mjolnircomp10fl	769189888
45818376	kegg	cmag_778	74e05862-a704-4e35-b0df-b1fe07bc87d6	COMPLETED	2367	2367	01:09:09		1	8Gn	2026-10-02T18:09:02	2026-10-02T18:48:29	mjolnirgpu01fl	1068272640
45818377	pfam	cmag_139	74e05862-a704-4e35-b0df-b1fe07bc87d6	COMPLETED	691	691	18:57.011		1	8Gn	2026-10-02T17:36:23	2026-10-02T17:47:54	mjolnircomp10fl	181532672
45818378	ncbifam	cmag_792	74e05862-a704-4e35-b0df-b1fe07bc87d6	COMPLETED	657	657	18:58.668		1	16Gn	2026-10-02T17:38:24	2026-10-02T17:49:21	mjolnircomp13fl	388887552
45818382	cazy	cmag_601	74e05862-a704-4e35-b0df-b1fe07bc87d6	COMPLETED	33	33	00:28.142		1	8Gn	2026-10-02T17:40:25	2026-10-02T17:40:58	mjolnircomp05fl	77955072
45818383	kegg	cmag_183	74e05862-a704-4e35-b0df-b1fe07bc87d6	COMPLETED	1361	1361	40:03.339		1	8Gn	2026-10-02T18:08:31	2026-10-02T18:31:12	mjolnircomp10fl	1157015552
45818384	kegg	cmag_125	74e05862-a704-4e35-b0df-b1fe07bc87d6	COMPLETED	1470	1470	43:51.805		1	8Gn	2026-10-02T18:08:31	2026-10-02T18:33:01	mjolnircomp10fl	1074222080
45818390	kegg	cmag_532	74e05862-a704-4e35-b0df-b1fe07bc87d6	COMPLETED	538	538	15:27.401		1	16Gn	2026-10-02T18:09:32	2026-10-02T18:18:30	mjolnircomp15fl	618006528
45818391	kegg	cmag_227	74e05862-a704-4e35-b0df-b1fe07bc87d6	COMPLETED	2592	2592	01:14:14		1	8Gn	2026-10-02T18:09:32	2026-10-02T18:52:44	mjolnirgpu02fl	969726976
45818395	cazy	cmag_418	74e05862-a704-4e35-b0df-b1fe07bc87d6	COMPLETED	42	42	00:35.923		1	8Gn	2026-10-02T17:39:24	2026-10-02T17:40:06	mjolnircomp05fl	275181568
45818396	cazy	cmag_062	74e05862-a704-4e35-b0df-b1fe07bc87d6	COMPLETED	17	17	00:11.467		1	8Gn	2026-10-02T18:39:31	2026-10-02T18:39:48	mjolnircomp07fl	869376
45818397	cazy	cmag_295	74e05862-a704-4e35-b0df-b1fe07bc87d6	COMPLETED	23	23	00:18.308		1	8Gn	2026-10-02T17:42:25	2026-10-02T17:42:48	mjolnircomp10fl	812032
45818398	cazy	cmag_778	74e05862-a704-4e35-b0df-b1fe07bc87d6	COMPLETED	20	20	00:14.780		1	8Gn	2026-10-02T17:42:25	2026-10-02T17:42:45	mjolnircomp10fl	818176
45818401	tigrfam	cmag_060	74e05862-a704-4e35-b0df-b1fe07bc87d6	COMPLETED	188	188	04:54.732		1	16Gn	2026-10-02T17:38:54	2026-10-02T17:42:02	mjolnirgpu01fl	379761664
45818402	cazy	cmag_751	74e05862-a704-4e35-b0df-b1fe07bc87d6	COMPLETED	29	29	00:24.950		1	8Gn	2026-10-02T17:42:56	2026-10-02T17:43:25	mjolnircomp05fl	816128
45818403	pfam	cmag_622	74e05862-a704-4e35-b0df-b1fe07bc87d6	COMPLETED	841	841	24:14.321		1	8Gn	2026-10-02T18:10:02	2026-10-02T18:24:03	mjolnircomp10fl	249409536
45818404	tigrfam	cmag_443	74e05862-a704-4e35-b0df-b1fe07bc87d6	COMPLETED	201	201	04:43.150		1	16Gn	2026-10-02T18:15:04	2026-10-02T18:18:25	mjolnircomp17fl	345268224
45818407	prodigal	cmag_388	74e05862-a704-4e35-b0df-b1fe07bc87d6	COMPLETED	4	4	00:02.412		1	1Gn	2026-10-02T18:40:02	2026-10-02T18:40:06	mjolnircomp02fl	846848
45818408	kegg	cmag_579	74e05862-a704-4e35-b0df-b1fe07bc87d6	COMPLETED	984	984	28:47.578		1	8Gn	2026-10-02T18:13:03	2026-10-02T18:29:27	mjolnircomp10fl	722536448
45818409	kegg	cmag_262	74e05862-a704-4e35-b0df-b1fe07bc87d6	COMPLETED	1853	1853	54:06.817		1	8Gn	2026-10-02T18:18:35	2026-10-02T18:49:28	mjolnircomp15fl	1389430784
45818412	prodigal	cmag_084	74e05862-a704-4e35-b0df-b1fe07bc87d6	COMPLETED	6	6	00:03.636		1	2556Mn	2026-10-02T18:40:02	2026-10-02T18:40:08	mjolnircomp10fl	780288
45818413	merge_gene_annotations	cmag_631	74e05862-a704-4e35-b0df-b1fe07bc87d6	COMPLETED	43	43	00:14.816		1	8Gn	2026-10-02T18:18:35	2026-10-02T18:19:18	mjolnircomp17fl	85248000
45818414	kegg	cmag_651	74e05862-a704-4e35-b0df-b1fe07bc87d6	COMPLETED	1440	1440	43:42.284		1	8Gn	2026-10-02T18:17:05	2026-10-02T18:41:05	mjolnircomp11fl	731615232
45818415	kegg	cmag_377	74e05862-a704-4e35-b0df-b1fe07bc87d6	COMPLETED	1169	1169	35:01.191		1	8Gn	2026-10-02T18:17:05	2026-10-02T18:36:34	mjolnircomp11fl	949192704
45818418	cazy	cmag_775	74e05862-a704-4e35-b0df-b1fe07bc87d6	COMPLETED	18	18	00:12.287		1	8Gn	2026-10-02T18:40:02	2026-10-02T18:40:20	mjolnircomp12fl	838656
45818419	pfam	cmag_110	74e05862-a704-4e35-b0df-b1fe07bc87d6	COMPLETED	740	740	20:50.269		1	8Gn	2026-10-02T18:34:59	2026-10-02T18:47:19	mjolnircomp12fl	213993472
45818420	tigrfam	cmag_275	74e05862-a704-4e35-b0df-b1fe07bc87d6	COMPLETED	107	107	02:48.072		1	16Gn	2026-10-02T18:19:06	2026-10-02T18:20:53	mjolnircomp03fl	387129344
45818422	cazy	cmag_088	74e05862-a704-4e35-b0df-b1fe07bc87d6	COMPLETED	15	15	00:10.338		1	8Gn	2026-10-02T18:40:02	2026-10-02T18:40:17	mjolnircomp07fl	870400
45818423	cazy	cmag_689	74e05862-a704-4e35-b0df-b1fe07bc87d6	COMPLETED	26	26	00:08.951		1	8Gn	2026-10-02T18:40:02	2026-10-02T18:40:28	mjolnircomp08fl	882688
45818424	pfam	cmag_025	74e05862-a704-4e35-b0df-b1fe07bc87d6	COMPLETED	1424	1424	39:14.115		1	8Gn	2026-10-02T18:18:05	2026-10-02T18:41:49	mjolnircomp11fl	284828672
45818425	tigrfam	cmag_357	74e05862-a704-4e35-b0df-b1fe07bc87d6	COMPLETED	143	143	03:40.277		1	16Gn	2026-10-02T17:40:55	2026-10-02T17:43:18	mjolnircomp15fl	353202176
45818426	pfam	cmag_720	74e05862-a704-4e35-b0df-b1fe07bc87d6	COMPLETED	570	570	15:32.491		1	8Gn	2026-10-02T17:37:54	2026-10-02T17:47:24	mjolnircomp10fl	205940736
45818427	cazy	cmag_003	74e05862-a704-4e35-b0df-b1fe07bc87d6	COMPLETED	13	13	00:08.017		1	8Gn	2026-10-02T18:40:02	2026-10-02T18:40:15	mjolnircomp16fl	851968
45818431	cazy	cmag_177	74e05862-a704-4e35-b0df-b1fe07bc87d6	COMPLETED	22	22	00:17.301		1	8Gn	2026-10-02T17:42:56	2026-10-02T17:43:18	mjolnircomp10fl	817152
45818432	pfam	cmag_312	74e05862-a704-4e35-b0df-b1fe07bc87d6	COMPLETED	806	806	22:33.353		1	8Gn	2026-10-02T18:34:59	2026-10-02T18:48:25	mjolnircomp12fl	208156672
45818433	kegg	cmag_056	74e05862-a704-4e35-b0df-b1fe07bc87d6	COMPLETED	1417	1417	39:41.395		1	8Gn	2026-10-02T18:19:36	2026-10-02T18:43:13	mjolnircomp17fl	844593152
45818434	prodigal	cmag_352	74e05862-a704-4e35-b0df-b1fe07bc87d6	COMPLETED	7	7	00:04.524		1	3410Mn	2026-10-02T18:40:02	2026-10-02T18:40:09	mjolnircomp16fl	842752
45818435	cazy	cmag_289	74e05862-a704-4e35-b0df-b1fe07bc87d6	COMPLETED	19	19	00:12.878		1	8Gn	2026-10-02T18:40:02	2026-10-02T18:40:21	mjolnircomp16fl	841728
45818436	kegg	cmag_497	74e05862-a704-4e35-b0df-b1fe07bc87d6	COMPLETED	726	726	21:04.279		1	8Gn	2026-10-02T18:35:29	2026-10-02T18:47:35	mjolnircomp01fl	1514076160
45818441	tigrfam	cmag_345	74e05862-a704-4e35-b0df-b1fe07bc87d6	COMPLETED	240	240	06:26.838		1	16Gn	2026-10-02T17:41:25	2026-10-02T17:45:25	mjolnircomp09fl	374615040
45818443	tigrfam	cmag_508	74e05862-a704-4e35-b0df-b1fe07bc87d6	COMPLETED	149	149	03:56.230		1	16Gn	2026-10-02T17:41:25	2026-10-02T17:43:54	mjolnircomp11fl	329872384
45818451	pfam	cmag_670	74e05862-a704-4e35-b0df-b1fe07bc87d6	COMPLETED	321	321	08:51.047		1	8Gn	2026-10-02T18:40:32	2026-10-02T18:45:53	mjolnircomp02fl	185751552
45818453	cazy	cmag_290	74e05862-a704-4e35-b0df-b1fe07bc87d6	COMPLETED	14	14	00:10.236		1	8Gn	2026-10-02T18:40:32	2026-10-02T18:40:46	mjolnircomp12fl	835584
45818456	pfam	cmag_323	74e05862-a704-4e35-b0df-b1fe07bc87d6	COMPLETED	651	651	18:10.593		1	8Gn	2026-10-02T17:38:54	2026-10-02T17:49:45	mjolnircomp10fl	227338240
45818462	ncbifam	cmag_787	74e05862-a704-4e35-b0df-b1fe07bc87d6	COMPLETED	300	300	08:35.999		1	16Gn	2026-10-02T18:21:24	2026-10-02T18:26:24	mjolnircomp03fl	311882752
45818467	kegg	cmag_534	74e05862-a704-4e35-b0df-b1fe07bc87d6	COMPLETED	1018	1018	29:51.068		1	8Gn	2026-10-02T18:21:24	2026-10-02T18:38:22	mjolnircomp02fl	816297984
45818469	ncbifam	cmag_112	74e05862-a704-4e35-b0df-b1fe07bc87d6	COMPLETED	939	939	27:07.524		1	16Gn	2026-10-02T17:43:26	2026-10-02T17:59:05	mjolnircomp12fl	421279744
45818472	kegg	cmag_190	74e05862-a704-4e35-b0df-b1fe07bc87d6	COMPLETED	1627	1627	48:20.612		1	8Gn	2026-10-02T18:21:24	2026-10-02T18:48:31	mjolnircomp02fl	813256704
45818480	prodigal	cmag_608	74e05862-a704-4e35-b0df-b1fe07bc87d6	COMPLETED	7	7	00:03.416		1	2157Mn	2026-10-02T18:40:32	2026-10-02T18:40:39	mjolnircomp10fl	815104
45818484	kegg	cmag_742	74e05862-a704-4e35-b0df-b1fe07bc87d6	COMPLETED	2281	2281	01:07:05		1	8Gn	2026-10-02T17:43:26	2026-10-02T18:21:27	mjolnircomp15fl	832723968
45818492	prodigal	cmag_237	74e05862-a704-4e35-b0df-b1fe07bc87d6	COMPLETED	6	6	00:04.065		1	3153Mn	2026-10-02T18:40:32	2026-10-02T18:40:38	mjolnircomp16fl	840704
45818493	ncbifam	cmag_375	74e05862-a704-4e35-b0df-b1fe07bc87d6	COMPLETED	712	712	19:11.576		1	16Gn	2026-10-02T18:22:24	2026-10-02T18:34:16	mjolnircomp17fl	288273408
45818494	pfam	cmag_049	74e05862-a704-4e35-b0df-b1fe07bc87d6	COMPLETED	1129	1129	31:09.005		1	8Gn	2026-10-02T18:36:00	2026-10-02T18:54:49	mjolnircomp06fl	242835456
45818495	prodigal	cmag_118	74e05862-a704-4e35-b0df-b1fe07bc87d6	COMPLETED	5	5	00:02.992		1	1814Mn	2026-10-02T18:40:32	2026-10-02T18:40:37	mjolnircomp16fl	845824
45818499	prodigal	cmag_428	74e05862-a704-4e35-b0df-b1fe07bc87d6	COMPLETED	5	5	00:02.411		1	1368Mn	2026-10-02T18:41:02	2026-10-02T18:41:07	mjolnircomp08fl	920576
45818500	kegg	cmag_236	74e05862-a704-4e35-b0df-b1fe07bc87d6	COMPLETED	1311	1311	00:39:17		1	8Gn	2026-10-02T18:24:25	2026-10-02T18:46:16	mjolnircomp10fl	902578176
45818501	prodigal	cmag_423	74e05862-a704-4e35-b0df-b1fe07bc87d6	COMPLETED	9	9	00:05.937		1	2959Mn	2026-10-02T18:41:02	2026-10-02T18:41:11	mjolnircomp12fl	831488
45818502	prodigal	cmag_322	74e05862-a704-4e35-b0df-b1fe07bc87d6	COMPLETED	8	8	00:04.328		1	2639Mn	2026-10-02T18:41:02	2026-10-02T18:41:10	mjolnircomp10fl	816128
45818503	cazy	cmag_416	74e05862-a704-4e35-b0df-b1fe07bc87d6	COMPLETED	22	22	00:17.956		1	8Gn	2026-10-02T17:43:26	2026-10-02T17:43:48	mjolnircomp10fl	814080
45818508	ncbifam	cmag_488	74e05862-a704-4e35-b0df-b1fe07bc87d6	COMPLETED	771	771	22:36.020		1	16Gn	2026-10-02T17:44:26	2026-10-02T17:57:17	mjolnircomp01fl	355192832
45818509	ncbifam	cmag_299	74e05862-a704-4e35-b0df-b1fe07bc87d6	COMPLETED	593	593	17:14.918		1	16Gn	2026-10-02T17:44:26	2026-10-02T17:54:19	mjolnircomp15fl	435316736
45818510	cazy	cmag_579	74e05862-a704-4e35-b0df-b1fe07bc87d6	COMPLETED	14	14	00:09.319		1	8Gn	2026-10-02T18:41:02	2026-10-02T18:41:16	mjolnircomp16fl	848896
45818511	cazy	cmag_542	74e05862-a704-4e35-b0df-b1fe07bc87d6	COMPLETED	19	19	00:13.890		1	8Gn	2026-10-02T18:41:02	2026-10-02T18:41:21	mjolnircomp16fl	841728
45818512	pfam	cmag_062	74e05862-a704-4e35-b0df-b1fe07bc87d6	COMPLETED	603	603	16:22.305		1	8Gn	2026-10-02T18:36:00	2026-10-02T18:46:03	mjolnircomp02fl	290567168
45818513	tigrfam	cmag_734	74e05862-a704-4e35-b0df-b1fe07bc87d6	COMPLETED	158	158	04:11.650		1	16Gn	2026-10-02T17:45:56	2026-10-02T17:48:34	mjolnircomp09fl	355951616
45818519	cazy	cmag_659	74e05862-a704-4e35-b0df-b1fe07bc87d6	COMPLETED	14	14	00:08.286		1	8Gn	2026-10-02T18:41:32	2026-10-02T18:41:46	mjolnircomp08fl	934912
45818520	tigrfam	cmag_085	74e05862-a704-4e35-b0df-b1fe07bc87d6	COMPLETED	72	72	01:52.917		1	16Gn	2026-10-02T18:26:26	2026-10-02T18:27:38	mjolnircomp03fl	312387584
45818521	kegg	cmag_676	74e05862-a704-4e35-b0df-b1fe07bc87d6	COMPLETED	1677	1677	49:36.634		1	8Gn	2026-10-02T18:27:56	2026-10-02T18:55:53	mjolnircomp03fl	688279552
45818527	cazy	cmag_315	74e05862-a704-4e35-b0df-b1fe07bc87d6	COMPLETED	24	24	00:19.055		1	8Gn	2026-10-02T17:45:26	2026-10-02T17:45:50	mjolnircomp10fl	820224
45818528	cazy	cmag_412	74e05862-a704-4e35-b0df-b1fe07bc87d6	COMPLETED	22	22	00:17.456		1	8Gn	2026-10-02T17:45:26	2026-10-02T17:45:48	mjolnircomp10fl	818176
45818533	cazy	cmag_485	74e05862-a704-4e35-b0df-b1fe07bc87d6	COMPLETED	13	13	00:07.843		1	8Gn	2026-10-02T18:41:32	2026-10-02T18:41:45	mjolnircomp16fl	846848
45818534	ncbifam	cmag_755	74e05862-a704-4e35-b0df-b1fe07bc87d6	COMPLETED	676	676	19:16.408		1	16Gn	2026-10-02T17:47:57	2026-10-02T17:59:13	mjolnircomp16fl	481751040
45818535	ncbifam	cmag_312	74e05862-a704-4e35-b0df-b1fe07bc87d6	COMPLETED	689	689	19:26.514		1	16Gn	2026-10-02T17:48:57	2026-10-02T18:00:26	mjolnircomp09fl	358595584
45818545	ncbifam	cmag_356	74e05862-a704-4e35-b0df-b1fe07bc87d6	COMPLETED	489	489	14:03.764		1	16Gn	2026-10-02T17:50:28	2026-10-02T17:58:37	mjolnircomp10fl	459838464
45818546	pfam	cmag_590	74e05862-a704-4e35-b0df-b1fe07bc87d6	COMPLETED	1589	1589	46:06.946		1	8740Mn	2026-10-02T18:28:26	2026-10-02T18:54:55	mjolnircomp15fl	258038784
45818547	kegg	cmag_199	74e05862-a704-4e35-b0df-b1fe07bc87d6	COMPLETED	1052	1052	30:58.102		1	8Gn	2026-10-02T18:26:26	2026-10-02T18:43:58	mjolnircomp11fl	791332864
45818548	tigrfam	cmag_269	74e05862-a704-4e35-b0df-b1fe07bc87d6	COMPLETED	289	289	07:02.674		1	16Gn	2026-10-02T17:50:28	2026-10-02T17:55:17	mjolnirgpu02fl	403814400
45818553	kegg	cmag_577	74e05862-a704-4e35-b0df-b1fe07bc87d6	COMPLETED	2164	2164	01:05:38		1	8Gn	2026-10-02T17:50:58	2026-10-02T18:27:02	mjolnircomp10fl	1165955072
45818554	pfam	cmag_728	74e05862-a704-4e35-b0df-b1fe07bc87d6	COMPLETED	749	749	20:51.965		1	8Gn	2026-10-02T18:27:26	2026-10-02T18:39:55	mjolnircomp10fl	236221440
45818555	pfam	cmag_751	74e05862-a704-4e35-b0df-b1fe07bc87d6	COMPLETED	959	959	26:05.219		1	8Gn	2026-10-02T18:29:57	2026-10-02T18:45:56	mjolnircomp09fl	210606080
45818556	prodigal	cmag_325	74e05862-a704-4e35-b0df-b1fe07bc87d6	COMPLETED	8	8	00:04.497		1	2865Mn	2026-10-02T18:42:02	2026-10-02T18:42:10	mjolnircomp08fl	933888
45818557	tigrfam	cmag_297	74e05862-a704-4e35-b0df-b1fe07bc87d6	COMPLETED	168	168	04:25.149		1	16Gn	2026-10-02T17:53:28	2026-10-02T17:56:16	mjolnircomp15fl	327974912
45818561	ncbifam	cmag_560	74e05862-a704-4e35-b0df-b1fe07bc87d6	COMPLETED	960	960	25:31.253		1	16Gn	2026-10-02T17:53:58	2026-10-02T18:09:58	mjolnirgpu03fl	381764608
45818562	tigrfam	cmag_767	74e05862-a704-4e35-b0df-b1fe07bc87d6	COMPLETED	76	76	01:58.734		1	16Gn	2026-10-02T18:29:57	2026-10-02T18:31:13	mjolnircomp10fl	401572864
45818565	prodigal	cmag_714	74e05862-a704-4e35-b0df-b1fe07bc87d6	COMPLETED	8	8	00:04.861		1	2842Mn	2026-10-02T18:42:02	2026-10-02T18:42:10	mjolnircomp16fl	834560
45818567	kegg	cmag_395	74e05862-a704-4e35-b0df-b1fe07bc87d6	COMPLETED	1040	1040	31:40.086		1	8Gn	2026-10-02T18:30:58	2026-10-02T18:48:18	mjolnircomp09fl	900123648
45818568	pfam	cmag_588	74e05862-a704-4e35-b0df-b1fe07bc87d6	COMPLETED	824	824	23:14.691		1	8Gn	2026-10-02T18:36:00	2026-10-02T18:49:44	mjolnircomp10fl	298705920
45818571	pfam	cmag_226	74e05862-a704-4e35-b0df-b1fe07bc87d6	COMPLETED	694	694	18:37.130		1	8Gn	2026-10-02T18:36:00	2026-10-02T18:47:34	mjolnircomp10fl	219412480
45818574	tigrfam	cmag_257	74e05862-a704-4e35-b0df-b1fe07bc87d6	COMPLETED	396	396	09:42.021		1	16Gn	2026-10-02T17:54:28	2026-10-02T18:01:04	mjolnircomp17fl	418044928
45818575	kegg	cmag_496	74e05862-a704-4e35-b0df-b1fe07bc87d6	COMPLETED	2210	2210	01:04:52		1	8Gn	2026-10-02T18:30:58	2026-10-02T19:07:48	mjolnircomp15fl	1022937088
45818576	cazy	cmag_374	74e05862-a704-4e35-b0df-b1fe07bc87d6	COMPLETED	20	20	00:14.659		1	8Gn	2026-10-02T18:42:02	2026-10-02T18:42:22	mjolnircomp12fl	836608
45818577	pfam	cmag_295	74e05862-a704-4e35-b0df-b1fe07bc87d6	COMPLETED	1415	1415	41:45.381		1	8Gn	2026-10-02T18:30:58	2026-10-02T18:54:33	mjolnirgpu01fl	248004608
45818579	ncbifam	cmag_139	74e05862-a704-4e35-b0df-b1fe07bc87d6	COMPLETED	611	611	17:36.833		1	16Gn	2026-10-02T17:54:28	2026-10-02T18:04:39	mjolnircomp15fl	368575488
45818580	ncbifam	cmag_133	74e05862-a704-4e35-b0df-b1fe07bc87d6	COMPLETED	638	638	18:37.552		1	16Gn	2026-10-02T17:54:59	2026-10-02T18:05:37	mjolnirgpu01fl	428590080
45818583	prodigal	cmag_355	74e05862-a704-4e35-b0df-b1fe07bc87d6	COMPLETED	6	6	00:03.460		1	2676Mn	2026-10-02T18:42:02	2026-10-02T18:42:08	mjolnircomp11fl	844800
45818584	prodigal	cmag_760	74e05862-a704-4e35-b0df-b1fe07bc87d6	COMPLETED	6	6	00:02.875		1	1845Mn	2026-10-02T18:42:02	2026-10-02T18:42:08	mjolnircomp11fl	816128
45818585	kegg	cmag_050	74e05862-a704-4e35-b0df-b1fe07bc87d6	COMPLETED	2695	2695	01:21:01		1	8Gn	2026-10-02T17:56:59	2026-10-02T18:41:54	mjolnircomp12fl	1422217216
45818586	tigrfam	cmag_792	74e05862-a704-4e35-b0df-b1fe07bc87d6	COMPLETED	150	150	03:55.237		1	16Gn	2026-10-02T17:57:29	2026-10-02T17:59:59	mjolnircomp01fl	335299584
45818588	prodigal	cmag_008	74e05862-a704-4e35-b0df-b1fe07bc87d6	COMPLETED	10	10	00:06.956		1	2573Mn	2026-10-02T18:42:33	2026-10-02T18:42:43	mjolnircomp07fl	840704
45818592	ncbifam	cmag_611	74e05862-a704-4e35-b0df-b1fe07bc87d6	COMPLETED	599	599	16:58.548		1	16Gn	2026-10-02T17:59:29	2026-10-02T18:09:28	mjolnircomp12fl	364547072
45818593	ncbifam	cmag_473	74e05862-a704-4e35-b0df-b1fe07bc87d6	COMPLETED	647	647	18:37.780		1	16Gn	2026-10-02T17:59:29	2026-10-02T18:10:16	mjolnircomp16fl	489256960
45818594	ncbifam	cmag_215	74e05862-a704-4e35-b0df-b1fe07bc87d6	COMPLETED	301	301	08:18.022		1	16Gn	2026-10-02T18:30:58	2026-10-02T18:35:59	mjolnircomp02fl	452590592
45818595	kegg	cmag_378	74e05862-a704-4e35-b0df-b1fe07bc87d6	COMPLETED	877	877	25:12.756		1	8Gn	2026-10-02T18:36:00	2026-10-02T18:50:37	mjolnircomp10fl	833312768
45818596	kegg	cmag_467	74e05862-a704-4e35-b0df-b1fe07bc87d6	COMPLETED	1293	1293	38:59.823		1	8Gn	2026-10-02T18:30:58	2026-10-02T18:52:31	mjolnircomp02fl	1064396800
45818598	cazy	cmag_518	74e05862-a704-4e35-b0df-b1fe07bc87d6	COMPLETED	15	15	00:10.373		1	8Gn	2026-10-02T18:42:33	2026-10-02T18:42:48	mjolnircomp10fl	799744
45818599	kegg	cmag_690	74e05862-a704-4e35-b0df-b1fe07bc87d6	COMPLETED	1062	1062	31:36.834		1	8Gn	2026-10-02T18:31:28	2026-10-02T18:49:10	mjolnircomp10fl	941333504
45818601	prodigal	cmag_200	74e05862-a704-4e35-b0df-b1fe07bc87d6	COMPLETED	6	6	00:03.691		1	2522Mn	2026-10-02T18:42:33	2026-10-02T18:42:39	mjolnircomp10fl	821248
45818604	tigrfam	cmag_815	74e05862-a704-4e35-b0df-b1fe07bc87d6	COMPLETED	164	164	04:14.571		1	16Gn	2026-10-02T18:06:01	2026-10-02T18:08:45	mjolnirgpu01fl	371933184
45818606	cazy	cmag_057	74e05862-a704-4e35-b0df-b1fe07bc87d6	COMPLETED	18	18	00:11.658		1	8Gn	2026-10-02T18:42:33	2026-10-02T18:42:51	mjolnircomp11fl	847872
45818609	cazy	cmag_741	74e05862-a704-4e35-b0df-b1fe07bc87d6	COMPLETED	13	13	00:08.829		1	8Gn	2026-10-02T18:42:33	2026-10-02T18:42:46	mjolnircomp12fl	840704
45818610	pfam	cmag_198	74e05862-a704-4e35-b0df-b1fe07bc87d6	COMPLETED	874	874	24:42.504		1	8Gn	2026-10-02T18:31:58	2026-10-02T18:46:32	mjolnircomp01fl	282247168
45818611	pfam	cmag_402	74e05862-a704-4e35-b0df-b1fe07bc87d6	COMPLETED	846	846	24:02.890		1	8Gn	2026-10-02T18:36:00	2026-10-02T18:50:06	mjolnircomp10fl	249194496
45818612	kegg	cmag_185	74e05862-a704-4e35-b0df-b1fe07bc87d6	COMPLETED	2191	2191	01:05:55		1	8Gn	2026-10-02T18:07:31	2026-10-02T18:44:02	mjolnircomp07fl	1055998976
45818615	cazy	cmag_251	74e05862-a704-4e35-b0df-b1fe07bc87d6	COMPLETED	16	16	00:10.557		1	8Gn	2026-10-02T18:43:03	2026-10-02T18:43:19	mjolnircomp07fl	873472
45818616	cazy	cmag_016	74e05862-a704-4e35-b0df-b1fe07bc87d6	COMPLETED	16	16	00:11.053		1	8Gn	2026-10-02T18:43:03	2026-10-02T18:43:19	mjolnircomp08fl	930816
45818617	cazy	cmag_125	74e05862-a704-4e35-b0df-b1fe07bc87d6	COMPLETED	20	20	00:15.077		1	8Gn	2026-10-02T18:43:03	2026-10-02T18:43:23	mjolnircomp12fl	838656
45818618	ncbifam	cmag_674	74e05862-a704-4e35-b0df-b1fe07bc87d6	COMPLETED	1035	1035	27:39.394		1	16Gn	2026-10-02T18:10:02	2026-10-02T18:27:17	mjolnirgpu03fl	457632768
45818619	pfam	cmag_183	74e05862-a704-4e35-b0df-b1fe07bc87d6	COMPLETED	798	798	21:29.809		1	8Gn	2026-10-02T18:36:30	2026-10-02T18:49:48	mjolnirgpu02fl	228193280
45818620	pfam	cmag_222	74e05862-a704-4e35-b0df-b1fe07bc87d6	COMPLETED	458	458	12:46.046		1	8Gn	2026-10-02T18:39:01	2026-10-02T18:46:39	mjolnircomp10fl	172779520
45818621	ncbifam	cmag_622	74e05862-a704-4e35-b0df-b1fe07bc87d6	COMPLETED	757	757	21:35.857		1	16Gn	2026-10-02T18:10:32	2026-10-02T18:23:09	mjolnircomp16fl	416284672
45818622	cazy	cmag_128	74e05862-a704-4e35-b0df-b1fe07bc87d6	COMPLETED	21	21	00:16.347		1	8Gn	2026-10-02T18:39:01	2026-10-02T18:39:22	mjolnircomp07fl	876544
45818625	pfam	cmag_232	74e05862-a704-4e35-b0df-b1fe07bc87d6	COMPLETED	801	801	22:27.029		1	8Gn	2026-10-02T18:36:00	2026-10-02T18:49:21	mjolnircomp10fl	239910912
45818631	kegg	cmag_643	74e05862-a704-4e35-b0df-b1fe07bc87d6	COMPLETED	1558	1558	44:09.243		1	8Gn	2026-10-02T18:31:58	2026-10-02T18:57:56	mjolnircomp01fl	1137907712
45818632	cazy	cmag_377	74e05862-a704-4e35-b0df-b1fe07bc87d6	COMPLETED	15	15	00:10.576		1	8Gn	2026-10-02T18:43:03	2026-10-02T18:43:18	mjolnircomp11fl	814080
45818633	cazy	cmag_459	74e05862-a704-4e35-b0df-b1fe07bc87d6	COMPLETED	15	15	00:10.679		1	8Gn	2026-10-02T18:43:03	2026-10-02T18:43:18	mjolnircomp11fl	840704
45818635	prodigal	cmag_201	74e05862-a704-4e35-b0df-b1fe07bc87d6	COMPLETED	5	5	00:03.132		1	1646Mn	2026-10-02T18:43:03	2026-10-02T18:43:08	mjolnircomp11fl	839680
45818636	ncbifam	cmag_357	74e05862-a704-4e35-b0df-b1fe07bc87d6	COMPLETED	527	527	15:03.753		1	16Gn	2026-10-02T18:21:54	2026-10-02T18:30:41	mjolnircomp15fl	365176832
45818637	prodigal	cmag_041	74e05862-a704-4e35-b0df-b1fe07bc87d6	COMPLETED	6	6	00:03.265		1	2166Mn	2026-10-02T18:45:04	2026-10-02T18:45:10	mjolnircomp16fl	870400
45818643	ncbifam	cmag_198	74e05862-a704-4e35-b0df-b1fe07bc87d6	COMPLETED	819	819	23:30.415		1	16Gn	2026-10-02T18:25:25	2026-10-02T18:39:04	mjolnircomp16fl	476912640
45818644	kegg	cmag_652	74e05862-a704-4e35-b0df-b1fe07bc87d6	COMPLETED	869	869	25:59.774		1	8Gn	2026-10-02T18:32:28	2026-10-02T18:46:57	mjolnircomp11fl	713879552
45818647	kegg	cmag_462	74e05862-a704-4e35-b0df-b1fe07bc87d6	COMPLETED	2636	2636	01:14:17		1	8Gn	2026-10-02T18:27:26	2026-10-02T19:11:22	mjolnirgpu03fl	773997568
45818648	prodigal	cmag_279	74e05862-a704-4e35-b0df-b1fe07bc87d6	COMPLETED	7	7	00:04.537		1	3154Mn	2026-10-02T18:45:34	2026-10-02T18:45:41	mjolnircomp16fl	874496
45818649	cazy	cmag_231	74e05862-a704-4e35-b0df-b1fe07bc87d6	COMPLETED	15	15	00:10.411		1	8Gn	2026-10-02T18:45:34	2026-10-02T18:45:49	mjolnircomp10fl	818176
45818650	prodigal	cmag_447	74e05862-a704-4e35-b0df-b1fe07bc87d6	COMPLETED	7	7	00:03.870		1	2508Mn	2026-10-02T18:45:34	2026-10-02T18:45:41	mjolnircomp10fl	823296
45818651	ncbifam	cmag_727	74e05862-a704-4e35-b0df-b1fe07bc87d6	COMPLETED	627	627	17:33.165		1	16Gn	2026-10-02T18:28:26	2026-10-02T18:38:53	mjolnircomp08fl	497059840
45818652	ncbifam	cmag_329	74e05862-a704-4e35-b0df-b1fe07bc87d6	COMPLETED	837	837	24:31.536		1	16Gn	2026-10-02T18:28:26	2026-10-02T18:42:23	mjolnircomp13fl	400818176
45818654	pfam	cmag_087	74e05862-a704-4e35-b0df-b1fe07bc87d6	COMPLETED	1121	1121	30:08.875		1	8Gn	2026-10-02T18:32:58	2026-10-02T18:51:39	mjolnircomp11fl	261235712
45818657	cazy	cmag_690	74e05862-a704-4e35-b0df-b1fe07bc87d6	COMPLETED	16	16	00:09.674		1	8Gn	2026-10-02T18:46:04	2026-10-02T18:46:20	mjolnircomp16fl	871424
45818658	pfam	cmag_427	74e05862-a704-4e35-b0df-b1fe07bc87d6	COMPLETED	1110	1110	31:22.808		1	8Gn	2026-10-02T18:33:29	2026-10-02T18:51:59	mjolnircomp10fl	192831488
45818659	pfam	cmag_368	74e05862-a704-4e35-b0df-b1fe07bc87d6	COMPLETED	920	920	25:40.293		1	8Gn	2026-10-02T18:34:59	2026-10-02T18:50:19	mjolnircomp12fl	219444224
45818661	pfam	cmag_092	74e05862-a704-4e35-b0df-b1fe07bc87d6	COMPLETED	576	576	16:25.803		1	8Gn	2026-10-02T18:46:04	2026-10-02T18:55:40	mjolnircomp13fl	259243008
45818662	cazy	cmag_114	74e05862-a704-4e35-b0df-b1fe07bc87d6	COMPLETED	18	18	00:13.233		1	8Gn	2026-10-02T18:46:04	2026-10-02T18:46:22	mjolnircomp12fl	832512
45818663	tigrfam	cmag_591	74e05862-a704-4e35-b0df-b1fe07bc87d6	COMPLETED	264	264	06:58.757		1	16Gn	2026-10-02T18:31:28	2026-10-02T18:35:52	mjolnircomp06fl	402041856
45818664	prodigal	cmag_746	74e05862-a704-4e35-b0df-b1fe07bc87d6	COMPLETED	9	9	00:04.803		1	4068Mn	2026-10-02T18:46:04	2026-10-02T18:46:13	mjolnircomp02fl	859136
45818666	prodigal	cmag_509	74e05862-a704-4e35-b0df-b1fe07bc87d6	COMPLETED	6	6	00:03.416		1	2017Mn	2026-10-02T18:46:04	2026-10-02T18:46:10	mjolnircomp10fl	819200
45818667	ncbifam	cmag_670	74e05862-a704-4e35-b0df-b1fe07bc87d6	COMPLETED	300	300	08:03.491		1	16Gn	2026-10-02T18:34:59	2026-10-02T18:39:59	mjolnircomp12fl	333670400
45818668	prodigal	cmag_247	74e05862-a704-4e35-b0df-b1fe07bc87d6	COMPLETED	7	7	00:04.508		1	2932Mn	2026-10-02T18:46:04	2026-10-02T18:46:11	mjolnircomp10fl	815104
45818670	kegg	cmag_503	74e05862-a704-4e35-b0df-b1fe07bc87d6	COMPLETED	1255	1255	36:56.943		1	8Gn	2026-10-02T18:34:59	2026-10-02T18:55:54	mjolnircomp12fl	790128640
45818671	ncbifam	cmag_323	74e05862-a704-4e35-b0df-b1fe07bc87d6	COMPLETED	653	653	18:14.410		1	16Gn	2026-10-02T18:46:35	2026-10-02T18:57:28	mjolnircomp16fl	415401984
45818672	pfam	cmag_141	74e05862-a704-4e35-b0df-b1fe07bc87d6	COMPLETED	357	357	09:47.643		1	8Gn	2026-10-02T19:14:18	2026-10-02T19:20:15	mjolnircomp15fl	235422720
45818674	ncbifam	cmag_110	74e05862-a704-4e35-b0df-b1fe07bc87d6	COMPLETED	661	661	19:01.146		1	16Gn	2026-10-02T18:48:05	2026-10-02T18:59:06	mjolnircomp11fl	380149760
45818675	kegg	cmag_600	74e05862-a704-4e35-b0df-b1fe07bc87d6	COMPLETED	1058	1058	29:40.636		1	8Gn	2026-10-02T18:54:39	2026-10-02T19:12:17	mjolnircomp01fl	876512256
45818678	kegg	cmag_055	74e05862-a704-4e35-b0df-b1fe07bc87d6	COMPLETED	935	935	25:15.930		1	8Gn	2026-10-02T19:10:16	2026-10-02T19:25:51	mjolnircomp17fl	896535552
45818679	tigrfam	cmag_679	74e05862-a704-4e35-b0df-b1fe07bc87d6	COMPLETED	169	169	03:58.431		1	16Gn	2026-10-02T18:48:05	2026-10-02T18:50:54	mjolnircomp17fl	342949888
45818682	kegg	cmag_179	74e05862-a704-4e35-b0df-b1fe07bc87d6	COMPLETED	1749	1749	50:01.853		1	8Gn	2026-10-02T18:49:36	2026-10-02T19:18:45	mjolnircomp15fl	898226176
45818685	kegg	cmag_738	74e05862-a704-4e35-b0df-b1fe07bc87d6	COMPLETED	2384	2384	01:08:56		1	8Gn	2026-10-02T18:51:07	2026-10-02T19:30:51	mjolnircomp10fl	1445989376
45818686	kegg	cmag_552	74e05862-a704-4e35-b0df-b1fe07bc87d6	COMPLETED	981	981	27:53.572		1	8Gn	2026-10-02T18:54:39	2026-10-02T19:11:00	mjolnircomp01fl	848166912
45818692	tigrfam	cmag_256	74e05862-a704-4e35-b0df-b1fe07bc87d6	COMPLETED	121	121	03:10.767		1	16Gn	2026-10-02T18:52:08	2026-10-02T18:54:09	mjolnircomp10fl	374529024
45818696	tigrfam	cmag_787	74e05862-a704-4e35-b0df-b1fe07bc87d6	COMPLETED	78	78	02:01.731		1	16Gn	2026-10-02T18:52:08	2026-10-02T18:53:26	mjolnircomp11fl	369917952
45818697	cazy	cmag_431	74e05862-a704-4e35-b0df-b1fe07bc87d6	COMPLETED	20	20	00:15.224		1	8Gn	2026-10-02T19:14:48	2026-10-02T19:15:08	mjolnircomp15fl	815104
45818698	ncbifam	cmag_025	74e05862-a704-4e35-b0df-b1fe07bc87d6	COMPLETED	1194	1194	34:15.679		1	16Gn	2026-10-02T18:52:08	2026-10-02T19:12:02	mjolnircomp11fl	411029504
45818699	tigrfam	cmag_299	74e05862-a704-4e35-b0df-b1fe07bc87d6	COMPLETED	169	169	04:35.736		1	16Gn	2026-10-02T18:53:39	2026-10-02T18:56:28	mjolnircomp11fl	353202176
45818700	ncbifam	cmag_739	74e05862-a704-4e35-b0df-b1fe07bc87d6	COMPLETED	679	679	19:17.115		1	16Gn	2026-10-02T18:53:39	2026-10-02T19:04:58	mjolnircomp12fl	464368640
45818701	pfam	cmag_416	74e05862-a704-4e35-b0df-b1fe07bc87d6	COMPLETED	853	853	24:15.535		1	8Gn	2026-10-02T18:58:11	2026-10-02T19:12:24	mjolnircomp15fl	236084224
45818702	pfam	cmag_003	74e05862-a704-4e35-b0df-b1fe07bc87d6	COMPLETED	297	297	07:57.905		1	8Gn	2026-10-02T19:15:18	2026-10-02T19:20:15	mjolnircomp15fl	207718400
45818703	cazy	cmag_556	74e05862-a704-4e35-b0df-b1fe07bc87d6	COMPLETED	16	16	00:11.271		1	8Gn	2026-10-02T19:15:18	2026-10-02T19:15:34	mjolnircomp15fl	818176
45818704	prodigal	cmag_314	74e05862-a704-4e35-b0df-b1fe07bc87d6	COMPLETED	36	36	00:32.869		1	7519Mn	2026-10-02T19:12:17	2026-10-02T19:12:53	mjolnircomp05fl	145243136
45818705	pfam	cmag_719	74e05862-a704-4e35-b0df-b1fe07bc87d6	COMPLETED	1063	1063	30:08.329		1	8Gn	2026-10-02T18:52:08	2026-10-02T19:09:51	mjolnircomp15fl	236731392
45818709	kegg	cmag_251	74e05862-a704-4e35-b0df-b1fe07bc87d6	COMPLETED	1390	1390	41:14.351		1	16Gn	2026-10-02T18:54:09	2026-10-02T19:17:19	mjolnircomp11fl	721163264
45818710	merge_gene_annotations	cmag_703	74e05862-a704-4e35-b0df-b1fe07bc87d6	COMPLETED	19	19	00:13.446		1	8Gn	2026-10-02T18:54:39	2026-10-02T18:54:58	mjolnircomp10fl	868352
45818711	ncbifam	cmag_591	74e05862-a704-4e35-b0df-b1fe07bc87d6	COMPLETED	943	943	27:22.746		1	16Gn	2026-10-02T18:54:39	2026-10-02T19:10:22	mjolnirgpu01fl	440482816
45818712	kegg	cmag_231	74e05862-a704-4e35-b0df-b1fe07bc87d6	COMPLETED	1078	1078	31:36.428		1	8Gn	2026-10-02T18:59:12	2026-10-02T19:17:10	mjolnircomp15fl	1235377152
45818713	kegg	cmag_637	74e05862-a704-4e35-b0df-b1fe07bc87d6	COMPLETED	2863	2863	01:26:23		1	8Gn	2026-10-02T18:55:09	2026-10-02T19:42:52	mjolnircomp06fl	888797184
45818714	tigrfam	cmag_476	74e05862-a704-4e35-b0df-b1fe07bc87d6	COMPLETED	171	171	04:29.123		1	16Gn	2026-10-02T18:55:09	2026-10-02T18:58:00	mjolnircomp10fl	412711936
45818725	kegg	cmag_670	74e05862-a704-4e35-b0df-b1fe07bc87d6	COMPLETED	1115	1115	30:44.282		1	8Gn	2026-10-02T19:12:17	2026-10-02T19:30:52	mjolnircomp05fl	710344704
45818726	tigrfam	cmag_552	74e05862-a704-4e35-b0df-b1fe07bc87d6	COMPLETED	117	117	02:59.777		1	16Gn	2026-10-02T18:55:09	2026-10-02T18:57:06	mjolnircomp15fl	328188928
45818727	tigrfam	cmag_237	74e05862-a704-4e35-b0df-b1fe07bc87d6	COMPLETED	248	248	05:31.244		1	16Gn	2026-10-02T18:56:10	2026-10-02T19:00:18	mjolnircomp12fl	338764800
45818728	cazy	cmag_025	74e05862-a704-4e35-b0df-b1fe07bc87d6	COMPLETED	21	21	00:15.381		1	8Gn	2026-10-02T19:12:47	2026-10-02T19:13:08	mjolnircomp15fl	812032
45818729	kegg	cmag_591	74e05862-a704-4e35-b0df-b1fe07bc87d6	COMPLETED	1327	1327	40:04.165		1	16Gn	2026-10-02T18:56:10	2026-10-02T19:18:17	mjolnircomp13fl	742762496
45818730	cazy	cmag_590	74e05862-a704-4e35-b0df-b1fe07bc87d6	COMPLETED	34	34	00:28.881		1	8740Mn	2026-10-02T19:25:52	2026-10-02T19:26:26	mjolnircomp11fl	77406208
45818731	ncbifam	cmag_151	74e05862-a704-4e35-b0df-b1fe07bc87d6	COMPLETED	357	357	10:20.514		1	16Gn	2026-10-02T18:52:08	2026-10-02T18:58:05	mjolnircomp15fl	408747008
45818740	cazy	cmag_322	74e05862-a704-4e35-b0df-b1fe07bc87d6	COMPLETED	17	17	00:13.224		1	8Gn	2026-10-02T19:17:19	2026-10-02T19:17:36	mjolnircomp15fl	806912
45818741	pfam	cmag_237	74e05862-a704-4e35-b0df-b1fe07bc87d6	COMPLETED	838	838	22:32.766		1	8Gn	2026-10-02T19:08:15	2026-10-02T19:22:13	mjolnircomp15fl	233022464
45818742	pfam	cmag_151	74e05862-a704-4e35-b0df-b1fe07bc87d6	COMPLETED	438	438	11:59.177		1	8Gn	2026-10-02T19:13:47	2026-10-02T19:21:05	mjolnircomp15fl	191739904
45818743	tigrfam	cmag_215	74e05862-a704-4e35-b0df-b1fe07bc87d6	COMPLETED	78	78	02:01.587		1	16Gn	2026-10-02T18:52:08	2026-10-02T18:53:26	mjolnircomp15fl	346632192
45818744	ncbifam	cmag_378	74e05862-a704-4e35-b0df-b1fe07bc87d6	COMPLETED	302	302	08:43.358		1	16Gn	2026-10-02T18:52:08	2026-10-02T18:57:10	mjolnircomp15fl	390609920
45818745	ncbifam	cmag_730	74e05862-a704-4e35-b0df-b1fe07bc87d6	COMPLETED	695	695	18:24.771		1	16Gn	2026-10-02T18:56:10	2026-10-02T19:07:45	mjolnirgpu02fl	479121408
45818746	kegg	cmag_299	74e05862-a704-4e35-b0df-b1fe07bc87d6	COMPLETED	1635	1635	46:45.586		1	16Gn	2026-10-02T18:56:10	2026-10-02T19:23:25	mjolnirgpu02fl	807480320
45818747	pfam	cmag_467	74e05862-a704-4e35-b0df-b1fe07bc87d6	COMPLETED	687	687	19:17.972		1	8Gn	2026-10-02T19:26:22	2026-10-02T19:37:49	mjolnircomp02fl	287545344
45818748	ncbifam	cmag_334	74e05862-a704-4e35-b0df-b1fe07bc87d6	COMPLETED	687	687	18:20.385		1	16Gn	2026-10-02T18:56:10	2026-10-02T19:07:37	mjolnirgpu02fl	374371328
45818749	cazy	cmag_151	74e05862-a704-4e35-b0df-b1fe07bc87d6	COMPLETED	14	14	00:10.393		1	8Gn	2026-10-02T19:17:19	2026-10-02T19:17:33	mjolnircomp15fl	818176
45818756	ncbifam	cmag_009	74e05862-a704-4e35-b0df-b1fe07bc87d6	COMPLETED	725	725	21:08.871		1	16Gn	2026-10-02T18:57:11	2026-10-02T19:09:16	mjolnircomp03fl	429466624
45818757	cazy	cmag_046	74e05862-a704-4e35-b0df-b1fe07bc87d6	COMPLETED	16	16	00:11.727		1	8Gn	2026-10-02T19:17:49	2026-10-02T19:18:05	mjolnircomp15fl	814080
45818758	tigrfam	cmag_781	74e05862-a704-4e35-b0df-b1fe07bc87d6	COMPLETED	103	103	02:33.180		1	16Gn	2026-10-02T18:57:41	2026-10-02T18:59:24	mjolnircomp16fl	438724608
45818759	tigrfam	cmag_462	74e05862-a704-4e35-b0df-b1fe07bc87d6	COMPLETED	267	267	07:13.688		1	16Gn	2026-10-02T18:58:11	2026-10-02T19:02:38	mjolnircomp10fl	383038464
45818760	pfam	cmag_375	74e05862-a704-4e35-b0df-b1fe07bc87d6	COMPLETED	449	449	12:42.646		1	8Gn	2026-10-02T19:26:22	2026-10-02T19:33:51	mjolnircomp15fl	264655872
45818761	pfam	cmag_755	74e05862-a704-4e35-b0df-b1fe07bc87d6	COMPLETED	734	734	20:27.597		1	8Gn	2026-10-02T18:58:11	2026-10-02T19:10:25	mjolnircomp01fl	234401792
45818762	tigrfam	cmag_151	74e05862-a704-4e35-b0df-b1fe07bc87d6	COMPLETED	95	95	02:28.889		1	16Gn	2026-10-02T18:53:39	2026-10-02T18:55:14	mjolnircomp15fl	331449344
45818763	ncbifam	cmag_237	74e05862-a704-4e35-b0df-b1fe07bc87d6	COMPLETED	798	798	22:58.339		1	16Gn	2026-10-02T18:59:12	2026-10-02T19:12:30	mjolnircomp11fl	361322496
45818764	pfam	cmag_730	74e05862-a704-4e35-b0df-b1fe07bc87d6	COMPLETED	759	759	20:02.509		1	8Gn	2026-10-02T19:26:53	2026-10-02T19:39:32	mjolnircomp11fl	177599488
45818765	kegg	cmag_137	74e05862-a704-4e35-b0df-b1fe07bc87d6	COMPLETED	1610	1610	48:33.055		1	16Gn	2026-10-02T18:59:42	2026-10-02T19:26:32	mjolnircomp16fl	1032725504
45818779	kegg	cmag_767	74e05862-a704-4e35-b0df-b1fe07bc87d6	COMPLETED	751	751	22:05.349		1	8Gn	2026-10-02T19:29:24	2026-10-02T19:41:55	mjolnircomp11fl	760626176
45818780	ncbifam	cmag_813	74e05862-a704-4e35-b0df-b1fe07bc87d6	COMPLETED	657	657	18:17.246		1	16Gn	2026-10-02T19:02:13	2026-10-02T19:13:10	mjolnircomp14fl	444357632
45818805	cazy	cmag_164	74e05862-a704-4e35-b0df-b1fe07bc87d6	COMPLETED	14	14	00:09.192		1	8Gn	2026-10-02T19:22:21	2026-10-02T19:22:35	mjolnircomp15fl	841728
45818811	cazy	cmag_073	74e05862-a704-4e35-b0df-b1fe07bc87d6	COMPLETED	34	34	00:29.236		1	8Gn	2026-10-02T19:38:58	2026-10-02T19:39:32	mjolnircomp03fl	79538176
45818812	pfam	cmag_041	74e05862-a704-4e35-b0df-b1fe07bc87d6	COMPLETED	578	578	16:05.757		1	8Gn	2026-10-02T19:30:54	2026-10-02T19:40:32	mjolnircomp10fl	215918592
45818813	tigrfam	cmag_418	74e05862-a704-4e35-b0df-b1fe07bc87d6	COMPLETED	275	275	07:00.326		1	16Gn	2026-10-02T19:06:45	2026-10-02T19:11:20	mjolnircomp08fl	366803968
45818814	pfam	cmag_462	74e05862-a704-4e35-b0df-b1fe07bc87d6	COMPLETED	1208	1208	33:46.154		1	8Gn	2026-10-02T19:10:46	2026-10-02T19:30:54	mjolnircomp10fl	230534144
45818815	pfam	cmag_156	74e05862-a704-4e35-b0df-b1fe07bc87d6	COMPLETED	911	911	23:19.657		1	8Gn	2026-10-02T19:30:54	2026-10-02T19:46:05	mjolnircomp11fl	184763392
45818816	pfam	cmag_432	74e05862-a704-4e35-b0df-b1fe07bc87d6	COMPLETED	675	675	17:50.909		1	8Gn	2026-10-02T19:10:16	2026-10-02T19:21:31	mjolnircomp15fl	220233728
45818817	pfam	cmag_190	74e05862-a704-4e35-b0df-b1fe07bc87d6	COMPLETED	901	901	25:03.591		1	8Gn	2026-10-02T19:10:46	2026-10-02T19:25:47	mjolnircomp10fl	245646336
45818818	pfam	cmag_378	74e05862-a704-4e35-b0df-b1fe07bc87d6	COMPLETED	373	373	10:09.779		1	8Gn	2026-10-02T19:13:17	2026-10-02T19:19:30	mjolnircomp15fl	188320768
45818819	cazy	cmag_237	74e05862-a704-4e35-b0df-b1fe07bc87d6	COMPLETED	18	18	00:13.515		1	8Gn	2026-10-02T19:22:51	2026-10-02T19:23:09	mjolnircomp15fl	847872
45818820	cazy	cmag_041	74e05862-a704-4e35-b0df-b1fe07bc87d6	COMPLETED	16	16	00:11.080		1	8Gn	2026-10-02T19:22:51	2026-10-02T19:23:07	mjolnircomp15fl	843776
45818825	ncbifam	cmag_760	74e05862-a704-4e35-b0df-b1fe07bc87d6	COMPLETED	624	624	17:05.390		1	16Gn	2026-10-02T19:00:42	2026-10-02T19:11:06	mjolnircomp12fl	320362496
45818826	ncbifam	cmag_041	74e05862-a704-4e35-b0df-b1fe07bc87d6	COMPLETED	548	548	15:24.542		1	16Gn	2026-10-02T19:02:43	2026-10-02T19:11:51	mjolnircomp14fl	385132544
45818827	ncbifam	cmag_720	74e05862-a704-4e35-b0df-b1fe07bc87d6	COMPLETED	510	510	14:51.398		1	16Gn	2026-10-02T19:03:44	2026-10-02T19:12:14	mjolnircomp03fl	413604864
45818828	cazy	cmag_183	74e05862-a704-4e35-b0df-b1fe07bc87d6	COMPLETED	16	16	00:10.855		1	8Gn	2026-10-02T19:23:21	2026-10-02T19:23:37	mjolnircomp15fl	848896
45818830	ncbifam	cmag_746	74e05862-a704-4e35-b0df-b1fe07bc87d6	COMPLETED	1534	1534	44:17.567		1	16Gn	2026-10-02T19:10:46	2026-10-02T19:36:20	mjolnirgpu01fl	379084800
45818831	tigrfam	cmag_279	74e05862-a704-4e35-b0df-b1fe07bc87d6	COMPLETED	207	207	05:30.364		1	16Gn	2026-10-02T19:11:16	2026-10-02T19:14:43	mjolnircomp12fl	345553920
45818832	tigrfam	cmag_041	74e05862-a704-4e35-b0df-b1fe07bc87d6	COMPLETED	149	149	03:53.755		1	16Gn	2026-10-02T19:03:44	2026-10-02T19:06:13	mjolnirgpu01fl	402192384
45818833	cazy	cmag_056	74e05862-a704-4e35-b0df-b1fe07bc87d6	COMPLETED	14	14	00:10.701		1	8Gn	2026-10-02T19:38:28	2026-10-02T19:38:42	mjolnircomp11fl	801792
45818844	prodigal	cmag_259	74e05862-a704-4e35-b0df-b1fe07bc87d6	COMPLETED	8	8	00:04.905		1	4081Mn	2026-10-02T19:21:20	2026-10-02T19:21:28	mjolnircomp15fl	838656
45818845	cazy	cmag_193	74e05862-a704-4e35-b0df-b1fe07bc87d6	COMPLETED	20	20	00:15.557		1	8Gn	2026-10-02T19:40:59	2026-10-02T19:41:19	mjolnircomp11fl	804864
45818846	pfam	cmag_649	74e05862-a704-4e35-b0df-b1fe07bc87d6	COMPLETED	373	373	10:09.662		1	8Gn	2026-10-02T19:13:17	2026-10-02T19:19:30	mjolnircomp15fl	214502400
45818847	kegg	cmag_726	74e05862-a704-4e35-b0df-b1fe07bc87d6	COMPLETED	1051	1051	30:35.568		1	8Gn	2026-10-02T19:10:46	2026-10-02T19:28:17	mjolnircomp10fl	821625856
45818851	cazy	cmag_504	74e05862-a704-4e35-b0df-b1fe07bc87d6	COMPLETED	24	24	00:18.234		1	8Gn	2026-10-02T19:40:59	2026-10-02T19:41:23	mjolnircomp11fl	806912
45818852	cazy	cmag_236	74e05862-a704-4e35-b0df-b1fe07bc87d6	COMPLETED	19	19	00:13.572		1	8Gn	2026-10-02T19:40:59	2026-10-02T19:41:18	mjolnircomp11fl	804864
45818853	tigrfam	cmag_375	74e05862-a704-4e35-b0df-b1fe07bc87d6	COMPLETED	106	106	02:45.899		1	16Gn	2026-10-02T19:02:43	2026-10-02T19:04:29	mjolnircomp10fl	361035776
45818854	ncbifam	cmag_465	74e05862-a704-4e35-b0df-b1fe07bc87d6	COMPLETED	565	565	16:07.732		1	16Gn	2026-10-02T19:05:14	2026-10-02T19:14:39	mjolnircomp12fl	465337344
45818858	prodigal	cmag_230	74e05862-a704-4e35-b0df-b1fe07bc87d6	COMPLETED	5	5	00:02.646		1	1796Mn	2026-10-02T19:22:21	2026-10-02T19:22:26	mjolnircomp15fl	842752
45818859	ncbifam	cmag_062	74e05862-a704-4e35-b0df-b1fe07bc87d6	COMPLETED	649	649	18:43.510		1	16Gn	2026-10-02T19:06:15	2026-10-02T19:17:04	mjolnirgpu01fl	481666048
45818860	cazy	cmag_497	74e05862-a704-4e35-b0df-b1fe07bc87d6	COMPLETED	15	15	00:09.945		1	8Gn	2026-10-02T19:40:59	2026-10-02T19:41:14	mjolnircomp11fl	804864
45818861	ncbifam	cmag_402	74e05862-a704-4e35-b0df-b1fe07bc87d6	COMPLETED	993	993	26:54.300		1	16Gn	2026-10-02T19:11:46	2026-10-02T19:28:19	mjolnircomp17fl	469039104
45818866	kegg	cmag_792	74e05862-a704-4e35-b0df-b1fe07bc87d6	COMPLETED	1490	1490	43:26.482		1	8Gn	2026-10-02T19:15:48	2026-10-02T19:40:38	mjolnircomp11fl	1324680192
45818867	tigrfam	cmag_672	74e05862-a704-4e35-b0df-b1fe07bc87d6	COMPLETED	221	221	05:45.567		1	16Gn	2026-10-02T19:11:46	2026-10-02T19:15:27	mjolnircomp11fl	299917312
45818868	ncbifam	cmag_341	74e05862-a704-4e35-b0df-b1fe07bc87d6	COMPLETED	829	829	23:07.903		1	16Gn	2026-10-02T19:11:46	2026-10-02T19:25:35	mjolnircomp11fl	374679552
45818873	pfam	cmag_555	74e05862-a704-4e35-b0df-b1fe07bc87d6	COMPLETED	834	834	21:55.775		1	8Gn	2026-10-02T19:30:54	2026-10-02T19:44:48	mjolnircomp11fl	207921152
45818876	tigrfam	cmag_760	74e05862-a704-4e35-b0df-b1fe07bc87d6	COMPLETED	136	136	03:30.757		1	16Gn	2026-10-02T19:05:14	2026-10-02T19:07:30	mjolnircomp10fl	382789632
45818877	merge_gene_annotations	cmag_172	74e05862-a704-4e35-b0df-b1fe07bc87d6	COMPLETED	25	25	00:18.228		1	8Gn	2026-10-02T19:11:46	2026-10-02T19:12:11	mjolnirgpu03fl	841728
45818881	prodigal	cmag_435	74e05862-a704-4e35-b0df-b1fe07bc87d6	COMPLETED	5	5	00:02.624		1	1630Mn	2026-10-02T19:22:21	2026-10-02T19:22:26	mjolnircomp15fl	844800
45818882	tigrfam	cmag_627	74e05862-a704-4e35-b0df-b1fe07bc87d6	COMPLETED	442	442	10:42.554		1	16Gn	2026-10-02T19:11:46	2026-10-02T19:19:08	mjolnirgpu02fl	365202432
45818886	merge_gene_annotations	cmag_284	74e05862-a704-4e35-b0df-b1fe07bc87d6	COMPLETED	18	18	00:11.567		1	8Gn	2026-10-02T19:17:49	2026-10-02T19:18:07	mjolnircomp11fl	817152
45818891	ncbifam	cmag_480	74e05862-a704-4e35-b0df-b1fe07bc87d6	COMPLETED	1360	1360	37:38.868		1	16Gn	2026-10-02T19:11:46	2026-10-02T19:34:26	mjolnirgpu02fl	391389184
45818892	kegg	cmag_350	74e05862-a704-4e35-b0df-b1fe07bc87d6	COMPLETED	611	611	17:50.134		1	8Gn	2026-10-02T19:31:24	2026-10-02T19:41:35	mjolnircomp11fl	822604800
45818893	prodigal	cmag_641	74e05862-a704-4e35-b0df-b1fe07bc87d6	COMPLETED	7	7	00:04.262		1	2816Mn	2026-10-02T19:22:51	2026-10-02T19:22:58	mjolnircomp15fl	848896
45818894	kegg	cmag_131	74e05862-a704-4e35-b0df-b1fe07bc87d6	COMPLETED	721	721	20:37.128		1	8Gn	2026-10-02T19:31:24	2026-10-02T19:43:25	mjolnircomp11fl	709601280
45818898	tigrfam	cmag_352	74e05862-a704-4e35-b0df-b1fe07bc87d6	COMPLETED	207	207	05:31.660		1	16Gn	2026-10-02T19:12:17	2026-10-02T19:15:44	mjolnircomp01fl	297828352
45818899	cazy	cmag_356	74e05862-a704-4e35-b0df-b1fe07bc87d6	COMPLETED	17	17	00:10.843		1	8Gn	2026-10-02T19:40:59	2026-10-02T19:41:16	mjolnircomp11fl	808960
45818902	pfam	cmag_118	74e05862-a704-4e35-b0df-b1fe07bc87d6	COMPLETED	1030	1030	25:59.799		1	8Gn	2026-10-02T19:33:25	2026-10-02T19:50:35	mjolnircomp05fl	256517120
45818903	ncbifam	cmag_728	74e05862-a704-4e35-b0df-b1fe07bc87d6	COMPLETED	668	668	19:37.623		1	16Gn	2026-10-02T19:12:17	2026-10-02T19:23:25	mjolnircomp03fl	435875840
45818904	pfam	cmag_579	74e05862-a704-4e35-b0df-b1fe07bc87d6	COMPLETED	521	521	14:07.797		1	8Gn	2026-10-02T19:11:46	2026-10-02T19:20:27	mjolnircomp15fl	233397248
45818907	kegg	cmag_087	74e05862-a704-4e35-b0df-b1fe07bc87d6	COMPLETED	1824	1824	55:05.210		1	16Gn	2026-10-02T19:12:17	2026-10-02T19:42:41	mjolnircomp14fl	816911360
45818908	kegg	cmag_088	74e05862-a704-4e35-b0df-b1fe07bc87d6	COMPLETED	1019	1019	30:24.168		1	16Gn	2026-10-02T19:03:44	2026-10-02T19:20:43	mjolnircomp11fl	720577536
45818915	ncbifam	cmag_679	74e05862-a704-4e35-b0df-b1fe07bc87d6	COMPLETED	458	458	13:08.357		1	16Gn	2026-10-02T19:07:45	2026-10-02T19:15:23	mjolnircomp10fl	427671552
45818920	kegg	cmag_368	74e05862-a704-4e35-b0df-b1fe07bc87d6	COMPLETED	1783	1783	53:48.438		1	8Gn	2026-10-02T19:08:45	2026-10-02T19:38:28	mjolnircomp11fl	829762560
45818921	kegg	cmag_409	74e05862-a704-4e35-b0df-b1fe07bc87d6	COMPLETED	1884	1884	54:55.289		1	8Gn	2026-10-02T19:04:44	2026-10-02T19:36:08	mjolnircomp10fl	828621824
45818922	tigrfam	cmag_674	74e05862-a704-4e35-b0df-b1fe07bc87d6	COMPLETED	196	196	05:14.235		1	16Gn	2026-10-02T19:12:17	2026-10-02T19:15:33	mjolnircomp11fl	364755968
45818924	cazy	cmag_141	74e05862-a704-4e35-b0df-b1fe07bc87d6	COMPLETED	14	14	00:08.315		1	8Gn	2026-10-02T19:40:59	2026-10-02T19:41:13	mjolnircomp11fl	800768
45818929	tigrfam	cmag_513	74e05862-a704-4e35-b0df-b1fe07bc87d6	COMPLETED	176	176	04:14.672		1	16Gn	2026-10-02T19:12:17	2026-10-02T19:15:13	mjolnirgpu03fl	367738880
45818935	cazy	cmag_368	74e05862-a704-4e35-b0df-b1fe07bc87d6	COMPLETED	21	21	00:17.665		1	8Gn	2026-10-02T19:41:29	2026-10-02T19:41:50	mjolnircomp11fl	795648
45818950	cazy	cmag_534	74e05862-a704-4e35-b0df-b1fe07bc87d6	COMPLETED	15	15	00:10.405		1	8Gn	2026-10-02T19:41:29	2026-10-02T19:41:44	mjolnircomp11fl	807936
45818965	tigrfam	cmag_473	74e05862-a704-4e35-b0df-b1fe07bc87d6	COMPLETED	158	158	04:00.428		1	16Gn	2026-10-02T19:12:47	2026-10-02T19:15:25	mjolnircomp08fl	393311232
45818970	cazy	cmag_190	74e05862-a704-4e35-b0df-b1fe07bc87d6	COMPLETED	17	17	00:12.575		1	8Gn	2026-10-02T19:41:29	2026-10-02T19:41:46	mjolnircomp11fl	797696
45818979	pfam	cmag_088	74e05862-a704-4e35-b0df-b1fe07bc87d6	COMPLETED	506	506	13:47.040		1	8Gn	2026-10-02T19:11:46	2026-10-02T19:20:12	mjolnircomp15fl	203436032
45818987	pfam	cmag_518	74e05862-a704-4e35-b0df-b1fe07bc87d6	COMPLETED	521	521	14:42.793		1	8Gn	2026-10-02T19:34:26	2026-10-02T19:43:07	mjolnircomp09fl	299380736
45818988	pfam	cmag_542	74e05862-a704-4e35-b0df-b1fe07bc87d6	COMPLETED	1674	1674	44:05.238		1	8Gn	2026-10-02T19:12:17	2026-10-02T19:40:11	mjolnircomp05fl	212716544
45818989	pfam	cmag_556	74e05862-a704-4e35-b0df-b1fe07bc87d6	COMPLETED	674	674	17:58.710		1	8Gn	2026-10-02T19:34:26	2026-10-02T19:45:40	mjolnircomp11fl	208585728
45818990	pfam	cmag_377	74e05862-a704-4e35-b0df-b1fe07bc87d6	COMPLETED	581	581	15:44.421		1	8Gn	2026-10-02T19:34:26	2026-10-02T19:44:07	mjolnircomp11fl	221062144
45819003	cazy	cmag_577	74e05862-a704-4e35-b0df-b1fe07bc87d6	COMPLETED	21	21	00:16.370		1	8Gn	2026-10-02T19:13:17	2026-10-02T19:13:38	mjolnircomp15fl	816128
45819011	pfam	cmag_290	74e05862-a704-4e35-b0df-b1fe07bc87d6	COMPLETED	469	469	13:22.481		1	8Gn	2026-10-02T19:34:56	2026-10-02T19:42:45	mjolnircomp15fl	258100224
45819015	tigrfam	cmag_356	74e05862-a704-4e35-b0df-b1fe07bc87d6	COMPLETED	136	136	03:27.341		1	16Gn	2026-10-02T19:13:17	2026-10-02T19:15:33	mjolnircomp01fl	384797696
45819016	tigrfam	cmag_622	74e05862-a704-4e35-b0df-b1fe07bc87d6	COMPLETED	182	182	04:50.360		1	16Gn	2026-10-02T19:14:17	2026-10-02T19:17:19	mjolnircomp03fl	365879296
45819017	ncbifam	cmag_416	74e05862-a704-4e35-b0df-b1fe07bc87d6	COMPLETED	789	789	22:59.455		1	16Gn	2026-10-02T19:14:17	2026-10-02T19:27:26	mjolnircomp03fl	442345472
45819022	cazy	cmag_395	74e05862-a704-4e35-b0df-b1fe07bc87d6	COMPLETED	15	15	00:10.213		1	8Gn	2026-10-02T19:42:29	2026-10-02T19:42:44	mjolnircomp03fl	842752
45819023	kegg	cmag_702	74e05862-a704-4e35-b0df-b1fe07bc87d6	COMPLETED	2945	2945	01:22:16		1	8Gn	2026-10-02T19:13:17	2026-10-02T20:02:22	mjolnircomp05fl	991454208
45819024	pfam	cmag_231	74e05862-a704-4e35-b0df-b1fe07bc87d6	COMPLETED	451	451	12:08.580		1	8Gn	2026-10-02T19:34:56	2026-10-02T19:42:27	mjolnircomp07fl	290807808
45819029	kegg	cmag_084	74e05862-a704-4e35-b0df-b1fe07bc87d6	COMPLETED	1380	1380	41:26.154		1	8Gn	2026-10-02T19:14:17	2026-10-02T19:37:17	mjolnircomp03fl	1097401344
45819030	pfam	cmag_431	74e05862-a704-4e35-b0df-b1fe07bc87d6	COMPLETED	946	946	25:54.208		1	8Gn	2026-10-02T19:18:19	2026-10-02T19:34:05	mjolnircomp11fl	193920000
45819031	kegg	cmag_423	74e05862-a704-4e35-b0df-b1fe07bc87d6	COMPLETED	1686	1686	47:57.616		1	8Gn	2026-10-02T19:14:17	2026-10-02T19:42:23	mjolnircomp10fl	697504768
45819032	pfam	cmag_056	74e05862-a704-4e35-b0df-b1fe07bc87d6	COMPLETED	597	597	16:39.085		1	8Gn	2026-10-02T19:34:56	2026-10-02T19:44:53	mjolnirgpu01fl	221845504
45819033	cazy	cmag_131	74e05862-a704-4e35-b0df-b1fe07bc87d6	COMPLETED	14	14	00:08.490		1	8Gn	2026-10-02T19:42:29	2026-10-02T19:42:43	mjolnircomp11fl	812032
45819044	prodigal	cmag_754	74e05862-a704-4e35-b0df-b1fe07bc87d6	COMPLETED	8	8	00:04.603		1	2801Mn	2026-10-02T19:42:29	2026-10-02T19:42:37	mjolnircomp11fl	806912
45819045	tigrfam	cmag_312	74e05862-a704-4e35-b0df-b1fe07bc87d6	COMPLETED	172	172	04:33.283		1	16Gn	2026-10-02T19:15:18	2026-10-02T19:18:10	mjolnircomp03fl	339305472
45819046	pfam	cmag_459	74e05862-a704-4e35-b0df-b1fe07bc87d6	COMPLETED	763	763	20:40.351		1	8Gn	2026-10-02T19:34:56	2026-10-02T19:47:39	mjolnirgpu02fl	235954176
45819054	prodigal	cmag_642	74e05862-a704-4e35-b0df-b1fe07bc87d6	COMPLETED	6	6	00:03.140		1	1538Mn	2026-10-02T19:42:29	2026-10-02T19:42:35	mjolnircomp11fl	808960
45819055	cazy	cmag_676	74e05862-a704-4e35-b0df-b1fe07bc87d6	COMPLETED	21	21	00:15.286		1	8Gn	2026-10-02T19:42:29	2026-10-02T19:42:50	mjolnircomp11fl	809984
45819056	kegg	cmag_325	74e05862-a704-4e35-b0df-b1fe07bc87d6	COMPLETED	1813	1813	50:49.326		1	8Gn	2026-10-02T19:15:48	2026-10-02T19:46:01	mjolnircomp01fl	756910080
45819066	prodigal	cmag_101	74e05862-a704-4e35-b0df-b1fe07bc87d6	COMPLETED	8	8	00:04.577		1	3461Mn	2026-10-02T19:42:29	2026-10-02T19:42:37	mjolnircomp11fl	807936
45819067	tigrfam	cmag_720	74e05862-a704-4e35-b0df-b1fe07bc87d6	COMPLETED	146	146	03:48.749		1	16Gn	2026-10-02T19:15:48	2026-10-02T19:18:14	mjolnircomp11fl	332134400
45819068	kegg	cmag_279	74e05862-a704-4e35-b0df-b1fe07bc87d6	COMPLETED	1949	1949	54:56.194		1	8Gn	2026-10-02T19:15:48	2026-10-02T19:48:17	mjolnircomp01fl	634008576
45819069	merge_gene_annotations	cmag_536	74e05862-a704-4e35-b0df-b1fe07bc87d6	COMPLETED	17	17	00:12.332		1	8Gn	2026-10-02T19:15:48	2026-10-02T19:16:05	mjolnircomp10fl	822272
45819076	prodigal	cmag_697	74e05862-a704-4e35-b0df-b1fe07bc87d6	COMPLETED	7	7	00:03.202		1	2170Mn	2026-10-02T19:42:29	2026-10-02T19:42:36	mjolnircomp11fl	805888
45819077	prodigal	cmag_120	74e05862-a704-4e35-b0df-b1fe07bc87d6	COMPLETED	7	7	00:04.590		1	3486Mn	2026-10-02T19:43:00	2026-10-02T19:43:07	mjolnircomp11fl	803840
45819078	merge_gene_annotations	cmag_787	74e05862-a704-4e35-b0df-b1fe07bc87d6	COMPLETED	15	15	00:10.878		1	8Gn	2026-10-02T19:19:50	2026-10-02T19:20:05	mjolnircomp11fl	806912
45819079	kegg	cmag_076	74e05862-a704-4e35-b0df-b1fe07bc87d6	COMPLETED	1825	1825	54:20.211		1	8Gn	2026-10-02T19:16:18	2026-10-02T19:46:43	mjolnircomp10fl	981116928
45819080	ncbifam	cmag_778	74e05862-a704-4e35-b0df-b1fe07bc87d6	COMPLETED	1044	1044	30:00.929		1	16Gn	2026-10-02T19:17:19	2026-10-02T19:34:43	mjolnirgpu01fl	366348288
45819081	ncbifam	cmag_719	74e05862-a704-4e35-b0df-b1fe07bc87d6	COMPLETED	1262	1262	37:37.100		1	16Gn	2026-10-02T19:17:49	2026-10-02T19:38:51	mjolnircomp03fl	445334528
45819082	prodigal	cmag_143	74e05862-a704-4e35-b0df-b1fe07bc87d6	COMPLETED	6	6	00:04.097		1	2544Mn	2026-10-02T19:43:00	2026-10-02T19:43:06	mjolnircomp11fl	812032
45819087	kegg	cmag_388	74e05862-a704-4e35-b0df-b1fe07bc87d6	COMPLETED	554	554	15:30.961		1	8Gn	2026-10-02T19:34:56	2026-10-02T19:44:10	mjolnircomp02fl	749735936
45819090	cazy	cmag_467	74e05862-a704-4e35-b0df-b1fe07bc87d6	COMPLETED	17	17	00:12.644		1	8Gn	2026-10-02T19:43:00	2026-10-02T19:43:17	mjolnircomp11fl	815104
45819091	tigrfam	cmag_139	74e05862-a704-4e35-b0df-b1fe07bc87d6	COMPLETED	168	168	04:27.035		1	16Gn	2026-10-02T19:17:49	2026-10-02T19:20:37	mjolnircomp11fl	376073216
45819094	merge_gene_annotations	cmag_815	74e05862-a704-4e35-b0df-b1fe07bc87d6	COMPLETED	16	16	00:11.732		1	8Gn	2026-10-02T19:18:19	2026-10-02T19:18:35	mjolnircomp03fl	830464
45819095	pfam	cmag_114	74e05862-a704-4e35-b0df-b1fe07bc87d6	COMPLETED	798	798	21:56.365		1	8Gn	2026-10-02T19:20:50	2026-10-02T19:34:08	mjolnircomp11fl	243768320
45819096	merge_gene_annotations	cmag_493	74e05862-a704-4e35-b0df-b1fe07bc87d6	COMPLETED	19	19	00:13.588		1	8Gn	2026-10-02T19:18:19	2026-10-02T19:18:38	mjolnircomp13fl	889856
45819097	kegg	cmag_657	74e05862-a704-4e35-b0df-b1fe07bc87d6	COMPLETED	977	977	28:06.094		1	8Gn	2026-10-02T19:23:51	2026-10-02T19:40:08	mjolnirgpu02fl	996598784
45819101	pfam	cmag_485	74e05862-a704-4e35-b0df-b1fe07bc87d6	COMPLETED	335	335	08:42.446		1	8Gn	2026-10-02T19:43:00	2026-10-02T19:48:35	mjolnircomp11fl	198404096
45819102	pfam	cmag_789	74e05862-a704-4e35-b0df-b1fe07bc87d6	COMPLETED	1371	1371	35:59.184		1	8Gn	2026-10-02T19:23:51	2026-10-02T19:46:42	mjolnircomp11fl	208201728
45819103	prodigal	cmag_031	74e05862-a704-4e35-b0df-b1fe07bc87d6	COMPLETED	6	6	00:03.192		1	1796Mn	2026-10-02T19:43:00	2026-10-02T19:43:06	mjolnircomp11fl	802816
45819104	pfam	cmag_236	74e05862-a704-4e35-b0df-b1fe07bc87d6	COMPLETED	654	654	18:33.687		1	8Gn	2026-10-02T19:36:27	2026-10-02T19:47:21	mjolnircomp10fl	214043648
45819105	prodigal	cmag_713	74e05862-a704-4e35-b0df-b1fe07bc87d6	COMPLETED	6	6	00:03.810		1	3215Mn	2026-10-02T19:43:00	2026-10-02T19:43:06	mjolnircomp11fl	808960
45819107	pfam	cmag_659	74e05862-a704-4e35-b0df-b1fe07bc87d6	COMPLETED	336	336	09:31.836		1	8Gn	2026-10-02T19:21:20	2026-10-02T19:26:56	mjolnircomp15fl	237911040
45819108	cazy	cmag_549	74e05862-a704-4e35-b0df-b1fe07bc87d6	COMPLETED	15	15	00:11.546		1	8Gn	2026-10-02T19:43:30	2026-10-02T19:43:45	mjolnircomp11fl	806912
45819109	tigrfam	cmag_590	74e05862-a704-4e35-b0df-b1fe07bc87d6	COMPLETED	341	341	08:46.106		1	17481Mn	2026-10-02T19:19:50	2026-10-02T19:25:31	mjolnircomp08fl	364272640
45819110	ncbifam	cmag_003	74e05862-a704-4e35-b0df-b1fe07bc87d6	COMPLETED	316	316	08:49.369		1	16Gn	2026-10-02T19:23:51	2026-10-02T19:29:07	mjolnircomp11fl	421191680
45819112	tigrfam	cmag_611	74e05862-a704-4e35-b0df-b1fe07bc87d6	COMPLETED	155	155	04:07.548		1	16Gn	2026-10-02T19:20:20	2026-10-02T19:22:55	mjolnircomp11fl	375845888
45819113	tigrfam	cmag_133	74e05862-a704-4e35-b0df-b1fe07bc87d6	COMPLETED	141	141	03:44.722		1	16Gn	2026-10-02T19:20:50	2026-10-02T19:23:11	mjolnircomp03fl	391700480
45819117	cazy	cmag_378	74e05862-a704-4e35-b0df-b1fe07bc87d6	COMPLETED	14	14	00:08.907		1	8Gn	2026-10-02T19:43:30	2026-10-02T19:43:44	mjolnircomp11fl	808960
45819118	tigrfam	cmag_402	74e05862-a704-4e35-b0df-b1fe07bc87d6	COMPLETED	166	166	04:21.455		1	16Gn	2026-10-02T19:20:50	2026-10-02T19:23:36	mjolnircomp12fl	333485056
45819119	prodigal	cmag_434	74e05862-a704-4e35-b0df-b1fe07bc87d6	COMPLETED	6	6	00:03.485		1	1928Mn	2026-10-02T19:43:30	2026-10-02T19:43:36	mjolnircomp11fl	808960
45819120	tigrfam	cmag_751	74e05862-a704-4e35-b0df-b1fe07bc87d6	COMPLETED	220	220	05:53.069		1	16Gn	2026-10-02T19:23:21	2026-10-02T19:27:01	mjolnircomp03fl	377607168
45819121	ncbifam	cmag_289	74e05862-a704-4e35-b0df-b1fe07bc87d6	COMPLETED	726	726	20:18.464		1	16Gn	2026-10-02T19:23:21	2026-10-02T19:35:27	mjolnircomp02fl	424041472
45819129	ncbifam	cmag_232	74e05862-a704-4e35-b0df-b1fe07bc87d6	COMPLETED	668	668	18:46.027		1	16Gn	2026-10-02T19:23:21	2026-10-02T19:34:29	mjolnircomp02fl	551862272
45819130	kegg	cmag_447	74e05862-a704-4e35-b0df-b1fe07bc87d6	COMPLETED	1586	1586	45:58.699		1	8Gn	2026-10-02T19:22:21	2026-10-02T19:48:47	mjolnircomp11fl	742144000
45819131	kegg	cmag_760	74e05862-a704-4e35-b0df-b1fe07bc87d6	COMPLETED	1406	1406	40:37.728		1	8Gn	2026-10-02T19:24:21	2026-10-02T19:47:47	mjolnircomp11fl	1090802688
45819136	prodigal	cmag_294	74e05862-a704-4e35-b0df-b1fe07bc87d6	COMPLETED	5	5	00:02.898		1	1425Mn	2026-10-02T19:43:30	2026-10-02T19:43:35	mjolnircomp11fl	805888
45819137	pfam	cmag_315	74e05862-a704-4e35-b0df-b1fe07bc87d6	COMPLETED	1847	1847	49:30.946		1	8Gn	2026-10-02T19:25:52	2026-10-02T19:56:39	mjolnircomp17fl	304037888
45819141	pfam	cmag_412	74e05862-a704-4e35-b0df-b1fe07bc87d6	COMPLETED	814	814	23:06.364		1	8Gn	2026-10-02T19:25:52	2026-10-02T19:39:26	mjolnircomp03fl	228196352
45819142	tigrfam	cmag_062	74e05862-a704-4e35-b0df-b1fe07bc87d6	COMPLETED	145	145	03:46.697		1	16Gn	2026-10-02T19:23:21	2026-10-02T19:25:46	mjolnircomp02fl	313699328
45819143	kegg	cmag_355	74e05862-a704-4e35-b0df-b1fe07bc87d6	COMPLETED	1820	1820	51:34.628		1	8Gn	2026-10-02T19:23:21	2026-10-02T19:53:41	mjolnircomp02fl	777643008
45819144	prodigal	cmag_390	74e05862-a704-4e35-b0df-b1fe07bc87d6	COMPLETED	5	5	00:02.956		1	1778Mn	2026-10-02T19:43:30	2026-10-02T19:43:35	mjolnircomp11fl	809984
45819147	kegg	cmag_304	74e05862-a704-4e35-b0df-b1fe07bc87d6	COMPLETED	1848	1848	54:11.102		1	8Gn	2026-10-02T19:23:21	2026-10-02T19:54:09	mjolnircomp11fl	731141120
45819148	cazy	cmag_409	74e05862-a704-4e35-b0df-b1fe07bc87d6	COMPLETED	19	19	00:14.957		1	8Gn	2026-10-02T19:43:30	2026-10-02T19:43:49	mjolnircomp11fl	809984
45819149	prodigal	cmag_453	74e05862-a704-4e35-b0df-b1fe07bc87d6	COMPLETED	7	7	00:04.791		1	3206Mn	2026-10-02T19:43:30	2026-10-02T19:43:37	mjolnircomp11fl	793600
45819150	cazy	cmag_350	74e05862-a704-4e35-b0df-b1fe07bc87d6	COMPLETED	13	13	00:08.051		1	8Gn	2026-10-02T19:43:30	2026-10-02T19:43:43	mjolnircomp11fl	807936
45819151	prodigal	cmag_769	74e05862-a704-4e35-b0df-b1fe07bc87d6	COMPLETED	7	7	00:04.510		1	3120Mn	2026-10-02T19:44:00	2026-10-02T19:44:07	mjolnircomp03fl	839680
45819156	tigrfam	cmag_560	74e05862-a704-4e35-b0df-b1fe07bc87d6	COMPLETED	176	176	04:37.807		1	16Gn	2026-10-02T19:24:21	2026-10-02T19:27:17	mjolnircomp14fl	431162368
45819157	kegg	cmag_746	74e05862-a704-4e35-b0df-b1fe07bc87d6	COMPLETED	2323	2323	01:09:05		1	8Gn	2026-10-02T19:24:21	2026-10-02T20:03:04	mjolnircomp09fl	1034211328
45819158	pfam	cmag_676	74e05862-a704-4e35-b0df-b1fe07bc87d6	COMPLETED	924	924	25:45.036		1	8Gn	2026-10-02T19:25:52	2026-10-02T19:41:16	mjolnircomp10fl	214927360
45819159	ncbifam	cmag_183	74e05862-a704-4e35-b0df-b1fe07bc87d6	COMPLETED	593	593	16:35.582		1	16Gn	2026-10-02T19:24:21	2026-10-02T19:34:14	mjolnircomp09fl	464822272
45819172	prodigal	cmag_311	74e05862-a704-4e35-b0df-b1fe07bc87d6	COMPLETED	8	8	00:05.270		1	1430Mn	2026-10-02T19:45:01	2026-10-02T19:45:09	mjolnirgpu01fl	844800
45819173	tigrfam	cmag_295	74e05862-a704-4e35-b0df-b1fe07bc87d6	COMPLETED	219	219	05:49.329		1	16Gn	2026-10-02T19:26:53	2026-10-02T19:30:32	mjolnircomp16fl	382504960
45819174	pfam	cmag_637	74e05862-a704-4e35-b0df-b1fe07bc87d6	COMPLETED	861	861	24:05.178		1	8Gn	2026-10-02T19:28:23	2026-10-02T19:42:44	mjolnircomp10fl	279759872
45819175	cazy	cmag_263	74e05862-a704-4e35-b0df-b1fe07bc87d6	COMPLETED	19	19	00:14.235		1	8Gn	2026-10-02T19:45:01	2026-10-02T19:45:20	mjolnirgpu01fl	843776
45819176	kegg	cmag_228	74e05862-a704-4e35-b0df-b1fe07bc87d6	COMPLETED	2487	2487	01:14:37		1	8Gn	2026-10-02T19:27:23	2026-10-02T20:08:50	mjolnircomp03fl	1030226944
45819177	ncbifam	cmag_156	74e05862-a704-4e35-b0df-b1fe07bc87d6	COMPLETED	589	589	16:43.569		1	16Gn	2026-10-02T19:27:23	2026-10-02T19:37:12	mjolnircomp14fl	424673280
45819178	ncbifam	cmag_226	74e05862-a704-4e35-b0df-b1fe07bc87d6	COMPLETED	450	450	13:06.869		1	16Gn	2026-10-02T19:27:23	2026-10-02T19:34:53	mjolnircomp15fl	372972544
45819179	cazy	cmag_474	74e05862-a704-4e35-b0df-b1fe07bc87d6	COMPLETED	20	20	00:14.821		1	8Gn	2026-10-02T19:45:01	2026-10-02T19:45:21	mjolnirgpu01fl	843776
45819180	ncbifam	cmag_556	74e05862-a704-4e35-b0df-b1fe07bc87d6	COMPLETED	526	526	14:52.086		1	16Gn	2026-10-02T19:27:53	2026-10-02T19:36:39	mjolnircomp03fl	266828800
45819181	pfam	cmag_325	74e05862-a704-4e35-b0df-b1fe07bc87d6	COMPLETED	768	768	21:55.726		1	8Gn	2026-10-02T19:28:53	2026-10-02T19:41:41	mjolnircomp13fl	205059072
45819182	tigrfam	cmag_259	74e05862-a704-4e35-b0df-b1fe07bc87d6	COMPLETED	383	383	09:24.315		1	16Gn	2026-10-02T19:28:23	2026-10-02T19:34:46	mjolnircomp17fl	340591616
45819183	cazy	cmag_050	74e05862-a704-4e35-b0df-b1fe07bc87d6	COMPLETED	26	26	00:21.397		1	8Gn	2026-10-02T19:39:58	2026-10-02T19:40:24	mjolnircomp11fl	799744
45819184	ncbifam	cmag_588	74e05862-a704-4e35-b0df-b1fe07bc87d6	COMPLETED	595	595	17:02.446		1	16Gn	2026-10-02T19:28:53	2026-10-02T19:38:48	mjolnircomp13fl	364915712
45819185	ncbifam	cmag_222	74e05862-a704-4e35-b0df-b1fe07bc87d6	COMPLETED	356	356	09:52.947		1	16Gn	2026-10-02T19:30:54	2026-10-02T19:36:50	mjolnircomp16fl	449629184
45819188	prodigal	cmag_346	74e05862-a704-4e35-b0df-b1fe07bc87d6	COMPLETED	10	10	00:06.533		1	2327Mn	2026-10-02T19:45:01	2026-10-02T19:45:11	mjolnirgpu01fl	841728
45819191	kegg	cmag_608	74e05862-a704-4e35-b0df-b1fe07bc87d6	COMPLETED	1282	1282	36:40.993		1	8Gn	2026-10-02T19:31:24	2026-10-02T19:52:46	mjolnircomp10fl	848589824
45819192	ncbifam	cmag_579	74e05862-a704-4e35-b0df-b1fe07bc87d6	COMPLETED	429	429	12:14.358		1	16Gn	2026-10-02T19:31:24	2026-10-02T19:38:33	mjolnircomp13fl	399142912
45819193	ncbifam	cmag_262	74e05862-a704-4e35-b0df-b1fe07bc87d6	COMPLETED	724	724	21:09.716		1	16Gn	2026-10-02T19:33:55	2026-10-02T19:45:59	mjolnircomp15fl	362624000
45819198	kegg	cmag_237	74e05862-a704-4e35-b0df-b1fe07bc87d6	COMPLETED	1714	1714	50:47.422		1	8Gn	2026-10-02T19:35:26	2026-10-02T20:04:00	mjolnircomp12fl	926481408
45819199	ncbifam	cmag_497	74e05862-a704-4e35-b0df-b1fe07bc87d6	COMPLETED	273	273	07:51.077		1	16Gn	2026-10-02T19:35:26	2026-10-02T19:39:59	mjolnircomp03fl	477996032
45819200	ncbifam	cmag_199	74e05862-a704-4e35-b0df-b1fe07bc87d6	COMPLETED	455	455	12:40.301		1	16Gn	2026-10-02T19:35:56	2026-10-02T19:43:31	mjolnircomp07fl	474352640
45819201	kegg	cmag_539	74e05862-a704-4e35-b0df-b1fe07bc87d6	COMPLETED	1716	1716	46:08.049		1	8Gn	2026-10-02T19:35:26	2026-10-02T20:04:02	mjolnircomp02fl	1005855744
45819202	ncbifam	cmag_651	74e05862-a704-4e35-b0df-b1fe07bc87d6	COMPLETED	584	584	16:27.127		1	16Gn	2026-10-02T19:35:56	2026-10-02T19:45:40	mjolnircomp08fl	473093120
45819203	cazy	cmag_423	74e05862-a704-4e35-b0df-b1fe07bc87d6	COMPLETED	29	29	00:23.869		1	8Gn	2026-10-02T19:45:01	2026-10-02T19:45:30	mjolnirgpu01fl	841728
45819204	cazy	cmag_355	74e05862-a704-4e35-b0df-b1fe07bc87d6	COMPLETED	26	26	00:21.053		1	8Gn	2026-10-02T19:45:01	2026-10-02T19:45:27	mjolnirgpu01fl	846848
45819205	prodigal	cmag_807	74e05862-a704-4e35-b0df-b1fe07bc87d6	COMPLETED	8	8	00:04.846		1	1034Mn	2026-10-02T19:45:31	2026-10-02T19:45:39	mjolnirgpu01fl	839680
45819206	kegg	cmag_641	74e05862-a704-4e35-b0df-b1fe07bc87d6	COMPLETED	1752	1752	49:32.655		1	8Gn	2026-10-02T19:35:26	2026-10-02T20:04:38	mjolnircomp02fl	893992960
45819211	cazy	cmag_643	74e05862-a704-4e35-b0df-b1fe07bc87d6	COMPLETED	22	22	00:16.626		1	8Gn	2026-10-02T19:45:31	2026-10-02T19:45:53	mjolnirgpu01fl	843776
45819218	pfam	cmag_816	74e05862-a704-4e35-b0df-b1fe07bc87d6	COMPLETED	840	840	23:32.817		1	8Gn	2026-10-02T19:36:27	2026-10-02T19:50:27	mjolnirgpu01fl	242655232
45819221	pfam	cmag_125	74e05862-a704-4e35-b0df-b1fe07bc87d6	COMPLETED	770	770	21:23.617		1	8Gn	2026-10-02T19:37:57	2026-10-02T19:50:47	mjolnircomp02fl	225904640
45819222	merge_gene_annotations	cmag_679	74e05862-a704-4e35-b0df-b1fe07bc87d6	COMPLETED	17	17	00:11.876		1	8Gn	2026-10-02T19:37:27	2026-10-02T19:37:44	mjolnircomp03fl	831488
45819223	kegg	cmag_341	74e05862-a704-4e35-b0df-b1fe07bc87d6	COMPLETED	1566	1566	47:30.304		1	8Gn	2026-10-02T19:37:27	2026-10-02T20:03:33	mjolnircomp14fl	1046055936
45819225	pfam	cmag_741	74e05862-a704-4e35-b0df-b1fe07bc87d6	COMPLETED	426	426	11:54.769		1	8Gn	2026-10-02T19:45:31	2026-10-02T19:52:37	mjolnirgpu01fl	234464256
45819226	pfam	cmag_251	74e05862-a704-4e35-b0df-b1fe07bc87d6	COMPLETED	838	838	21:24.933		1	8Gn	2026-10-02T19:37:57	2026-10-02T19:51:55	mjolnircomp11fl	193930240
45819227	tigrfam	cmag_230	74e05862-a704-4e35-b0df-b1fe07bc87d6	COMPLETED	126	126	03:19.415		1	16Gn	2026-10-02T19:38:28	2026-10-02T19:40:34	mjolnircomp03fl	362672128
45819228	pfam	cmag_016	74e05862-a704-4e35-b0df-b1fe07bc87d6	COMPLETED	643	643	17:40.251		1	8Gn	2026-10-02T19:39:58	2026-10-02T19:50:41	mjolnircomp14fl	285956096
45819242	ncbifam	cmag_418	74e05862-a704-4e35-b0df-b1fe07bc87d6	COMPLETED	1128	1128	32:20.505		1	16Gn	2026-10-02T19:39:28	2026-10-02T19:58:16	mjolnircomp12fl	445589504
45819243	tigrfam	cmag_003	74e05862-a704-4e35-b0df-b1fe07bc87d6	COMPLETED	70	70	01:44.171		1	16Gn	2026-10-02T19:39:58	2026-10-02T19:41:08	mjolnircomp02fl	314992640
45819244	ncbifam	cmag_231	74e05862-a704-4e35-b0df-b1fe07bc87d6	COMPLETED	462	462	13:03.165		1	16Gn	2026-10-02T19:39:28	2026-10-02T19:47:10	mjolnircomp16fl	421379072
45819245	cazy	cmag_228	74e05862-a704-4e35-b0df-b1fe07bc87d6	COMPLETED	25	25	00:19.882		1	8Gn	2026-10-02T19:40:28	2026-10-02T19:40:53	mjolnircomp03fl	834560
45819246	ncbifam	cmag_528	74e05862-a704-4e35-b0df-b1fe07bc87d6	COMPLETED	1326	1326	36:36.139		1	16Gn	2026-10-02T19:40:28	2026-10-02T20:02:34	mjolnirgpu02fl	375924736
45819255	ncbifam	cmag_092	74e05862-a704-4e35-b0df-b1fe07bc87d6	COMPLETED	542	542	15:40.455		1	16Gn	2026-10-02T19:40:28	2026-10-02T19:49:30	mjolnircomp13fl	437352448
45819256	prodigal	cmag_557	74e05862-a704-4e35-b0df-b1fe07bc87d6	COMPLETED	8	8	00:05.781		1	2300Mn	2026-10-02T19:46:02	2026-10-02T19:46:10	mjolnirgpu01fl	832512
45819257	cazy	cmag_279	74e05862-a704-4e35-b0df-b1fe07bc87d6	COMPLETED	25	25	00:20.847		1	8Gn	2026-10-02T19:46:02	2026-10-02T19:46:27	mjolnirgpu01fl	838656
45819274	ncbifam	cmag_141	74e05862-a704-4e35-b0df-b1fe07bc87d6	COMPLETED	317	317	08:58.616		1	16Gn	2026-10-02T19:40:59	2026-10-02T19:46:16	mjolnircomp10fl	370523136
45819275	ncbifam	cmag_784	74e05862-a704-4e35-b0df-b1fe07bc87d6	COMPLETED	790	790	23:01.046		1	16Gn	2026-10-02T19:41:59	2026-10-02T19:55:09	mjolnircomp13fl	416012288
45819276	kegg	cmag_307	74e05862-a704-4e35-b0df-b1fe07bc87d6	COMPLETED	1893	1893	52:03.076		1	8Gn	2026-10-02T19:40:59	2026-10-02T20:12:32	mjolnircomp05fl	717177856
45819289	kegg	cmag_054	74e05862-a704-4e35-b0df-b1fe07bc87d6	COMPLETED	1244	1244	34:36.427		1	8Gn	2026-10-02T19:41:29	2026-10-02T20:02:13	mjolnircomp02fl	837877760
45819290	cazy	cmag_746	74e05862-a704-4e35-b0df-b1fe07bc87d6	COMPLETED	23	23	00:19.071		1	8Gn	2026-10-02T19:41:29	2026-10-02T19:41:52	mjolnircomp03fl	834560
45819291	cazy	cmag_447	74e05862-a704-4e35-b0df-b1fe07bc87d6	COMPLETED	16	16	00:11.802		1	8Gn	2026-10-02T19:48:33	2026-10-02T19:48:49	mjolnircomp14fl	816128
45819292	ncbifam	cmag_056	74e05862-a704-4e35-b0df-b1fe07bc87d6	COMPLETED	419	419	11:51.289		1	16Gn	2026-10-02T19:41:59	2026-10-02T19:48:58	mjolnircomp14fl	382570496
45819293	kegg	cmag_270	74e05862-a704-4e35-b0df-b1fe07bc87d6	COMPLETED	1199	1199	34:53.103		1	8Gn	2026-10-02T19:41:29	2026-10-02T20:01:28	mjolnircomp10fl	1150511104
45819302	kegg	cmag_041	74e05862-a704-4e35-b0df-b1fe07bc87d6	COMPLETED	1069	1069	31:17.398		1	8Gn	2026-10-02T19:43:00	2026-10-02T20:00:49	mjolnircomp10fl	699965440
45819303	pfam	cmag_131	74e05862-a704-4e35-b0df-b1fe07bc87d6	COMPLETED	342	342	09:08.181		1	8Gn	2026-10-02T19:48:33	2026-10-02T19:54:15	mjolnircomp14fl	197666816
45819304	tigrfam	cmag_542	74e05862-a704-4e35-b0df-b1fe07bc87d6	COMPLETED	196	196	05:04.626		1	16Gn	2026-10-02T19:42:29	2026-10-02T19:45:45	mjolnircomp07fl	412423168
45819305	tigrfam	cmag_579	74e05862-a704-4e35-b0df-b1fe07bc87d6	COMPLETED	173	173	04:28.547		1	16Gn	2026-10-02T19:43:00	2026-10-02T19:45:53	mjolnircomp06fl	423497728
45819306	pfam	cmag_814	74e05862-a704-4e35-b0df-b1fe07bc87d6	COMPLETED	1007	1007	27:06.846		1	8Gn	2026-10-02T19:44:31	2026-10-02T20:01:18	mjolnirgpu03fl	226587648
45819307	tigrfam	cmag_144	74e05862-a704-4e35-b0df-b1fe07bc87d6	COMPLETED	97	97	02:30.682		1	16Gn	2026-10-02T19:42:29	2026-10-02T19:44:06	mjolnircomp10fl	325185536
45819308	tigrfam	cmag_212	74e05862-a704-4e35-b0df-b1fe07bc87d6	COMPLETED	150	150	03:57.849		1	16Gn	2026-10-02T19:43:00	2026-10-02T19:45:30	mjolnircomp15fl	441699328
45819309	merge_gene_annotations	cmag_345	74e05862-a704-4e35-b0df-b1fe07bc87d6	COMPLETED	23	23	00:16.863		1	8Gn	2026-10-02T19:43:30	2026-10-02T19:43:53	mjolnircomp09fl	870400
45819310	kegg	cmag_680	74e05862-a704-4e35-b0df-b1fe07bc87d6	COMPLETED	1683	1683	46:31.149		1	8Gn	2026-10-02T19:44:31	2026-10-02T20:12:34	mjolnirgpu03fl	786917376
45819320	cazy	cmag_055	74e05862-a704-4e35-b0df-b1fe07bc87d6	COMPLETED	12	12	00:08.568		1	8Gn	2026-10-02T19:49:03	2026-10-02T19:49:15	mjolnircomp14fl	814080
45819321	prodigal	cmag_794	74e05862-a704-4e35-b0df-b1fe07bc87d6	COMPLETED	7	7	00:04.830		1	3041Mn	2026-10-02T19:49:03	2026-10-02T19:49:10	mjolnircomp14fl	823296
45819322	cazy	cmag_076	74e05862-a704-4e35-b0df-b1fe07bc87d6	COMPLETED	20	20	00:15.940		1	8Gn	2026-10-02T19:49:03	2026-10-02T19:49:23	mjolnircomp14fl	819200
45819323	tigrfam	cmag_749	74e05862-a704-4e35-b0df-b1fe07bc87d6	COMPLETED	159	159	04:18.589		1	16Gn	2026-10-02T19:44:31	2026-10-02T19:47:10	mjolnircomp09fl	382062592
45819324	pfam	cmag_040	74e05862-a704-4e35-b0df-b1fe07bc87d6	COMPLETED	481	481	13:21.917		1	8Gn	2026-10-02T19:43:00	2026-10-02T19:51:01	mjolnircomp03fl	243325952
45819325	cazy	cmag_200	74e05862-a704-4e35-b0df-b1fe07bc87d6	COMPLETED	15	15	00:11.330		1	8Gn	2026-10-02T19:49:03	2026-10-02T19:49:18	mjolnircomp14fl	814080
45819350	cazy	cmag_552	74e05862-a704-4e35-b0df-b1fe07bc87d6	COMPLETED	14	14	00:09.847		1	8Gn	2026-10-02T20:00:09	2026-10-02T20:00:23	mjolnircomp10fl	811008
45819351	pfam	cmag_651	74e05862-a704-4e35-b0df-b1fe07bc87d6	COMPLETED	846	846	23:22.271		1	8Gn	2026-10-02T19:44:31	2026-10-02T19:58:37	mjolnircomp10fl	206328832
45819352	tigrfam	cmag_025	74e05862-a704-4e35-b0df-b1fe07bc87d6	COMPLETED	305	305	08:09.556		1	16Gn	2026-10-02T19:44:31	2026-10-02T19:49:36	mjolnircomp12fl	401899520
45819353	tigrfam	cmag_728	74e05862-a704-4e35-b0df-b1fe07bc87d6	COMPLETED	200	200	05:22.090		1	16Gn	2026-10-02T19:44:31	2026-10-02T19:47:51	mjolnircomp12fl	319354880
45819354	merge_gene_annotations	cmag_356	74e05862-a704-4e35-b0df-b1fe07bc87d6	COMPLETED	21	21	00:14.990		1	8Gn	2026-10-02T19:44:00	2026-10-02T19:44:21	mjolnirgpu02fl	840704
45819355	kegg	cmag_549	74e05862-a704-4e35-b0df-b1fe07bc87d6	TIMEOUT	2182	2182	00:01.413		1	8Gn	2026-10-02T19:45:01	2026-10-02T20:21:23	mjolnircomp05fl	748685312
45819356	kegg	cmag_474	74e05862-a704-4e35-b0df-b1fe07bc87d6	COMPLETED	969	969	27:30.088		1	8Gn	2026-10-02T19:44:31	2026-10-02T20:00:40	mjolnircomp10fl	752758784
45819357	prodigal	cmag_367	74e05862-a704-4e35-b0df-b1fe07bc87d6	COMPLETED	15	15	00:04.126		1	1781Mn	2026-10-02T19:49:33	2026-10-02T19:49:48	mjolnircomp17fl	1149952
45819358	ncbifam	cmag_590	74e05862-a704-4e35-b0df-b1fe07bc87d6	COMPLETED	1272	1272	37:30.079		1	17481Mn	2026-10-02T19:45:31	2026-10-02T20:06:43	mjolnircomp15fl	399708160
45819359	ncbifam	cmag_751	74e05862-a704-4e35-b0df-b1fe07bc87d6	COMPLETED	796	796	23:18.358		1	16Gn	2026-10-02T19:46:02	2026-10-02T19:59:18	mjolnircomp15fl	408363008
45819360	ncbifam	cmag_295	74e05862-a704-4e35-b0df-b1fe07bc87d6	COMPLETED	1479	1479	42:55.469		1	16Gn	2026-10-02T19:46:02	2026-10-02T20:10:41	mjolnircomp06fl	411166720
45819361	ncbifam	cmag_374	74e05862-a704-4e35-b0df-b1fe07bc87d6	COMPLETED	1803	1803	49:42.890		1	16Gn	2026-10-02T19:44:31	2026-10-02T20:14:34	mjolnirgpu02fl	388344832
45819362	kegg	cmag_790	74e05862-a704-4e35-b0df-b1fe07bc87d6	COMPLETED	3056	3056	01:28:19		1	8Gn	2026-10-02T19:44:31	2026-10-02T20:35:27	mjolnirgpu02fl	940939264
45819374	merge_gene_annotations	cmag_275	74e05862-a704-4e35-b0df-b1fe07bc87d6	COMPLETED	41	41	00:13.255		1	8Gn	2026-10-02T19:44:31	2026-10-02T19:45:12	mjolnircomp17fl	79074304
45819375	cazy	cmag_697	74e05862-a704-4e35-b0df-b1fe07bc87d6	COMPLETED	17	17	00:11.693		1	8Gn	2026-10-02T20:01:09	2026-10-02T20:01:26	mjolnircomp10fl	820224
45819376	cazy	cmag_101	74e05862-a704-4e35-b0df-b1fe07bc87d6	COMPLETED	21	21	00:16.121		1	8Gn	2026-10-02T20:01:09	2026-10-02T20:01:30	mjolnircomp10fl	816128
45819377	pfam	cmag_754	74e05862-a704-4e35-b0df-b1fe07bc87d6	COMPLETED	987	987	27:26.057		1	8Gn	2026-10-02T19:44:31	2026-10-02T20:00:58	mjolnircomp10fl	264403968
45819378	pfam	cmag_697	74e05862-a704-4e35-b0df-b1fe07bc87d6	COMPLETED	683	683	19:01.978		1	8Gn	2026-10-02T19:47:32	2026-10-02T19:58:55	mjolnircomp10fl	203950080
45819379	pfam	cmag_101	74e05862-a704-4e35-b0df-b1fe07bc87d6	COMPLETED	1939	1939	50:47.246		1	8Gn	2026-10-02T19:45:01	2026-10-02T20:17:20	mjolnircomp05fl	206105600
45819380	ncbifam	cmag_101	74e05862-a704-4e35-b0df-b1fe07bc87d6	COMPLETED	1040	1040	27:40.877		1	16Gn	2026-10-02T19:46:02	2026-10-02T20:03:22	mjolnircomp07fl	435083264
45819381	tigrfam	cmag_754	74e05862-a704-4e35-b0df-b1fe07bc87d6	COMPLETED	284	284	06:48.233		1	16Gn	2026-10-02T19:44:31	2026-10-02T19:49:15	mjolnircomp17fl	347840512
45819382	ncbifam	cmag_754	74e05862-a704-4e35-b0df-b1fe07bc87d6	COMPLETED	1115	1115	30:00.268		1	16Gn	2026-10-02T19:44:31	2026-10-02T20:03:06	mjolnircomp17fl	332032000
45819383	cazy	cmag_754	74e05862-a704-4e35-b0df-b1fe07bc87d6	COMPLETED	19	19	00:14.385		1	8Gn	2026-10-02T20:01:09	2026-10-02T20:01:28	mjolnircomp10fl	811008
45819384	kegg	cmag_585	74e05862-a704-4e35-b0df-b1fe07bc87d6	COMPLETED	1127	1127	31:39.060		1	8Gn	2026-10-02T19:45:01	2026-10-02T20:03:48	mjolnircomp10fl	900270080
45819385	ncbifam	cmag_697	74e05862-a704-4e35-b0df-b1fe07bc87d6	COMPLETED	531	531	15:01.964		1	16Gn	2026-10-02T19:46:02	2026-10-02T19:54:53	mjolnircomp08fl	371895296
45819398	prodigal	cmag_635	74e05862-a704-4e35-b0df-b1fe07bc87d6	COMPLETED	20	20	00:08.603		1	2391Mn	2026-10-02T19:54:36	2026-10-02T19:54:56	mjolnircomp17fl	1152000
45819399	kegg	cmag_556	74e05862-a704-4e35-b0df-b1fe07bc87d6	COMPLETED	1648	1648	45:38.774		1	8Gn	2026-10-02T19:46:02	2026-10-02T20:13:30	mjolnirgpu03fl	1384423424
45819400	kegg	cmag_101	74e05862-a704-4e35-b0df-b1fe07bc87d6	COMPLETED	2117	2117	01:00:32		1	8Gn	2026-10-02T19:46:02	2026-10-02T20:21:19	mjolnircomp01fl	906070016
45819401	merge_gene_annotations	cmag_637	74e05862-a704-4e35-b0df-b1fe07bc87d6	COMPLETED	19	19	00:14.249		1	8Gn	2026-10-02T19:47:02	2026-10-02T19:47:21	mjolnircomp03fl	816128
45819402	tigrfam	cmag_348	74e05862-a704-4e35-b0df-b1fe07bc87d6	COMPLETED	143	143	03:40.227		1	16Gn	2026-10-02T19:47:02	2026-10-02T19:49:25	mjolnircomp11fl	338096128
45819403	pfam	cmag_674	74e05862-a704-4e35-b0df-b1fe07bc87d6	COMPLETED	1759	1759	45:44.523		1	8Gn	2026-10-02T19:45:01	2026-10-02T20:14:20	mjolnircomp05fl	232214528
45819404	cazy	cmag_719	74e05862-a704-4e35-b0df-b1fe07bc87d6	COMPLETED	25	25	00:19.991		1	8Gn	2026-10-02T19:47:32	2026-10-02T19:47:57	mjolnircomp14fl	820224
45819405	tigrfam	cmag_697	74e05862-a704-4e35-b0df-b1fe07bc87d6	COMPLETED	155	155	04:02.481		1	16Gn	2026-10-02T19:47:02	2026-10-02T19:49:37	mjolnircomp11fl	329934848
45819406	tigrfam	cmag_101	74e05862-a704-4e35-b0df-b1fe07bc87d6	COMPLETED	226	226	06:00.544		1	16Gn	2026-10-02T19:47:02	2026-10-02T19:50:48	mjolnircomp11fl	396490752
45819407	kegg	cmag_606	74e05862-a704-4e35-b0df-b1fe07bc87d6	COMPLETED	1467	1467	40:05.919		1	8Gn	2026-10-02T19:49:03	2026-10-02T20:13:30	mjolnircomp02fl	1118994432
45819420	ncbifam	cmag_601	74e05862-a704-4e35-b0df-b1fe07bc87d6	COMPLETED	778	778	22:23.631		1	16Gn	2026-10-02T19:47:32	2026-10-02T20:00:30	mjolnircomp16fl	412440576
45819421	cazy	cmag_314	74e05862-a704-4e35-b0df-b1fe07bc87d6	COMPLETED	41	41	00:35.508		1	10104Mn	2026-10-02T19:47:32	2026-10-02T19:48:13	mjolnircomp10fl	298655744
45819428	merge_gene_annotations	cmag_473	74e05862-a704-4e35-b0df-b1fe07bc87d6	COMPLETED	19	19	00:14.139		1	8Gn	2026-10-02T19:48:03	2026-10-02T19:48:22	mjolnircomp12fl	818176
45819429	ncbifam	cmag_269	74e05862-a704-4e35-b0df-b1fe07bc87d6	COMPLETED	1269	1269	34:33.015		1	16Gn	2026-10-02T19:48:03	2026-10-02T20:09:12	mjolnirgpu02fl	431790080
45819430	pfam	cmag_311	74e05862-a704-4e35-b0df-b1fe07bc87d6	COMPLETED	492	492	13:09.770		1	8Gn	2026-10-02T19:47:32	2026-10-02T19:55:44	mjolnircomp14fl	234533888
45819431	kegg	cmag_311	74e05862-a704-4e35-b0df-b1fe07bc87d6	COMPLETED	1017	1017	28:42.223		1	8Gn	2026-10-02T19:46:32	2026-10-02T20:03:29	mjolnircomp10fl	1111956480
45819432	cazy	cmag_161	74e05862-a704-4e35-b0df-b1fe07bc87d6	COMPLETED	30	30	00:22.979		1	8Gn	2026-10-02T20:03:40	2026-10-02T20:04:10	mjolnircomp06fl	80020480
45819433	prodigal	cmag_291	74e05862-a704-4e35-b0df-b1fe07bc87d6	COMPLETED	7	7	00:04.439		1	3148Mn	2026-10-02T20:03:40	2026-10-02T20:03:47	mjolnircomp07fl	880640
45819434	kegg	cmag_819	74e05862-a704-4e35-b0df-b1fe07bc87d6	COMPLETED	1159	1159	32:37.491		1	8Gn	2026-10-02T19:46:32	2026-10-02T20:05:51	mjolnircomp10fl	963585024
45819435	cazy	cmag_728	74e05862-a704-4e35-b0df-b1fe07bc87d6	COMPLETED	23	23	00:15.385		1	8Gn	2026-10-02T20:03:40	2026-10-02T20:04:03	mjolnircomp08fl	880640
45819436	tigrfam	cmag_311	74e05862-a704-4e35-b0df-b1fe07bc87d6	COMPLETED	110	110	02:52.569		1	16Gn	2026-10-02T19:48:33	2026-10-02T19:50:23	mjolnircomp12fl	374350848
45819437	cazy	cmag_651	74e05862-a704-4e35-b0df-b1fe07bc87d6	COMPLETED	21	21	00:13.189		1	8Gn	2026-10-02T20:03:40	2026-10-02T20:04:01	mjolnircomp08fl	876544
45819438	ncbifam	cmag_311	74e05862-a704-4e35-b0df-b1fe07bc87d6	COMPLETED	405	405	11:21.807		1	16Gn	2026-10-02T19:49:03	2026-10-02T19:55:48	mjolnircomp09fl	349685760
45819446	pfam	cmag_435	74e05862-a704-4e35-b0df-b1fe07bc87d6	COMPLETED	1053	1053	27:00.478		1	8Gn	2026-10-02T19:46:32	2026-10-02T20:04:05	mjolnircomp05fl	180458496
45819447	pfam	cmag_289	74e05862-a704-4e35-b0df-b1fe07bc87d6	COMPLETED	759	759	21:24.451		1	8Gn	2026-10-02T19:49:03	2026-10-02T20:01:42	mjolnircomp01fl	255250432
45819448	cazy	cmag_789	74e05862-a704-4e35-b0df-b1fe07bc87d6	COMPLETED	20	20	00:15.951		1	8Gn	2026-10-02T19:48:03	2026-10-02T19:48:23	mjolnircomp14fl	819200
45819449	pfam	cmag_374	74e05862-a704-4e35-b0df-b1fe07bc87d6	COMPLETED	997	997	27:51.546		1	8Gn	2026-10-02T19:53:05	2026-10-02T20:09:42	mjolnirgpu01fl	232348672
45819450	tigrfam	cmag_755	74e05862-a704-4e35-b0df-b1fe07bc87d6	COMPLETED	173	173	04:40.590		1	16Gn	2026-10-02T19:49:33	2026-10-02T19:52:26	mjolnircomp11fl	349753344
45819451	tigrfam	cmag_070	74e05862-a704-4e35-b0df-b1fe07bc87d6	COMPLETED	89	89	02:21.711		1	16Gn	2026-10-02T19:47:32	2026-10-02T19:49:01	mjolnircomp09fl	316802048
45819452	prodigal	cmag_321	74e05862-a704-4e35-b0df-b1fe07bc87d6	COMPLETED	6	6	00:03.700		1	2200Mn	2026-10-02T20:03:40	2026-10-02T20:03:46	mjolnircomp08fl	883712
45819453	pfam	cmag_170	74e05862-a704-4e35-b0df-b1fe07bc87d6	COMPLETED	819	819	23:01.814		1	8Gn	2026-10-02T19:55:06	2026-10-02T20:08:45	mjolnircomp09fl	239506432
45819464	cazy	cmag_347	74e05862-a704-4e35-b0df-b1fe07bc87d6	COMPLETED	16	16	00:10.413		1	8Gn	2026-10-02T20:03:40	2026-10-02T20:03:56	mjolnircomp13fl	820224
45819465	cazy	cmag_311	74e05862-a704-4e35-b0df-b1fe07bc87d6	COMPLETED	14	14	00:09.675		1	8Gn	2026-10-02T20:04:10	2026-10-02T20:04:24	mjolnircomp08fl	870400
45819466	tigrfam	cmag_416	74e05862-a704-4e35-b0df-b1fe07bc87d6	COMPLETED	211	211	05:39.357		1	16Gn	2026-10-02T19:50:03	2026-10-02T19:53:34	mjolnircomp12fl	385356800
45819476	cazy	cmag_320	74e05862-a704-4e35-b0df-b1fe07bc87d6	COMPLETED	36	36	00:31.189		1	9352Mn	2026-10-02T19:48:03	2026-10-02T19:48:39	mjolnircomp02fl	306568192
45819477	tigrfam	cmag_628	74e05862-a704-4e35-b0df-b1fe07bc87d6	COMPLETED	523	523	13:25.382		1	16Gn	2026-10-02T19:51:04	2026-10-02T19:59:47	mjolnircomp05fl	435009536
45819478	merge_gene_annotations	cmag_579	74e05862-a704-4e35-b0df-b1fe07bc87d6	COMPLETED	16	16	00:11.807		1	8Gn	2026-10-02T19:51:04	2026-10-02T19:51:20	mjolnircomp12fl	838656
45819479	tigrfam	cmag_719	74e05862-a704-4e35-b0df-b1fe07bc87d6	COMPLETED	337	337	09:11.740		1	16Gn	2026-10-02T19:51:04	2026-10-02T19:56:41	mjolnircomp02fl	327155712
45819480	ncbifam	cmag_128	74e05862-a704-4e35-b0df-b1fe07bc87d6	COMPLETED	938	938	27:50.375		1	16Gn	2026-10-02T19:51:04	2026-10-02T20:06:42	mjolnircomp03fl	418710528
45819487	pfam	cmag_775	74e05862-a704-4e35-b0df-b1fe07bc87d6	COMPLETED	921	921	25:37.774		1	8Gn	2026-10-02T19:48:33	2026-10-02T20:03:54	mjolnircomp10fl	211766272
45819488	cazy	cmag_702	74e05862-a704-4e35-b0df-b1fe07bc87d6	COMPLETED	18	18	00:13.271		1	8Gn	2026-10-02T20:04:40	2026-10-02T20:04:58	mjolnircomp13fl	818176
45819489	cazy	cmag_760	74e05862-a704-4e35-b0df-b1fe07bc87d6	COMPLETED	16	16	00:10.257		1	8Gn	2026-10-02T20:04:40	2026-10-02T20:04:56	mjolnircomp13fl	823296
45819490	tigrfam	cmag_374	74e05862-a704-4e35-b0df-b1fe07bc87d6	COMPLETED	309	309	07:25.388		1	16Gn	2026-10-02T19:51:04	2026-10-02T19:56:13	mjolnircomp17fl	369071104
45819491	kegg	cmag_143	74e05862-a704-4e35-b0df-b1fe07bc87d6	COMPLETED	2540	2540	01:06:57		1	8Gn	2026-10-02T19:51:04	2026-10-02T20:33:24	mjolnircomp17fl	740475904
45819492	tigrfam	cmag_289	74e05862-a704-4e35-b0df-b1fe07bc87d6	COMPLETED	204	204	05:24.197		1	16Gn	2026-10-02T19:51:34	2026-10-02T19:54:58	mjolnircomp12fl	374064128
45819493	kegg	cmag_120	74e05862-a704-4e35-b0df-b1fe07bc87d6	COMPLETED	3343	3343	01:33:28		1	8Gn	2026-10-02T19:51:04	2026-10-02T20:46:47	mjolnircomp17fl	1512177664
45819507	prodigal	cmag_181	74e05862-a704-4e35-b0df-b1fe07bc87d6	COMPLETED	8	8	00:05.173		1	3398Mn	2026-10-02T20:05:11	2026-10-02T20:05:19	mjolnircomp13fl	821248
45819508	kegg	cmag_509	74e05862-a704-4e35-b0df-b1fe07bc87d6	COMPLETED	1480	1480	41:46.931		1	8Gn	2026-10-02T19:56:37	2026-10-02T20:21:17	mjolnircomp09fl	1082790912
45819509	prodigal	cmag_146	74e05862-a704-4e35-b0df-b1fe07bc87d6	COMPLETED	6	6	00:03.450		1	2211Mn	2026-10-02T20:05:11	2026-10-02T20:05:17	mjolnircomp13fl	804864
45819510	prodigal	cmag_210	74e05862-a704-4e35-b0df-b1fe07bc87d6	COMPLETED	13	13	00:04.135		1	1661Mn	2026-10-02T19:50:04	2026-10-02T19:50:17	mjolnircomp17fl	1150976
45819511	tigrfam	cmag_778	74e05862-a704-4e35-b0df-b1fe07bc87d6	COMPLETED	215	215	05:49.276		1	16Gn	2026-10-02T19:51:34	2026-10-02T19:55:09	mjolnircomp13fl	346228736
45819512	ncbifam	cmag_143	74e05862-a704-4e35-b0df-b1fe07bc87d6	COMPLETED	788	788	21:18.940		1	16Gn	2026-10-02T19:51:34	2026-10-02T20:04:42	mjolnircomp11fl	395938816
45819518	cazy	cmag_600	74e05862-a704-4e35-b0df-b1fe07bc87d6	COMPLETED	15	15	00:09.788		1	8Gn	2026-10-02T20:05:41	2026-10-02T20:05:56	mjolnircomp10fl	849920
45819519	prodigal	cmag_692	74e05862-a704-4e35-b0df-b1fe07bc87d6	COMPLETED	14	14	00:03.811		1	1329Mn	2026-10-02T19:51:04	2026-10-02T19:51:18	mjolnircomp17fl	1156096
45819520	ncbifam	cmag_530	74e05862-a704-4e35-b0df-b1fe07bc87d6	COMPLETED	902	902	26:22.305		1	16Gn	2026-10-02T19:52:04	2026-10-02T20:07:06	mjolnircomp03fl	480519168
45819521	pfam	cmag_557	74e05862-a704-4e35-b0df-b1fe07bc87d6	COMPLETED	633	633	17:10.256		1	8Gn	2026-10-02T19:57:37	2026-10-02T20:08:10	mjolnircomp14fl	233508864
45819522	cazy	cmag_773	74e05862-a704-4e35-b0df-b1fe07bc87d6	COMPLETED	14	14	00:09.604		1	8Gn	2026-10-02T20:05:41	2026-10-02T20:05:55	mjolnircomp14fl	844800
45819523	cazy	cmag_433	74e05862-a704-4e35-b0df-b1fe07bc87d6	COMPLETED	19	19	00:14.047		1	8Gn	2026-10-02T20:05:41	2026-10-02T20:06:00	mjolnircomp13fl	804864
45819524	cazy	cmag_343	74e05862-a704-4e35-b0df-b1fe07bc87d6	COMPLETED	18	18	00:13.614		1	8Gn	2026-10-02T20:05:41	2026-10-02T20:05:59	mjolnircomp13fl	816128
45819525	merge_gene_annotations	cmag_127	74e05862-a704-4e35-b0df-b1fe07bc87d6	COMPLETED	20	20	00:13.902		1	8Gn	2026-10-02T19:52:04	2026-10-02T19:52:24	mjolnircomp01fl	851968
45819526	ncbifam	cmag_354	74e05862-a704-4e35-b0df-b1fe07bc87d6	COMPLETED	679	679	18:28.187		1	16Gn	2026-10-02T19:52:35	2026-10-02T20:03:54	mjolnircomp11fl	365546496
45819534	kegg	cmag_200	74e05862-a704-4e35-b0df-b1fe07bc87d6	COMPLETED	1638	1638	44:45.868		1	8Gn	2026-10-02T19:52:04	2026-10-02T20:19:22	mjolnircomp09fl	742125568
45819535	merge_gene_annotations	cmag_476	74e05862-a704-4e35-b0df-b1fe07bc87d6	COMPLETED	18	18	00:14.034		1	8Gn	2026-10-02T19:52:35	2026-10-02T19:52:53	mjolnircomp01fl	852992
45819536	kegg	cmag_247	74e05862-a704-4e35-b0df-b1fe07bc87d6	COMPLETED	2125	2125	58:54.353		1	8Gn	2026-10-02T19:52:04	2026-10-02T20:27:29	mjolnircomp09fl	866015232
45819545	tigrfam	cmag_488	74e05862-a704-4e35-b0df-b1fe07bc87d6	COMPLETED	201	201	05:27.579		1	16Gn	2026-10-02T19:52:35	2026-10-02T19:55:56	mjolnircomp11fl	346385408
45819546	pfam	cmag_143	74e05862-a704-4e35-b0df-b1fe07bc87d6	COMPLETED	746	746	20:16.848		1	8Gn	2026-10-02T19:58:38	2026-10-02T20:11:04	mjolnircomp12fl	220418048
45819547	tigrfam	cmag_423	74e05862-a704-4e35-b0df-b1fe07bc87d6	COMPLETED	194	194	05:04.138		1	16Gn	2026-10-02T19:53:35	2026-10-02T19:56:49	mjolnircomp12fl	377493504
45819548	kegg	cmag_809	74e05862-a704-4e35-b0df-b1fe07bc87d6	COMPLETED	2200	2200	01:04:21		1	8Gn	2026-10-02T19:53:05	2026-10-02T20:29:45	mjolnircomp01fl	802529280
45819549	tigrfam	cmag_784	74e05862-a704-4e35-b0df-b1fe07bc87d6	COMPLETED	216	216	05:42.123		1	16Gn	2026-10-02T19:54:05	2026-10-02T19:57:41	mjolnircomp02fl	375197696
45819550	tigrfam	cmag_545	74e05862-a704-4e35-b0df-b1fe07bc87d6	COMPLETED	174	174	04:41.291		1	16Gn	2026-10-02T19:54:05	2026-10-02T19:56:59	mjolnircomp03fl	388424704
45819558	kegg	cmag_428	74e05862-a704-4e35-b0df-b1fe07bc87d6	COMPLETED	1036	1036	28:32.162		1	8Gn	2026-10-02T19:59:08	2026-10-02T20:16:24	mjolnirgpu03fl	879515648
45819559	ncbifam	cmag_230	74e05862-a704-4e35-b0df-b1fe07bc87d6	COMPLETED	563	563	15:15.886		1	16Gn	2026-10-02T19:54:36	2026-10-02T20:03:59	mjolnircomp11fl	417756160
45819564	tigrfam	cmag_112	74e05862-a704-4e35-b0df-b1fe07bc87d6	COMPLETED	254	254	06:49.560		1	16Gn	2026-10-02T19:55:06	2026-10-02T19:59:20	mjolnircomp12fl	358868992
45819565	tigrfam	cmag_222	74e05862-a704-4e35-b0df-b1fe07bc87d6	COMPLETED	96	96	02:31.512		1	16Gn	2026-10-02T19:53:05	2026-10-02T19:54:41	mjolnircomp09fl	390313984
45819566	prodigal	cmag_633	74e05862-a704-4e35-b0df-b1fe07bc87d6	COMPLETED	16	16	00:04.028		1	1371Mn	2026-10-02T19:53:05	2026-10-02T19:53:21	mjolnircomp17fl	1154048
45819567	tigrfam	cmag_367	74e05862-a704-4e35-b0df-b1fe07bc87d6	COMPLETED	136	136	03:26.155		1	16Gn	2026-10-02T19:55:06	2026-10-02T19:57:22	mjolnircomp07fl	358086656
45819570	cazy	cmag_742	74e05862-a704-4e35-b0df-b1fe07bc87d6	COMPLETED	49	49	00:23.079		1	8Gn	2026-10-02T19:56:37	2026-10-02T19:57:26	mjolnircomp17fl	274928640
45819571	ncbifam	cmag_367	74e05862-a704-4e35-b0df-b1fe07bc87d6	COMPLETED	426	426	12:04.723		1	16Gn	2026-10-02T19:55:06	2026-10-02T20:02:12	mjolnircomp08fl	381993984
45819572	kegg	cmag_770	74e05862-a704-4e35-b0df-b1fe07bc87d6	COMPLETED	2328	2328	01:04:18		1	8Gn	2026-10-02T20:00:09	2026-10-02T20:38:57	mjolnircomp06fl	967397376
45819575	ncbifam	cmag_259	74e05862-a704-4e35-b0df-b1fe07bc87d6	COMPLETED	917	917	26:47.114		1	16Gn	2026-10-02T19:55:36	2026-10-02T20:10:53	mjolnircomp13fl	398413824
45819576	pfam	cmag_230	74e05862-a704-4e35-b0df-b1fe07bc87d6	COMPLETED	643	643	18:18.017		1	8Gn	2026-10-02T20:00:09	2026-10-02T20:10:52	mjolnircomp13fl	236741632
45819580	pfam	cmag_259	74e05862-a704-4e35-b0df-b1fe07bc87d6	COMPLETED	1562	1562	41:40.694		1	8Gn	2026-10-02T19:59:08	2026-10-02T20:25:10	mjolnirgpu03fl	293428224
45819581	cazy	cmag_511	74e05862-a704-4e35-b0df-b1fe07bc87d6	COMPLETED	23	23	00:17.099		1	8Gn	2026-10-02T20:12:13	2026-10-02T20:12:36	mjolnircomp09fl	816128
45819582	ncbifam	cmag_377	74e05862-a704-4e35-b0df-b1fe07bc87d6	COMPLETED	441	441	12:47.083		1	16Gn	2026-10-02T19:55:36	2026-10-02T20:02:57	mjolnircomp13fl	505873408
45819588	ncbifam	cmag_435	74e05862-a704-4e35-b0df-b1fe07bc87d6	COMPLETED	597	597	16:00.341		1	16Gn	2026-10-02T19:55:36	2026-10-02T20:05:33	mjolnircomp09fl	272276480
45819589	tigrfam	cmag_404	74e05862-a704-4e35-b0df-b1fe07bc87d6	COMPLETED	150	150	04:00.398		1	16Gn	2026-10-02T19:56:07	2026-10-02T19:58:37	mjolnircomp11fl	403947520
45819590	kegg	cmag_052	74e05862-a704-4e35-b0df-b1fe07bc87d6	COMPLETED	993	993	27:39.999		1	8Gn	2026-10-02T19:59:08	2026-10-02T20:15:41	mjolnirgpu03fl	919813120
45819591	tigrfam	cmag_314	74e05862-a704-4e35-b0df-b1fe07bc87d6	COMPLETED	388	388	10:26.851		1	20209Mn	2026-10-02T19:57:07	2026-10-02T20:03:35	mjolnircomp02fl	344901632
45819592	kegg	cmag_171	74e05862-a704-4e35-b0df-b1fe07bc87d6	COMPLETED	2031	2031	57:46.924		1	8Gn	2026-10-02T20:00:09	2026-10-02T20:34:00	mjolnircomp06fl	1264779264
45819597	merge_gene_annotations	cmag_459	74e05862-a704-4e35-b0df-b1fe07bc87d6	COMPLETED	17	17	00:12.647		1	8Gn	2026-10-02T19:56:07	2026-10-02T19:56:24	mjolnircomp09fl	829440
45819598	prodigal	cmag_763	74e05862-a704-4e35-b0df-b1fe07bc87d6	COMPLETED	6	6	00:03.170		1	1902Mn	2026-10-02T20:05:11	2026-10-02T20:05:17	mjolnircomp13fl	826368
45819599	kegg	cmag_367	74e05862-a704-4e35-b0df-b1fe07bc87d6	COMPLETED	1178	1178	35:10.779		1	8Gn	2026-10-02T20:00:09	2026-10-02T20:19:47	mjolnircomp12fl	1289056256
45819603	ncbifam	cmag_292	74e05862-a704-4e35-b0df-b1fe07bc87d6	COMPLETED	737	737	20:55.879		1	16Gn	2026-10-02T19:57:07	2026-10-02T20:09:24	mjolnircomp12fl	401966080
45819604	prodigal	cmag_363	74e05862-a704-4e35-b0df-b1fe07bc87d6	COMPLETED	15	15	00:04.825		1	1957Mn	2026-10-02T20:05:41	2026-10-02T20:05:56	mjolnircomp17fl	1148928
45819605	ncbifam	cmag_613	74e05862-a704-4e35-b0df-b1fe07bc87d6	COMPLETED	637	637	17:11.141		1	16Gn	2026-10-02T19:57:07	2026-10-02T20:07:44	mjolnircomp05fl	384399360
45819606	cazy	cmag_325	74e05862-a704-4e35-b0df-b1fe07bc87d6	COMPLETED	17	17	00:12.416		1	8Gn	2026-10-02T20:12:13	2026-10-02T20:12:30	mjolnircomp14fl	818176
45819607	tigrfam	cmag_435	74e05862-a704-4e35-b0df-b1fe07bc87d6	COMPLETED	141	141	03:27.340		1	16Gn	2026-10-02T19:57:37	2026-10-02T19:59:58	mjolnircomp07fl	326519808
45819608	cazy	cmag_008	74e05862-a704-4e35-b0df-b1fe07bc87d6	COMPLETED	21	21	00:14.520		1	8Gn	2026-10-02T20:12:13	2026-10-02T20:12:34	mjolnircomp13fl	813056
45819609	ncbifam	cmag_598	74e05862-a704-4e35-b0df-b1fe07bc87d6	COMPLETED	1756	1756	48:37.556		1	16Gn	2026-10-02T19:57:37	2026-10-02T20:26:53	mjolnircomp05fl	426234880
45819615	cazy	cmag_462	74e05862-a704-4e35-b0df-b1fe07bc87d6	COMPLETED	26	26	00:21.533		1	8Gn	2026-10-02T19:58:08	2026-10-02T19:58:34	mjolnircomp10fl	809984
45819616	kegg	cmag_714	74e05862-a704-4e35-b0df-b1fe07bc87d6	COMPLETED	2656	2656	01:11:04		1	8Gn	2026-10-02T19:58:08	2026-10-02T20:42:24	mjolnircomp17fl	786695168
45819623	merge_gene_annotations	cmag_719	74e05862-a704-4e35-b0df-b1fe07bc87d6	COMPLETED	23	23	00:17.769		1	8Gn	2026-10-02T19:59:38	2026-10-02T20:00:01	mjolnircomp12fl	837632
45819624	kegg	cmag_491	74e05862-a704-4e35-b0df-b1fe07bc87d6	COMPLETED	1211	1211	35:36.656		1	8Gn	2026-10-02T20:00:09	2026-10-02T20:20:20	mjolnircomp13fl	659984384
45819625	pfam	cmag_600	74e05862-a704-4e35-b0df-b1fe07bc87d6	COMPLETED	552	552	14:25.097		1	8Gn	2026-10-02T20:01:39	2026-10-02T20:10:51	mjolnircomp11fl	229658624
45819626	kegg	cmag_633	74e05862-a704-4e35-b0df-b1fe07bc87d6	COMPLETED	757	757	22:48.872		1	8Gn	2026-10-02T19:59:38	2026-10-02T20:12:15	mjolnircomp14fl	723004416
45819631	cazy	cmag_652	74e05862-a704-4e35-b0df-b1fe07bc87d6	COMPLETED	15	15	00:09.227		1	8Gn	2026-10-02T20:12:43	2026-10-02T20:12:58	mjolnircomp14fl	838656
45819632	cazy	cmag_825	74e05862-a704-4e35-b0df-b1fe07bc87d6	COMPLETED	24	24	00:17.878		1	8Gn	2026-10-02T20:12:43	2026-10-02T20:13:07	mjolnircomp13fl	813056
45819633	tigrfam	cmag_183	74e05862-a704-4e35-b0df-b1fe07bc87d6	COMPLETED	139	139	03:37.870		1	16Gn	2026-10-02T19:59:38	2026-10-02T20:01:57	mjolnircomp15fl	347439104
45819638	pfam	cmag_057	74e05862-a704-4e35-b0df-b1fe07bc87d6	COMPLETED	714	714	19:12.100		1	8Gn	2026-10-02T20:01:09	2026-10-02T20:13:03	mjolnircomp11fl	286711808
45819639	cazy	cmag_564	74e05862-a704-4e35-b0df-b1fe07bc87d6	COMPLETED	22	22	00:15.584		1	8Gn	2026-10-02T20:12:43	2026-10-02T20:13:05	mjolnircomp10fl	804864
45819640	ncbifam	cmag_549	74e05862-a704-4e35-b0df-b1fe07bc87d6	COMPLETED	470	470	13:00.372		1	16Gn	2026-10-02T20:00:09	2026-10-02T20:07:59	mjolnircomp07fl	361005056
45819644	ncbifam	cmag_427	74e05862-a704-4e35-b0df-b1fe07bc87d6	COMPLETED	1030	1030	30:24.130		1	16Gn	2026-10-02T20:02:09	2026-10-02T20:19:19	mjolnircomp03fl	363220992
45819645	ncbifam	cmag_542	74e05862-a704-4e35-b0df-b1fe07bc87d6	COMPLETED	762	762	21:36.558		1	16Gn	2026-10-02T20:01:09	2026-10-02T20:13:51	mjolnircomp13fl	430253056
45819646	ncbifam	cmag_044	74e05862-a704-4e35-b0df-b1fe07bc87d6	COMPLETED	812	812	22:45.377		1	16Gn	2026-10-02T20:01:09	2026-10-02T20:14:41	mjolnircomp13fl	457714688
45819654	ncbifam	cmag_087	74e05862-a704-4e35-b0df-b1fe07bc87d6	COMPLETED	814	814	23:48.858		1	16Gn	2026-10-02T20:02:09	2026-10-02T20:15:43	mjolnircomp15fl	437232640
45819655	pfam	cmag_175	74e05862-a704-4e35-b0df-b1fe07bc87d6	COMPLETED	1623	1623	42:38.687		1	8Gn	2026-10-02T20:01:39	2026-10-02T20:28:42	mjolnircomp11fl	276074496
45819656	ncbifam	cmag_240	74e05862-a704-4e35-b0df-b1fe07bc87d6	COMPLETED	765	765	21:06.346		1	16Gn	2026-10-02T20:01:39	2026-10-02T20:14:24	mjolnircomp11fl	389703680
45819657	cazy	cmag_331	74e05862-a704-4e35-b0df-b1fe07bc87d6	COMPLETED	17	17	00:11.481		1	8Gn	2026-10-02T20:12:43	2026-10-02T20:13:00	mjolnircomp09fl	814080
45819663	kegg	cmag_008	74e05862-a704-4e35-b0df-b1fe07bc87d6	COMPLETED	1483	1483	41:28.003		1	8Gn	2026-10-02T20:02:09	2026-10-02T20:26:52	mjolnircomp01fl	613805056
45819664	pfam	cmag_340	74e05862-a704-4e35-b0df-b1fe07bc87d6	COMPLETED	598	598	17:16.972		1	8Gn	2026-10-02T20:02:40	2026-10-02T20:12:38	mjolnircomp04fl	268307456
45819665	kegg	cmag_294	74e05862-a704-4e35-b0df-b1fe07bc87d6	COMPLETED	772	772	23:01.298		1	8Gn	2026-10-02T20:02:40	2026-10-02T20:15:32	mjolnircomp11fl	966597632
45819666	pfam	cmag_055	74e05862-a704-4e35-b0df-b1fe07bc87d6	COMPLETED	308	308	08:05.981		1	8Gn	2026-10-02T20:13:44	2026-10-02T20:18:52	mjolnircomp09fl	235206656
45819667	pfam	cmag_738	74e05862-a704-4e35-b0df-b1fe07bc87d6	COMPLETED	1916	1916	53:06.630		1	8Gn	2026-10-02T20:02:40	2026-10-02T20:34:36	mjolnirgpu02fl	245014528
45819674	cazy	cmag_390	74e05862-a704-4e35-b0df-b1fe07bc87d6	COMPLETED	20	20	00:11.677		1	8Gn	2026-10-02T20:13:44	2026-10-02T20:14:04	mjolnircomp08fl	841728
45819675	ncbifam	cmag_741	74e05862-a704-4e35-b0df-b1fe07bc87d6	COMPLETED	319	319	08:50.224		1	16Gn	2026-10-02T20:03:10	2026-10-02T20:08:29	mjolnircomp09fl	494473216
45819676	merge_gene_annotations	cmag_085	74e05862-a704-4e35-b0df-b1fe07bc87d6	COMPLETED	15	15	00:09.995		1	8Gn	2026-10-02T20:03:10	2026-10-02T20:03:25	mjolnircomp02fl	819200
45819677	kegg	cmag_362	74e05862-a704-4e35-b0df-b1fe07bc87d6	COMPLETED	915	915	25:27.067		1	8Gn	2026-10-02T20:03:10	2026-10-02T20:18:25	mjolnircomp02fl	613547008
45819682	tigrfam	cmag_110	74e05862-a704-4e35-b0df-b1fe07bc87d6	COMPLETED	191	191	04:55.222		1	16Gn	2026-10-02T20:03:40	2026-10-02T20:06:51	mjolnircomp02fl	384376832
45819683	pfam	cmag_643	74e05862-a704-4e35-b0df-b1fe07bc87d6	COMPLETED	757	757	21:07.413		1	8Gn	2026-10-02T20:03:40	2026-10-02T20:16:17	mjolnircomp02fl	326501376
45819684	cazy	cmag_809	74e05862-a704-4e35-b0df-b1fe07bc87d6	COMPLETED	40	40	00:34.492		1	8Gn	2026-10-02T20:03:40	2026-10-02T20:04:20	mjolnircomp05fl	273073152
45819685	tigrfam	cmag_598	74e05862-a704-4e35-b0df-b1fe07bc87d6	COMPLETED	256	256	06:39.487		1	16Gn	2026-10-02T20:03:40	2026-10-02T20:07:56	mjolnircomp02fl	343852032
45819686	tigrfam	cmag_740	74e05862-a704-4e35-b0df-b1fe07bc87d6	COMPLETED	227	227	05:52.891		1	16Gn	2026-10-02T20:03:40	2026-10-02T20:07:27	mjolnircomp02fl	364404736
45819700	kegg	cmag_201	74e05862-a704-4e35-b0df-b1fe07bc87d6	COMPLETED	1976	1976	54:14.079		1	8Gn	2026-10-02T20:04:10	2026-10-02T20:37:06	mjolnircomp05fl	825772032
45819701	kegg	cmag_321	74e05862-a704-4e35-b0df-b1fe07bc87d6	COMPLETED	2212	2212	01:02:44		1	8Gn	2026-10-02T20:04:10	2026-10-02T20:41:02	mjolnircomp05fl	806719488
45819702	prodigal	cmag_373	74e05862-a704-4e35-b0df-b1fe07bc87d6	COMPLETED	7	7	00:04.700		1	3090Mn	2026-10-02T20:05:41	2026-10-02T20:05:48	mjolnircomp13fl	807936
45819703	kegg	cmag_132	74e05862-a704-4e35-b0df-b1fe07bc87d6	COMPLETED	851	851	25:05.988		1	8Gn	2026-10-02T20:04:10	2026-10-02T20:18:21	mjolnircomp11fl	801565696
45819704	prodigal	cmag_220	74e05862-a704-4e35-b0df-b1fe07bc87d6	COMPLETED	8	8	00:05.021		1	3597Mn	2026-10-02T20:05:41	2026-10-02T20:05:49	mjolnircomp13fl	805888
45819705	prodigal	cmag_626	74e05862-a704-4e35-b0df-b1fe07bc87d6	COMPLETED	7	7	00:04.086		1	2544Mn	2026-10-02T20:06:11	2026-10-02T20:06:18	mjolnircomp10fl	848896
45819706	prodigal	cmag_129	74e05862-a704-4e35-b0df-b1fe07bc87d6	COMPLETED	7	7	00:04.130		1	2787Mn	2026-10-02T20:06:11	2026-10-02T20:06:18	mjolnircomp13fl	822272
45819707	kegg	cmag_620	74e05862-a704-4e35-b0df-b1fe07bc87d6	COMPLETED	512	512	14:52.745		1	8Gn	2026-10-02T20:04:10	2026-10-02T20:12:42	mjolnircomp10fl	556233728
45819708	ncbifam	cmag_814	74e05862-a704-4e35-b0df-b1fe07bc87d6	COMPLETED	748	748	20:06.868		1	16Gn	2026-10-02T20:04:10	2026-10-02T20:16:38	mjolnircomp07fl	327779328
45819709	tigrfam	cmag_680	74e05862-a704-4e35-b0df-b1fe07bc87d6	COMPLETED	339	339	08:28.627		1	16Gn	2026-10-02T20:04:10	2026-10-02T20:09:49	mjolnirgpu02fl	326067200
45819710	cazy	cmag_321	74e05862-a704-4e35-b0df-b1fe07bc87d6	COMPLETED	20	20	00:11.520		1	8Gn	2026-10-02T20:13:44	2026-10-02T20:14:04	mjolnircomp08fl	846848
45819711	cazy	cmag_291	74e05862-a704-4e35-b0df-b1fe07bc87d6	COMPLETED	22	22	00:13.080		1	8Gn	2026-10-02T20:13:44	2026-10-02T20:14:06	mjolnircomp08fl	836608
45819712	kegg	cmag_291	74e05862-a704-4e35-b0df-b1fe07bc87d6	COMPLETED	2803	2803	01:15:38		1	8Gn	2026-10-02T20:04:10	2026-10-02T20:50:53	mjolnircomp17fl	933329920
45819713	prodigal	cmag_138	74e05862-a704-4e35-b0df-b1fe07bc87d6	COMPLETED	7	7	00:03.836		1	3011Mn	2026-10-02T20:06:11	2026-10-02T20:06:18	mjolnircomp13fl	823296
45819714	tigrfam	cmag_736	74e05862-a704-4e35-b0df-b1fe07bc87d6	COMPLETED	257	257	06:47.316		1	16Gn	2026-10-02T20:04:10	2026-10-02T20:08:27	mjolnircomp12fl	338556928
45819734	cazy	cmag_453	74e05862-a704-4e35-b0df-b1fe07bc87d6	COMPLETED	19	19	00:12.770		1	8Gn	2026-10-02T20:14:14	2026-10-02T20:14:33	mjolnircomp08fl	819200
45819735	pfam	cmag_193	74e05862-a704-4e35-b0df-b1fe07bc87d6	COMPLETED	797	797	21:46.090		1	8Gn	2026-10-02T20:05:10	2026-10-02T20:18:27	mjolnircomp08fl	269434880
45819736	ncbifam	cmag_340	74e05862-a704-4e35-b0df-b1fe07bc87d6	COMPLETED	544	544	15:13.460		1	16Gn	2026-10-02T20:05:10	2026-10-02T20:14:14	mjolnircomp02fl	368833536
45819737	cazy	cmag_247	74e05862-a704-4e35-b0df-b1fe07bc87d6	COMPLETED	21	21	00:14.906		1	8Gn	2026-10-02T20:14:14	2026-10-02T20:14:35	mjolnircomp08fl	839680
45819738	kegg	cmag_298	74e05862-a704-4e35-b0df-b1fe07bc87d6	COMPLETED	4727	4727	02:14:08		1	8Gn	2026-10-02T20:05:10	2026-10-02T21:23:57	mjolnircomp05fl	1109909504
45819750	merge_gene_annotations	cmag_611	74e05862-a704-4e35-b0df-b1fe07bc87d6	COMPLETED	24	24	00:13.517		1	8Gn	2026-10-02T20:05:41	2026-10-02T20:06:05	mjolnircomp09fl	826368
45819751	kegg	cmag_700	74e05862-a704-4e35-b0df-b1fe07bc87d6	COMPLETED	1616	1616	46:48.771		1	8Gn	2026-10-02T20:05:41	2026-10-02T20:32:37	mjolnircomp08fl	855197696
45819752	kegg	cmag_731	74e05862-a704-4e35-b0df-b1fe07bc87d6	COMPLETED	1901	1901	55:26.030		1	8Gn	2026-10-02T20:05:41	2026-10-02T20:37:22	mjolnircomp10fl	746961920
45819753	pfam	cmag_773	74e05862-a704-4e35-b0df-b1fe07bc87d6	COMPLETED	522	522	14:08.618		1	8Gn	2026-10-02T20:05:41	2026-10-02T20:14:23	mjolnircomp10fl	213432320
45819754	prodigal	cmag_051	74e05862-a704-4e35-b0df-b1fe07bc87d6	COMPLETED	6	6	00:02.985		1	1629Mn	2026-10-02T20:06:11	2026-10-02T20:06:17	mjolnircomp13fl	822272
45819765	tigrfam	cmag_670	74e05862-a704-4e35-b0df-b1fe07bc87d6	COMPLETED	68	68	01:45.961		1	16Gn	2026-10-02T20:07:11	2026-10-02T20:08:19	mjolnircomp11fl	361597952
45819766	ncbifam	cmag_040	74e05862-a704-4e35-b0df-b1fe07bc87d6	COMPLETED	542	542	15:33.146		1	16Gn	2026-10-02T20:06:11	2026-10-02T20:15:13	mjolnircomp13fl	364140544
45819767	prodigal	cmag_155	74e05862-a704-4e35-b0df-b1fe07bc87d6	COMPLETED	23	23	00:11.650		1	3187Mn	2026-10-02T20:06:41	2026-10-02T20:07:04	mjolnircomp17fl	1150976
45819768	tigrfam	cmag_562	74e05862-a704-4e35-b0df-b1fe07bc87d6	COMPLETED	196	196	05:07.980		1	16Gn	2026-10-02T20:06:41	2026-10-02T20:09:57	mjolnircomp16fl	410920960
45819769	kegg	cmag_717	74e05862-a704-4e35-b0df-b1fe07bc87d6	COMPLETED	1680	1680	47:42.305		1	8Gn	2026-10-02T20:06:41	2026-10-02T20:34:41	mjolnircomp09fl	700329984
45819770	prodigal	cmag_154	74e05862-a704-4e35-b0df-b1fe07bc87d6	COMPLETED	15	15	00:04.302		1	1506Mn	2026-10-02T20:06:11	2026-10-02T20:06:26	mjolnircomp17fl	1148928
45819771	prodigal	cmag_407	74e05862-a704-4e35-b0df-b1fe07bc87d6	COMPLETED	7	7	00:04.557		1	2827Mn	2026-10-02T20:06:41	2026-10-02T20:06:48	mjolnircomp13fl	818176
45819772	prodigal	cmag_406	74e05862-a704-4e35-b0df-b1fe07bc87d6	COMPLETED	7	7	00:04.229		1	2631Mn	2026-10-02T20:06:41	2026-10-02T20:06:48	mjolnircomp13fl	819200
45819773	pfam	cmag_343	74e05862-a704-4e35-b0df-b1fe07bc87d6	COMPLETED	590	590	15:52.017		1	8Gn	2026-10-02T20:06:11	2026-10-02T20:16:01	mjolnircomp14fl	207150080
45819774	pfam	cmag_200	74e05862-a704-4e35-b0df-b1fe07bc87d6	COMPLETED	1070	1070	28:03.178		1	8Gn	2026-10-02T20:07:11	2026-10-02T20:25:01	mjolnirgpu03fl	224685056
45819779	cazy	cmag_230	74e05862-a704-4e35-b0df-b1fe07bc87d6	COMPLETED	14	14	00:10.195		1	8Gn	2026-10-02T20:14:44	2026-10-02T20:14:58	mjolnircomp14fl	847872
45819780	merge_gene_annotations	cmag_591	74e05862-a704-4e35-b0df-b1fe07bc87d6	COMPLETED	19	19	00:12.800		1	8Gn	2026-10-02T20:07:11	2026-10-02T20:07:30	mjolnircomp15fl	874496
45819781	kegg	cmag_697	74e05862-a704-4e35-b0df-b1fe07bc87d6	COMPLETED	1472	1472	42:07.019		1	8Gn	2026-10-02T20:08:42	2026-10-02T20:33:14	mjolnircomp10fl	1073544192
45819782	kegg	cmag_181	74e05862-a704-4e35-b0df-b1fe07bc87d6	COMPLETED	2630	2630	01:08:58		1	8Gn	2026-10-02T20:07:11	2026-10-02T20:51:01	mjolnircomp02fl	883280896
45819783	tigrfam	cmag_825	74e05862-a704-4e35-b0df-b1fe07bc87d6	COMPLETED	203	203	05:30.043		1	16Gn	2026-10-02T20:07:11	2026-10-02T20:10:34	mjolnircomp03fl	397820928
45819784	pfam	cmag_576	74e05862-a704-4e35-b0df-b1fe07bc87d6	COMPLETED	1115	1115	29:11.311		1	8Gn	2026-10-02T20:07:11	2026-10-02T20:25:46	mjolnirgpu03fl	203396096
45819785	pfam	cmag_534	74e05862-a704-4e35-b0df-b1fe07bc87d6	COMPLETED	646	646	17:28.277		1	8Gn	2026-10-02T20:08:12	2026-10-02T20:18:58	mjolnircomp02fl	238060544
45819786	tigrfam	cmag_530	74e05862-a704-4e35-b0df-b1fe07bc87d6	COMPLETED	259	259	06:51.191		1	16Gn	2026-10-02T20:07:41	2026-10-02T20:12:00	mjolnircomp02fl	348985344
45819787	pfam	cmag_433	74e05862-a704-4e35-b0df-b1fe07bc87d6	COMPLETED	1086	1086	28:46.705		1	8Gn	2026-10-02T20:07:11	2026-10-02T20:25:17	mjolnirgpu03fl	202468352
45819795	pfam	cmag_807	74e05862-a704-4e35-b0df-b1fe07bc87d6	COMPLETED	364	364	09:19.002		1	8Gn	2026-10-02T20:14:44	2026-10-02T20:20:48	mjolnircomp08fl	181788672
45819796	tigrfam	cmag_741	74e05862-a704-4e35-b0df-b1fe07bc87d6	COMPLETED	76	76	01:57.184		1	16Gn	2026-10-02T20:07:41	2026-10-02T20:08:57	mjolnircomp15fl	346556416
45819797	tigrfam	cmag_113	74e05862-a704-4e35-b0df-b1fe07bc87d6	COMPLETED	163	163	04:07.983		1	16Gn	2026-10-02T20:08:12	2026-10-02T20:10:55	mjolnircomp07fl	403162112
45819798	cazy	cmag_491	74e05862-a704-4e35-b0df-b1fe07bc87d6	COMPLETED	15	15	00:10.507		1	8Gn	2026-10-02T20:14:44	2026-10-02T20:14:59	mjolnircomp08fl	841728
45819803	kegg	cmag_635	74e05862-a704-4e35-b0df-b1fe07bc87d6	COMPLETED	1230	1230	36:56.615		1	8Gn	2026-10-02T20:08:42	2026-10-02T20:29:12	mjolnircomp11fl	959309824
45819804	tigrfam	cmag_016	74e05862-a704-4e35-b0df-b1fe07bc87d6	COMPLETED	160	160	04:12.337		1	16Gn	2026-10-02T20:08:42	2026-10-02T20:11:22	mjolnircomp12fl	343745536
45819805	kegg	cmag_024	74e05862-a704-4e35-b0df-b1fe07bc87d6	COMPLETED	2158	2158	01:03:09		1	8Gn	2026-10-02T20:08:42	2026-10-02T20:44:40	mjolnircomp10fl	968554496
45819806	kegg	cmag_004	74e05862-a704-4e35-b0df-b1fe07bc87d6	COMPLETED	955	955	26:36.970		1	8Gn	2026-10-02T20:08:42	2026-10-02T20:24:37	mjolnircomp09fl	862449664
45819813	tigrfam	cmag_291	74e05862-a704-4e35-b0df-b1fe07bc87d6	COMPLETED	182	182	04:50.631		1	16Gn	2026-10-02T20:09:12	2026-10-02T20:12:14	mjolnircomp15fl	433856512
45819814	merge_gene_annotations	cmag_670	74e05862-a704-4e35-b0df-b1fe07bc87d6	COMPLETED	14	14	00:09.574		1	8Gn	2026-10-02T20:09:12	2026-10-02T20:09:26	mjolnircomp09fl	820224
45819815	kegg	cmag_576	74e05862-a704-4e35-b0df-b1fe07bc87d6	COMPLETED	1442	1442	42:27.577		1	8Gn	2026-10-02T20:09:42	2026-10-02T20:33:44	mjolnircomp11fl	864928768
45819816	prodigal	cmag_401	74e05862-a704-4e35-b0df-b1fe07bc87d6	COMPLETED	14	14	00:04.417		1	1885Mn	2026-10-02T20:09:12	2026-10-02T20:09:26	mjolnircomp17fl	1150976
45819817	prodigal	cmag_272	74e05862-a704-4e35-b0df-b1fe07bc87d6	COMPLETED	14	14	00:04.076		1	1504Mn	2026-10-02T20:09:12	2026-10-02T20:09:26	mjolnircomp17fl	1150976
45819822	tigrfam	cmag_641	74e05862-a704-4e35-b0df-b1fe07bc87d6	COMPLETED	362	362	09:18.492		1	16Gn	2026-10-02T20:09:42	2026-10-02T20:15:44	mjolnirgpu02fl	309624832
45819823	merge_gene_annotations	cmag_639	74e05862-a704-4e35-b0df-b1fe07bc87d6	COMPLETED	29	29	00:22.529		1	8Gn	2026-10-02T20:09:42	2026-10-02T20:10:11	mjolnirgpu01fl	875520
45819824	ncbifam	cmag_600	74e05862-a704-4e35-b0df-b1fe07bc87d6	COMPLETED	661	661	17:43.826		1	16Gn	2026-10-02T20:09:42	2026-10-02T20:20:43	mjolnircomp17fl	310344704
45819825	prodigal	cmag_080	74e05862-a704-4e35-b0df-b1fe07bc87d6	COMPLETED	10	10	00:05.371		1	3647Mn	2026-10-02T20:09:42	2026-10-02T20:09:52	mjolnircomp13fl	821248
45819826	ncbifam	cmag_138	74e05862-a704-4e35-b0df-b1fe07bc87d6	COMPLETED	705	705	19:50.747		1	16Gn	2026-10-02T20:10:12	2026-10-02T20:21:57	mjolnircomp16fl	429691904
45819827	tigrfam	cmag_078	74e05862-a704-4e35-b0df-b1fe07bc87d6	COMPLETED	419	419	10:47.858		1	16Gn	2026-10-02T20:10:12	2026-10-02T20:17:11	mjolnirgpu02fl	344442880
45819828	kegg	cmag_794	74e05862-a704-4e35-b0df-b1fe07bc87d6	COMPLETED	2036	2036	58:46.751		1	8Gn	2026-10-02T20:10:12	2026-10-02T20:44:08	mjolnirgpu01fl	1080707072
45819836	pfam	cmag_322	74e05862-a704-4e35-b0df-b1fe07bc87d6	COMPLETED	792	792	21:34.046		1	8Gn	2026-10-02T20:10:43	2026-10-02T20:23:55	mjolnircomp09fl	186350592
45819837	cazy	cmag_132	74e05862-a704-4e35-b0df-b1fe07bc87d6	COMPLETED	16	16	00:12.149		1	8Gn	2026-10-02T20:16:45	2026-10-02T20:17:01	mjolnirgpu03fl	824320
45819838	kegg	cmag_080	74e05862-a704-4e35-b0df-b1fe07bc87d6	COMPLETED	3245	3245	01:37:00		1	8Gn	2026-10-02T20:10:43	2026-10-02T21:04:48	mjolnircomp06fl	1044258816
45819839	pfam	cmag_511	74e05862-a704-4e35-b0df-b1fe07bc87d6	COMPLETED	1062	1062	30:45.381		1	8Gn	2026-10-02T20:10:43	2026-10-02T20:28:25	mjolnircomp03fl	232003584
45819840	tigrfam	cmag_240	74e05862-a704-4e35-b0df-b1fe07bc87d6	COMPLETED	196	196	05:15.834		1	16Gn	2026-10-02T20:10:43	2026-10-02T20:13:59	mjolnircomp04fl	338435072
45819847	pfam	cmag_314	74e05862-a704-4e35-b0df-b1fe07bc87d6	COMPLETED	1572	1572	43:15.089		1	10104Mn	2026-10-02T20:11:13	2026-10-02T20:37:25	mjolnircomp07fl	255612928
45819848	tigrfam	cmag_044	74e05862-a704-4e35-b0df-b1fe07bc87d6	COMPLETED	176	176	04:33.306		1	16Gn	2026-10-02T20:11:13	2026-10-02T20:14:09	mjolnircomp12fl	310086656
45819849	ncbifam	cmag_080	74e05862-a704-4e35-b0df-b1fe07bc87d6	COMPLETED	987	987	29:32.228		1	16Gn	2026-10-02T20:11:43	2026-10-02T20:28:10	mjolnircomp03fl	467667968
45819850	kegg	cmag_210	74e05862-a704-4e35-b0df-b1fe07bc87d6	COMPLETED	1090	1090	32:04.308		1	8Gn	2026-10-02T20:11:13	2026-10-02T20:29:23	mjolnircomp13fl	1294958592
45819851	kegg	cmag_146	74e05862-a704-4e35-b0df-b1fe07bc87d6	COMPLETED	1368	1368	40:31.805		1	8Gn	2026-10-02T20:11:43	2026-10-02T20:34:31	mjolnircomp12fl	981655552
45819852	kegg	cmag_692	74e05862-a704-4e35-b0df-b1fe07bc87d6	COMPLETED	680	680	20:36.579		1	8Gn	2026-10-02T20:11:13	2026-10-02T20:22:33	mjolnircomp14fl	822040576
45819857	ncbifam	cmag_352	74e05862-a704-4e35-b0df-b1fe07bc87d6	COMPLETED	1120	1120	32:45.509		1	16Gn	2026-10-02T20:12:43	2026-10-02T20:31:23	mjolnircomp04fl	379457536
45819858	tigrfam	cmag_746	74e05862-a704-4e35-b0df-b1fe07bc87d6	COMPLETED	241	241	06:31.732		1	16Gn	2026-10-02T20:12:43	2026-10-02T20:16:44	mjolnircomp15fl	361753600
45819862	tigrfam	cmag_453	74e05862-a704-4e35-b0df-b1fe07bc87d6	COMPLETED	218	218	05:41.071		1	16Gn	2026-10-02T20:14:14	2026-10-02T20:17:52	mjolnircomp12fl	324777984
45819863	cazy	cmag_294	74e05862-a704-4e35-b0df-b1fe07bc87d6	COMPLETED	14	14	00:09.935		1	8Gn	2026-10-02T20:17:15	2026-10-02T20:17:29	mjolnircomp11fl	800768
45819864	merge_gene_annotations	cmag_530	74e05862-a704-4e35-b0df-b1fe07bc87d6	COMPLETED	20	20	00:14.330		1	8Gn	2026-10-02T20:12:43	2026-10-02T20:13:03	mjolnircomp02fl	808960
45819873	cazy	cmag_155	74e05862-a704-4e35-b0df-b1fe07bc87d6	COMPLETED	23	23	00:17.786		1	8Gn	2026-10-02T20:17:15	2026-10-02T20:17:38	mjolnircomp11fl	812032
45819874	cazy	cmag_181	74e05862-a704-4e35-b0df-b1fe07bc87d6	COMPLETED	21	21	00:15.811		1	8Gn	2026-10-02T20:17:15	2026-10-02T20:17:36	mjolnircomp11fl	814080
45819875	pfam	cmag_564	74e05862-a704-4e35-b0df-b1fe07bc87d6	COMPLETED	1275	1275	33:01.587		1	8Gn	2026-10-02T20:13:13	2026-10-02T20:34:28	mjolnirgpu03fl	235099136
45819876	tigrfam	cmag_613	74e05862-a704-4e35-b0df-b1fe07bc87d6	COMPLETED	83	83	02:09.272		1	16Gn	2026-10-02T20:13:13	2026-10-02T20:14:36	mjolnircomp11fl	370555904
45819877	tigrfam	cmag_549	74e05862-a704-4e35-b0df-b1fe07bc87d6	COMPLETED	124	124	03:13.872		1	16Gn	2026-10-02T20:13:13	2026-10-02T20:15:17	mjolnircomp11fl	317465600
45819878	pfam	cmag_825	74e05862-a704-4e35-b0df-b1fe07bc87d6	COMPLETED	916	916	25:15.333		1	8Gn	2026-10-02T20:13:13	2026-10-02T20:28:29	mjolnircomp09fl	237504512
45819879	pfam	cmag_008	74e05862-a704-4e35-b0df-b1fe07bc87d6	COMPLETED	732	732	20:21.618		1	8Gn	2026-10-02T20:13:13	2026-10-02T20:25:25	mjolnircomp09fl	233134080
45819880	pfam	cmag_046	74e05862-a704-4e35-b0df-b1fe07bc87d6	COMPLETED	771	771	21:27.089		1	8Gn	2026-10-02T20:13:13	2026-10-02T20:26:04	mjolnircomp09fl	212262912
45819881	ncbifam	cmag_643	74e05862-a704-4e35-b0df-b1fe07bc87d6	COMPLETED	725	725	19:37.866		1	16Gn	2026-10-02T20:13:44	2026-10-02T20:25:49	mjolnircomp02fl	323604480
45819882	kegg	cmag_553	74e05862-a704-4e35-b0df-b1fe07bc87d6	COMPLETED	1438	1438	40:37.614		1	8Gn	2026-10-02T20:13:13	2026-10-02T20:37:11	mjolnircomp09fl	767320064
45819883	merge_gene_annotations	cmag_552	74e05862-a704-4e35-b0df-b1fe07bc87d6	COMPLETED	18	18	00:10.157		1	8Gn	2026-10-02T20:13:13	2026-10-02T20:13:31	mjolnircomp08fl	843776
45819896	tigrfam	cmag_138	74e05862-a704-4e35-b0df-b1fe07bc87d6	COMPLETED	189	189	04:58.451		1	16Gn	2026-10-02T20:14:14	2026-10-02T20:17:23	mjolnircomp11fl	341900288
45819897	prodigal	cmag_399	74e05862-a704-4e35-b0df-b1fe07bc87d6	COMPLETED	6	6	00:03.163		1	2369Mn	2026-10-02T20:17:45	2026-10-02T20:17:51	mjolnircomp11fl	815104
45819898	kegg	cmag_763	74e05862-a704-4e35-b0df-b1fe07bc87d6	COMPLETED	1779	1779	47:18.369		1	8Gn	2026-10-02T20:14:14	2026-10-02T20:43:53	mjolnircomp17fl	704748544
45819899	tigrfam	cmag_040	74e05862-a704-4e35-b0df-b1fe07bc87d6	COMPLETED	115	115	03:00.291		1	16Gn	2026-10-02T20:14:14	2026-10-02T20:16:09	mjolnircomp13fl	348413952
45819900	prodigal	cmag_071	74e05862-a704-4e35-b0df-b1fe07bc87d6	COMPLETED	7	7	00:04.692		1	3718Mn	2026-10-02T20:17:45	2026-10-02T20:17:52	mjolnircomp11fl	823296
45819912	cazy	cmag_259	74e05862-a704-4e35-b0df-b1fe07bc87d6	COMPLETED	25	25	00:20.099		1	8Gn	2026-10-02T20:14:44	2026-10-02T20:15:09	mjolnircomp11fl	801792
45819913	cazy	cmag_620	74e05862-a704-4e35-b0df-b1fe07bc87d6	COMPLETED	13	13	00:08.280		1	8Gn	2026-10-02T20:18:45	2026-10-02T20:18:58	mjolnircomp01fl	833536
45819914	pfam	cmag_331	74e05862-a704-4e35-b0df-b1fe07bc87d6	COMPLETED	798	798	22:21.401		1	8Gn	2026-10-02T20:14:44	2026-10-02T20:28:02	mjolnircomp10fl	240709632
45819915	tigrfam	cmag_814	74e05862-a704-4e35-b0df-b1fe07bc87d6	COMPLETED	166	166	04:23.525		1	16Gn	2026-10-02T20:14:44	2026-10-02T20:17:30	mjolnircomp04fl	389495808
45819916	cazy	cmag_362	74e05862-a704-4e35-b0df-b1fe07bc87d6	COMPLETED	14	14	00:09.140		1	8Gn	2026-10-02T20:18:45	2026-10-02T20:18:59	mjolnircomp01fl	834560
45819917	cazy	cmag_366	74e05862-a704-4e35-b0df-b1fe07bc87d6	COMPLETED	19	19	00:13.664		1	8Gn	2026-10-02T20:19:15	2026-10-02T20:19:34	mjolnirgpu03fl	823296
45819918	ncbifam	cmag_738	74e05862-a704-4e35-b0df-b1fe07bc87d6	COMPLETED	1148	1148	32:33.626		1	16Gn	2026-10-02T20:15:14	2026-10-02T20:34:22	mjolnircomp04fl	545910784
45819919	kegg	cmag_220	74e05862-a704-4e35-b0df-b1fe07bc87d6	COMPLETED	2127	2127	01:01:31		1	8Gn	2026-10-02T20:14:44	2026-10-02T20:50:11	mjolnircomp13fl	720203776
45819920	prodigal	cmag_136	74e05862-a704-4e35-b0df-b1fe07bc87d6	COMPLETED	6	6	00:03.337		1	2416Mn	2026-10-02T20:19:15	2026-10-02T20:19:21	mjolnircomp02fl	809984
45819921	kegg	cmag_268	74e05862-a704-4e35-b0df-b1fe07bc87d6	COMPLETED	2290	2290	01:07:07		1	8Gn	2026-10-02T20:14:44	2026-10-02T20:52:54	mjolnirgpu02fl	749494272
45819933	merge_gene_annotations	cmag_295	74e05862-a704-4e35-b0df-b1fe07bc87d6	COMPLETED	21	21	00:15.807		1	8Gn	2026-10-02T20:15:44	2026-10-02T20:16:05	mjolnircomp15fl	879616
45819934	cazy	cmag_731	74e05862-a704-4e35-b0df-b1fe07bc87d6	COMPLETED	19	19	00:13.725		1	8Gn	2026-10-02T20:19:45	2026-10-02T20:20:04	mjolnircomp02fl	812032
45819935	cazy	cmag_700	74e05862-a704-4e35-b0df-b1fe07bc87d6	COMPLETED	18	18	00:12.115		1	8Gn	2026-10-02T20:19:45	2026-10-02T20:20:03	mjolnircomp02fl	809984
45819936	cazy	cmag_717	74e05862-a704-4e35-b0df-b1fe07bc87d6	COMPLETED	26	26	00:16.606		1	8Gn	2026-10-02T20:20:16	2026-10-02T20:20:42	mjolnirgpu02fl	817152
45819937	cazy	cmag_298	74e05862-a704-4e35-b0df-b1fe07bc87d6	COMPLETED	23	23	00:18.549		1	8Gn	2026-10-02T20:15:14	2026-10-02T20:15:37	mjolnircomp14fl	821248
45819938	pfam	cmag_809	74e05862-a704-4e35-b0df-b1fe07bc87d6	COMPLETED	1308	1308	34:05.928		1	8Gn	2026-10-02T20:15:14	2026-10-02T20:37:02	mjolnircomp08fl	202336256
45819939	kegg	cmag_116	74e05862-a704-4e35-b0df-b1fe07bc87d6	COMPLETED	415	415	12:19.981		1	8Gn	2026-10-02T20:15:14	2026-10-02T20:22:09	mjolnircomp14fl	582444032
45819947	cazy	cmag_503	74e05862-a704-4e35-b0df-b1fe07bc87d6	COMPLETED	26	26	00:17.389		1	8Gn	2026-10-02T20:20:16	2026-10-02T20:20:42	mjolnirgpu02fl	816128
45819948	pfam	cmag_509	74e05862-a704-4e35-b0df-b1fe07bc87d6	COMPLETED	618	618	16:40.458		1	8Gn	2026-10-02T20:16:14	2026-10-02T20:26:32	mjolnircomp11fl	209670144
45819949	pfam	cmag_247	74e05862-a704-4e35-b0df-b1fe07bc87d6	COMPLETED	931	931	23:01.371		1	8Gn	2026-10-02T20:16:14	2026-10-02T20:31:45	mjolnircomp08fl	249869312
45819950	tigrfam	cmag_340	74e05862-a704-4e35-b0df-b1fe07bc87d6	COMPLETED	125	125	03:17.373		1	16Gn	2026-10-02T20:16:14	2026-10-02T20:18:19	mjolnircomp15fl	347198464
45819951	prodigal	cmag_661	74e05862-a704-4e35-b0df-b1fe07bc87d6	COMPLETED	9	9	00:03.971		1	1449Mn	2026-10-02T20:20:16	2026-10-02T20:20:25	mjolnirgpu02fl	815104
45819952	ncbifam	cmag_433	74e05862-a704-4e35-b0df-b1fe07bc87d6	COMPLETED	880	880	24:31.640		1	16Gn	2026-10-02T20:16:14	2026-10-02T20:30:54	mjolnirgpu02fl	462024704
45819953	prodigal	cmag_213	74e05862-a704-4e35-b0df-b1fe07bc87d6	COMPLETED	15	15	00:03.906		1	1529Mn	2026-10-02T20:20:16	2026-10-02T20:20:31	mjolnircomp17fl	1147904
45819954	prodigal	cmag_109	74e05862-a704-4e35-b0df-b1fe07bc87d6	COMPLETED	15	15	00:04.126		1	1840Mn	2026-10-02T20:20:16	2026-10-02T20:20:31	mjolnircomp17fl	1148928
45819968	ncbifam	cmag_394	74e05862-a704-4e35-b0df-b1fe07bc87d6	COMPLETED	604	604	16:59.262		1	16Gn	2026-10-02T20:16:45	2026-10-02T20:26:49	mjolnircomp02fl	408399872
45819969	cazy	cmag_576	74e05862-a704-4e35-b0df-b1fe07bc87d6	COMPLETED	21	21	00:16.441		1	8Gn	2026-10-02T20:20:46	2026-10-02T20:21:07	mjolnirgpu02fl	822272
45819970	ncbifam	cmag_162	74e05862-a704-4e35-b0df-b1fe07bc87d6	COMPLETED	1197	1197	33:29.063		1	16Gn	2026-10-02T20:16:45	2026-10-02T20:36:42	mjolnircomp07fl	438674432
45819971	pfam	cmag_132	74e05862-a704-4e35-b0df-b1fe07bc87d6	COMPLETED	394	394	10:55.779		1	8Gn	2026-10-02T20:16:45	2026-10-02T20:23:19	mjolnircomp14fl	243603456
45819972	kegg	cmag_626	74e05862-a704-4e35-b0df-b1fe07bc87d6	COMPLETED	1191	1191	36:04.354		1	8Gn	2026-10-02T20:16:45	2026-10-02T20:36:36	mjolnircomp15fl	799802368
45819976	tigrfam	cmag_478	74e05862-a704-4e35-b0df-b1fe07bc87d6	COMPLETED	265	265	06:39.026		1	16Gn	2026-10-02T20:17:15	2026-10-02T20:21:40	mjolnirgpu02fl	343355392
45819977	pfam	cmag_181	74e05862-a704-4e35-b0df-b1fe07bc87d6	COMPLETED	1105	1105	29:50.188		1	8Gn	2026-10-02T20:17:15	2026-10-02T20:35:40	mjolnircomp11fl	220339200
45819978	ncbifam	cmag_511	74e05862-a704-4e35-b0df-b1fe07bc87d6	COMPLETED	1511	1511	41:56.318		1	16Gn	2026-10-02T20:17:45	2026-10-02T20:42:56	mjolnircomp05fl	359764992
45819992	pfam	cmag_390	74e05862-a704-4e35-b0df-b1fe07bc87d6	COMPLETED	906	906	24:08.902		1	8Gn	2026-10-02T20:18:15	2026-10-02T20:33:21	mjolnircomp11fl	192949248
45819993	kegg	cmag_732	74e05862-a704-4e35-b0df-b1fe07bc87d6	COMPLETED	2223	2223	01:06:28		1	8Gn	2026-10-02T20:18:15	2026-10-02T20:55:18	mjolnircomp12fl	840688640
45819994	cazy	cmag_210	74e05862-a704-4e35-b0df-b1fe07bc87d6	COMPLETED	16	16	00:09.478		1	8Gn	2026-10-02T20:21:16	2026-10-02T20:21:32	mjolnircomp16fl	854016
45819995	cazy	cmag_692	74e05862-a704-4e35-b0df-b1fe07bc87d6	COMPLETED	15	15	00:08.371		1	8Gn	2026-10-02T20:21:16	2026-10-02T20:21:31	mjolnircomp16fl	846848
45819996	cazy	cmag_146	74e05862-a704-4e35-b0df-b1fe07bc87d6	COMPLETED	17	17	00:10.984		1	8Gn	2026-10-02T20:21:16	2026-10-02T20:21:33	mjolnircomp16fl	844800
45819997	kegg	cmag_129	74e05862-a704-4e35-b0df-b1fe07bc87d6	COMPLETED	1935	1935	55:45.508		1	8Gn	2026-10-02T20:18:15	2026-10-02T20:50:30	mjolnircomp13fl	921298944
45819998	prodigal	cmag_498	74e05862-a704-4e35-b0df-b1fe07bc87d6	COMPLETED	15	15	00:05.206		1	2149Mn	2026-10-02T20:20:46	2026-10-02T20:21:01	mjolnircomp17fl	1152000
45820008	kegg	cmag_347	74e05862-a704-4e35-b0df-b1fe07bc87d6	COMPLETED	1526	1526	43:40.329		1	8Gn	2026-10-02T20:18:45	2026-10-02T20:44:11	mjolnircomp08fl	842175488
45820009	kegg	cmag_727	74e05862-a704-4e35-b0df-b1fe07bc87d6	COMPLETED	1561	1561	45:10.167		1	8Gn	2026-10-02T20:18:45	2026-10-02T20:44:46	mjolnircomp11fl	880281600
45820010	cazy	cmag_004	74e05862-a704-4e35-b0df-b1fe07bc87d6	COMPLETED	18	18	00:13.411		1	8Gn	2026-10-02T20:21:16	2026-10-02T20:21:34	mjolnirgpu02fl	818176
45820011	kegg	cmag_593	74e05862-a704-4e35-b0df-b1fe07bc87d6	COMPLETED	1711	1711	50:17.821		1	8Gn	2026-10-02T20:18:45	2026-10-02T20:47:16	mjolnircomp15fl	1060912128
45820012	ncbifam	cmag_825	74e05862-a704-4e35-b0df-b1fe07bc87d6	COMPLETED	831	831	24:19.127		1	16Gn	2026-10-02T20:18:45	2026-10-02T20:32:36	mjolnircomp03fl	400454656
45820013	ncbifam	cmag_008	74e05862-a704-4e35-b0df-b1fe07bc87d6	COMPLETED	601	601	17:10.357		1	16Gn	2026-10-02T20:18:45	2026-10-02T20:28:46	mjolnircomp04fl	393416704
45820020	prodigal	cmag_012	74e05862-a704-4e35-b0df-b1fe07bc87d6	COMPLETED	14	14	00:04.472		1	2518Mn	2026-10-02T20:20:46	2026-10-02T20:21:00	mjolnircomp17fl	1148928
45820021	kegg	cmag_406	74e05862-a704-4e35-b0df-b1fe07bc87d6	COMPLETED	1770	1770	47:37.347		1	8Gn	2026-10-02T20:19:15	2026-10-02T20:48:45	mjolnircomp09fl	643492864
45820022	prodigal	cmag_722	74e05862-a704-4e35-b0df-b1fe07bc87d6	COMPLETED	16	16	00:06.023		1	2744Mn	2026-10-02T20:20:46	2026-10-02T20:21:02	mjolnircomp17fl	1150976
45820023	cazy	cmag_553	74e05862-a704-4e35-b0df-b1fe07bc87d6	COMPLETED	18	18	00:11.240		1	8Gn	2026-10-02T20:21:46	2026-10-02T20:22:04	mjolnircomp08fl	821248
45820024	tigrfam	cmag_175	74e05862-a704-4e35-b0df-b1fe07bc87d6	COMPLETED	309	309	08:09.507		1	16Gn	2026-10-02T20:19:15	2026-10-02T20:24:24	mjolnircomp01fl	331729920
45820035	kegg	cmag_533	74e05862-a704-4e35-b0df-b1fe07bc87d6	COMPLETED	1336	1336	35:20.519		1	8Gn	2026-10-02T20:20:46	2026-10-02T20:43:02	mjolnircomp02fl	679275520
45820036	cazy	cmag_794	74e05862-a704-4e35-b0df-b1fe07bc87d6	COMPLETED	18	18	00:13.266		1	8Gn	2026-10-02T20:22:16	2026-10-02T20:22:34	mjolnircomp14fl	826368
45820037	pfam	cmag_294	74e05862-a704-4e35-b0df-b1fe07bc87d6	COMPLETED	456	456	12:34.104		1	8Gn	2026-10-02T20:20:16	2026-10-02T20:27:52	mjolnircomp02fl	293846016
45820038	cazy	cmag_763	74e05862-a704-4e35-b0df-b1fe07bc87d6	COMPLETED	16	16	00:11.290		1	8Gn	2026-10-02T20:21:46	2026-10-02T20:22:02	mjolnircomp04fl	815104
45820047	tigrfam	cmag_056	74e05862-a704-4e35-b0df-b1fe07bc87d6	COMPLETED	245	245	06:02.939		1	16Gn	2026-10-02T20:20:46	2026-10-02T20:24:51	mjolnircomp05fl	330816512
45820048	kegg	cmag_777	74e05862-a704-4e35-b0df-b1fe07bc87d6	COMPLETED	2669	2669	01:18:24		1	8Gn	2026-10-02T20:20:46	2026-10-02T21:05:15	mjolnircomp13fl	750460928
45820049	cazy	cmag_373	74e05862-a704-4e35-b0df-b1fe07bc87d6	COMPLETED	18	18	00:13.336		1	8Gn	2026-10-02T20:21:46	2026-10-02T20:22:04	mjolnircomp03fl	822272
45820050	prodigal	cmag_448	74e05862-a704-4e35-b0df-b1fe07bc87d6	COMPLETED	16	16	00:05.053		1	2047Mn	2026-10-02T20:21:16	2026-10-02T20:21:32	mjolnircomp17fl	1150976
45820051	cazy	cmag_220	74e05862-a704-4e35-b0df-b1fe07bc87d6	COMPLETED	17	17	00:12.611		1	8Gn	2026-10-02T20:21:46	2026-10-02T20:22:03	mjolnircomp03fl	826368
45820063	prodigal	cmag_145	74e05862-a704-4e35-b0df-b1fe07bc87d6	COMPLETED	8	8	00:05.005		1	2207Mn	2026-10-02T20:21:46	2026-10-02T20:21:54	mjolnirgpu03fl	822272
45820064	kegg	cmag_394	74e05862-a704-4e35-b0df-b1fe07bc87d6	COMPLETED	1493	1493	41:28.540		1	8Gn	2026-10-02T20:21:16	2026-10-02T20:46:09	mjolnircomp08fl	931847168
45820065	cazy	cmag_024	74e05862-a704-4e35-b0df-b1fe07bc87d6	COMPLETED	27	27	00:22.435		1	8Gn	2026-10-02T20:21:46	2026-10-02T20:22:13	mjolnirgpu02fl	822272
45820066	prodigal	cmag_454	74e05862-a704-4e35-b0df-b1fe07bc87d6	COMPLETED	13	13	00:10.218		1	2616Mn	2026-10-02T20:21:46	2026-10-02T20:21:59	mjolnirgpu02fl	824320
45820067	kegg	cmag_154	74e05862-a704-4e35-b0df-b1fe07bc87d6	COMPLETED	1200	1200	32:53.533		1	8Gn	2026-10-02T20:21:16	2026-10-02T20:41:16	mjolnircomp09fl	738223104
45820068	kegg	cmag_407	74e05862-a704-4e35-b0df-b1fe07bc87d6	COMPLETED	2135	2135	57:02.180		1	8Gn	2026-10-02T20:21:16	2026-10-02T20:56:51	mjolnircomp02fl	734464000
45820069	kegg	cmag_155	74e05862-a704-4e35-b0df-b1fe07bc87d6	COMPLETED	1410	1410	42:34.263		1	8Gn	2026-10-02T20:21:16	2026-10-02T20:44:46	mjolnircomp04fl	782843904
45820070	tigrfam	cmag_055	74e05862-a704-4e35-b0df-b1fe07bc87d6	COMPLETED	79	79	01:57.482		1	16Gn	2026-10-02T20:21:16	2026-10-02T20:22:35	mjolnircomp16fl	311793664
45820071	tigrfam	cmag_738	74e05862-a704-4e35-b0df-b1fe07bc87d6	COMPLETED	247	247	06:30.806		1	16Gn	2026-10-02T20:21:16	2026-10-02T20:25:23	mjolnircomp16fl	345140224
45820072	kegg	cmag_051	74e05862-a704-4e35-b0df-b1fe07bc87d6	COMPLETED	1191	1191	34:24.530		1	8Gn	2026-10-02T20:21:16	2026-10-02T20:41:07	mjolnircomp16fl	1027770368
45820086	pfam	cmag_491	74e05862-a704-4e35-b0df-b1fe07bc87d6	COMPLETED	494	494	13:52.119		1	8Gn	2026-10-02T20:22:16	2026-10-02T20:30:30	mjolnircomp03fl	246455296
45820087	pfam	cmag_362	74e05862-a704-4e35-b0df-b1fe07bc87d6	COMPLETED	356	356	09:43.742		1	8Gn	2026-10-02T20:22:16	2026-10-02T20:28:12	mjolnircomp14fl	231868416
45820088	tigrfam	cmag_343	74e05862-a704-4e35-b0df-b1fe07bc87d6	COMPLETED	136	136	03:34.077		1	16Gn	2026-10-02T20:22:16	2026-10-02T20:24:32	mjolnircomp13fl	367561728
45820089	pfam	cmag_620	74e05862-a704-4e35-b0df-b1fe07bc87d6	COMPLETED	258	258	06:59.802		1	8Gn	2026-10-02T20:22:16	2026-10-02T20:26:34	mjolnircomp16fl	276931584
45820090	cazy	cmag_268	74e05862-a704-4e35-b0df-b1fe07bc87d6	COMPLETED	19	19	00:13.678		1	8Gn	2026-10-02T20:22:16	2026-10-02T20:22:35	mjolnircomp16fl	840704
45820091	cazy	cmag_116	74e05862-a704-4e35-b0df-b1fe07bc87d6	COMPLETED	13	13	00:07.387		1	8Gn	2026-10-02T20:22:16	2026-10-02T20:22:29	mjolnircomp16fl	840704
45820092	kegg	cmag_272	74e05862-a704-4e35-b0df-b1fe07bc87d6	COMPLETED	1054	1054	30:38.884		1	8Gn	2026-10-02T20:22:16	2026-10-02T20:39:50	mjolnircomp11fl	1111393280
45820093	ncbifam	cmag_564	74e05862-a704-4e35-b0df-b1fe07bc87d6	COMPLETED	1708	1708	45:55.196		1	16Gn	2026-10-02T20:22:16	2026-10-02T20:50:44	mjolnircomp05fl	428227584
45820094	kegg	cmag_401	74e05862-a704-4e35-b0df-b1fe07bc87d6	COMPLETED	1282	1282	38:02.677		1	8Gn	2026-10-02T20:22:16	2026-10-02T20:43:38	mjolnircomp04fl	798743552
45820120	cazy	cmag_179	74e05862-a704-4e35-b0df-b1fe07bc87d6	COMPLETED	18	18	00:13.190		1	8Gn	2026-10-02T20:22:46	2026-10-02T20:23:04	mjolnircomp14fl	834560
45820121	prodigal	cmag_020	74e05862-a704-4e35-b0df-b1fe07bc87d6	COMPLETED	7	7	00:04.780		1	2921Mn	2026-10-02T20:22:46	2026-10-02T20:22:53	mjolnircomp14fl	849920
45820122	tigrfam	cmag_643	74e05862-a704-4e35-b0df-b1fe07bc87d6	COMPLETED	148	148	03:57.136		1	16Gn	2026-10-02T20:22:46	2026-10-02T20:25:14	mjolnircomp03fl	406100992
45820123	tigrfam	cmag_600	74e05862-a704-4e35-b0df-b1fe07bc87d6	COMPLETED	100	100	02:36.320		1	16Gn	2026-10-02T20:22:46	2026-10-02T20:24:26	mjolnircomp03fl	364201984
45820124	cazy	cmag_363	74e05862-a704-4e35-b0df-b1fe07bc87d6	COMPLETED	20	20	00:14.745		1	8Gn	2026-10-02T20:22:46	2026-10-02T20:23:06	mjolnirgpu02fl	822272
45820125	tigrfam	cmag_433	74e05862-a704-4e35-b0df-b1fe07bc87d6	COMPLETED	165	165	04:20.736		1	16Gn	2026-10-02T20:22:46	2026-10-02T20:25:31	mjolnircomp01fl	381384704
45820126	tigrfam	cmag_773	74e05862-a704-4e35-b0df-b1fe07bc87d6	COMPLETED	126	126	03:06.247		1	16Gn	2026-10-02T20:22:46	2026-10-02T20:24:52	mjolnircomp07fl	341823488
45820127	prodigal	cmag_597	74e05862-a704-4e35-b0df-b1fe07bc87d6	COMPLETED	22	22	00:18.445		1	7458Mn	2026-10-02T20:22:46	2026-10-02T20:23:08	mjolnirgpu03fl	819200
45820128	tigrfam	cmag_200	74e05862-a704-4e35-b0df-b1fe07bc87d6	COMPLETED	154	154	04:00.716		1	16Gn	2026-10-02T20:22:46	2026-10-02T20:25:20	mjolnircomp16fl	300137472
45820129	ncbifam	cmag_200	74e05862-a704-4e35-b0df-b1fe07bc87d6	COMPLETED	644	644	17:40.314		1	16Gn	2026-10-02T20:22:46	2026-10-02T20:33:30	mjolnircomp16fl	390550528
45820130	ncbifam	cmag_343	74e05862-a704-4e35-b0df-b1fe07bc87d6	COMPLETED	610	610	16:53.280		1	16Gn	2026-10-02T20:22:46	2026-10-02T20:32:56	mjolnircomp16fl	472895488
45820131	kegg	cmag_005	74e05862-a704-4e35-b0df-b1fe07bc87d6	COMPLETED	800	800	22:31.995		1	8Gn	2026-10-02T20:22:46	2026-10-02T20:36:06	mjolnircomp01fl	1005127680
45820132	ncbifam	cmag_331	74e05862-a704-4e35-b0df-b1fe07bc87d6	COMPLETED	726	726	20:16.186		1	16Gn	2026-10-02T20:22:46	2026-10-02T20:34:52	mjolnircomp16fl	413274112
45820133	kegg	cmag_437	74e05862-a704-4e35-b0df-b1fe07bc87d6	COMPLETED	1612	1612	47:38.805		1	8Gn	2026-10-02T20:22:46	2026-10-02T20:49:38	mjolnircomp11fl	854117376
45820158	tigrfam	cmag_163	74e05862-a704-4e35-b0df-b1fe07bc87d6	COMPLETED	82	82	02:01.394		1	16Gn	2026-10-02T20:23:46	2026-10-02T20:25:08	mjolnircomp07fl	364495872
45820159	pfam	cmag_700	74e05862-a704-4e35-b0df-b1fe07bc87d6	COMPLETED	898	898	24:22.892		1	8Gn	2026-10-02T20:23:46	2026-10-02T20:38:44	mjolnircomp11fl	260163584
45820160	pfam	cmag_731	74e05862-a704-4e35-b0df-b1fe07bc87d6	COMPLETED	1004	1004	27:00.734		1	8Gn	2026-10-02T20:23:46	2026-10-02T20:40:30	mjolnircomp11fl	239446016
45820161	ncbifam	cmag_773	74e05862-a704-4e35-b0df-b1fe07bc87d6	COMPLETED	496	496	13:39.033		1	16Gn	2026-10-02T20:23:46	2026-10-02T20:32:02	mjolnircomp02fl	356843520
45820162	cazy	cmag_437	74e05862-a704-4e35-b0df-b1fe07bc87d6	COMPLETED	23	23	00:18.139		1	8Gn	2026-10-02T20:23:46	2026-10-02T20:24:09	mjolnirgpu03fl	825344
45820188	pfam	cmag_690	74e05862-a704-4e35-b0df-b1fe07bc87d6	COMPLETED	475	475	13:21.911		1	8Gn	2026-10-02T20:24:17	2026-10-02T20:32:12	mjolnircomp03fl	203525120
45820208	tigrfam	cmag_323	74e05862-a704-4e35-b0df-b1fe07bc87d6	COMPLETED	134	134	03:29.311		1	16Gn	2026-10-02T20:24:47	2026-10-02T20:27:01	mjolnircomp13fl	415790080
45820209	cazy	cmag_129	74e05862-a704-4e35-b0df-b1fe07bc87d6	COMPLETED	19	19	00:14.245		1	8Gn	2026-10-02T20:24:47	2026-10-02T20:25:06	mjolnircomp02fl	795648
45820210	prodigal	cmag_123	74e05862-a704-4e35-b0df-b1fe07bc87d6	COMPLETED	7	7	00:04.858		1	3393Mn	2026-10-02T20:24:47	2026-10-02T20:24:54	mjolnircomp01fl	836608
45820211	tigrfam	cmag_511	74e05862-a704-4e35-b0df-b1fe07bc87d6	COMPLETED	443	443	11:10.558		1	16Gn	2026-10-02T20:27:17	2026-10-02T20:34:40	mjolnircomp05fl	331651072
45820212	prodigal	cmag_286	74e05862-a704-4e35-b0df-b1fe07bc87d6	COMPLETED	6	6	00:03.807		1	2281Mn	2026-10-02T20:24:47	2026-10-02T20:24:53	mjolnircomp01fl	813056
45820228	kegg	cmag_730	74e05862-a704-4e35-b0df-b1fe07bc87d6	COMPLETED	1462	1462	39:50.085		1	8Gn	2026-10-02T20:26:17	2026-10-02T20:50:39	mjolnircomp09fl	601688064
45820229	kegg	cmag_329	74e05862-a704-4e35-b0df-b1fe07bc87d6	COMPLETED	1986	1986	57:52.861		1	8Gn	2026-10-02T20:25:47	2026-10-02T20:58:53	mjolnircomp13fl	875082752
45820230	ncbifam	cmag_247	74e05862-a704-4e35-b0df-b1fe07bc87d6	COMPLETED	858	858	24:54.576		1	16Gn	2026-10-02T20:26:47	2026-10-02T20:41:05	mjolnircomp13fl	366150656
45820231	cazy	cmag_626	74e05862-a704-4e35-b0df-b1fe07bc87d6	COMPLETED	18	18	00:14.079		1	8Gn	2026-10-02T20:25:47	2026-10-02T20:26:05	mjolnircomp01fl	839680
45820232	pfam	cmag_717	74e05862-a704-4e35-b0df-b1fe07bc87d6	COMPLETED	826	826	22:02.454		1	8Gn	2026-10-02T20:25:47	2026-10-02T20:39:33	mjolnircomp08fl	207978496
45820233	cazy	cmag_005	74e05862-a704-4e35-b0df-b1fe07bc87d6	COMPLETED	13	13	00:08.552		1	8Gn	2026-10-02T20:25:47	2026-10-02T20:26:00	mjolnircomp14fl	865280
45820234	pfam	cmag_298	74e05862-a704-4e35-b0df-b1fe07bc87d6	COMPLETED	1332	1332	36:14.980		1	8Gn	2026-10-02T20:26:47	2026-10-02T20:48:59	mjolnircomp09fl	227908608
45820235	tigrfam	cmag_564	74e05862-a704-4e35-b0df-b1fe07bc87d6	COMPLETED	226	226	05:57.848		1	16Gn	2026-10-02T20:27:17	2026-10-02T20:31:03	mjolnircomp12fl	392643584
45820236	kegg	cmag_363	74e05862-a704-4e35-b0df-b1fe07bc87d6	COMPLETED	1390	1390	38:59.402		1	8Gn	2026-10-02T20:26:47	2026-10-02T20:49:57	mjolnircomp09fl	1240875008
45820237	ncbifam	cmag_809	74e05862-a704-4e35-b0df-b1fe07bc87d6	COMPLETED	950	950	27:38.480		1	16Gn	2026-10-02T20:28:48	2026-10-02T20:44:38	mjolnircomp04fl	450975744
45820238	ncbifam	cmag_509	74e05862-a704-4e35-b0df-b1fe07bc87d6	COMPLETED	529	529	14:51.448		1	16Gn	2026-10-02T20:26:47	2026-10-02T20:35:36	mjolnircomp16fl	496368640
45820239	prodigal	cmag_623	74e05862-a704-4e35-b0df-b1fe07bc87d6	COMPLETED	7	7	00:04.702		1	3454Mn	2026-10-02T20:25:47	2026-10-02T20:25:54	mjolnircomp14fl	855040
45820252	tigrfam	cmag_137	74e05862-a704-4e35-b0df-b1fe07bc87d6	COMPLETED	186	186	04:58.496		1	16Gn	2026-10-02T20:27:17	2026-10-02T20:30:23	mjolnircomp13fl	418582528
45820253	cazy	cmag_406	74e05862-a704-4e35-b0df-b1fe07bc87d6	COMPLETED	16	16	00:11.361		1	8Gn	2026-10-02T20:26:17	2026-10-02T20:26:33	mjolnircomp08fl	812032
45820254	cazy	cmag_593	74e05862-a704-4e35-b0df-b1fe07bc87d6	COMPLETED	17	17	00:12.534		1	8Gn	2026-10-02T20:26:17	2026-10-02T20:26:34	mjolnircomp08fl	811008
45820255	cazy	cmag_154	74e05862-a704-4e35-b0df-b1fe07bc87d6	COMPLETED	14	14	00:09.249		1	8Gn	2026-10-02T20:26:17	2026-10-02T20:26:31	mjolnircomp08fl	809984
45820256	cazy	cmag_777	74e05862-a704-4e35-b0df-b1fe07bc87d6	COMPLETED	22	22	00:17.278		1	8Gn	2026-10-02T20:26:17	2026-10-02T20:26:39	mjolnircomp02fl	807936
45820257	merge_gene_annotations	cmag_432	74e05862-a704-4e35-b0df-b1fe07bc87d6	COMPLETED	18	18	00:12.890		1	8Gn	2026-10-02T20:27:17	2026-10-02T20:27:35	mjolnircomp16fl	812032
45820264	tigrfam	cmag_184	74e05862-a704-4e35-b0df-b1fe07bc87d6	COMPLETED	165	165	04:23.187		1	16Gn	2026-10-02T20:27:17	2026-10-02T20:30:02	mjolnircomp03fl	340807680
45820266	pfam	cmag_713	74e05862-a704-4e35-b0df-b1fe07bc87d6	COMPLETED	964	964	25:36.469		1	8Gn	2026-10-02T20:27:17	2026-10-02T20:43:21	mjolnircomp08fl	195936256
45820273	prodigal	cmag_766	74e05862-a704-4e35-b0df-b1fe07bc87d6	COMPLETED	7	7	00:04.255		1	2540Mn	2026-10-02T20:27:17	2026-10-02T20:27:24	mjolnircomp14fl	858112
45820276	prodigal	cmag_081	74e05862-a704-4e35-b0df-b1fe07bc87d6	COMPLETED	8	8	00:04.806		1	2992Mn	2026-10-02T20:27:17	2026-10-02T20:27:25	mjolnircomp14fl	830464
45820278	pfam	cmag_146	74e05862-a704-4e35-b0df-b1fe07bc87d6	COMPLETED	692	692	18:16.867		1	8Gn	2026-10-02T20:27:17	2026-10-02T20:38:49	mjolnircomp08fl	224746496
45820279	cazy	cmag_051	74e05862-a704-4e35-b0df-b1fe07bc87d6	COMPLETED	18	18	00:12.311		1	8Gn	2026-10-02T20:27:17	2026-10-02T20:27:35	mjolnirgpu03fl	825344
45820280	pfam	cmag_145	74e05862-a704-4e35-b0df-b1fe07bc87d6	COMPLETED	660	660	18:01.014		1	8Gn	2026-10-02T20:27:17	2026-10-02T20:38:17	mjolnircomp08fl	179981312
45820281	cazy	cmag_407	74e05862-a704-4e35-b0df-b1fe07bc87d6	COMPLETED	22	22	00:16.458		1	8Gn	2026-10-02T20:27:17	2026-10-02T20:27:39	mjolnirgpu03fl	828416
45820288	ncbifam	cmag_255	74e05862-a704-4e35-b0df-b1fe07bc87d6	COMPLETED	681	681	18:39.338		1	16Gn	2026-10-02T20:27:47	2026-10-02T20:39:08	mjolnircomp02fl	408971264
45820290	kegg	cmag_136	74e05862-a704-4e35-b0df-b1fe07bc87d6	COMPLETED	1723	1723	49:45.961		1	8Gn	2026-10-02T20:27:47	2026-10-02T20:56:30	mjolnircomp16fl	879256576
45820291	ncbifam	cmag_491	74e05862-a704-4e35-b0df-b1fe07bc87d6	COMPLETED	553	553	16:16.086		1	16Gn	2026-10-02T20:28:17	2026-10-02T20:37:30	mjolnircomp03fl	361952256
45820292	pfam	cmag_024	74e05862-a704-4e35-b0df-b1fe07bc87d6	COMPLETED	1087	1087	30:22.639		1	8Gn	2026-10-02T20:27:47	2026-10-02T20:45:54	mjolnircomp09fl	215281664
45820293	pfam	cmag_004	74e05862-a704-4e35-b0df-b1fe07bc87d6	COMPLETED	586	586	15:17.832		1	8Gn	2026-10-02T20:27:47	2026-10-02T20:37:33	mjolnirgpu03fl	258096128
45820294	tigrfam	cmag_008	74e05862-a704-4e35-b0df-b1fe07bc87d6	COMPLETED	168	168	04:32.933		1	16Gn	2026-10-02T20:28:48	2026-10-02T20:31:36	mjolnircomp03fl	436048896
45820295	pfam	cmag_794	74e05862-a704-4e35-b0df-b1fe07bc87d6	COMPLETED	952	952	24:45.377		1	8Gn	2026-10-02T20:27:47	2026-10-02T20:43:39	mjolnircomp08fl	202458112
45820296	pfam	cmag_210	74e05862-a704-4e35-b0df-b1fe07bc87d6	COMPLETED	578	578	16:13.100		1	8Gn	2026-10-02T20:28:17	2026-10-02T20:37:55	mjolnircomp10fl	240091136
45820297	pfam	cmag_692	74e05862-a704-4e35-b0df-b1fe07bc87d6	COMPLETED	482	482	12:33.401		1	8Gn	2026-10-02T20:27:47	2026-10-02T20:35:49	mjolnirgpu03fl	231187456
45820298	kegg	cmag_071	74e05862-a704-4e35-b0df-b1fe07bc87d6	COMPLETED	3287	3287	01:25:13		1	8Gn	2026-10-02T20:28:48	2026-10-02T21:23:35	mjolnircomp02fl	1042394112
45820310	ncbifam	cmag_320	74e05862-a704-4e35-b0df-b1fe07bc87d6	COMPLETED	1429	1429	41:34.521		1	18704Mn	2026-10-02T20:31:18	2026-10-02T20:55:07	mjolnircomp01fl	452201472
45820311	kegg	cmag_661	74e05862-a704-4e35-b0df-b1fe07bc87d6	COMPLETED	1424	1424	38:34.384		1	8Gn	2026-10-02T20:28:48	2026-10-02T20:52:32	mjolnircomp17fl	829182976
45820312	pfam	cmag_763	74e05862-a704-4e35-b0df-b1fe07bc87d6	COMPLETED	669	669	17:45.930		1	8Gn	2026-10-02T20:28:48	2026-10-02T20:39:57	mjolnircomp11fl	180593664
45820313	pfam	cmag_220	74e05862-a704-4e35-b0df-b1fe07bc87d6	COMPLETED	1463	1463	38:44.538		1	8Gn	2026-10-02T20:30:18	2026-10-02T20:54:41	mjolnircomp17fl	211618816
45820314	pfam	cmag_363	74e05862-a704-4e35-b0df-b1fe07bc87d6	COMPLETED	960	960	25:58.554		1	8Gn	2026-10-02T20:28:48	2026-10-02T20:44:48	mjolnircomp17fl	179623936
45820322	pfam	cmag_020	74e05862-a704-4e35-b0df-b1fe07bc87d6	COMPLETED	1260	1260	33:26.478		1	8Gn	2026-10-02T20:29:18	2026-10-02T20:50:18	mjolnircomp17fl	199892992
45820323	tigrfam	cmag_331	74e05862-a704-4e35-b0df-b1fe07bc87d6	COMPLETED	147	147	03:54.223		1	16Gn	2026-10-02T20:30:18	2026-10-02T20:32:45	mjolnircomp03fl	334191616
45820324	prodigal	cmag_471	74e05862-a704-4e35-b0df-b1fe07bc87d6	COMPLETED	6	6	00:03.892		1	2295Mn	2026-10-02T20:29:18	2026-10-02T20:29:24	mjolnircomp03fl	819200
45820328	kegg	cmag_433	74e05862-a704-4e35-b0df-b1fe07bc87d6	COMPLETED	1473	1473	42:20.375		1	8Gn	2026-10-02T20:30:48	2026-10-02T20:55:21	mjolnircomp13fl	787086336
45820329	ncbifam	cmag_620	74e05862-a704-4e35-b0df-b1fe07bc87d6	COMPLETED	300	300	08:11.083		1	16Gn	2026-10-02T20:34:19	2026-10-02T20:39:19	mjolnircomp11fl	347875328
45820330	kegg	cmag_597	74e05862-a704-4e35-b0df-b1fe07bc87d6	COMPLETED	3807	3807	01:52:27		1	10019Mn	2026-10-02T20:31:18	2026-10-02T21:34:45	mjolnircomp12fl	889589760
45820331	kegg	cmag_454	74e05862-a704-4e35-b0df-b1fe07bc87d6	COMPLETED	1338	1338	39:52.953		1	8Gn	2026-10-02T20:31:48	2026-10-02T20:54:06	mjolnircomp04fl	688202752
45820336	tigrfam	cmag_606	74e05862-a704-4e35-b0df-b1fe07bc87d6	COMPLETED	161	161	04:15.159		1	16Gn	2026-10-02T20:31:48	2026-10-02T20:34:29	mjolnirgpu02fl	412336128
45820337	ncbifam	cmag_113	74e05862-a704-4e35-b0df-b1fe07bc87d6	COMPLETED	524	524	15:13.907		1	16Gn	2026-10-02T20:32:18	2026-10-02T20:41:02	mjolnircomp03fl	400779264
45820344	kegg	cmag_159	74e05862-a704-4e35-b0df-b1fe07bc87d6	COMPLETED	3183	3183	01:21:17		1	8Gn	2026-10-02T20:32:48	2026-10-02T21:25:51	mjolnircomp02fl	1016683520
45820345	kegg	cmag_563	74e05862-a704-4e35-b0df-b1fe07bc87d6	COMPLETED	2621	2621	01:07:35		1	8Gn	2026-10-02T20:32:48	2026-10-02T21:16:29	mjolnircomp02fl	764829696
45820346	tigrfam	cmag_509	74e05862-a704-4e35-b0df-b1fe07bc87d6	COMPLETED	137	137	03:36.529		1	16Gn	2026-10-02T20:32:48	2026-10-02T20:35:05	mjolnircomp02fl	332947456
45820353	tigrfam	cmag_657	74e05862-a704-4e35-b0df-b1fe07bc87d6	COMPLETED	83	83	02:08.385		1	16Gn	2026-10-02T20:32:48	2026-10-02T20:34:11	mjolnircomp09fl	423771136
45820355	kegg	cmag_498	74e05862-a704-4e35-b0df-b1fe07bc87d6	COMPLETED	1148	1148	34:10.016		1	8Gn	2026-10-02T20:34:19	2026-10-02T20:53:27	mjolnircomp11fl	1035005952
45820356	ncbifam	cmag_731	74e05862-a704-4e35-b0df-b1fe07bc87d6	COMPLETED	848	848	24:29.623		1	16Gn	2026-10-02T20:33:19	2026-10-02T20:47:27	mjolnircomp12fl	393784320
45820362	tigrfam	cmag_052	74e05862-a704-4e35-b0df-b1fe07bc87d6	COMPLETED	93	93	02:22.715		1	16Gn	2026-10-02T20:32:48	2026-10-02T20:34:21	mjolnircomp11fl	306944000
45820363	tigrfam	cmag_171	74e05862-a704-4e35-b0df-b1fe07bc87d6	COMPLETED	122	122	03:18.656		1	16Gn	2026-10-02T20:33:19	2026-10-02T20:35:21	mjolnircomp03fl	362058752
45820369	kegg	cmag_646	74e05862-a704-4e35-b0df-b1fe07bc87d6	COMPLETED	1022	1022	29:09.978		1	8Gn	2026-10-02T20:34:19	2026-10-02T20:51:21	mjolnircomp08fl	629460992
45820370	kegg	cmag_448	74e05862-a704-4e35-b0df-b1fe07bc87d6	COMPLETED	1369	1369	37:35.183		1	8Gn	2026-10-02T20:34:49	2026-10-02T20:57:38	mjolnircomp09fl	824176640
45820371	tigrfam	cmag_809	74e05862-a704-4e35-b0df-b1fe07bc87d6	COMPLETED	321	321	07:53.739		1	16Gn	2026-10-02T20:34:19	2026-10-02T20:39:40	mjolnirgpu03fl	376034304
45820372	ncbifam	cmag_298	74e05862-a704-4e35-b0df-b1fe07bc87d6	COMPLETED	2003	2003	55:23.222		1	16Gn	2026-10-02T20:34:19	2026-10-02T21:07:42	mjolnircomp05fl	476263424
45820380	prodigal	cmag_122	74e05862-a704-4e35-b0df-b1fe07bc87d6	COMPLETED	8	8	00:05.188		1	3384Mn	2026-10-02T20:33:49	2026-10-02T20:33:57	mjolnircomp08fl	813056
45820381	pfam	cmag_129	74e05862-a704-4e35-b0df-b1fe07bc87d6	COMPLETED	879	879	22:57.028		1	8Gn	2026-10-02T20:33:49	2026-10-02T20:48:28	mjolnircomp08fl	241344512
45820382	tigrfam	cmag_247	74e05862-a704-4e35-b0df-b1fe07bc87d6	COMPLETED	358	358	09:12.856		1	16Gn	2026-10-02T20:34:19	2026-10-02T20:40:17	mjolnircomp06fl	359412736
45820383	pfam	cmag_005	74e05862-a704-4e35-b0df-b1fe07bc87d6	COMPLETED	411	411	11:10.055		1	8Gn	2026-10-02T20:33:49	2026-10-02T20:40:40	mjolnircomp08fl	245248000
45820384	tigrfam	cmag_491	74e05862-a704-4e35-b0df-b1fe07bc87d6	COMPLETED	144	144	03:40.640		1	16Gn	2026-10-02T20:34:19	2026-10-02T20:36:43	mjolnircomp07fl	356485120
45820394	ncbifam	cmag_118	74e05862-a704-4e35-b0df-b1fe07bc87d6	COMPLETED	584	584	16:01.086		1	16Gn	2026-10-02T20:34:49	2026-10-02T20:44:33	mjolnircomp04fl	349151232
45820395	ncbifam	cmag_700	74e05862-a704-4e35-b0df-b1fe07bc87d6	COMPLETED	1456	1456	39:07.789		1	16Gn	2026-10-02T20:34:49	2026-10-02T20:59:05	mjolnircomp05fl	408291328
45820396	prodigal	cmag_420	74e05862-a704-4e35-b0df-b1fe07bc87d6	COMPLETED	13	13	00:09.748		1	3626Mn	2026-10-02T20:34:49	2026-10-02T20:35:02	mjolnircomp08fl	806912
45820397	ncbifam	cmag_717	74e05862-a704-4e35-b0df-b1fe07bc87d6	COMPLETED	634	634	18:18.389		1	16Gn	2026-10-02T20:34:49	2026-10-02T20:45:23	mjolnircomp13fl	410334208
45820398	prodigal	cmag_217	74e05862-a704-4e35-b0df-b1fe07bc87d6	COMPLETED	5	5	00:02.396		1	1195Mn	2026-10-02T20:34:49	2026-10-02T20:34:54	mjolnircomp15fl	837632
45820408	merge_gene_annotations	cmag_258	74e05862-a704-4e35-b0df-b1fe07bc87d6	COMPLETED	19	19	00:14.107		1	8Gn	2026-10-02T20:35:19	2026-10-02T20:35:38	mjolnircomp15fl	852992
45820409	kegg	cmag_722	74e05862-a704-4e35-b0df-b1fe07bc87d6	COMPLETED	2145	2145	56:21.760		1	8Gn	2026-10-02T20:35:19	2026-10-02T21:11:04	mjolnircomp02fl	888160256
45820410	prodigal	cmag_047	74e05862-a704-4e35-b0df-b1fe07bc87d6	COMPLETED	7	7	00:04.036		1	2262Mn	2026-10-02T20:35:19	2026-10-02T20:35:26	mjolnircomp13fl	813056
45820411	prodigal	cmag_634	74e05862-a704-4e35-b0df-b1fe07bc87d6	COMPLETED	6	6	00:02.924		1	1670Mn	2026-10-02T20:35:19	2026-10-02T20:35:25	mjolnircomp13fl	811008
45820412	prodigal	cmag_818	74e05862-a704-4e35-b0df-b1fe07bc87d6	COMPLETED	15	15	00:03.865		1	1382Mn	2026-10-02T20:35:19	2026-10-02T20:35:34	mjolnircomp17fl	1154048
45820413	cazy	cmag_145	74e05862-a704-4e35-b0df-b1fe07bc87d6	COMPLETED	19	19	00:14.185		1	8Gn	2026-10-02T20:35:49	2026-10-02T20:36:08	mjolnirgpu02fl	821248
45820414	pfam	cmag_268	74e05862-a704-4e35-b0df-b1fe07bc87d6	COMPLETED	964	964	24:03.831		1	8Gn	2026-10-02T20:35:19	2026-10-02T20:51:23	mjolnircomp08fl	276413440
45820415	pfam	cmag_116	74e05862-a704-4e35-b0df-b1fe07bc87d6	COMPLETED	337	337	08:55.932		1	8Gn	2026-10-02T20:35:49	2026-10-02T20:41:26	mjolnirgpu02fl	191706112
45820416	pfam	cmag_626	74e05862-a704-4e35-b0df-b1fe07bc87d6	COMPLETED	884	884	23:11.663		1	8Gn	2026-10-02T20:35:19	2026-10-02T20:50:03	mjolnirgpu02fl	249351168
45820417	pfam	cmag_437	74e05862-a704-4e35-b0df-b1fe07bc87d6	COMPLETED	1048	1048	27:43.137		1	8Gn	2026-10-02T20:35:19	2026-10-02T20:52:47	mjolnirgpu02fl	232607744
45820430	prodigal	cmag_786	74e05862-a704-4e35-b0df-b1fe07bc87d6	COMPLETED	7	7	00:04.111		1	2215Mn	2026-10-02T20:35:49	2026-10-02T20:35:56	mjolnirgpu02fl	826368
45820431	cazy	cmag_401	74e05862-a704-4e35-b0df-b1fe07bc87d6	COMPLETED	17	17	00:12.344		1	8Gn	2026-10-02T20:35:49	2026-10-02T20:36:06	mjolnircomp11fl	807936
45820432	kegg	cmag_145	74e05862-a704-4e35-b0df-b1fe07bc87d6	COMPLETED	1131	1131	33:50.347		1	8Gn	2026-10-02T20:35:49	2026-10-02T20:54:40	mjolnircomp12fl	701856768
45820433	cazy	cmag_399	74e05862-a704-4e35-b0df-b1fe07bc87d6	COMPLETED	17	17	00:11.717		1	8Gn	2026-10-02T20:35:49	2026-10-02T20:36:06	mjolnircomp11fl	813056
45820434	tigrfam	cmag_181	74e05862-a704-4e35-b0df-b1fe07bc87d6	COMPLETED	216	216	05:43.060		1	16Gn	2026-10-02T20:35:49	2026-10-02T20:39:25	mjolnircomp04fl	427034624
45820435	tigrfam	cmag_132	74e05862-a704-4e35-b0df-b1fe07bc87d6	COMPLETED	87	87	02:17.806		1	16Gn	2026-10-02T20:35:49	2026-10-02T20:37:16	mjolnircomp03fl	313769984
45820436	cazy	cmag_071	74e05862-a704-4e35-b0df-b1fe07bc87d6	COMPLETED	21	21	00:15.982		1	8Gn	2026-10-02T20:35:49	2026-10-02T20:36:10	mjolnircomp11fl	799744
45820437	cazy	cmag_136	74e05862-a704-4e35-b0df-b1fe07bc87d6	COMPLETED	17	17	00:11.925		1	8Gn	2026-10-02T20:35:49	2026-10-02T20:36:06	mjolnircomp11fl	800768
45820448	tigrfam	cmag_790	74e05862-a704-4e35-b0df-b1fe07bc87d6	COMPLETED	207	207	05:33.484		1	16Gn	2026-10-02T20:36:49	2026-10-02T20:40:16	mjolnircomp01fl	281090048
45820449	kegg	cmag_109	74e05862-a704-4e35-b0df-b1fe07bc87d6	COMPLETED	1190	1190	32:48.485		1	8Gn	2026-10-02T20:36:49	2026-10-02T20:56:39	mjolnircomp07fl	715570176
45820450	ncbifam	cmag_362	74e05862-a704-4e35-b0df-b1fe07bc87d6	COMPLETED	366	366	10:10.306		1	16Gn	2026-10-02T20:36:49	2026-10-02T20:42:55	mjolnircomp16fl	273001472
45820451	prodigal	cmag_799	74e05862-a704-4e35-b0df-b1fe07bc87d6	COMPLETED	7	7	00:04.009		1	2175Mn	2026-10-02T20:36:49	2026-10-02T20:36:56	mjolnircomp13fl	815104
45820452	ncbifam	cmag_024	74e05862-a704-4e35-b0df-b1fe07bc87d6	COMPLETED	1704	1704	46:31.561		1	16Gn	2026-10-02T20:37:20	2026-10-02T21:05:44	mjolnircomp05fl	390192128
45820453	prodigal	cmag_429	74e05862-a704-4e35-b0df-b1fe07bc87d6	COMPLETED	7	7	00:04.131		1	2104Mn	2026-10-02T20:36:49	2026-10-02T20:36:56	mjolnircomp10fl	839680
45820454	ncbifam	cmag_004	74e05862-a704-4e35-b0df-b1fe07bc87d6	COMPLETED	384	384	10:51.687		1	16Gn	2026-10-02T20:36:49	2026-10-02T20:43:13	mjolnircomp07fl	357921792
45820455	ncbifam	cmag_576	74e05862-a704-4e35-b0df-b1fe07bc87d6	COMPLETED	859	859	23:00.569		1	16Gn	2026-10-02T20:36:49	2026-10-02T20:51:08	mjolnircomp02fl	374171648
45820467	cazy	cmag_635	74e05862-a704-4e35-b0df-b1fe07bc87d6	COMPLETED	18	18	00:12.048		1	8Gn	2026-10-02T20:37:20	2026-10-02T20:37:38	mjolnircomp08fl	817152
45820468	ncbifam	cmag_794	74e05862-a704-4e35-b0df-b1fe07bc87d6	COMPLETED	947	947	25:20.825		1	16Gn	2026-10-02T20:37:20	2026-10-02T20:53:07	mjolnircomp02fl	357229568
45820469	ncbifam	cmag_146	74e05862-a704-4e35-b0df-b1fe07bc87d6	COMPLETED	477	477	13:57.530		1	16Gn	2026-10-02T20:37:20	2026-10-02T20:45:17	mjolnircomp03fl	401012736
45820470	kegg	cmag_123	74e05862-a704-4e35-b0df-b1fe07bc87d6	COMPLETED	2313	2313	01:03:58		1	8Gn	2026-10-02T20:37:50	2026-10-02T21:16:23	mjolnircomp03fl	701984768
45820471	pfam	cmag_373	74e05862-a704-4e35-b0df-b1fe07bc87d6	COMPLETED	920	920	25:24.725		1	8Gn	2026-10-02T20:37:20	2026-10-02T20:52:40	mjolnircomp09fl	243950592
45820472	cazy	cmag_272	74e05862-a704-4e35-b0df-b1fe07bc87d6	COMPLETED	16	16	00:09.974		1	8Gn	2026-10-02T20:37:20	2026-10-02T20:37:36	mjolnircomp08fl	807936
45820473	kegg	cmag_399	74e05862-a704-4e35-b0df-b1fe07bc87d6	COMPLETED	1480	1480	42:57.842		1	8Gn	2026-10-02T20:37:50	2026-10-02T21:02:30	mjolnircomp07fl	1168956416
45820487	ncbifam	cmag_036	74e05862-a704-4e35-b0df-b1fe07bc87d6	COMPLETED	1152	1152	33:44.041		1	16Gn	2026-10-02T20:39:50	2026-10-02T20:59:02	mjolnircomp04fl	400859136
45820488	pfam	cmag_155	74e05862-a704-4e35-b0df-b1fe07bc87d6	COMPLETED	700	700	19:00.712		1	8Gn	2026-10-02T20:37:50	2026-10-02T20:49:30	mjolnircomp10fl	239590400
45820489	pfam	cmag_777	74e05862-a704-4e35-b0df-b1fe07bc87d6	COMPLETED	1109	1109	30:27.258		1	8Gn	2026-10-02T20:38:20	2026-10-02T20:56:49	mjolnircomp16fl	224584704
45820490	pfam	cmag_593	74e05862-a704-4e35-b0df-b1fe07bc87d6	COMPLETED	1025	1025	27:52.164		1	8Gn	2026-10-02T20:37:50	2026-10-02T20:54:55	mjolnircomp11fl	263972864
45820491	cazy	cmag_597	74e05862-a704-4e35-b0df-b1fe07bc87d6	COMPLETED	40	40	00:34.996		1	10019Mn	2026-10-02T20:37:50	2026-10-02T20:38:30	mjolnircomp11fl	289951744
45820492	cazy	cmag_109	74e05862-a704-4e35-b0df-b1fe07bc87d6	COMPLETED	16	16	00:10.824		1	8Gn	2026-10-02T20:37:50	2026-10-02T20:38:06	mjolnircomp08fl	817152
45820493	pfam	cmag_553	74e05862-a704-4e35-b0df-b1fe07bc87d6	COMPLETED	767	767	20:10.314		1	8Gn	2026-10-02T20:37:50	2026-10-02T20:50:37	mjolnircomp11fl	265097216
45820494	tigrfam	cmag_294	74e05862-a704-4e35-b0df-b1fe07bc87d6	COMPLETED	88	88	02:18.581		1	16Gn	2026-10-02T20:37:50	2026-10-02T20:39:18	mjolnircomp13fl	273523712
45820504	cazy	cmag_011	74e05862-a704-4e35-b0df-b1fe07bc87d6	COMPLETED	15	15	00:09.792		1	8Gn	2026-10-02T20:38:50	2026-10-02T20:39:05	mjolnircomp08fl	821248
45820505	pfam	cmag_051	74e05862-a704-4e35-b0df-b1fe07bc87d6	COMPLETED	568	568	15:23.689		1	8Gn	2026-10-02T20:38:50	2026-10-02T20:48:18	mjolnircomp02fl	250493952
45820506	prodigal	cmag_439	74e05862-a704-4e35-b0df-b1fe07bc87d6	COMPLETED	12	12	00:08.328		1	2991Mn	2026-10-02T20:38:50	2026-10-02T20:39:02	mjolnircomp13fl	812032
45820514	ncbifam	cmag_322	74e05862-a704-4e35-b0df-b1fe07bc87d6	COMPLETED	628	628	18:11.213		1	16Gn	2026-10-02T20:40:21	2026-10-02T20:50:49	mjolnircomp01fl	364668928
45820515	ncbifam	cmag_220	74e05862-a704-4e35-b0df-b1fe07bc87d6	COMPLETED	1139	1139	29:58.793		1	16Gn	2026-10-02T20:41:51	2026-10-02T21:00:50	mjolnirgpu03fl	343344128
45820516	merge_gene_annotations	cmag_088	74e05862-a704-4e35-b0df-b1fe07bc87d6	COMPLETED	17	17	00:11.860		1	8Gn	2026-10-02T20:39:20	2026-10-02T20:39:37	mjolnircomp13fl	812032
45820517	merge_gene_annotations	cmag_290	74e05862-a704-4e35-b0df-b1fe07bc87d6	COMPLETED	16	16	00:10.740		1	8Gn	2026-10-02T20:39:20	2026-10-02T20:39:36	mjolnircomp13fl	815104
45820518	kegg	cmag_286	74e05862-a704-4e35-b0df-b1fe07bc87d6	COMPLETED	1244	1244	35:36.286		1	8Gn	2026-10-02T20:39:20	2026-10-02T21:00:04	mjolnircomp13fl	964944896
45820519	ncbifam	cmag_763	74e05862-a704-4e35-b0df-b1fe07bc87d6	COMPLETED	472	472	13:40.486		1	16Gn	2026-10-02T20:39:50	2026-10-02T20:47:42	mjolnircomp13fl	418998272
45820520	pfam	cmag_154	74e05862-a704-4e35-b0df-b1fe07bc87d6	COMPLETED	540	540	14:49.362		1	8Gn	2026-10-02T20:39:20	2026-10-02T20:48:20	mjolnircomp10fl	223803392
45820533	ncbifam	cmag_314	74e05862-a704-4e35-b0df-b1fe07bc87d6	COMPLETED	2041	2041	55:11.924		1	20209Mn	2026-10-02T20:41:51	2026-10-02T21:15:52	mjolnirgpu03fl	397661184
45820534	tigrfam	cmag_429	74e05862-a704-4e35-b0df-b1fe07bc87d6	COMPLETED	201	201	04:50.008		1	16Gn	2026-10-02T20:42:21	2026-10-02T20:45:42	mjolnirgpu03fl	372555776
45820535	tigrfam	cmag_620	74e05862-a704-4e35-b0df-b1fe07bc87d6	COMPLETED	119	119	02:57.579		1	16Gn	2026-10-02T20:39:50	2026-10-02T20:41:49	mjolnircomp05fl	317903872
45820536	cazy	cmag_722	74e05862-a704-4e35-b0df-b1fe07bc87d6	COMPLETED	20	20	00:14.851		1	8Gn	2026-10-02T20:39:50	2026-10-02T20:40:10	mjolnircomp11fl	803840
45820537	cazy	cmag_661	74e05862-a704-4e35-b0df-b1fe07bc87d6	COMPLETED	15	15	00:10.014		1	8Gn	2026-10-02T20:39:50	2026-10-02T20:40:05	mjolnircomp11fl	802816
45820538	pfam	cmag_401	74e05862-a704-4e35-b0df-b1fe07bc87d6	COMPLETED	779	779	20:57.053		1	8Gn	2026-10-02T20:39:50	2026-10-02T20:52:49	mjolnircomp02fl	233906176
45820539	pfam	cmag_272	74e05862-a704-4e35-b0df-b1fe07bc87d6	COMPLETED	532	532	14:20.382		1	8Gn	2026-10-02T20:39:50	2026-10-02T20:48:42	mjolnircomp11fl	273227776
45820555	tigrfam	cmag_394	74e05862-a704-4e35-b0df-b1fe07bc87d6	COMPLETED	202	202	04:46.874		1	16Gn	2026-10-02T20:42:21	2026-10-02T20:45:43	mjolnirgpu03fl	416633856
45820556	cazy	cmag_557	74e05862-a704-4e35-b0df-b1fe07bc87d6	COMPLETED	18	18	00:12.787		1	8Gn	2026-10-02T20:40:51	2026-10-02T20:41:09	mjolnircomp11fl	805888
45820557	kegg	cmag_766	74e05862-a704-4e35-b0df-b1fe07bc87d6	COMPLETED	2387	2387	01:00:22		1	8Gn	2026-10-02T20:41:21	2026-10-02T21:21:08	mjolnircomp16fl	647130112
45820558	prodigal	cmag_160	74e05862-a704-4e35-b0df-b1fe07bc87d6	COMPLETED	8	8	00:05.044		1	4091Mn	2026-10-02T20:40:51	2026-10-02T20:40:59	mjolnircomp11fl	796672
45820559	ncbifam	cmag_268	74e05862-a704-4e35-b0df-b1fe07bc87d6	COMPLETED	1551	1551	42:38.449		1	16Gn	2026-10-02T20:42:51	2026-10-02T21:08:42	mjolnircomp05fl	399680512
45820560	tigrfam	cmag_362	74e05862-a704-4e35-b0df-b1fe07bc87d6	COMPLETED	90	90	02:21.684		1	16Gn	2026-10-02T20:41:21	2026-10-02T20:42:51	mjolnircomp13fl	353244160
45820566	kegg	cmag_638	74e05862-a704-4e35-b0df-b1fe07bc87d6	COMPLETED	1903	1903	50:04.214		1	8Gn	2026-10-02T20:42:51	2026-10-02T21:14:34	mjolnircomp03fl	799703040
45820567	kegg	cmag_623	74e05862-a704-4e35-b0df-b1fe07bc87d6	COMPLETED	2515	2515	01:09:14		1	8Gn	2026-10-02T20:42:51	2026-10-02T21:24:46	mjolnircomp03fl	1410884608
45820568	prodigal	cmag_117	74e05862-a704-4e35-b0df-b1fe07bc87d6	COMPLETED	11	11	00:08.881		1	3299Mn	2026-10-02T20:41:21	2026-10-02T20:41:32	mjolnircomp11fl	805888
45820569	ncbifam	cmag_626	74e05862-a704-4e35-b0df-b1fe07bc87d6	COMPLETED	1100	1100	30:09.548		1	16Gn	2026-10-02T20:43:22	2026-10-02T21:01:42	mjolnircomp05fl	383004672
45820570	ncbifam	cmag_116	74e05862-a704-4e35-b0df-b1fe07bc87d6	COMPLETED	408	408	10:58.183		1	16Gn	2026-10-02T20:41:21	2026-10-02T20:48:09	mjolnircomp05fl	261988352
45820571	kegg	cmag_081	74e05862-a704-4e35-b0df-b1fe07bc87d6	COMPLETED	1593	1593	46:48.911		1	8Gn	2026-10-02T20:42:51	2026-10-02T21:09:24	mjolnircomp13fl	961978368
45820572	kegg	cmag_122	74e05862-a704-4e35-b0df-b1fe07bc87d6	COMPLETED	2070	2070	01:00:08		1	8Gn	2026-10-02T20:42:51	2026-10-02T21:17:21	mjolnircomp13fl	886161408
45820573	tigrfam	cmag_717	74e05862-a704-4e35-b0df-b1fe07bc87d6	COMPLETED	167	167	04:25.289		1	16Gn	2026-10-02T20:43:52	2026-10-02T20:46:39	mjolnircomp04fl	350049280
45820581	ncbifam	cmag_390	74e05862-a704-4e35-b0df-b1fe07bc87d6	COMPLETED	625	625	17:04.745		1	16Gn	2026-10-02T20:44:22	2026-10-02T20:54:47	mjolnircomp04fl	326723584
45820582	prodigal	cmag_718	74e05862-a704-4e35-b0df-b1fe07bc87d6	COMPLETED	9	9	00:06.960		1	2062Mn	2026-10-02T20:41:51	2026-10-02T20:42:00	mjolnircomp05fl	823296
45820583	prodigal	cmag_061	74e05862-a704-4e35-b0df-b1fe07bc87d6	COMPLETED	6	6	00:03.097		1	1500Mn	2026-10-02T20:41:51	2026-10-02T20:41:57	mjolnircomp13fl	800768
45820584	prodigal	cmag_313	74e05862-a704-4e35-b0df-b1fe07bc87d6	COMPLETED	6	6	00:03.255		1	2109Mn	2026-10-02T20:41:51	2026-10-02T20:41:57	mjolnircomp11fl	811008
45820596	ncbifam	cmag_031	74e05862-a704-4e35-b0df-b1fe07bc87d6	COMPLETED	477	477	13:38.941		1	16Gn	2026-10-02T20:44:52	2026-10-02T20:52:49	mjolnircomp08fl	400091136
45820597	ncbifam	cmag_553	74e05862-a704-4e35-b0df-b1fe07bc87d6	COMPLETED	649	649	18:09.961		1	16Gn	2026-10-02T20:44:52	2026-10-02T20:55:41	mjolnircomp04fl	344152064
45820598	ncbifam	cmag_363	74e05862-a704-4e35-b0df-b1fe07bc87d6	COMPLETED	563	563	15:45.363		1	16Gn	2026-10-02T20:44:52	2026-10-02T20:54:15	mjolnircomp04fl	407801856
45820599	ncbifam	cmag_188	74e05862-a704-4e35-b0df-b1fe07bc87d6	COMPLETED	357	357	09:33.926		1	16Gn	2026-10-02T20:43:22	2026-10-02T20:49:19	mjolnircomp02fl	474895360
45820612	tigrfam	cmag_727	74e05862-a704-4e35-b0df-b1fe07bc87d6	COMPLETED	185	185	04:53.371		1	16Gn	2026-10-02T20:44:52	2026-10-02T20:47:57	mjolnircomp04fl	328308736
45820613	pfam	cmag_407	74e05862-a704-4e35-b0df-b1fe07bc87d6	COMPLETED	1372	1372	34:51.423		1	8Gn	2026-10-02T20:43:22	2026-10-02T21:06:14	mjolnircomp17fl	186461184
45820614	ncbifam	cmag_279	74e05862-a704-4e35-b0df-b1fe07bc87d6	COMPLETED	703	703	20:12.621		1	16Gn	2026-10-02T20:45:22	2026-10-02T20:57:05	mjolnircomp03fl	431903744
45820615	tigrfam	cmag_731	74e05862-a704-4e35-b0df-b1fe07bc87d6	COMPLETED	215	215	05:45.707		1	16Gn	2026-10-02T20:46:23	2026-10-02T20:49:58	mjolnircomp04fl	402399232
45820623	cazy	cmag_730	74e05862-a704-4e35-b0df-b1fe07bc87d6	COMPLETED	42	42	00:15.257		1	8Gn	2026-10-02T20:43:52	2026-10-02T20:44:34	mjolnircomp17fl	78237696
45820624	prodigal	cmag_265	74e05862-a704-4e35-b0df-b1fe07bc87d6	COMPLETED	5	5	00:02.366		1	1Gn	2026-10-02T20:43:52	2026-10-02T20:43:57	mjolnircomp01fl	814080
45820625	kegg	cmag_799	74e05862-a704-4e35-b0df-b1fe07bc87d6	COMPLETED	2072	2072	51:38.627		1	8Gn	2026-10-02T20:43:52	2026-10-02T21:18:24	mjolnircomp16fl	789061632
45820626	ncbifam	cmag_005	74e05862-a704-4e35-b0df-b1fe07bc87d6	COMPLETED	336	336	09:26.038		1	16Gn	2026-10-02T20:43:52	2026-10-02T20:49:28	mjolnircomp16fl	472442880
45820639	ncbifam	cmag_713	74e05862-a704-4e35-b0df-b1fe07bc87d6	COMPLETED	859	859	24:19.606		1	16Gn	2026-10-02T20:46:53	2026-10-02T21:01:12	mjolnircomp04fl	356143104
45820640	tigrfam	cmag_298	74e05862-a704-4e35-b0df-b1fe07bc87d6	COMPLETED	625	625	15:46.065		1	16Gn	2026-10-02T20:46:53	2026-10-02T20:57:18	mjolnircomp05fl	337292288
45820641	ncbifam	cmag_692	74e05862-a704-4e35-b0df-b1fe07bc87d6	COMPLETED	345	345	09:29.221		1	16Gn	2026-10-02T20:44:52	2026-10-02T20:50:37	mjolnircomp16fl	377510912
45820642	ncbifam	cmag_718	74e05862-a704-4e35-b0df-b1fe07bc87d6	COMPLETED	1052	1052	28:46.830		1	16Gn	2026-10-02T20:46:53	2026-10-02T21:04:25	mjolnircomp06fl	438364160
45820657	prodigal	cmag_660	74e05862-a704-4e35-b0df-b1fe07bc87d6	COMPLETED	5	5	00:02.664		1	1372Mn	2026-10-02T20:45:22	2026-10-02T20:45:27	mjolnircomp01fl	824320
45820658	tigrfam	cmag_634	74e05862-a704-4e35-b0df-b1fe07bc87d6	COMPLETED	104	104	02:41.803		1	16Gn	2026-10-02T20:47:23	2026-10-02T20:49:07	mjolnircomp15fl	398466048
45820659	ncbifam	cmag_373	74e05862-a704-4e35-b0df-b1fe07bc87d6	COMPLETED	1187	1187	31:45.366		1	16Gn	2026-10-02T20:47:23	2026-10-02T21:07:10	mjolnirgpu03fl	320627712
45820660	prodigal	cmag_665	74e05862-a704-4e35-b0df-b1fe07bc87d6	COMPLETED	8	8	00:04.589		1	2868Mn	2026-10-02T20:45:22	2026-10-02T20:45:30	mjolnircomp13fl	812032
45820661	ncbifam	cmag_437	74e05862-a704-4e35-b0df-b1fe07bc87d6	COMPLETED	1041	1041	27:47.875		1	16Gn	2026-10-02T20:47:23	2026-10-02T21:04:44	mjolnirgpu03fl	368688128
45820662	merge_gene_annotations	cmag_784	74e05862-a704-4e35-b0df-b1fe07bc87d6	COMPLETED	27	27	00:21.952		1	8Gn	2026-10-02T20:45:22	2026-10-02T20:45:49	mjolnirgpu01fl	878592
45820663	cazy	cmag_448	74e05862-a704-4e35-b0df-b1fe07bc87d6	COMPLETED	17	17	00:11.940		1	8Gn	2026-10-02T20:45:22	2026-10-02T20:45:39	mjolnircomp16fl	799744
45820676	ncbifam	cmag_769	74e05862-a704-4e35-b0df-b1fe07bc87d6	COMPLETED	844	844	24:06.368		1	16Gn	2026-10-02T20:47:53	2026-10-02T21:01:57	mjolnircomp12fl	376120320
45820677	prodigal	cmag_006	74e05862-a704-4e35-b0df-b1fe07bc87d6	COMPLETED	7	7	00:04.892		1	3226Mn	2026-10-02T20:45:53	2026-10-02T20:46:00	mjolnircomp01fl	827392
45820678	cazy	cmag_213	74e05862-a704-4e35-b0df-b1fe07bc87d6	COMPLETED	15	15	00:10.432		1	8Gn	2026-10-02T20:46:23	2026-10-02T20:46:38	mjolnircomp09fl	814080
45820679	prodigal	cmag_204	74e05862-a704-4e35-b0df-b1fe07bc87d6	COMPLETED	5	5	00:03.195		1	1884Mn	2026-10-02T20:45:53	2026-10-02T20:45:58	mjolnircomp01fl	825344
45820680	cazy	cmag_454	74e05862-a704-4e35-b0df-b1fe07bc87d6	COMPLETED	16	16	00:12.255		1	8Gn	2026-10-02T20:46:23	2026-10-02T20:46:39	mjolnircomp09fl	805888
45820681	pfam	cmag_406	74e05862-a704-4e35-b0df-b1fe07bc87d6	COMPLETED	774	774	20:49.707		1	8Gn	2026-10-02T20:45:53	2026-10-02T20:58:47	mjolnircomp08fl	204114944
45820682	cazy	cmag_498	74e05862-a704-4e35-b0df-b1fe07bc87d6	COMPLETED	16	16	00:11.393		1	8Gn	2026-10-02T20:46:23	2026-10-02T20:46:39	mjolnircomp13fl	813056
45820683	tigrfam	cmag_471	74e05862-a704-4e35-b0df-b1fe07bc87d6	COMPLETED	266	266	06:50.712		1	16Gn	2026-10-02T20:48:23	2026-10-02T20:52:49	mjolnircomp05fl	428013568
45820696	pfam	cmag_655	74e05862-a704-4e35-b0df-b1fe07bc87d6	COMPLETED	430	430	11:40.457		1	8Gn	2026-10-02T20:46:53	2026-10-02T20:54:03	mjolnircomp09fl	214276096
45820697	ncbifam	cmag_181	74e05862-a704-4e35-b0df-b1fe07bc87d6	COMPLETED	1145	1145	30:10.145		1	16Gn	2026-10-02T20:48:54	2026-10-02T21:07:59	mjolnirgpu03fl	391236608
45820698	merge_gene_annotations	cmag_128	74e05862-a704-4e35-b0df-b1fe07bc87d6	COMPLETED	22	22	00:16.172		1	8Gn	2026-10-02T20:49:24	2026-10-02T20:49:46	mjolnircomp15fl	873472
45820699	ncbifam	cmag_204	74e05862-a704-4e35-b0df-b1fe07bc87d6	COMPLETED	614	614	16:52.717		1	16Gn	2026-10-02T20:48:54	2026-10-02T20:59:08	mjolnircomp04fl	339308544
45820711	cazy	cmag_233	74e05862-a704-4e35-b0df-b1fe07bc87d6	COMPLETED	16	16	00:09.896		1	8Gn	2026-10-02T20:47:23	2026-10-02T20:47:39	mjolnircomp08fl	843776
45820712	kegg	cmag_420	74e05862-a704-4e35-b0df-b1fe07bc87d6	COMPLETED	1761	1761	52:50.534		1	8Gn	2026-10-02T20:48:23	2026-10-02T21:17:44	mjolnircomp04fl	829454336
45820713	ncbifam	cmag_665	74e05862-a704-4e35-b0df-b1fe07bc87d6	COMPLETED	642	642	19:09.355		1	16Gn	2026-10-02T20:49:54	2026-10-02T21:00:36	mjolnircomp15fl	466594816
45820714	ncbifam	cmag_294	74e05862-a704-4e35-b0df-b1fe07bc87d6	COMPLETED	402	402	11:07.008		1	16Gn	2026-10-02T20:47:53	2026-10-02T20:54:35	mjolnircomp16fl	326036480
45820715	kegg	cmag_471	74e05862-a704-4e35-b0df-b1fe07bc87d6	COMPLETED	1787	1787	44:27.497		1	8Gn	2026-10-02T20:50:24	2026-10-02T21:20:11	mjolnircomp16fl	758993920
45820726	kegg	cmag_825	74e05862-a704-4e35-b0df-b1fe07bc87d6	COMPLETED	2482	2482	01:05:28		1	8Gn	2026-10-02T20:48:23	2026-10-02T21:29:45	mjolnircomp16fl	871160832
45820727	tigrfam	cmag_692	74e05862-a704-4e35-b0df-b1fe07bc87d6	COMPLETED	87	87	02:14.653		1	16Gn	2026-10-02T20:48:54	2026-10-02T20:50:21	mjolnircomp16fl	327684096
45820728	tigrfam	cmag_700	74e05862-a704-4e35-b0df-b1fe07bc87d6	COMPLETED	183	183	04:51.936		1	16Gn	2026-10-02T20:51:55	2026-10-02T20:54:58	mjolnircomp04fl	323648512
45820729	tigrfam	cmag_210	74e05862-a704-4e35-b0df-b1fe07bc87d6	COMPLETED	145	145	03:37.686		1	16Gn	2026-10-02T20:49:24	2026-10-02T20:51:49	mjolnircomp02fl	301669376
45820739	kegg	cmag_754	74e05862-a704-4e35-b0df-b1fe07bc87d6	COMPLETED	2460	2460	01:04:09		1	8Gn	2026-10-02T20:49:54	2026-10-02T21:30:54	mjolnircomp16fl	825224192
45820740	cazy	cmag_123	74e05862-a704-4e35-b0df-b1fe07bc87d6	COMPLETED	20	20	00:15.347		1	8Gn	2026-10-02T20:48:54	2026-10-02T20:49:14	mjolnircomp08fl	850944
45820741	pfam	cmag_136	74e05862-a704-4e35-b0df-b1fe07bc87d6	COMPLETED	1305	1305	34:52.390		1	8Gn	2026-10-02T20:48:54	2026-10-02T21:10:39	mjolnircomp06fl	278390784
45820742	tigrfam	cmag_024	74e05862-a704-4e35-b0df-b1fe07bc87d6	COMPLETED	231	231	06:14.279		1	16Gn	2026-10-02T20:51:55	2026-10-02T20:55:46	mjolnircomp12fl	395016192
45820743	ncbifam	cmag_155	74e05862-a704-4e35-b0df-b1fe07bc87d6	COMPLETED	1171	1171	33:32.669		1	16Gn	2026-10-02T20:52:55	2026-10-02T21:12:26	mjolnircomp05fl	369120256
45820756	tigrfam	cmag_255	74e05862-a704-4e35-b0df-b1fe07bc87d6	COMPLETED	226	226	05:44.349		1	16Gn	2026-10-02T20:52:55	2026-10-02T20:56:41	mjolnirgpu02fl	366329856
45820757	ncbifam	cmag_051	74e05862-a704-4e35-b0df-b1fe07bc87d6	COMPLETED	549	549	15:17.665		1	16Gn	2026-10-02T20:49:54	2026-10-02T20:59:03	mjolnircomp16fl	317187072
45820758	tigrfam	cmag_146	74e05862-a704-4e35-b0df-b1fe07bc87d6	COMPLETED	138	138	03:39.932		1	16Gn	2026-10-02T20:52:55	2026-10-02T20:55:13	mjolnircomp01fl	337723392
45820759	merge_gene_annotations	cmag_144	74e05862-a704-4e35-b0df-b1fe07bc87d6	COMPLETED	16	16	00:10.638		1	8Gn	2026-10-02T20:49:24	2026-10-02T20:49:40	mjolnircomp13fl	815104
45820775	tigrfam	cmag_824	74e05862-a704-4e35-b0df-b1fe07bc87d6	COMPLETED	248	248	06:36.100		1	16Gn	2026-10-02T20:53:55	2026-10-02T20:58:03	mjolnircomp11fl	349175808
45820776	pfam	cmag_661	74e05862-a704-4e35-b0df-b1fe07bc87d6	COMPLETED	463	463	12:49.069		1	8Gn	2026-10-02T20:49:54	2026-10-02T20:57:37	mjolnircomp13fl	219781120
45820777	kegg	cmag_217	74e05862-a704-4e35-b0df-b1fe07bc87d6	COMPLETED	779	779	22:36.756		1	8Gn	2026-10-02T20:49:54	2026-10-02T21:02:53	mjolnircomp11fl	711304192
45820778	ncbifam	cmag_407	74e05862-a704-4e35-b0df-b1fe07bc87d6	COMPLETED	825	825	23:03.043		1	16Gn	2026-10-02T20:53:55	2026-10-02T21:07:40	mjolnircomp11fl	513897472
45820779	kegg	cmag_634	74e05862-a704-4e35-b0df-b1fe07bc87d6	COMPLETED	1133	1133	31:10.861		1	8Gn	2026-10-02T20:49:54	2026-10-02T21:08:47	mjolnircomp09fl	747357184
45820780	ncbifam	cmag_406	74e05862-a704-4e35-b0df-b1fe07bc87d6	COMPLETED	1255	1255	34:13.556		1	16Gn	2026-10-02T20:54:26	2026-10-02T21:15:21	mjolnircomp05fl	469702656
45820781	prodigal	cmag_371	74e05862-a704-4e35-b0df-b1fe07bc87d6	COMPLETED	7	7	00:04.121		1	2312Mn	2026-10-02T20:49:54	2026-10-02T20:50:01	mjolnircomp10fl	857088
45820791	merge_gene_annotations	cmag_060	74e05862-a704-4e35-b0df-b1fe07bc87d6	COMPLETED	19	19	00:13.751		1	8Gn	2026-10-02T20:54:26	2026-10-02T20:54:45	mjolnircomp04fl	816128
45820792	tigrfam	cmag_763	74e05862-a704-4e35-b0df-b1fe07bc87d6	COMPLETED	134	134	03:31.724		1	16Gn	2026-10-02T20:54:26	2026-10-02T20:56:40	mjolnircomp04fl	406438912
45820793	tigrfam	cmag_220	74e05862-a704-4e35-b0df-b1fe07bc87d6	COMPLETED	225	225	05:59.158		1	16Gn	2026-10-02T20:54:56	2026-10-02T20:58:41	mjolnircomp12fl	399693824
45820794	tigrfam	cmag_373	74e05862-a704-4e35-b0df-b1fe07bc87d6	COMPLETED	200	200	05:19.063		1	16Gn	2026-10-02T20:54:56	2026-10-02T20:58:16	mjolnircomp04fl	365826048
45820795	tigrfam	cmag_363	74e05862-a704-4e35-b0df-b1fe07bc87d6	COMPLETED	142	142	03:43.549		1	16Gn	2026-10-02T20:54:56	2026-10-02T20:57:18	mjolnircomp04fl	299570176
45820796	pfam	cmag_597	74e05862-a704-4e35-b0df-b1fe07bc87d6	COMPLETED	2454	2454	01:05:50		1	10019Mn	2026-10-02T20:52:55	2026-10-02T21:33:49	mjolnircomp02fl	259781632
45820797	pfam	cmag_213	74e05862-a704-4e35-b0df-b1fe07bc87d6	COMPLETED	919	919	24:27.856		1	8Gn	2026-10-02T20:50:54	2026-10-02T21:06:13	mjolnircomp05fl	298540032
45820798	ncbifam	cmag_593	74e05862-a704-4e35-b0df-b1fe07bc87d6	COMPLETED	853	853	23:55.829		1	16Gn	2026-10-02T20:55:26	2026-10-02T21:09:39	mjolnircomp04fl	371865600
45820804	ncbifam	cmag_243	74e05862-a704-4e35-b0df-b1fe07bc87d6	COMPLETED	605	605	17:42.406		1	16Gn	2026-10-02T20:55:26	2026-10-02T21:05:31	mjolnircomp08fl	393491456
45820805	cazy	cmag_286	74e05862-a704-4e35-b0df-b1fe07bc87d6	COMPLETED	19	19	00:14.773		1	8Gn	2026-10-02T20:51:25	2026-10-02T20:51:44	mjolnircomp07fl	827392
45820806	ncbifam	cmag_154	74e05862-a704-4e35-b0df-b1fe07bc87d6	COMPLETED	502	502	13:13.710		1	16Gn	2026-10-02T20:51:25	2026-10-02T20:59:47	mjolnircomp02fl	363081728
45820807	prodigal	cmag_707	74e05862-a704-4e35-b0df-b1fe07bc87d6	COMPLETED	6	6	00:04.457		1	3193Mn	2026-10-02T20:51:25	2026-10-02T20:51:31	mjolnircomp01fl	829440
45820808	prodigal	cmag_099	74e05862-a704-4e35-b0df-b1fe07bc87d6	COMPLETED	6	6	00:03.829		1	3021Mn	2026-10-02T20:51:25	2026-10-02T20:51:31	mjolnircomp07fl	826368
45820809	prodigal	cmag_725	74e05862-a704-4e35-b0df-b1fe07bc87d6	COMPLETED	6	6	00:04.360		1	2776Mn	2026-10-02T20:51:25	2026-10-02T20:51:31	mjolnircomp07fl	829440
45820810	merge_gene_annotations	cmag_811	74e05862-a704-4e35-b0df-b1fe07bc87d6	COMPLETED	19	19	00:13.284		1	8Gn	2026-10-02T20:51:25	2026-10-02T20:51:44	mjolnirgpu02fl	818176
45820811	merge_gene_annotations	cmag_500	74e05862-a704-4e35-b0df-b1fe07bc87d6	COMPLETED	18	18	00:12.846		1	8Gn	2026-10-02T20:55:26	2026-10-02T20:55:44	mjolnircomp08fl	851968
45820823	pfam	cmag_053	74e05862-a704-4e35-b0df-b1fe07bc87d6	COMPLETED	986	986	25:38.440		1	8Gn	2026-10-02T20:51:55	2026-10-02T21:08:21	mjolnirgpu02fl	302011392
45820824	ncbifam	cmag_272	74e05862-a704-4e35-b0df-b1fe07bc87d6	COMPLETED	532	532	14:00.215		1	16Gn	2026-10-02T20:52:25	2026-10-02T21:01:17	mjolnircomp02fl	321028096
45820825	pfam	cmag_454	74e05862-a704-4e35-b0df-b1fe07bc87d6	COMPLETED	688	688	18:00.820		1	8Gn	2026-10-02T20:52:25	2026-10-02T21:03:53	mjolnircomp07fl	199676928
45820826	tigrfam	cmag_265	74e05862-a704-4e35-b0df-b1fe07bc87d6	COMPLETED	71	71	01:51.806		1	16Gn	2026-10-02T20:52:55	2026-10-02T20:54:06	mjolnircomp13fl	364907520
45820827	kegg	cmag_429	74e05862-a704-4e35-b0df-b1fe07bc87d6	COMPLETED	1845	1845	46:29.293		1	8Gn	2026-10-02T20:53:25	2026-10-02T21:24:10	mjolnircomp02fl	741303296
45820828	kegg	cmag_006	74e05862-a704-4e35-b0df-b1fe07bc87d6	COMPLETED	2927	2927	01:13:02		1	8Gn	2026-10-02T20:52:25	2026-10-02T21:41:12	mjolnircomp02fl	738635776
45820829	pfam	cmag_071	74e05862-a704-4e35-b0df-b1fe07bc87d6	COMPLETED	950	950	26:34.532		1	8Gn	2026-10-02T20:52:25	2026-10-02T21:08:15	mjolnircomp13fl	231524352
45820830	kegg	cmag_818	74e05862-a704-4e35-b0df-b1fe07bc87d6	COMPLETED	840	840	24:19.720		1	8Gn	2026-10-02T20:52:25	2026-10-02T21:06:25	mjolnircomp07fl	932387840
45820839	pfam	cmag_188	74e05862-a704-4e35-b0df-b1fe07bc87d6	COMPLETED	350	350	09:43.349		1	8Gn	2026-10-02T20:52:55	2026-10-02T20:58:45	mjolnircomp13fl	220422144
45820840	ncbifam	cmag_081	74e05862-a704-4e35-b0df-b1fe07bc87d6	COMPLETED	755	755	21:25.087		1	16Gn	2026-10-02T20:55:26	2026-10-02T21:08:01	mjolnircomp12fl	443777024
45820851	cazy	cmag_099	74e05862-a704-4e35-b0df-b1fe07bc87d6	COMPLETED	19	19	00:13.155		1	8Gn	2026-10-02T20:53:55	2026-10-02T20:54:14	mjolnircomp10fl	818176
45820852	pfam	cmag_109	74e05862-a704-4e35-b0df-b1fe07bc87d6	COMPLETED	533	533	14:28.919		1	8Gn	2026-10-02T20:53:55	2026-10-02T21:02:48	mjolnircomp09fl	191706112
45820853	cazy	cmag_006	74e05862-a704-4e35-b0df-b1fe07bc87d6	COMPLETED	20	20	00:14.264		1	8Gn	2026-10-02T20:53:55	2026-10-02T20:54:15	mjolnircomp10fl	841728
45820854	pfam	cmag_563	74e05862-a704-4e35-b0df-b1fe07bc87d6	COMPLETED	1066	1066	30:21.303		1	8Gn	2026-10-02T20:53:55	2026-10-02T21:11:41	mjolnirgpu01fl	223412224
45820855	tigrfam	cmag_718	74e05862-a704-4e35-b0df-b1fe07bc87d6	COMPLETED	133	133	03:31.366		1	16Gn	2026-10-02T20:55:26	2026-10-02T20:57:39	mjolnircomp10fl	369771520
45820856	ncbifam	cmag_401	74e05862-a704-4e35-b0df-b1fe07bc87d6	COMPLETED	533	533	14:54.449		1	16Gn	2026-10-02T20:55:26	2026-10-02T21:04:19	mjolnircomp10fl	302494720
45820868	tigrfam	cmag_745	74e05862-a704-4e35-b0df-b1fe07bc87d6	COMPLETED	223	223	05:57.562		1	16Gn	2026-10-02T20:55:56	2026-10-02T20:59:39	mjolnircomp03fl	300840960
45820869	prodigal	cmag_037	74e05862-a704-4e35-b0df-b1fe07bc87d6	COMPLETED	9	9	00:06.146		1	3000Mn	2026-10-02T20:54:26	2026-10-02T20:54:35	mjolnirgpu02fl	833536
45820880	prodigal	cmag_667	74e05862-a704-4e35-b0df-b1fe07bc87d6	COMPLETED	6	6	00:03.867		1	2620Mn	2026-10-02T20:54:56	2026-10-02T20:55:02	mjolnircomp02fl	806912
45820881	cazy	cmag_623	74e05862-a704-4e35-b0df-b1fe07bc87d6	COMPLETED	23	23	00:17.915		1	8Gn	2026-10-02T20:54:56	2026-10-02T20:55:19	mjolnircomp11fl	835584
45820882	tigrfam	cmag_553	74e05862-a704-4e35-b0df-b1fe07bc87d6	COMPLETED	153	153	04:01.556		1	16Gn	2026-10-02T20:55:56	2026-10-02T20:58:29	mjolnircomp12fl	332697600
45820883	tigrfam	cmag_268	74e05862-a704-4e35-b0df-b1fe07bc87d6	COMPLETED	210	210	05:37.153		1	16Gn	2026-10-02T20:55:56	2026-10-02T20:59:26	mjolnircomp03fl	327439360
45820884	tigrfam	cmag_116	74e05862-a704-4e35-b0df-b1fe07bc87d6	COMPLETED	55	55	01:23.815		1	16Gn	2026-10-02T20:54:56	2026-10-02T20:55:51	mjolnircomp09fl	291302400
45820885	tigrfam	cmag_004	74e05862-a704-4e35-b0df-b1fe07bc87d6	COMPLETED	118	118	00:02:59		1	16Gn	2026-10-02T20:54:56	2026-10-02T20:56:54	mjolnircomp16fl	338082816
45820886	ncbifam	cmag_777	74e05862-a704-4e35-b0df-b1fe07bc87d6	COMPLETED	1184	1184	32:50.618		1	16Gn	2026-10-02T20:56:26	2026-10-02T21:16:10	mjolnircomp11fl	390531072
45820887	prodigal	cmag_389	74e05862-a704-4e35-b0df-b1fe07bc87d6	COMPLETED	5	5	00:02.703		1	1352Mn	2026-10-02T20:54:56	2026-10-02T20:55:01	mjolnircomp01fl	825344
45820888	pfam	cmag_423	74e05862-a704-4e35-b0df-b1fe07bc87d6	COMPLETED	838	838	22:29.644		1	8Gn	2026-10-02T20:54:56	2026-10-02T21:08:54	mjolnircomp07fl	241164288
45820889	pfam	cmag_399	74e05862-a704-4e35-b0df-b1fe07bc87d6	COMPLETED	836	836	22:50.491		1	8Gn	2026-10-02T20:54:56	2026-10-02T21:08:52	mjolnircomp09fl	185601024
45820903	pfam	cmag_142	74e05862-a704-4e35-b0df-b1fe07bc87d6	COMPLETED	582	582	15:38.986		1	8Gn	2026-10-02T20:55:56	2026-10-02T21:05:38	mjolnircomp09fl	224946176
45820904	tigrfam	cmag_626	74e05862-a704-4e35-b0df-b1fe07bc87d6	COMPLETED	150	150	03:56.823		1	16Gn	2026-10-02T20:55:56	2026-10-02T20:58:26	mjolnircomp03fl	380224512
45820905	ncbifam	cmag_210	74e05862-a704-4e35-b0df-b1fe07bc87d6	COMPLETED	555	555	15:27.065		1	16Gn	2026-10-02T20:55:56	2026-10-02T21:05:11	mjolnircomp02fl	305948672
45820906	prodigal	cmag_677	74e05862-a704-4e35-b0df-b1fe07bc87d6	COMPLETED	7	7	00:04.211		1	3505Mn	2026-10-02T20:55:56	2026-10-02T20:56:03	mjolnircomp13fl	815104
45820907	cazy	cmag_122	74e05862-a704-4e35-b0df-b1fe07bc87d6	COMPLETED	22	22	00:16.880		1	8Gn	2026-10-02T20:56:26	2026-10-02T20:56:48	mjolnircomp09fl	815104
45820908	tigrfam	cmag_794	74e05862-a704-4e35-b0df-b1fe07bc87d6	COMPLETED	230	230	06:00.799		1	16Gn	2026-10-02T20:55:56	2026-10-02T20:59:46	mjolnirgpu01fl	412807168
45820909	ncbifam	cmag_129	74e05862-a704-4e35-b0df-b1fe07bc87d6	COMPLETED	913	913	25:47.743		1	16Gn	2026-10-02T20:55:56	2026-10-02T21:11:09	mjolnirgpu01fl	440636416
45820910	kegg	cmag_047	74e05862-a704-4e35-b0df-b1fe07bc87d6	COMPLETED	1640	1640	41:51.363		1	8Gn	2026-10-02T20:56:57	2026-10-02T21:24:17	mjolnircomp02fl	766589952
45820911	cazy	cmag_737	74e05862-a704-4e35-b0df-b1fe07bc87d6	COMPLETED	24	24	00:18.485		1	8Gn	2026-10-02T20:55:56	2026-10-02T20:56:20	mjolnircomp09fl	814080
45820912	tigrfam	cmag_576	74e05862-a704-4e35-b0df-b1fe07bc87d6	COMPLETED	200	200	05:12.981		1	16Gn	2026-10-02T20:55:56	2026-10-02T20:59:16	mjolnirgpu01fl	387069952
45820921	pfam	cmag_050	74e05862-a704-4e35-b0df-b1fe07bc87d6	COMPLETED	1304	1304	36:26.748		1	8Gn	2026-10-02T20:56:26	2026-10-02T21:18:10	mjolnircomp12fl	249967616
45820922	ncbifam	cmag_557	74e05862-a704-4e35-b0df-b1fe07bc87d6	COMPLETED	680	680	19:27.528		1	16Gn	2026-10-02T20:56:57	2026-10-02T21:08:17	mjolnircomp04fl	435381248
45820923	prodigal	cmag_018	74e05862-a704-4e35-b0df-b1fe07bc87d6	COMPLETED	6	6	00:02.736		1	1759Mn	2026-10-02T20:56:26	2026-10-02T20:56:32	mjolnircomp13fl	803840
45820924	kegg	cmag_677	74e05862-a704-4e35-b0df-b1fe07bc87d6	COMPLETED	2338	2338	01:05:30		1	8Gn	2026-10-02T20:56:57	2026-10-02T21:35:55	mjolnircomp08fl	871074816
45820925	tigrfam	cmag_651	74e05862-a704-4e35-b0df-b1fe07bc87d6	COMPLETED	208	208	05:24.874		1	16Gn	2026-10-02T20:56:57	2026-10-02T21:00:25	mjolnirgpu01fl	409096192
45820931	pfam	cmag_566	74e05862-a704-4e35-b0df-b1fe07bc87d6	COMPLETED	729	729	20:18.450		1	8Gn	2026-10-02T20:56:57	2026-10-02T21:09:06	mjolnircomp16fl	258745344
45820932	pfam	cmag_722	74e05862-a704-4e35-b0df-b1fe07bc87d6	COMPLETED	890	890	23:31.733		1	8Gn	2026-10-02T20:56:57	2026-10-02T21:11:47	mjolnircomp08fl	189553664
45820933	tigrfam	cmag_437	74e05862-a704-4e35-b0df-b1fe07bc87d6	COMPLETED	211	211	05:31.642		1	16Gn	2026-10-02T20:56:57	2026-10-02T21:00:28	mjolnirgpu01fl	398131200
45820934	tigrfam	cmag_005	74e05862-a704-4e35-b0df-b1fe07bc87d6	COMPLETED	93	93	02:22.045		1	16Gn	2026-10-02T20:56:57	2026-10-02T20:58:30	mjolnircomp16fl	381666304
45820935	kegg	cmag_265	74e05862-a704-4e35-b0df-b1fe07bc87d6	COMPLETED	607	607	16:53.683		1	8Gn	2026-10-02T20:56:57	2026-10-02T21:07:04	mjolnircomp07fl	676793344
45820936	cazy	cmag_367	74e05862-a704-4e35-b0df-b1fe07bc87d6	COMPLETED	15	15	00:10.566		1	8Gn	2026-10-02T20:56:57	2026-10-02T20:57:12	mjolnircomp07fl	808960
45820946	pfam	cmag_150	74e05862-a704-4e35-b0df-b1fe07bc87d6	COMPLETED	520	520	14:39.468		1	8Gn	2026-10-02T20:57:57	2026-10-02T21:06:37	mjolnircomp03fl	192227328
45820947	pfam	cmag_448	74e05862-a704-4e35-b0df-b1fe07bc87d6	COMPLETED	646	646	17:57.401		1	8Gn	2026-10-02T20:57:57	2026-10-02T21:08:43	mjolnircomp04fl	204746752
45820948	tigrfam	cmag_129	74e05862-a704-4e35-b0df-b1fe07bc87d6	COMPLETED	180	180	04:46.679		1	16Gn	2026-10-02T20:57:57	2026-10-02T21:00:57	mjolnircomp10fl	395654144
45820949	cazy	cmag_471	74e05862-a704-4e35-b0df-b1fe07bc87d6	COMPLETED	19	19	00:13.913		1	8Gn	2026-10-02T20:57:57	2026-10-02T20:58:16	mjolnircomp13fl	813056
45820950	cazy	cmag_420	74e05862-a704-4e35-b0df-b1fe07bc87d6	COMPLETED	22	22	00:16.861		1	8Gn	2026-10-02T20:57:57	2026-10-02T20:58:19	mjolnircomp13fl	814080
45820951	cazy	cmag_137	74e05862-a704-4e35-b0df-b1fe07bc87d6	COMPLETED	20	20	00:15.601		1	8Gn	2026-10-02T20:57:57	2026-10-02T20:58:17	mjolnircomp13fl	803840
45820952	prodigal	cmag_273	74e05862-a704-4e35-b0df-b1fe07bc87d6	COMPLETED	8	8	00:04.930		1	2366Mn	2026-10-02T20:57:57	2026-10-02T20:58:05	mjolnirgpu03fl	827392
45820953	pfam	cmag_265	74e05862-a704-4e35-b0df-b1fe07bc87d6	COMPLETED	437	437	11:21.327		1	8Gn	2026-10-02T20:57:57	2026-10-02T21:05:14	mjolnirgpu02fl	215193600
45820966	kegg	cmag_156	74e05862-a704-4e35-b0df-b1fe07bc87d6	COMPLETED	1359	1359	39:45.388		1	8Gn	2026-10-02T20:58:27	2026-10-02T21:21:06	mjolnircomp11fl	783175680
45820967	tigrfam	cmag_334	74e05862-a704-4e35-b0df-b1fe07bc87d6	COMPLETED	173	173	04:06.606		1	16Gn	2026-10-02T20:58:27	2026-10-02T21:01:20	mjolnirgpu03fl	364680192
45820968	cazy	cmag_766	74e05862-a704-4e35-b0df-b1fe07bc87d6	COMPLETED	17	17	00:11.874		1	8Gn	2026-10-02T20:58:27	2026-10-02T20:58:44	mjolnircomp04fl	811008
45820969	ncbifam	cmag_399	74e05862-a704-4e35-b0df-b1fe07bc87d6	COMPLETED	771	771	22:13.522		1	16Gn	2026-10-02T20:58:27	2026-10-02T21:11:18	mjolnircomp03fl	395888640
45820970	ncbifam	cmag_799	74e05862-a704-4e35-b0df-b1fe07bc87d6	COMPLETED	599	599	16:53.330		1	16Gn	2026-10-02T20:58:27	2026-10-02T21:08:26	mjolnircomp03fl	330202112
45820979	ncbifam	cmag_361	74e05862-a704-4e35-b0df-b1fe07bc87d6	COMPLETED	1139	1139	32:23.387		1	16Gn	2026-10-02T20:58:57	2026-10-02T21:17:56	mjolnircomp12fl	383474688
45820980	merge_gene_annotations	cmag_474	74e05862-a704-4e35-b0df-b1fe07bc87d6	COMPLETED	16	16	00:10.890		1	8Gn	2026-10-02T20:58:57	2026-10-02T20:59:13	mjolnircomp12fl	832512
45820981	cazy	cmag_047	74e05862-a704-4e35-b0df-b1fe07bc87d6	COMPLETED	16	16	00:11.682		1	8Gn	2026-10-02T20:58:57	2026-10-02T20:59:13	mjolnircomp09fl	816128
45820982	cazy	cmag_799	74e05862-a704-4e35-b0df-b1fe07bc87d6	COMPLETED	17	17	00:12.296		1	8Gn	2026-10-02T20:58:57	2026-10-02T20:59:14	mjolnircomp09fl	817152
45820983	ncbifam	cmag_471	74e05862-a704-4e35-b0df-b1fe07bc87d6	COMPLETED	591	591	16:39.387		1	16Gn	2026-10-02T20:58:57	2026-10-02T21:08:48	mjolnircomp04fl	372215808
45820984	kegg	cmag_439	74e05862-a704-4e35-b0df-b1fe07bc87d6	COMPLETED	2098	2098	54:01.888		1	8Gn	2026-10-02T20:58:57	2026-10-02T21:33:55	mjolnircomp02fl	812789760
45820985	kegg	cmag_117	74e05862-a704-4e35-b0df-b1fe07bc87d6	COMPLETED	1618	1618	47:16.436		1	8Gn	2026-10-02T20:58:57	2026-10-02T21:25:55	mjolnircomp08fl	740938752
45820986	kegg	cmag_718	74e05862-a704-4e35-b0df-b1fe07bc87d6	COMPLETED	1882	1882	47:36.571		1	8Gn	2026-10-02T20:58:57	2026-10-02T21:30:19	mjolnircomp16fl	831309824
45820987	prodigal	cmag_527	74e05862-a704-4e35-b0df-b1fe07bc87d6	COMPLETED	7	7	00:03.643		1	1612Mn	2026-10-02T20:58:57	2026-10-02T20:59:04	mjolnirgpu02fl	825344
45820988	prodigal	cmag_096	74e05862-a704-4e35-b0df-b1fe07bc87d6	COMPLETED	8	8	00:05.340		1	2589Mn	2026-10-02T20:58:57	2026-10-02T20:59:05	mjolnirgpu02fl	828416
45820989	prodigal	cmag_035	74e05862-a704-4e35-b0df-b1fe07bc87d6	COMPLETED	9	9	00:05.780		1	3571Mn	2026-10-02T20:58:57	2026-10-02T20:59:06	mjolnirgpu02fl	830464
45820998	tigrfam	cmag_747	74e05862-a704-4e35-b0df-b1fe07bc87d6	COMPLETED	98	98	02:27.725		1	16Gn	2026-10-02T20:59:58	2026-10-02T21:01:36	mjolnircomp16fl	350713856
45820999	kegg	cmag_213	74e05862-a704-4e35-b0df-b1fe07bc87d6	COMPLETED	952	952	27:42.985		1	8Gn	2026-10-02T20:59:58	2026-10-02T21:15:50	mjolnircomp07fl	741527552
45821000	pfam	cmag_498	74e05862-a704-4e35-b0df-b1fe07bc87d6	COMPLETED	564	564	15:45.690		1	8Gn	2026-10-02T20:59:58	2026-10-02T21:09:22	mjolnircomp04fl	225215488
45821001	cazy	cmag_081	74e05862-a704-4e35-b0df-b1fe07bc87d6	COMPLETED	32	32	00:26.418		1	8Gn	2026-10-02T20:59:58	2026-10-02T21:00:30	mjolnirgpu01fl	78424064
45821002	merge_gene_annotations	cmag_541	74e05862-a704-4e35-b0df-b1fe07bc87d6	COMPLETED	19	19	00:14.833		1	8Gn	2026-10-02T20:59:58	2026-10-02T21:00:17	mjolnircomp01fl	837632
45821003	merge_gene_annotations	cmag_011	74e05862-a704-4e35-b0df-b1fe07bc87d6	COMPLETED	15	15	00:10.821		1	8Gn	2026-10-02T20:59:58	2026-10-02T21:00:13	mjolnircomp11fl	831488
45821004	merge_gene_annotations	cmag_809	74e05862-a704-4e35-b0df-b1fe07bc87d6	COMPLETED	42	42	00:37.088		1	8Gn	2026-10-02T20:59:58	2026-10-02T21:00:40	mjolnircomp05fl	271025152
45821005	cazy	cmag_478	74e05862-a704-4e35-b0df-b1fe07bc87d6	COMPLETED	18	18	00:13.402		1	8Gn	2026-10-02T20:59:58	2026-10-02T21:00:16	mjolnirgpu03fl	828416
45821006	ncbifam	cmag_055	74e05862-a704-4e35-b0df-b1fe07bc87d6	COMPLETED	290	290	08:14.953		1	16Gn	2026-10-02T20:59:58	2026-10-02T21:04:48	mjolnircomp03fl	297537536
45821007	ncbifam	cmag_175	74e05862-a704-4e35-b0df-b1fe07bc87d6	COMPLETED	1375	1375	38:53.550		1	16Gn	2026-10-02T20:59:58	2026-10-02T21:22:53	mjolnircomp12fl	430670848
45821008	merge_gene_annotations	cmag_654	74e05862-a704-4e35-b0df-b1fe07bc87d6	COMPLETED	17	17	00:10.670		1	8Gn	2026-10-02T20:59:58	2026-10-02T21:00:15	mjolnircomp02fl	797696
45821009	kegg	cmag_373	74e05862-a704-4e35-b0df-b1fe07bc87d6	COMPLETED	2604	2604	01:05:30		1	8Gn	2026-10-02T20:59:58	2026-10-02T21:43:22	mjolnircomp02fl	986496000
45821010	ncbifam	cmag_132	74e05862-a704-4e35-b0df-b1fe07bc87d6	COMPLETED	445	445	12:44.787		1	16Gn	2026-10-02T20:59:58	2026-10-02T21:07:23	mjolnircomp03fl	385401856
45821021	cazy	cmag_527	74e05862-a704-4e35-b0df-b1fe07bc87d6	COMPLETED	14	14	00:09.960		1	8Gn	2026-10-02T21:00:28	2026-10-02T21:00:42	mjolnircomp09fl	826368
45821022	tigrfam	cmag_593	74e05862-a704-4e35-b0df-b1fe07bc87d6	COMPLETED	196	196	05:08.822		1	16Gn	2026-10-02T21:00:28	2026-10-02T21:03:44	mjolnircomp01fl	346444800
45821023	merge_gene_annotations	cmag_003	74e05862-a704-4e35-b0df-b1fe07bc87d6	COMPLETED	16	16	00:10.411		1	8Gn	2026-10-02T21:00:28	2026-10-02T21:00:44	mjolnircomp13fl	801792
45821024	tigrfam	cmag_777	74e05862-a704-4e35-b0df-b1fe07bc87d6	COMPLETED	259	259	06:59.924		1	16Gn	2026-10-02T21:00:28	2026-10-02T21:04:47	mjolnircomp11fl	320048128
45821037	cazy	cmag_307	74e05862-a704-4e35-b0df-b1fe07bc87d6	COMPLETED	14	14	00:09.928		1	8Gn	2026-10-02T21:00:58	2026-10-02T21:01:12	mjolnircomp09fl	825344
45821038	cazy	cmag_818	74e05862-a704-4e35-b0df-b1fe07bc87d6	COMPLETED	14	14	00:10.097		1	8Gn	2026-10-02T21:00:58	2026-10-02T21:01:12	mjolnircomp09fl	828416
45821039	ncbifam	cmag_492	74e05862-a704-4e35-b0df-b1fe07bc87d6	COMPLETED	1196	1196	32:52.514		1	16Gn	2026-10-02T21:00:58	2026-10-02T21:20:54	mjolnircomp05fl	473009152
45821040	tigrfam	cmag_051	74e05862-a704-4e35-b0df-b1fe07bc87d6	COMPLETED	109	109	02:51.194		1	16Gn	2026-10-02T21:00:58	2026-10-02T21:02:47	mjolnircomp10fl	325036032
45821041	tigrfam	cmag_154	74e05862-a704-4e35-b0df-b1fe07bc87d6	COMPLETED	100	100	02:35.825		1	16Gn	2026-10-02T21:00:58	2026-10-02T21:02:38	mjolnircomp15fl	365133824
45821042	tigrfam	cmag_407	74e05862-a704-4e35-b0df-b1fe07bc87d6	COMPLETED	290	290	07:38.974		1	16Gn	2026-10-02T21:00:58	2026-10-02T21:05:48	mjolnirgpu01fl	376744960
45821043	tigrfam	cmag_406	74e05862-a704-4e35-b0df-b1fe07bc87d6	COMPLETED	239	239	05:59.137		1	16Gn	2026-10-02T21:00:58	2026-10-02T21:04:57	mjolnirgpu03fl	340420608
45821044	tigrfam	cmag_155	74e05862-a704-4e35-b0df-b1fe07bc87d6	COMPLETED	226	226	05:43.722		1	16Gn	2026-10-02T21:00:58	2026-10-02T21:04:44	mjolnirgpu03fl	392662016
45821045	pfam	cmag_122	74e05862-a704-4e35-b0df-b1fe07bc87d6	COMPLETED	1217	1217	31:57.791		1	8Gn	2026-10-02T21:00:58	2026-10-02T21:21:15	mjolnirgpu02fl	223006720
45821046	kegg	cmag_160	74e05862-a704-4e35-b0df-b1fe07bc87d6	COMPLETED	2294	2294	01:08:00		1	8Gn	2026-10-02T21:00:58	2026-10-02T21:39:12	mjolnircomp13fl	1033810944
45821047	ncbifam	cmag_136	74e05862-a704-4e35-b0df-b1fe07bc87d6	COMPLETED	687	687	19:14.526		1	16Gn	2026-10-02T21:01:28	2026-10-02T21:12:55	mjolnircomp10fl	387964928
45821061	ncbifam	cmag_547	74e05862-a704-4e35-b0df-b1fe07bc87d6	COMPLETED	624	624	17:22.087		1	16Gn	2026-10-02T21:01:58	2026-10-02T21:12:22	mjolnircomp12fl	396931072
45821062	kegg	cmag_313	74e05862-a704-4e35-b0df-b1fe07bc87d6	COMPLETED	1428	1428	41:21.301		1	8Gn	2026-10-02T21:01:58	2026-10-02T21:25:46	mjolnircomp04fl	983244800
45821063	prodigal	cmag_802	74e05862-a704-4e35-b0df-b1fe07bc87d6	COMPLETED	7	7	00:04.080		1	3324Mn	2026-10-02T21:01:58	2026-10-02T21:02:05	mjolnircomp09fl	816128
45821064	kegg	cmag_061	74e05862-a704-4e35-b0df-b1fe07bc87d6	COMPLETED	1034	1034	29:55.673		1	8Gn	2026-10-02T21:01:58	2026-10-02T21:19:12	mjolnircomp04fl	1265720320
45821065	ncbifam	cmag_597	74e05862-a704-4e35-b0df-b1fe07bc87d6	COMPLETED	1433	1433	42:20.523		1	20039Mn	2026-10-02T21:02:59	2026-10-02T21:26:52	mjolnircomp15fl	481587200
45821066	prodigal	cmag_281	74e05862-a704-4e35-b0df-b1fe07bc87d6	COMPLETED	8	8	00:04.766		1	3419Mn	2026-10-02T21:01:58	2026-10-02T21:02:06	mjolnircomp09fl	827392
45821067	prodigal	cmag_765	74e05862-a704-4e35-b0df-b1fe07bc87d6	COMPLETED	6	6	00:02.787		1	1784Mn	2026-10-02T21:01:58	2026-10-02T21:02:04	mjolnircomp09fl	822272
45821080	cazy	cmag_201	74e05862-a704-4e35-b0df-b1fe07bc87d6	COMPLETED	16	16	00:10.458		1	8Gn	2026-10-02T21:02:28	2026-10-02T21:02:44	mjolnircomp09fl	818176
45821081	pfam	cmag_737	74e05862-a704-4e35-b0df-b1fe07bc87d6	COMPLETED	1326	1326	35:23.200		1	8Gn	2026-10-02T21:02:28	2026-10-02T21:24:34	mjolnircomp02fl	231470080
45821082	cazy	cmag_217	74e05862-a704-4e35-b0df-b1fe07bc87d6	COMPLETED	14	14	00:08.757		1	8Gn	2026-10-02T21:02:28	2026-10-02T21:02:42	mjolnircomp09fl	824320
45821083	cazy	cmag_634	74e05862-a704-4e35-b0df-b1fe07bc87d6	COMPLETED	15	15	00:09.910		1	8Gn	2026-10-02T21:02:28	2026-10-02T21:02:43	mjolnircomp09fl	821248
45821084	pfam	cmag_123	74e05862-a704-4e35-b0df-b1fe07bc87d6	COMPLETED	935	935	26:34.075		1	8Gn	2026-10-02T21:02:28	2026-10-02T21:18:03	mjolnircomp13fl	252264448
45821085	kegg	cmag_204	74e05862-a704-4e35-b0df-b1fe07bc87d6	COMPLETED	1331	1331	37:20.722		1	8Gn	2026-10-02T21:02:28	2026-10-02T21:24:39	mjolnirgpu02fl	1028781056
45821099	merge_gene_annotations	cmag_269	74e05862-a704-4e35-b0df-b1fe07bc87d6	COMPLETED	24	24	00:19.663		1	8Gn	2026-10-02T21:02:59	2026-10-02T21:03:23	mjolnirgpu03fl	824320
45821100	ncbifam	cmag_661	74e05862-a704-4e35-b0df-b1fe07bc87d6	COMPLETED	444	444	12:21.742		1	16Gn	2026-10-02T21:02:59	2026-10-02T21:10:23	mjolnircomp16fl	431699968
45821101	merge_gene_annotations	cmag_778	74e05862-a704-4e35-b0df-b1fe07bc87d6	COMPLETED	22	22	00:15.925		1	8Gn	2026-10-02T21:02:59	2026-10-02T21:03:21	mjolnircomp10fl	830464
45821102	kegg	cmag_070	74e05862-a704-4e35-b0df-b1fe07bc87d6	COMPLETED	866	866	25:15.943		1	8Gn	2026-10-02T21:04:29	2026-10-02T21:18:55	mjolnircomp11fl	728783872
45821103	ncbifam	cmag_109	74e05862-a704-4e35-b0df-b1fe07bc87d6	COMPLETED	612	612	16:17.616		1	16Gn	2026-10-02T21:02:59	2026-10-02T21:13:11	mjolnircomp11fl	362514432
45821104	prodigal	cmag_173	74e05862-a704-4e35-b0df-b1fe07bc87d6	COMPLETED	7	7	00:04.731		1	3319Mn	2026-10-02T21:02:59	2026-10-02T21:03:06	mjolnircomp09fl	835584
45821105	ncbifam	cmag_213	74e05862-a704-4e35-b0df-b1fe07bc87d6	COMPLETED	509	509	14:28.152		1	16Gn	2026-10-02T21:02:59	2026-10-02T21:11:28	mjolnirgpu01fl	437167104
45821113	tigrfam	cmag_303	74e05862-a704-4e35-b0df-b1fe07bc87d6	COMPLETED	79	79	02:03.451		1	16Gn	2026-10-02T21:03:59	2026-10-02T21:05:18	mjolnircomp01fl	402828288
45821114	pfam	cmag_623	74e05862-a704-4e35-b0df-b1fe07bc87d6	COMPLETED	1367	1367	36:34.534		1	8Gn	2026-10-02T21:04:59	2026-10-02T21:27:46	mjolnirgpu03fl	268897280
45821115	cazy	cmag_429	74e05862-a704-4e35-b0df-b1fe07bc87d6	COMPLETED	15	15	00:11.313		1	8Gn	2026-10-02T21:03:59	2026-10-02T21:04:14	mjolnircomp09fl	834560
45821116	prodigal	cmag_224	74e05862-a704-4e35-b0df-b1fe07bc87d6	COMPLETED	6	6	00:03.903		1	2507Mn	2026-10-02T21:03:59	2026-10-02T21:04:05	mjolnircomp09fl	827392
45821123	pfam	cmag_567	74e05862-a704-4e35-b0df-b1fe07bc87d6	COMPLETED	863	863	23:21.731		1	8Gn	2026-10-02T21:05:30	2026-10-02T21:19:53	mjolnircomp11fl	229615616
45821124	tigrfam	cmag_401	74e05862-a704-4e35-b0df-b1fe07bc87d6	COMPLETED	192	192	04:58.087		1	16Gn	2026-10-02T21:04:29	2026-10-02T21:07:41	mjolnirgpu03fl	333614080
45821125	cazy	cmag_509	74e05862-a704-4e35-b0df-b1fe07bc87d6	COMPLETED	15	15	00:11.040		1	8Gn	2026-10-02T21:04:29	2026-10-02T21:04:44	mjolnircomp09fl	823296
45821131	prodigal	cmag_261	74e05862-a704-4e35-b0df-b1fe07bc87d6	COMPLETED	7	7	00:04.034		1	1397Mn	2026-10-02T21:05:30	2026-10-02T21:05:37	mjolnirgpu02fl	825344
45821132	merge_gene_annotations	cmag_774	74e05862-a704-4e35-b0df-b1fe07bc87d6	COMPLETED	21	21	00:15.302		1	8Gn	2026-10-02T21:04:59	2026-10-02T21:05:20	mjolnircomp08fl	836608
45821133	tigrfam	cmag_272	74e05862-a704-4e35-b0df-b1fe07bc87d6	COMPLETED	106	106	02:44.546		1	16Gn	2026-10-02T21:04:59	2026-10-02T21:06:45	mjolnircomp03fl	343993344
45821134	pfam	cmag_286	74e05862-a704-4e35-b0df-b1fe07bc87d6	COMPLETED	629	629	16:14.339		1	8Gn	2026-10-02T21:04:59	2026-10-02T21:15:28	mjolnircomp07fl	190424064
45821135	kegg	cmag_665	74e05862-a704-4e35-b0df-b1fe07bc87d6	COMPLETED	2738	2738	01:21:12		1	8Gn	2026-10-02T21:04:59	2026-10-02T21:50:37	mjolnircomp06fl	964505600
45821136	merge_gene_annotations	cmag_101	74e05862-a704-4e35-b0df-b1fe07bc87d6	COMPLETED	21	21	00:16.107		1	8Gn	2026-10-02T21:04:59	2026-10-02T21:05:20	mjolnircomp11fl	831488
45821137	ncbifam	cmag_071	74e05862-a704-4e35-b0df-b1fe07bc87d6	COMPLETED	1453	1453	39:43.963		1	16Gn	2026-10-02T21:04:59	2026-10-02T21:29:12	mjolnirgpu03fl	441542656
45821138	prodigal	cmag_063	74e05862-a704-4e35-b0df-b1fe07bc87d6	COMPLETED	8	8	00:05.385		1	2466Mn	2026-10-02T21:05:30	2026-10-02T21:05:38	mjolnirgpu02fl	825344
45821139	prodigal	cmag_706	74e05862-a704-4e35-b0df-b1fe07bc87d6	COMPLETED	10	10	00:07.295		1	4201Mn	2026-10-02T21:05:30	2026-10-02T21:05:40	mjolnirgpu02fl	827392
45821147	tigrfam	cmag_081	74e05862-a704-4e35-b0df-b1fe07bc87d6	COMPLETED	375	375	09:19.481		1	16Gn	2026-10-02T21:06:00	2026-10-02T21:12:15	mjolnircomp05fl	398509056
45821148	kegg	cmag_371	74e05862-a704-4e35-b0df-b1fe07bc87d6	COMPLETED	1951	1951	49:55.149		1	8Gn	2026-10-02T21:06:00	2026-10-02T21:38:31	mjolnircomp02fl	1129068544
45821149	ncbifam	cmag_722	74e05862-a704-4e35-b0df-b1fe07bc87d6	COMPLETED	692	692	20:07.131		1	16Gn	2026-10-02T21:06:00	2026-10-02T21:17:32	mjolnircomp08fl	390334464
45821150	kegg	cmag_389	74e05862-a704-4e35-b0df-b1fe07bc87d6	COMPLETED	1702	1702	42:20.082		1	8Gn	2026-10-02T21:06:30	2026-10-02T21:34:52	mjolnircomp02fl	1083121664
45821151	ncbifam	cmag_498	74e05862-a704-4e35-b0df-b1fe07bc87d6	COMPLETED	736	736	21:02.170		1	16Gn	2026-10-02T21:06:00	2026-10-02T21:18:16	mjolnirgpu01fl	410719232
45821152	pfam	cmag_204	74e05862-a704-4e35-b0df-b1fe07bc87d6	COMPLETED	769	769	19:51.098		1	8Gn	2026-10-02T21:06:30	2026-10-02T21:19:19	mjolnircomp02fl	169534464
45821153	merge_gene_annotations	cmag_587	74e05862-a704-4e35-b0df-b1fe07bc87d6	COMPLETED	24	24	00:15.994		1	8Gn	2026-10-02T21:06:00	2026-10-02T21:06:24	mjolnircomp13fl	815104
45821156	tigrfam	cmag_254	74e05862-a704-4e35-b0df-b1fe07bc87d6	COMPLETED	262	262	07:07.186		1	16Gn	2026-10-02T21:06:30	2026-10-02T21:10:52	mjolnircomp01fl	357136384
45821157	merge_gene_annotations	cmag_576	74e05862-a704-4e35-b0df-b1fe07bc87d6	COMPLETED	33	33	00:28.095		1	8Gn	2026-10-02T21:06:30	2026-10-02T21:07:03	mjolnircomp05fl	77749248
45821158	merge_gene_annotations	cmag_087	74e05862-a704-4e35-b0df-b1fe07bc87d6	COMPLETED	21	21	00:16.084		1	8Gn	2026-10-02T21:06:30	2026-10-02T21:06:51	mjolnircomp08fl	835584
45821159	cazy	cmag_117	74e05862-a704-4e35-b0df-b1fe07bc87d6	COMPLETED	23	23	00:17.057		1	8Gn	2026-10-02T21:07:30	2026-10-02T21:07:53	mjolnircomp04fl	809984
45821160	kegg	cmag_706	74e05862-a704-4e35-b0df-b1fe07bc87d6	COMPLETED	2351	2351	01:10:12		1	8Gn	2026-10-02T21:06:30	2026-10-02T21:45:41	mjolnircomp13fl	1054525440
45821161	merge_gene_annotations	cmag_626	74e05862-a704-4e35-b0df-b1fe07bc87d6	COMPLETED	18	18	00:12.945		1	8Gn	2026-10-02T21:07:00	2026-10-02T21:07:18	mjolnircomp08fl	817152
45821162	merge_gene_annotations	cmag_674	74e05862-a704-4e35-b0df-b1fe07bc87d6	COMPLETED	20	20	00:14.944		1	8Gn	2026-10-02T21:07:00	2026-10-02T21:07:20	mjolnircomp03fl	815104
45821168	pfam	cmag_061	74e05862-a704-4e35-b0df-b1fe07bc87d6	COMPLETED	635	635	17:00.148		1	8Gn	2026-10-02T21:07:30	2026-10-02T21:18:05	mjolnirgpu03fl	214910976
45821169	merge_gene_annotations	cmag_272	74e05862-a704-4e35-b0df-b1fe07bc87d6	COMPLETED	16	16	00:11.094		1	8Gn	2026-10-02T21:07:00	2026-10-02T21:07:16	mjolnircomp03fl	816128
45821170	merge_gene_annotations	cmag_692	74e05862-a704-4e35-b0df-b1fe07bc87d6	COMPLETED	16	16	00:10.158		1	8Gn	2026-10-02T21:07:00	2026-10-02T21:07:16	mjolnircomp16fl	805888
45821171	ncbifam	cmag_454	74e05862-a704-4e35-b0df-b1fe07bc87d6	COMPLETED	588	588	16:30.408		1	16Gn	2026-10-02T21:07:00	2026-10-02T21:16:48	mjolnircomp10fl	406966272
45821172	prodigal	cmag_327	74e05862-a704-4e35-b0df-b1fe07bc87d6	COMPLETED	14	14	00:04.018		1	1757Mn	2026-10-02T21:07:00	2026-10-02T21:07:14	mjolnircomp17fl	1157120
45821173	prodigal	cmag_385	74e05862-a704-4e35-b0df-b1fe07bc87d6	COMPLETED	14	14	00:03.741		1	1145Mn	2026-10-02T21:07:00	2026-10-02T21:07:14	mjolnircomp17fl	1165312
45821174	ncbifam	cmag_563	74e05862-a704-4e35-b0df-b1fe07bc87d6	COMPLETED	1693	1693	45:53.430		1	16Gn	2026-10-02T21:07:30	2026-10-02T21:35:43	mjolnircomp05fl	405713920
45821180	tigrfam	cmag_822	74e05862-a704-4e35-b0df-b1fe07bc87d6	COMPLETED	210	210	05:39.655		1	16Gn	2026-10-02T21:08:01	2026-10-02T21:11:31	mjolnircomp11fl	299857920
45821181	merge_gene_annotations	cmag_814	74e05862-a704-4e35-b0df-b1fe07bc87d6	COMPLETED	20	20	00:15.065		1	8Gn	2026-10-02T21:08:01	2026-10-02T21:08:21	mjolnircomp11fl	840704
45821182	merge_gene_annotations	cmag_057	74e05862-a704-4e35-b0df-b1fe07bc87d6	COMPLETED	20	20	00:15.982		1	8Gn	2026-10-02T21:08:01	2026-10-02T21:08:21	mjolnirgpu03fl	826368
45821183	merge_gene_annotations	cmag_240	74e05862-a704-4e35-b0df-b1fe07bc87d6	COMPLETED	22	22	00:18.105		1	8Gn	2026-10-02T21:08:01	2026-10-02T21:08:23	mjolnirgpu03fl	824320
45821184	merge_gene_annotations	cmag_598	74e05862-a704-4e35-b0df-b1fe07bc87d6	COMPLETED	36	36	00:31.686		1	8Gn	2026-10-02T21:08:01	2026-10-02T21:08:37	mjolnircomp05fl	270715904
45821185	kegg	cmag_549	74e05862-a704-4e35-b0df-b1fe07bc87d6	COMPLETED	1208	1208	34:16.463		1	16Gn	2026-10-02T21:08:01	2026-10-02T21:28:09	mjolnircomp04fl	965457920
45821186	cazy	cmag_184	74e05862-a704-4e35-b0df-b1fe07bc87d6	COMPLETED	16	16	00:12.563		1	8Gn	2026-10-02T21:08:01	2026-10-02T21:08:17	mjolnircomp03fl	816128
45821187	tigrfam	cmag_786	74e05862-a704-4e35-b0df-b1fe07bc87d6	COMPLETED	168	168	04:25.065		1	16Gn	2026-10-02T21:08:01	2026-10-02T21:10:49	mjolnircomp04fl	403705856
45821188	tigrfam	cmag_660	74e05862-a704-4e35-b0df-b1fe07bc87d6	COMPLETED	115	115	02:56.930		1	16Gn	2026-10-02T21:08:01	2026-10-02T21:09:56	mjolnircomp02fl	320056320
45821189	tigrfam	cmag_080	74e05862-a704-4e35-b0df-b1fe07bc87d6	COMPLETED	230	230	06:19.073		1	16Gn	2026-10-02T21:08:31	2026-10-02T21:12:21	mjolnircomp11fl	406053888
45821195	cazy	cmag_216	74e05862-a704-4e35-b0df-b1fe07bc87d6	COMPLETED	18	18	00:13.837		1	8Gn	2026-10-02T21:08:31	2026-10-02T21:08:49	mjolnircomp07fl	806912
45821196	cazy	cmag_265	74e05862-a704-4e35-b0df-b1fe07bc87d6	COMPLETED	12	12	00:08.419		1	8Gn	2026-10-02T21:09:01	2026-10-02T21:09:13	mjolnircomp03fl	803840
45821197	pfam	cmag_766	74e05862-a704-4e35-b0df-b1fe07bc87d6	COMPLETED	1068	1068	26:32.490		1	8Gn	2026-10-02T21:08:31	2026-10-02T21:26:19	mjolnirgpu02fl	285486080
45821198	cazy	cmag_439	74e05862-a704-4e35-b0df-b1fe07bc87d6	COMPLETED	38	38	00:32.629		1	8Gn	2026-10-02T21:09:01	2026-10-02T21:09:39	mjolnircomp05fl	278053888
45821199	pfam	cmag_081	74e05862-a704-4e35-b0df-b1fe07bc87d6	COMPLETED	861	861	24:24.619		1	8Gn	2026-10-02T21:08:31	2026-10-02T21:22:52	mjolnircomp04fl	231581696
45821200	tigrfam	cmag_135	74e05862-a704-4e35-b0df-b1fe07bc87d6	COMPLETED	155	155	04:07.677		1	16Gn	2026-10-02T21:08:31	2026-10-02T21:11:06	mjolnircomp12fl	358160384
45821208	merge_gene_annotations	cmag_734	74e05862-a704-4e35-b0df-b1fe07bc87d6	COMPLETED	20	20	00:14.513		1	8Gn	2026-10-02T21:09:01	2026-10-02T21:09:21	mjolnircomp08fl	837632
45821209	ncbifam	cmag_649	74e05862-a704-4e35-b0df-b1fe07bc87d6	COMPLETED	328	328	09:03.445		1	16Gn	2026-10-02T21:09:01	2026-10-02T21:14:29	mjolnircomp10fl	391469056
45821210	prodigal	cmag_030	74e05862-a704-4e35-b0df-b1fe07bc87d6	COMPLETED	7	7	00:04.567		1	2859Mn	2026-10-02T21:09:01	2026-10-02T21:09:08	mjolnircomp07fl	815104
45821211	prodigal	cmag_483	74e05862-a704-4e35-b0df-b1fe07bc87d6	COMPLETED	7	7	00:04.766		1	3269Mn	2026-10-02T21:09:01	2026-10-02T21:09:08	mjolnircomp07fl	821248
45821212	ncbifam	cmag_448	74e05862-a704-4e35-b0df-b1fe07bc87d6	COMPLETED	599	599	16:05.940		1	16Gn	2026-10-02T21:09:01	2026-10-02T21:19:00	mjolnircomp09fl	447126528
45821213	kegg	cmag_707	74e05862-a704-4e35-b0df-b1fe07bc87d6	COMPLETED	2177	2177	01:02:07		1	8Gn	2026-10-02T21:09:01	2026-10-02T21:45:18	mjolnircomp09fl	1200276480
45821214	cazy	cmag_677	74e05862-a704-4e35-b0df-b1fe07bc87d6	COMPLETED	35	35	00:29.911		1	8Gn	2026-10-02T21:09:01	2026-10-02T21:09:36	mjolnircomp06fl	78748672
45821215	kegg	cmag_099	74e05862-a704-4e35-b0df-b1fe07bc87d6	COMPLETED	2176	2176	01:03:05		1	8Gn	2026-10-02T21:09:01	2026-10-02T21:45:17	mjolnircomp04fl	1016242176
45821216	pfam	cmag_006	74e05862-a704-4e35-b0df-b1fe07bc87d6	COMPLETED	972	972	27:23.532		1	8Gn	2026-10-02T21:09:01	2026-10-02T21:25:13	mjolnircomp03fl	286698496
45821217	kegg	cmag_725	74e05862-a704-4e35-b0df-b1fe07bc87d6	COMPLETED	1894	1894	54:07.952		1	8Gn	2026-10-02T21:09:01	2026-10-02T21:40:35	mjolnircomp04fl	711231488
45821218	merge_gene_annotations	cmag_154	74e05862-a704-4e35-b0df-b1fe07bc87d6	COMPLETED	15	15	00:11.618		1	8Gn	2026-10-02T21:09:01	2026-10-02T21:09:16	mjolnircomp03fl	816128
45821219	prodigal	cmag_451	74e05862-a704-4e35-b0df-b1fe07bc87d6	COMPLETED	14	14	00:11.237		1	3546Mn	2026-10-02T21:09:01	2026-10-02T21:09:15	mjolnircomp06fl	828416
45821220	prodigal	cmag_644	74e05862-a704-4e35-b0df-b1fe07bc87d6	COMPLETED	11	11	00:08.258		1	2531Mn	2026-10-02T21:09:01	2026-10-02T21:09:12	mjolnircomp06fl	828416
45821221	ncbifam	cmag_737	74e05862-a704-4e35-b0df-b1fe07bc87d6	COMPLETED	2050	2050	56:59.633		1	16Gn	2026-10-02T21:09:01	2026-10-02T21:43:11	mjolnircomp05fl	570377216
45821231	tigrfam	cmag_134	74e05862-a704-4e35-b0df-b1fe07bc87d6	COMPLETED	163	163	04:20.099		1	16Gn	2026-10-02T21:10:01	2026-10-02T21:12:44	mjolnircomp10fl	433758208
45821232	ncbifam	cmag_786	74e05862-a704-4e35-b0df-b1fe07bc87d6	COMPLETED	613	613	17:16.527		1	16Gn	2026-10-02T21:10:01	2026-10-02T21:20:14	mjolnircomp01fl	433707008
45821233	ncbifam	cmag_660	74e05862-a704-4e35-b0df-b1fe07bc87d6	COMPLETED	520	520	13:48.614		1	16Gn	2026-10-02T21:10:01	2026-10-02T21:18:41	mjolnirgpu03fl	470761472
45821234	merge_gene_annotations	cmag_146	74e05862-a704-4e35-b0df-b1fe07bc87d6	COMPLETED	18	18	00:13.498		1	8Gn	2026-10-02T21:10:01	2026-10-02T21:10:19	mjolnircomp01fl	824320
45821235	pfam	cmag_660	74e05862-a704-4e35-b0df-b1fe07bc87d6	COMPLETED	449	449	12:45.081		1	8Gn	2026-10-02T21:10:01	2026-10-02T21:17:30	mjolnircomp04fl	210625536
45821236	tigrfam	cmag_725	74e05862-a704-4e35-b0df-b1fe07bc87d6	COMPLETED	184	184	04:52.342		1	16Gn	2026-10-02T21:10:01	2026-10-02T21:13:05	mjolnircomp01fl	410658816
45821237	pfam	cmag_261	74e05862-a704-4e35-b0df-b1fe07bc87d6	COMPLETED	746	746	20:20.444		1	8Gn	2026-10-02T21:10:01	2026-10-02T21:22:27	mjolnircomp05fl	320094208
45821238	pfam	cmag_080	74e05862-a704-4e35-b0df-b1fe07bc87d6	COMPLETED	1359	1359	35:46.446		1	8Gn	2026-10-02T21:10:01	2026-10-02T21:32:40	mjolnircomp02fl	271245312
45821239	tigrfam	cmag_096	74e05862-a704-4e35-b0df-b1fe07bc87d6	COMPLETED	227	227	05:30.993		1	16Gn	2026-10-02T21:10:01	2026-10-02T21:13:48	mjolnirgpu03fl	390107136
45821240	pfam	cmag_718	74e05862-a704-4e35-b0df-b1fe07bc87d6	COMPLETED	632	632	17:27.172		1	8Gn	2026-10-02T21:10:01	2026-10-02T21:20:33	mjolnircomp03fl	205987840
45821241	merge_gene_annotations	cmag_401	74e05862-a704-4e35-b0df-b1fe07bc87d6	COMPLETED	20	20	00:14.680		1	8Gn	2026-10-02T21:10:01	2026-10-02T21:10:21	mjolnirgpu03fl	820224
45821242	merge_gene_annotations	cmag_179	74e05862-a704-4e35-b0df-b1fe07bc87d6	COMPLETED	23	23	00:17.966		1	8Gn	2026-10-02T21:10:01	2026-10-02T21:10:24	mjolnirgpu03fl	819200
45821249	cazy	cmag_270	74e05862-a704-4e35-b0df-b1fe07bc87d6	COMPLETED	16	16	00:10.841		1	8Gn	2026-10-02T21:10:31	2026-10-02T21:10:47	mjolnircomp07fl	818176
45821250	tigrfam	cmag_071	74e05862-a704-4e35-b0df-b1fe07bc87d6	COMPLETED	245	245	06:33.493		1	16Gn	2026-10-02T21:11:01	2026-10-02T21:15:06	mjolnircomp01fl	411765760
45821251	prodigal	cmag_791	74e05862-a704-4e35-b0df-b1fe07bc87d6	COMPLETED	8	8	00:05.204		1	4088Mn	2026-10-02T21:10:31	2026-10-02T21:10:39	mjolnircomp01fl	831488
45821252	prodigal	cmag_214	74e05862-a704-4e35-b0df-b1fe07bc87d6	COMPLETED	7	7	00:04.256		1	2445Mn	2026-10-02T21:10:31	2026-10-02T21:10:38	mjolnircomp07fl	820224
45821262	pfam	cmag_279	74e05862-a704-4e35-b0df-b1fe07bc87d6	COMPLETED	1001	1001	26:13.147		1	8Gn	2026-10-02T21:11:01	2026-10-02T21:27:42	mjolnircomp02fl	246547456
45821263	cazy	cmag_718	74e05862-a704-4e35-b0df-b1fe07bc87d6	COMPLETED	16	16	00:11.765		1	8Gn	2026-10-02T21:11:01	2026-10-02T21:11:17	mjolnircomp07fl	816128
45821264	pfam	cmag_047	74e05862-a704-4e35-b0df-b1fe07bc87d6	COMPLETED	561	561	15:10.342		1	8Gn	2026-10-02T21:11:01	2026-10-02T21:20:22	mjolnircomp14fl	253054976
45821265	tigrfam	cmag_136	74e05862-a704-4e35-b0df-b1fe07bc87d6	COMPLETED	187	187	04:54.547		1	16Gn	2026-10-02T21:11:01	2026-10-02T21:14:08	mjolnircomp04fl	381630464
45821266	tigrfam	cmag_399	74e05862-a704-4e35-b0df-b1fe07bc87d6	COMPLETED	191	191	04:49.176		1	16Gn	2026-10-02T21:11:01	2026-10-02T21:14:12	mjolnircomp12fl	389911552
45821267	cazy	cmag_225	74e05862-a704-4e35-b0df-b1fe07bc87d6	COMPLETED	15	15	00:10.948		1	8Gn	2026-10-02T21:11:01	2026-10-02T21:11:16	mjolnircomp07fl	823296
45821268	pfam	cmag_471	74e05862-a704-4e35-b0df-b1fe07bc87d6	COMPLETED	634	634	16:40.937		1	8Gn	2026-10-02T21:11:01	2026-10-02T21:21:35	mjolnircomp14fl	276759552
45821269	pfam	cmag_420	74e05862-a704-4e35-b0df-b1fe07bc87d6	COMPLETED	859	859	23:56.498		1	8Gn	2026-10-02T21:11:01	2026-10-02T21:25:20	mjolnircomp01fl	217892864
45821270	pfam	cmag_799	74e05862-a704-4e35-b0df-b1fe07bc87d6	COMPLETED	732	732	19:24.720		1	8Gn	2026-10-02T21:11:01	2026-10-02T21:23:13	mjolnircomp14fl	272072704
45821271	cazy	cmag_160	74e05862-a704-4e35-b0df-b1fe07bc87d6	COMPLETED	27	27	00:16.824		1	8Gn	2026-10-02T21:11:01	2026-10-02T21:11:28	mjolnircomp14fl	847872
45821281	pfam	cmag_665	74e05862-a704-4e35-b0df-b1fe07bc87d6	COMPLETED	817	817	23:18.651		1	8Gn	2026-10-02T21:12:02	2026-10-02T21:25:39	mjolnircomp13fl	262454272
45821282	merge_gene_annotations	cmag_437	74e05862-a704-4e35-b0df-b1fe07bc87d6	COMPLETED	21	21	00:13.739		1	8Gn	2026-10-02T21:12:02	2026-10-02T21:12:23	mjolnircomp08fl	837632
45821283	kegg	cmag_644	74e05862-a704-4e35-b0df-b1fe07bc87d6	COMPLETED	1740	1740	48:09.144		1	8Gn	2026-10-02T21:12:02	2026-10-02T21:41:02	mjolnirgpu03fl	892340224
45821284	kegg	cmag_018	74e05862-a704-4e35-b0df-b1fe07bc87d6	COMPLETED	1165	1165	33:50.255		1	8Gn	2026-10-02T21:12:02	2026-10-02T21:31:27	mjolnircomp12fl	972803072
45821285	cazy	cmag_163	74e05862-a704-4e35-b0df-b1fe07bc87d6	COMPLETED	15	15	00:09.114		1	8Gn	2026-10-02T21:12:02	2026-10-02T21:12:17	mjolnircomp12fl	808960
45821286	kegg	cmag_451	74e05862-a704-4e35-b0df-b1fe07bc87d6	COMPLETED	1830	1830	54:32.592		1	8Gn	2026-10-02T21:12:02	2026-10-02T21:42:32	mjolnircomp13fl	802577408
45821287	prodigal	cmag_520	74e05862-a704-4e35-b0df-b1fe07bc87d6	COMPLETED	6	6	00:02.351		1	1Gn	2026-10-02T21:12:02	2026-10-02T21:12:08	mjolnircomp12fl	818176
45821288	prodigal	cmag_372	74e05862-a704-4e35-b0df-b1fe07bc87d6	COMPLETED	6	6	00:04.068		1	2492Mn	2026-10-02T21:12:02	2026-10-02T21:12:08	mjolnircomp01fl	828416
45821289	ncbifam	cmag_123	74e05862-a704-4e35-b0df-b1fe07bc87d6	COMPLETED	850	850	23:54.423		1	16Gn	2026-10-02T21:12:32	2026-10-02T21:26:42	mjolnircomp09fl	418695168
45821293	prodigal	cmag_100	74e05862-a704-4e35-b0df-b1fe07bc87d6	COMPLETED	7	7	00:04.761		1	2904Mn	2026-10-02T21:12:32	2026-10-02T21:12:39	mjolnircomp12fl	817152
45821294	ncbifam	cmag_791	74e05862-a704-4e35-b0df-b1fe07bc87d6	COMPLETED	1114	1114	31:44.188		1	16Gn	2026-10-02T21:12:32	2026-10-02T21:31:06	mjolnircomp11fl	382203904
45821295	prodigal	cmag_339	74e05862-a704-4e35-b0df-b1fe07bc87d6	COMPLETED	7	7	00:04.951		1	3149Mn	2026-10-02T21:12:32	2026-10-02T21:12:39	mjolnircomp12fl	824320
45821296	kegg	cmag_273	74e05862-a704-4e35-b0df-b1fe07bc87d6	COMPLETED	2094	2094	57:02.730		1	8Gn	2026-10-02T21:12:32	2026-10-02T21:47:26	mjolnircomp03fl	859950080
45821304	cazy	cmag_035	74e05862-a704-4e35-b0df-b1fe07bc87d6	COMPLETED	39	39	00:23.068		1	8Gn	2026-10-02T21:13:02	2026-10-02T21:13:41	mjolnirgpu02fl	272357376
45821312	merge_gene_annotations	cmag_155	74e05862-a704-4e35-b0df-b1fe07bc87d6	COMPLETED	19	19	00:13.543		1	8Gn	2026-10-02T21:13:02	2026-10-02T21:13:21	mjolnircomp08fl	813056
45821313	pfam	cmag_786	74e05862-a704-4e35-b0df-b1fe07bc87d6	COMPLETED	759	759	20:33.101		1	8Gn	2026-10-02T21:13:02	2026-10-02T21:25:41	mjolnircomp14fl	225492992
45821314	pfam	cmag_791	74e05862-a704-4e35-b0df-b1fe07bc87d6	COMPLETED	1305	1305	34:41.426		1	8Gn	2026-10-02T21:13:02	2026-10-02T21:34:47	mjolnirgpu02fl	300370944
45821315	merge_gene_annotations	cmag_135	74e05862-a704-4e35-b0df-b1fe07bc87d6	COMPLETED	18	18	00:12.394		1	8Gn	2026-10-02T21:13:02	2026-10-02T21:13:20	mjolnircomp10fl	840704
45821316	merge_gene_annotations	cmag_132	74e05862-a704-4e35-b0df-b1fe07bc87d6	COMPLETED	16	16	00:10.747		1	8Gn	2026-10-02T21:13:02	2026-10-02T21:13:18	mjolnircomp10fl	852992
45821317	tigrfam	cmag_143	74e05862-a704-4e35-b0df-b1fe07bc87d6	COMPLETED	173	173	04:32.068		1	16Gn	2026-10-02T21:13:02	2026-10-02T21:15:55	mjolnircomp10fl	341026816
45821318	tigrfam	cmag_791	74e05862-a704-4e35-b0df-b1fe07bc87d6	COMPLETED	282	282	07:31.711		1	16Gn	2026-10-02T21:13:32	2026-10-02T21:18:14	mjolnircomp11fl	367101952
45821319	merge_gene_annotations	cmag_347	74e05862-a704-4e35-b0df-b1fe07bc87d6	COMPLETED	18	18	00:13.814		1	8Gn	2026-10-02T21:13:02	2026-10-02T21:13:20	mjolnircomp12fl	806912
45821322	cazy	cmag_765	74e05862-a704-4e35-b0df-b1fe07bc87d6	COMPLETED	14	14	00:10.318		1	8Gn	2026-10-02T21:14:02	2026-10-02T21:14:16	mjolnircomp01fl	831488
45821334	ncbifam	cmag_049	74e05862-a704-4e35-b0df-b1fe07bc87d6	COMPLETED	649	649	18:15.594		1	16Gn	2026-10-02T21:14:02	2026-10-02T21:24:51	mjolnircomp10fl	384412672
45821335	cazy	cmag_204	74e05862-a704-4e35-b0df-b1fe07bc87d6	COMPLETED	16	16	00:10.613		1	8Gn	2026-10-02T21:14:02	2026-10-02T21:14:18	mjolnircomp07fl	821248
45821336	tigrfam	cmag_597	74e05862-a704-4e35-b0df-b1fe07bc87d6	COMPLETED	367	367	09:50.661		1	20039Mn	2026-10-02T21:19:03	2026-10-02T21:25:10	mjolnircomp09fl	365203456
45821337	cazy	cmag_665	74e05862-a704-4e35-b0df-b1fe07bc87d6	COMPLETED	20	20	00:14.806		1	8Gn	2026-10-02T21:14:02	2026-10-02T21:14:22	mjolnircomp07fl	815104
45821338	pfam	cmag_818	74e05862-a704-4e35-b0df-b1fe07bc87d6	COMPLETED	472	472	12:37.942		1	8Gn	2026-10-02T21:14:02	2026-10-02T21:21:54	mjolnircomp02fl	203969536
45821339	tigrfam	cmag_213	74e05862-a704-4e35-b0df-b1fe07bc87d6	COMPLETED	126	126	03:09.880		1	16Gn	2026-10-02T21:14:02	2026-10-02T21:16:08	mjolnircomp12fl	310728704
45821343	pfam	cmag_360	74e05862-a704-4e35-b0df-b1fe07bc87d6	COMPLETED	1162	1162	30:07.582		1	8Gn	2026-10-02T21:14:32	2026-10-02T21:33:54	mjolnirgpu03fl	320892928
45821344	kegg	cmag_173	74e05862-a704-4e35-b0df-b1fe07bc87d6	COMPLETED	1717	1717	51:33.983		1	8Gn	2026-10-02T21:14:32	2026-10-02T21:43:09	mjolnircomp10fl	822222848
45821345	pfam	cmag_217	74e05862-a704-4e35-b0df-b1fe07bc87d6	COMPLETED	488	488	13:21.055		1	8Gn	2026-10-02T21:14:32	2026-10-02T21:22:40	mjolnircomp04fl	201652224
45821346	merge_gene_annotations	cmag_720	74e05862-a704-4e35-b0df-b1fe07bc87d6	COMPLETED	17	17	00:12.379		1	8Gn	2026-10-02T21:14:32	2026-10-02T21:14:49	mjolnircomp12fl	825344
45821351	ncbifam	cmag_142	74e05862-a704-4e35-b0df-b1fe07bc87d6	COMPLETED	670	670	18:01.563		1	16Gn	2026-10-02T21:15:02	2026-10-02T21:26:12	mjolnircomp12fl	393698304
45821352	merge_gene_annotations	cmag_622	74e05862-a704-4e35-b0df-b1fe07bc87d6	COMPLETED	18	18	00:14.136		1	8Gn	2026-10-02T21:15:02	2026-10-02T21:15:20	mjolnircomp01fl	826368
45821353	tigrfam	cmag_661	74e05862-a704-4e35-b0df-b1fe07bc87d6	COMPLETED	116	116	02:58.263		1	16Gn	2026-10-02T21:15:02	2026-10-02T21:16:58	mjolnircomp12fl	347195392
45821354	kegg	cmag_063	74e05862-a704-4e35-b0df-b1fe07bc87d6	COMPLETED	2147	2147	59:31.890		1	8Gn	2026-10-02T21:15:02	2026-10-02T21:50:49	mjolnircomp03fl	886095872
45821355	prodigal	cmag_147	74e05862-a704-4e35-b0df-b1fe07bc87d6	COMPLETED	8	8	00:04.332		1	3499Mn	2026-10-02T21:15:02	2026-10-02T21:15:10	mjolnircomp07fl	823296
45821356	merge_gene_annotations	cmag_312	74e05862-a704-4e35-b0df-b1fe07bc87d6	COMPLETED	23	23	00:17.925		1	8Gn	2026-10-02T21:15:02	2026-10-02T21:15:25	mjolnirgpu03fl	819200
45821368	merge_gene_annotations	cmag_555	74e05862-a704-4e35-b0df-b1fe07bc87d6	COMPLETED	17	17	00:11.156		1	8Gn	2026-10-02T21:16:02	2026-10-02T21:16:19	mjolnircomp10fl	833536
45821369	kegg	cmag_527	74e05862-a704-4e35-b0df-b1fe07bc87d6	COMPLETED	1030	1030	30:26.953		1	8Gn	2026-10-02T21:16:02	2026-10-02T21:33:12	mjolnircomp13fl	1174107136
45821370	cazy	cmag_313	74e05862-a704-4e35-b0df-b1fe07bc87d6	COMPLETED	17	17	00:11.410		1	8Gn	2026-10-02T21:16:02	2026-10-02T21:16:19	mjolnircomp14fl	831488
45821371	kegg	cmag_224	74e05862-a704-4e35-b0df-b1fe07bc87d6	COMPLETED	1349	1349	40:11.498		1	8Gn	2026-10-02T21:16:02	2026-10-02T21:38:31	mjolnircomp15fl	761481216
45821372	prodigal	cmag_422	74e05862-a704-4e35-b0df-b1fe07bc87d6	COMPLETED	14	14	00:10.964		1	4276Mn	2026-10-02T21:16:02	2026-10-02T21:16:16	mjolnircomp14fl	828416
45821373	ncbifam	cmag_286	74e05862-a704-4e35-b0df-b1fe07bc87d6	COMPLETED	573	573	16:35.760		1	16Gn	2026-10-02T21:16:02	2026-10-02T21:25:35	mjolnircomp04fl	411138048
45821384	ncbifam	cmag_050	74e05862-a704-4e35-b0df-b1fe07bc87d6	COMPLETED	1341	1341	37:43.942		1	16Gn	2026-10-02T21:16:32	2026-10-02T21:38:53	mjolnircomp10fl	324326400
45821385	kegg	cmag_306	74e05862-a704-4e35-b0df-b1fe07bc87d6	COMPLETED	1610	1610	43:46.909		1	8Gn	2026-10-02T21:16:32	2026-10-02T21:43:22	mjolnirgpu03fl	719064064
45821386	tigrfam	cmag_722	74e05862-a704-4e35-b0df-b1fe07bc87d6	COMPLETED	191	191	04:59.374		1	16Gn	2026-10-02T21:16:32	2026-10-02T21:19:43	mjolnircomp11fl	403717120
45821387	cazy	cmag_070	74e05862-a704-4e35-b0df-b1fe07bc87d6	COMPLETED	15	15	00:09.555		1	8Gn	2026-10-02T21:16:32	2026-10-02T21:16:47	mjolnircomp14fl	825344
45821388	cazy	cmag_371	74e05862-a704-4e35-b0df-b1fe07bc87d6	COMPLETED	17	17	00:11.958		1	8Gn	2026-10-02T21:16:32	2026-10-02T21:16:49	mjolnircomp02fl	798720
45821394	kegg	cmag_252	74e05862-a704-4e35-b0df-b1fe07bc87d6	COMPLETED	2503	2503	01:09:52		1	8Gn	2026-10-02T21:17:02	2026-10-02T21:58:45	mjolnircomp03fl	880686080
45821395	cazy	cmag_061	74e05862-a704-4e35-b0df-b1fe07bc87d6	COMPLETED	24	24	00:19.333		1	8Gn	2026-10-02T21:17:02	2026-10-02T21:17:26	mjolnircomp05fl	820224
45821396	kegg	cmag_096	74e05862-a704-4e35-b0df-b1fe07bc87d6	COMPLETED	1624	1624	46:24.369		1	8Gn	2026-10-02T21:17:02	2026-10-02T21:44:06	mjolnircomp10fl	1033687040
45821397	cazy	cmag_389	74e05862-a704-4e35-b0df-b1fe07bc87d6	COMPLETED	23	23	00:17.306		1	8Gn	2026-10-02T21:17:02	2026-10-02T21:17:25	mjolnircomp05fl	824320
45821398	kegg	cmag_035	74e05862-a704-4e35-b0df-b1fe07bc87d6	COMPLETED	1944	1944	58:01.263		1	8Gn	2026-10-02T21:17:02	2026-10-02T21:49:26	mjolnircomp10fl	798468096
45821399	ncbifam	cmag_623	74e05862-a704-4e35-b0df-b1fe07bc87d6	COMPLETED	902	902	26:16.319		1	16Gn	2026-10-02T21:17:02	2026-10-02T21:32:04	mjolnircomp01fl	443790336
45821400	prodigal	cmag_029	74e05862-a704-4e35-b0df-b1fe07bc87d6	COMPLETED	8	8	00:04.979		1	1053Mn	2026-10-02T21:17:02	2026-10-02T21:17:10	mjolnircomp05fl	815104
45821401	kegg	cmag_562	74e05862-a704-4e35-b0df-b1fe07bc87d6	COMPLETED	1843	1843	53:40.779		1	8Gn	2026-10-02T21:17:02	2026-10-02T21:47:45	mjolnircomp12fl	1005323264
45821414	ncbifam	cmag_566	74e05862-a704-4e35-b0df-b1fe07bc87d6	COMPLETED	608	608	17:32.512		1	16Gn	2026-10-02T21:18:03	2026-10-02T21:28:11	mjolnircomp08fl	424046592
45821415	tigrfam	cmag_454	74e05862-a704-4e35-b0df-b1fe07bc87d6	COMPLETED	208	208	04:58.572		1	16Gn	2026-10-02T21:18:03	2026-10-02T21:21:31	mjolnirgpu03fl	369010688
45821416	kegg	cmag_765	74e05862-a704-4e35-b0df-b1fe07bc87d6	COMPLETED	1909	1909	52:44.157		1	8Gn	2026-10-02T21:18:03	2026-10-02T21:49:52	mjolnircomp05fl	741830656
45821417	pfam	cmag_677	74e05862-a704-4e35-b0df-b1fe07bc87d6	COMPLETED	1051	1051	29:06.060		1	8Gn	2026-10-02T21:18:03	2026-10-02T21:35:34	mjolnircomp13fl	187776000
45821418	tigrfam	cmag_498	74e05862-a704-4e35-b0df-b1fe07bc87d6	COMPLETED	138	138	03:37.644		1	16Gn	2026-10-02T21:18:03	2026-10-02T21:20:21	mjolnircomp12fl	300777472
45821419	kegg	cmag_802	74e05862-a704-4e35-b0df-b1fe07bc87d6	COMPLETED	2119	2119	01:02:50		1	8Gn	2026-10-02T21:18:03	2026-10-02T21:53:22	mjolnircomp12fl	903319552
45821420	merge_gene_annotations	cmag_025	74e05862-a704-4e35-b0df-b1fe07bc87d6	COMPLETED	25	25	00:21.126		1	8Gn	2026-10-02T21:18:33	2026-10-02T21:18:58	mjolnircomp01fl	826368
45821426	ncbifam	cmag_160	74e05862-a704-4e35-b0df-b1fe07bc87d6	COMPLETED	1194	1194	32:58.190		1	16Gn	2026-10-02T21:18:33	2026-10-02T21:38:27	mjolnircomp11fl	363209728
45821427	prodigal	cmag_629	74e05862-a704-4e35-b0df-b1fe07bc87d6	COMPLETED	7	7	00:05.215		1	3782Mn	2026-10-02T21:18:33	2026-10-02T21:18:40	mjolnircomp01fl	825344
45821428	ncbifam	cmag_020	74e05862-a704-4e35-b0df-b1fe07bc87d6	COMPLETED	712	712	20:45.835		1	16Gn	2026-10-02T21:18:33	2026-10-02T21:30:25	mjolnircomp03fl	437952512
45821429	tigrfam	cmag_035	74e05862-a704-4e35-b0df-b1fe07bc87d6	COMPLETED	219	219	05:57.026		1	16Gn	2026-10-02T21:18:33	2026-10-02T21:22:12	mjolnircomp10fl	335386624
45821430	pfam	cmag_211	74e05862-a704-4e35-b0df-b1fe07bc87d6	COMPLETED	1414	1414	36:38.741		1	8Gn	2026-10-02T21:18:33	2026-10-02T21:42:07	mjolnirgpu03fl	248943616
45821431	tigrfam	cmag_250	74e05862-a704-4e35-b0df-b1fe07bc87d6	COMPLETED	294	294	07:12.505		1	16Gn	2026-10-02T21:18:33	2026-10-02T21:23:27	mjolnirgpu03fl	434328576
45821442	prodigal	cmag_244	74e05862-a704-4e35-b0df-b1fe07bc87d6	COMPLETED	7	7	00:04.678		1	3094Mn	2026-10-02T21:19:03	2026-10-02T21:19:10	mjolnircomp01fl	827392
45821443	tigrfam	cmag_666	74e05862-a704-4e35-b0df-b1fe07bc87d6	COMPLETED	165	165	03:53.987		1	16Gn	2026-10-02T21:19:03	2026-10-02T21:21:48	mjolnirgpu03fl	396339200
45821444	tigrfam	cmag_556	74e05862-a704-4e35-b0df-b1fe07bc87d6	COMPLETED	140	140	03:41.154		1	16Gn	2026-10-02T21:19:03	2026-10-02T21:21:23	mjolnircomp04fl	377185280
45821445	pfam	cmag_507	74e05862-a704-4e35-b0df-b1fe07bc87d6	COMPLETED	637	637	18:13.311		1	8Gn	2026-10-02T21:19:03	2026-10-02T21:29:40	mjolnircomp04fl	225042432
45821458	ncbifam	cmag_061	74e05862-a704-4e35-b0df-b1fe07bc87d6	COMPLETED	387	387	11:08.131		1	16Gn	2026-10-02T21:20:03	2026-10-02T21:26:30	mjolnircomp08fl	434679808
45821459	kegg	cmag_824	74e05862-a704-4e35-b0df-b1fe07bc87d6	COMPLETED	2292	2292	01:06:58		1	8Gn	2026-10-02T21:20:03	2026-10-02T21:58:15	mjolnircomp04fl	805958656
45821460	prodigal	cmag_072	74e05862-a704-4e35-b0df-b1fe07bc87d6	COMPLETED	6	6	00:03.242		1	2162Mn	2026-10-02T21:20:03	2026-10-02T21:20:09	mjolnircomp01fl	819200
45821461	prodigal	cmag_486	74e05862-a704-4e35-b0df-b1fe07bc87d6	COMPLETED	12	12	00:10.119		1	3722Mn	2026-10-02T21:20:03	2026-10-02T21:20:15	mjolnircomp11fl	822272
45821462	cazy	cmag_159	74e05862-a704-4e35-b0df-b1fe07bc87d6	COMPLETED	21	21	00:16.807		1	8Gn	2026-10-02T21:20:03	2026-10-02T21:20:24	mjolnircomp11fl	816128
45821463	tigrfam	cmag_377	74e05862-a704-4e35-b0df-b1fe07bc87d6	COMPLETED	235	235	05:55.209		1	16Gn	2026-10-02T21:20:03	2026-10-02T21:23:58	mjolnircomp05fl	375782400
45821475	kegg	cmag_667	74e05862-a704-4e35-b0df-b1fe07bc87d6	COMPLETED	1824	1824	52:20.982		1	8Gn	2026-10-02T21:20:33	2026-10-02T21:50:57	mjolnircomp03fl	870130688
45821476	cazy	cmag_091	74e05862-a704-4e35-b0df-b1fe07bc87d6	COMPLETED	21	21	00:15.387		1	8Gn	2026-10-02T21:20:33	2026-10-02T21:20:54	mjolnircomp16fl	808960
45821477	kegg	cmag_320	74e05862-a704-4e35-b0df-b1fe07bc87d6	COMPLETED	3725	3725	01:46:06		1	9352Mn	2026-10-02T21:20:33	2026-10-02T22:22:38	mjolnircomp01fl	896605184
45821478	cazy	cmag_246	74e05862-a704-4e35-b0df-b1fe07bc87d6	COMPLETED	18	18	00:11.940		1	8Gn	2026-10-02T21:20:33	2026-10-02T21:20:51	mjolnircomp16fl	807936
45821479	cazy	cmag_619	74e05862-a704-4e35-b0df-b1fe07bc87d6	COMPLETED	15	15	00:09.200		1	8Gn	2026-10-02T21:20:33	2026-10-02T21:20:48	mjolnircomp16fl	799744
45821492	cazy	cmag_372	74e05862-a704-4e35-b0df-b1fe07bc87d6	COMPLETED	20	20	00:14.891		1	8Gn	2026-10-02T21:21:03	2026-10-02T21:21:23	mjolnircomp14fl	821248
45821493	ncbifam	cmag_689	74e05862-a704-4e35-b0df-b1fe07bc87d6	COMPLETED	761	761	20:48.281		1	16Gn	2026-10-02T21:21:03	2026-10-02T21:33:44	mjolnircomp05fl	416091136
45821494	prodigal	cmag_764	74e05862-a704-4e35-b0df-b1fe07bc87d6	COMPLETED	7	7	00:04.119		1	2920Mn	2026-10-02T21:21:03	2026-10-02T21:21:10	mjolnircomp14fl	822272
45821495	prodigal	cmag_531	74e05862-a704-4e35-b0df-b1fe07bc87d6	COMPLETED	6	6	00:03.649		1	1829Mn	2026-10-02T21:21:03	2026-10-02T21:21:09	mjolnircomp12fl	819200
45821496	merge_gene_annotations	cmag_299	74e05862-a704-4e35-b0df-b1fe07bc87d6	COMPLETED	36	36	00:28.982		1	8Gn	2026-10-02T21:21:03	2026-10-02T21:21:39	mjolnircomp05fl	77792256
45821497	pfam	cmag_634	74e05862-a704-4e35-b0df-b1fe07bc87d6	COMPLETED	986	986	25:41.600		1	8Gn	2026-10-02T21:21:03	2026-10-02T21:37:29	mjolnircomp05fl	211044352
45821498	tigrfam	cmag_563	74e05862-a704-4e35-b0df-b1fe07bc87d6	COMPLETED	192	192	05:07.471		1	16Gn	2026-10-02T21:21:03	2026-10-02T21:24:15	mjolnircomp10fl	405494784
45821499	kegg	cmag_281	74e05862-a704-4e35-b0df-b1fe07bc87d6	COMPLETED	3606	3606	01:39:55		1	8Gn	2026-10-02T21:21:03	2026-10-02T22:21:09	mjolnircomp05fl	784018432
45821500	pfam	cmag_239	74e05862-a704-4e35-b0df-b1fe07bc87d6	COMPLETED	486	486	12:58.252		1	8Gn	2026-10-02T21:21:03	2026-10-02T21:29:09	mjolnircomp10fl	197690368
45821513	pfam	cmag_063	74e05862-a704-4e35-b0df-b1fe07bc87d6	COMPLETED	1031	1031	26:53.959		1	8Gn	2026-10-02T21:22:03	2026-10-02T21:39:14	mjolnircomp02fl	220528640
45821514	ncbifam	cmag_010	74e05862-a704-4e35-b0df-b1fe07bc87d6	COMPLETED	1081	1081	28:59.137		1	16Gn	2026-10-02T21:22:03	2026-10-02T21:40:04	mjolnircomp11fl	442542080
45821515	ncbifam	cmag_659	74e05862-a704-4e35-b0df-b1fe07bc87d6	COMPLETED	466	466	00:12:15		1	16Gn	2026-10-02T21:22:03	2026-10-02T21:29:49	mjolnirgpu03fl	397133824
45821516	merge_gene_annotations	cmag_794	74e05862-a704-4e35-b0df-b1fe07bc87d6	COMPLETED	21	21	00:15.099		1	8Gn	2026-10-02T21:22:03	2026-10-02T21:22:24	mjolnircomp11fl	835584
45821517	merge_gene_annotations	cmag_067	74e05862-a704-4e35-b0df-b1fe07bc87d6	COMPLETED	19	19	00:13.620		1	8Gn	2026-10-02T21:22:03	2026-10-02T21:22:22	mjolnircomp12fl	822272
45821518	ncbifam	cmag_382	74e05862-a704-4e35-b0df-b1fe07bc87d6	COMPLETED	1402	1402	38:09.071		1	16Gn	2026-10-02T21:22:03	2026-10-02T21:45:25	mjolnircomp05fl	381337600
45821519	kegg	cmag_788	74e05862-a704-4e35-b0df-b1fe07bc87d6	COMPLETED	3078	3078	01:27:09		1	8Gn	2026-10-02T21:22:03	2026-10-02T22:13:21	mjolnircomp06fl	998564864
45821520	pfam	cmag_429	74e05862-a704-4e35-b0df-b1fe07bc87d6	COMPLETED	842	842	22:48.604		1	8Gn	2026-10-02T21:22:03	2026-10-02T21:36:05	mjolnircomp02fl	237404160
45821521	merge_gene_annotations	cmag_777	74e05862-a704-4e35-b0df-b1fe07bc87d6	COMPLETED	48	48	00:18.841		1	8Gn	2026-10-02T21:22:03	2026-10-02T21:22:51	mjolnircomp17fl	274611200
45821527	kegg	cmag_037	74e05862-a704-4e35-b0df-b1fe07bc87d6	COMPLETED	2222	2222	59:56.825		1	8Gn	2026-10-02T21:22:33	2026-10-02T21:59:35	mjolnirgpu03fl	797498368
45821528	cazy	cmag_487	74e05862-a704-4e35-b0df-b1fe07bc87d6	COMPLETED	20	20	00:10.216		1	8Gn	2026-10-02T21:22:33	2026-10-02T21:22:53	mjolnircomp14fl	842752
45821529	prodigal	cmag_546	74e05862-a704-4e35-b0df-b1fe07bc87d6	COMPLETED	14	14	00:04.651		1	3225Mn	2026-10-02T21:22:33	2026-10-02T21:22:47	mjolnircomp14fl	836608
45821530	kegg	cmag_036	74e05862-a704-4e35-b0df-b1fe07bc87d6	COMPLETED	2881	2881	01:20:10		1	8Gn	2026-10-02T21:22:33	2026-10-02T22:10:34	mjolnirgpu03fl	928628736
45821547	tigrfam	cmag_409	74e05862-a704-4e35-b0df-b1fe07bc87d6	COMPLETED	226	226	06:00.826		1	16Gn	2026-10-02T21:23:03	2026-10-02T21:26:49	mjolnircomp11fl	352572416
45821548	kegg	cmag_255	74e05862-a704-4e35-b0df-b1fe07bc87d6	COMPLETED	1512	1512	44:15.541		1	8Gn	2026-10-02T21:23:03	2026-10-02T21:48:15	mjolnircomp04fl	678381568
45821549	cazy	cmag_316	74e05862-a704-4e35-b0df-b1fe07bc87d6	COMPLETED	23	23	00:11.018		1	8Gn	2026-10-02T21:23:03	2026-10-02T21:23:26	mjolnirgpu02fl	833536
45821550	kegg	cmag_693	74e05862-a704-4e35-b0df-b1fe07bc87d6	COMPLETED	1057	1057	31:24.983		1	8Gn	2026-10-02T21:23:34	2026-10-02T21:41:11	mjolnircomp10fl	908142592
45821551	merge_gene_annotations	cmag_164	74e05862-a704-4e35-b0df-b1fe07bc87d6	COMPLETED	16	16	00:10.504		1	8Gn	2026-10-02T21:23:03	2026-10-02T21:23:19	mjolnircomp10fl	825344
45821552	merge_gene_annotations	cmag_731	74e05862-a704-4e35-b0df-b1fe07bc87d6	COMPLETED	21	21	00:15.974		1	8Gn	2026-10-02T21:23:03	2026-10-02T21:23:24	mjolnircomp11fl	817152
45821553	tigrfam	cmag_118	74e05862-a704-4e35-b0df-b1fe07bc87d6	COMPLETED	205	205	04:40.670		1	16Gn	2026-10-02T21:23:03	2026-10-02T21:26:28	mjolnircomp17fl	369324032
45821554	tigrfam	cmag_386	74e05862-a704-4e35-b0df-b1fe07bc87d6	COMPLETED	203	203	04:55.325		1	16Gn	2026-10-02T21:23:34	2026-10-02T21:26:57	mjolnirgpu03fl	366484480
45821555	pfam	cmag_292	74e05862-a704-4e35-b0df-b1fe07bc87d6	COMPLETED	964	964	26:23.127		1	8Gn	2026-10-02T21:23:03	2026-10-02T21:39:07	mjolnircomp02fl	191005696
45821572	pfam	cmag_527	74e05862-a704-4e35-b0df-b1fe07bc87d6	COMPLETED	736	736	19:53.068		1	8Gn	2026-10-02T21:24:04	2026-10-02T21:36:20	mjolnircomp02fl	184556544
45821573	prodigal	cmag_664	74e05862-a704-4e35-b0df-b1fe07bc87d6	COMPLETED	9	9	00:06.815		1	2199Mn	2026-10-02T21:24:04	2026-10-02T21:24:13	mjolnircomp05fl	808960
45821574	prodigal	cmag_752	74e05862-a704-4e35-b0df-b1fe07bc87d6	COMPLETED	7	7	00:04.871		1	3823Mn	2026-10-02T21:24:04	2026-10-02T21:24:11	mjolnircomp14fl	843776
45821575	kegg	cmag_158	74e05862-a704-4e35-b0df-b1fe07bc87d6	COMPLETED	1447	1447	43:37.403		1	8Gn	2026-10-02T21:24:04	2026-10-02T21:48:11	mjolnircomp11fl	790549504
45821576	tigrfam	cmag_739	74e05862-a704-4e35-b0df-b1fe07bc87d6	COMPLETED	327	327	08:12.278		1	16Gn	2026-10-02T21:24:04	2026-10-02T21:29:31	mjolnircomp05fl	372609024
45821577	cazy	cmag_203	74e05862-a704-4e35-b0df-b1fe07bc87d6	COMPLETED	18	18	00:13.070		1	8Gn	2026-10-02T21:24:04	2026-10-02T21:24:22	mjolnircomp16fl	803840
45821589	prodigal	cmag_458	74e05862-a704-4e35-b0df-b1fe07bc87d6	COMPLETED	6	6	00:03.600		1	2056Mn	2026-10-02T21:24:34	2026-10-02T21:24:40	mjolnircomp14fl	818176
45821590	tigrfam	cmag_031	74e05862-a704-4e35-b0df-b1fe07bc87d6	COMPLETED	134	134	03:35.711		1	16Gn	2026-10-02T21:24:34	2026-10-02T21:26:48	mjolnircomp03fl	397072384
45821591	tigrfam	cmag_623	74e05862-a704-4e35-b0df-b1fe07bc87d6	COMPLETED	232	232	06:12.533		1	16Gn	2026-10-02T21:24:34	2026-10-02T21:28:26	mjolnircomp11fl	434435072
45821592	pfam	cmag_601	74e05862-a704-4e35-b0df-b1fe07bc87d6	COMPLETED	1119	1119	30:51.705		1	8Gn	2026-10-02T21:24:34	2026-10-02T21:43:13	mjolnircomp02fl	278958080
45821593	pfam	cmag_456	74e05862-a704-4e35-b0df-b1fe07bc87d6	COMPLETED	562	562	14:18.717		1	8Gn	2026-10-02T21:25:04	2026-10-02T21:34:26	mjolnircomp14fl	219157504
45821594	pfam	cmag_496	74e05862-a704-4e35-b0df-b1fe07bc87d6	COMPLETED	1124	1124	31:58.480		1	8Gn	2026-10-02T21:25:34	2026-10-02T21:44:18	mjolnircomp03fl	213516288
45821598	prodigal	cmag_090	74e05862-a704-4e35-b0df-b1fe07bc87d6	COMPLETED	8	8	00:03.527		1	1441Mn	2026-10-02T21:25:04	2026-10-02T21:25:12	mjolnirgpu02fl	841728
45821599	tigrfam	cmag_092	74e05862-a704-4e35-b0df-b1fe07bc87d6	COMPLETED	125	125	03:19.713		1	16Gn	2026-10-02T21:25:04	2026-10-02T21:27:09	mjolnircomp03fl	422969344
45821600	merge_gene_annotations	cmag_616	74e05862-a704-4e35-b0df-b1fe07bc87d6	COMPLETED	41	41	00:12.950		1	8Gn	2026-10-02T21:25:04	2026-10-02T21:25:45	mjolnircomp17fl	80884736
45821601	merge_gene_annotations	cmag_700	74e05862-a704-4e35-b0df-b1fe07bc87d6	COMPLETED	20	20	00:14.505		1	8Gn	2026-10-02T21:25:34	2026-10-02T21:25:54	mjolnircomp01fl	823296
45821602	cazy	cmag_585	74e05862-a704-4e35-b0df-b1fe07bc87d6	COMPLETED	15	15	00:09.735		1	8Gn	2026-10-02T21:25:34	2026-10-02T21:25:49	mjolnircomp14fl	831488
45821603	pfam	cmag_449	74e05862-a704-4e35-b0df-b1fe07bc87d6	COMPLETED	421	421	11:03.055		1	8Gn	2026-10-02T21:25:04	2026-10-02T21:32:05	mjolnircomp14fl	192788480
45821604	cazy	cmag_398	74e05862-a704-4e35-b0df-b1fe07bc87d6	COMPLETED	15	15	00:09.913		1	8Gn	2026-10-02T21:25:34	2026-10-02T21:25:49	mjolnircomp14fl	829440
45821617	pfam	cmag_201	74e05862-a704-4e35-b0df-b1fe07bc87d6	COMPLETED	511	511	13:47.807		1	8Gn	2026-10-02T21:26:04	2026-10-02T21:34:35	mjolnircomp01fl	221911040
45821618	tigrfam	cmag_232	74e05862-a704-4e35-b0df-b1fe07bc87d6	COMPLETED	161	161	04:18.782		1	16Gn	2026-10-02T21:26:04	2026-10-02T21:28:45	mjolnircomp13fl	403855360
45821619	pfam	cmag_233	74e05862-a704-4e35-b0df-b1fe07bc87d6	COMPLETED	699	699	18:12.943		1	8Gn	2026-10-02T21:26:04	2026-10-02T21:37:43	mjolnircomp02fl	163238912
45821620	cazy	cmag_606	74e05862-a704-4e35-b0df-b1fe07bc87d6	COMPLETED	28	28	00:22.487		1	8Gn	2026-10-02T21:26:04	2026-10-02T21:26:32	mjolnircomp05fl	819200
45821621	cazy	cmag_405	74e05862-a704-4e35-b0df-b1fe07bc87d6	COMPLETED	20	20	00:14.379		1	8Gn	2026-10-02T21:26:04	2026-10-02T21:26:24	mjolnircomp04fl	811008
45821633	pfam	cmag_765	74e05862-a704-4e35-b0df-b1fe07bc87d6	COMPLETED	591	591	15:52.769		1	8Gn	2026-10-02T21:26:34	2026-10-02T21:36:25	mjolnircomp14fl	221601792
45821634	pfam	cmag_442	74e05862-a704-4e35-b0df-b1fe07bc87d6	COMPLETED	686	686	18:27.358		1	8Gn	2026-10-02T21:26:34	2026-10-02T21:38:00	mjolnircomp14fl	220905472
45821635	cazy	cmag_387	74e05862-a704-4e35-b0df-b1fe07bc87d6	COMPLETED	17	17	00:10.979		1	8Gn	2026-10-02T21:26:34	2026-10-02T21:26:51	mjolnircomp16fl	811008
45821636	tigrfam	cmag_310	74e05862-a704-4e35-b0df-b1fe07bc87d6	COMPLETED	232	232	06:14.047		1	16Gn	2026-10-02T21:26:34	2026-10-02T21:30:26	mjolnircomp04fl	366391296
45821637	tigrfam	cmag_286	74e05862-a704-4e35-b0df-b1fe07bc87d6	COMPLETED	161	161	04:12.164		1	16Gn	2026-10-02T21:26:34	2026-10-02T21:29:15	mjolnircomp04fl	375823360
45821638	kegg	cmag_002	74e05862-a704-4e35-b0df-b1fe07bc87d6	COMPLETED	1905	1905	53:37.826		1	8Gn	2026-10-02T21:26:34	2026-10-02T21:58:19	mjolnircomp09fl	858867712
45821639	prodigal	cmag_812	74e05862-a704-4e35-b0df-b1fe07bc87d6	COMPLETED	9	9	00:05.945		1	2126Mn	2026-10-02T21:26:34	2026-10-02T21:26:43	mjolnirgpu01fl	836608
45821640	kegg	cmag_194	74e05862-a704-4e35-b0df-b1fe07bc87d6	COMPLETED	1383	1383	39:40.503		1	8Gn	2026-10-02T21:26:34	2026-10-02T21:49:37	mjolnircomp10fl	775048192
45821641	tigrfam	cmag_385	74e05862-a704-4e35-b0df-b1fe07bc87d6	COMPLETED	103	103	02:39.413		1	16Gn	2026-10-02T21:26:34	2026-10-02T21:28:17	mjolnirgpu01fl	380909568
45821642	pfam	cmag_397	74e05862-a704-4e35-b0df-b1fe07bc87d6	COMPLETED	731	731	19:36.313		1	8Gn	2026-10-02T21:26:34	2026-10-02T21:38:45	mjolnircomp14fl	248323072
45821643	ncbifam	cmag_360	74e05862-a704-4e35-b0df-b1fe07bc87d6	COMPLETED	774	774	22:30.023		1	16Gn	2026-10-02T21:27:05	2026-10-02T21:39:59	mjolnircomp03fl	379330560
45821644	prodigal	cmag_797	74e05862-a704-4e35-b0df-b1fe07bc87d6	COMPLETED	8	8	00:05.115		1	3796Mn	2026-10-02T21:27:35	2026-10-02T21:27:43	mjolnircomp14fl	823296
45821645	tigrfam	cmag_689	74e05862-a704-4e35-b0df-b1fe07bc87d6	COMPLETED	121	121	03:13.371		1	16Gn	2026-10-02T21:27:35	2026-10-02T21:29:36	mjolnircomp03fl	343281664
45821646	pfam	cmag_533	74e05862-a704-4e35-b0df-b1fe07bc87d6	COMPLETED	523	523	13:42.653		1	8Gn	2026-10-02T21:27:35	2026-10-02T21:36:18	mjolnircomp02fl	184007680
45821648	pfam	cmag_019	74e05862-a704-4e35-b0df-b1fe07bc87d6	COMPLETED	577	577	16:12.105		1	8Gn	2026-10-02T21:27:35	2026-10-02T21:37:12	mjolnircomp13fl	227979264
45821649	cazy	cmag_174	74e05862-a704-4e35-b0df-b1fe07bc87d6	COMPLETED	16	16	00:10.739		1	8Gn	2026-10-02T21:27:35	2026-10-02T21:27:51	mjolnircomp14fl	823296
45821650	prodigal	cmag_108	74e05862-a704-4e35-b0df-b1fe07bc87d6	COMPLETED	6	6	00:03.411		1	1681Mn	2026-10-02T21:27:35	2026-10-02T21:27:41	mjolnircomp14fl	826368
45821651	merge_gene_annotations	cmag_294	74e05862-a704-4e35-b0df-b1fe07bc87d6	COMPLETED	15	15	00:10.696		1	8Gn	2026-10-02T21:27:35	2026-10-02T21:27:50	mjolnircomp12fl	814080
45821652	kegg	cmag_673	74e05862-a704-4e35-b0df-b1fe07bc87d6	COMPLETED	1489	1489	43:06.914		1	8Gn	2026-10-02T21:27:35	2026-10-02T21:52:24	mjolnircomp15fl	911832064
45821653	prodigal	cmag_446	74e05862-a704-4e35-b0df-b1fe07bc87d6	COMPLETED	8	8	00:04.364		1	3160Mn	2026-10-02T21:27:35	2026-10-02T21:27:43	mjolnircomp07fl	883712
45821655	cazy	cmag_324	74e05862-a704-4e35-b0df-b1fe07bc87d6	COMPLETED	26	26	00:20.062		1	8Gn	2026-10-02T21:27:35	2026-10-02T21:28:01	mjolnircomp14fl	824320
45821658	tigrfam	cmag_020	74e05862-a704-4e35-b0df-b1fe07bc87d6	COMPLETED	186	186	04:58.701		1	16Gn	2026-10-02T21:27:35	2026-10-02T21:30:41	mjolnircomp11fl	369358848
45821662	tigrfam	cmag_566	74e05862-a704-4e35-b0df-b1fe07bc87d6	COMPLETED	165	165	04:24.026		1	16Gn	2026-10-02T21:28:05	2026-10-02T21:30:50	mjolnircomp13fl	400360448
45821664	pfam	cmag_635	74e05862-a704-4e35-b0df-b1fe07bc87d6	COMPLETED	726	726	18:55.445		1	8Gn	2026-10-02T21:28:05	2026-10-02T21:40:11	mjolnircomp02fl	241756160
45821665	merge_gene_annotations	cmag_349	74e05862-a704-4e35-b0df-b1fe07bc87d6	COMPLETED	22	22	00:16.937		1	8Gn	2026-10-02T21:28:05	2026-10-02T21:28:27	mjolnircomp07fl	887808
45821666	kegg	cmag_512	74e05862-a704-4e35-b0df-b1fe07bc87d6	COMPLETED	1076	1076	30:11.697		1	8Gn	2026-10-02T21:28:05	2026-10-02T21:46:01	mjolnircomp09fl	736974848
45821667	prodigal	cmag_671	74e05862-a704-4e35-b0df-b1fe07bc87d6	COMPLETED	6	6	00:03.014		1	1467Mn	2026-10-02T21:28:05	2026-10-02T21:28:11	mjolnircomp16fl	806912
45821680	prodigal	cmag_065	74e05862-a704-4e35-b0df-b1fe07bc87d6	COMPLETED	8	8	00:05.087		1	4161Mn	2026-10-02T21:28:35	2026-10-02T21:28:43	mjolnircomp14fl	821248
45821681	prodigal	cmag_038	74e05862-a704-4e35-b0df-b1fe07bc87d6	COMPLETED	8	8	00:04.721		1	2894Mn	2026-10-02T21:28:35	2026-10-02T21:28:43	mjolnircomp14fl	821248
45821682	kegg	cmag_457	74e05862-a704-4e35-b0df-b1fe07bc87d6	COMPLETED	1519	1519	42:41.866		1	8Gn	2026-10-02T21:28:35	2026-10-02T21:53:54	mjolnircomp08fl	928251904
45821684	ncbifam	cmag_417	74e05862-a704-4e35-b0df-b1fe07bc87d6	COMPLETED	682	682	19:10.374		1	16Gn	2026-10-02T21:28:35	2026-10-02T21:39:57	mjolnircomp04fl	377051136
45821685	ncbifam	cmag_039	74e05862-a704-4e35-b0df-b1fe07bc87d6	COMPLETED	1147	1147	31:03.048		1	16Gn	2026-10-02T21:28:35	2026-10-02T21:47:42	mjolnircomp11fl	393332736
45821686	prodigal	cmag_580	74e05862-a704-4e35-b0df-b1fe07bc87d6	COMPLETED	6	6	00:02.858		1	1197Mn	2026-10-02T21:28:35	2026-10-02T21:28:41	mjolnircomp16fl	819200
45821687	merge_gene_annotations	cmag_722	74e05862-a704-4e35-b0df-b1fe07bc87d6	COMPLETED	37	37	00:31.127		1	8Gn	2026-10-02T21:28:35	2026-10-02T21:29:12	mjolnircomp06fl	78305280
45821688	cazy	cmag_153	74e05862-a704-4e35-b0df-b1fe07bc87d6	COMPLETED	31	31	00:24.947		1	8Gn	2026-10-02T21:28:35	2026-10-02T21:29:06	mjolnirgpu01fl	74764288
45821703	prodigal	cmag_043	74e05862-a704-4e35-b0df-b1fe07bc87d6	COMPLETED	7	7	00:04.395		1	2587Mn	2026-10-02T21:29:36	2026-10-02T21:29:43	mjolnircomp08fl	822272
45821704	ncbifam	cmag_147	74e05862-a704-4e35-b0df-b1fe07bc87d6	COMPLETED	938	938	26:22.310		1	16Gn	2026-10-02T21:29:36	2026-10-02T21:45:14	mjolnircomp10fl	398680064
45821705	tigrfam	cmag_109	74e05862-a704-4e35-b0df-b1fe07bc87d6	COMPLETED	130	130	03:24.534		1	16Gn	2026-10-02T21:29:36	2026-10-02T21:31:46	mjolnircomp01fl	335223808
45821706	merge_gene_annotations	cmag_181	74e05862-a704-4e35-b0df-b1fe07bc87d6	COMPLETED	27	27	00:21.878		1	8Gn	2026-10-02T21:29:36	2026-10-02T21:30:03	mjolnirgpu03fl	820224
45821707	prodigal	cmag_712	74e05862-a704-4e35-b0df-b1fe07bc87d6	COMPLETED	8	8	00:05.125		1	3415Mn	2026-10-02T21:29:36	2026-10-02T21:29:44	mjolnircomp08fl	847872
45821708	merge_gene_annotations	cmag_279	74e05862-a704-4e35-b0df-b1fe07bc87d6	COMPLETED	21	21	00:16.179		1	8Gn	2026-10-02T21:29:36	2026-10-02T21:29:57	mjolnircomp13fl	806912
45821721	pfam	cmag_216	74e05862-a704-4e35-b0df-b1fe07bc87d6	COMPLETED	1035	1035	26:19.456		1	8Gn	2026-10-02T21:30:06	2026-10-02T21:47:21	mjolnircomp08fl	203189248
45821722	tigrfam	cmag_671	74e05862-a704-4e35-b0df-b1fe07bc87d6	COMPLETED	111	111	02:54.637		1	16Gn	2026-10-02T21:30:06	2026-10-02T21:31:57	mjolnircomp13fl	332739584
45821723	pfam	cmag_096	74e05862-a704-4e35-b0df-b1fe07bc87d6	COMPLETED	781	781	21:23.491		1	8Gn	2026-10-02T21:30:06	2026-10-02T21:43:07	mjolnircomp11fl	232974336
45821724	cazy	cmag_786	74e05862-a704-4e35-b0df-b1fe07bc87d6	COMPLETED	23	23	00:17.944		1	8Gn	2026-10-02T21:30:06	2026-10-02T21:30:29	mjolnirgpu01fl	824320
45821725	cazy	cmag_660	74e05862-a704-4e35-b0df-b1fe07bc87d6	COMPLETED	21	21	00:15.847		1	8Gn	2026-10-02T21:30:06	2026-10-02T21:30:27	mjolnirgpu01fl	831488
45821726	merge_gene_annotations	cmag_549	74e05862-a704-4e35-b0df-b1fe07bc87d6	COMPLETED	21	21	00:16.503		1	8Gn	2026-10-02T21:30:06	2026-10-02T21:30:27	mjolnirgpu03fl	818176
45821727	cazy	cmag_080	74e05862-a704-4e35-b0df-b1fe07bc87d6	COMPLETED	28	28	00:22.459		1	8Gn	2026-10-02T21:30:06	2026-10-02T21:30:34	mjolnirgpu01fl	831488
45821728	ncbifam	cmag_725	74e05862-a704-4e35-b0df-b1fe07bc87d6	COMPLETED	977	977	26:06.221		1	16Gn	2026-10-02T21:30:06	2026-10-02T21:46:23	mjolnirgpu03fl	394665984
45821729	merge_gene_annotations	cmag_646	74e05862-a704-4e35-b0df-b1fe07bc87d6	COMPLETED	16	16	00:10.879		1	8Gn	2026-10-02T21:30:06	2026-10-02T21:30:22	mjolnircomp07fl	894976
45821730	ncbifam	cmag_096	74e05862-a704-4e35-b0df-b1fe07bc87d6	COMPLETED	762	762	21:59.480		1	16Gn	2026-10-02T21:30:06	2026-10-02T21:42:48	mjolnircomp04fl	390469632
45821731	ncbifam	cmag_385	74e05862-a704-4e35-b0df-b1fe07bc87d6	COMPLETED	333	333	09:13.176		1	16Gn	2026-10-02T21:30:06	2026-10-02T21:35:39	mjolnircomp11fl	387616768
45821745	ncbifam	cmag_425	74e05862-a704-4e35-b0df-b1fe07bc87d6	COMPLETED	327	327	09:14.111		1	16Gn	2026-10-02T21:30:36	2026-10-02T21:36:03	mjolnircomp07fl	416834560
45821746	ncbifam	cmag_038	74e05862-a704-4e35-b0df-b1fe07bc87d6	COMPLETED	814	814	23:12.090		1	16Gn	2026-10-02T21:30:36	2026-10-02T21:44:10	mjolnircomp04fl	339025920
45821747	kegg	cmag_379	74e05862-a704-4e35-b0df-b1fe07bc87d6	COMPLETED	3162	3162	01:26:51		1	8Gn	2026-10-02T21:30:36	2026-10-02T22:23:18	mjolnirgpu03fl	787426304
45821748	kegg	cmag_346	74e05862-a704-4e35-b0df-b1fe07bc87d6	COMPLETED	1409	1409	39:46.725		1	8Gn	2026-10-02T21:30:36	2026-10-02T21:54:05	mjolnircomp03fl	958205952
45821749	tigrfam	cmag_451	74e05862-a704-4e35-b0df-b1fe07bc87d6	COMPLETED	224	224	06:00.060		1	16Gn	2026-10-02T21:31:06	2026-10-02T21:34:50	mjolnircomp13fl	358042624
45821750	tigrfam	cmag_123	74e05862-a704-4e35-b0df-b1fe07bc87d6	COMPLETED	268	268	07:13.946		1	16Gn	2026-10-02T21:30:36	2026-10-02T21:35:04	mjolnirgpu01fl	404237312
45821762	prodigal	cmag_083	74e05862-a704-4e35-b0df-b1fe07bc87d6	COMPLETED	6	6	00:03.436		1	2154Mn	2026-10-02T21:31:36	2026-10-02T21:31:42	mjolnircomp14fl	825344
45821763	ncbifam	cmag_712	74e05862-a704-4e35-b0df-b1fe07bc87d6	COMPLETED	882	882	25:02.282		1	16Gn	2026-10-02T21:31:36	2026-10-02T21:46:18	mjolnircomp12fl	436200448
45821764	kegg	cmag_602	74e05862-a704-4e35-b0df-b1fe07bc87d6	COMPLETED	2899	2899	01:21:12		1	8Gn	2026-10-02T21:31:36	2026-10-02T22:19:55	mjolnircomp05fl	767078400
45821765	ncbifam	cmag_239	74e05862-a704-4e35-b0df-b1fe07bc87d6	COMPLETED	533	533	14:17.325		1	16Gn	2026-10-02T21:31:36	2026-10-02T21:40:29	mjolnircomp11fl	390025216
45821766	prodigal	cmag_776	74e05862-a704-4e35-b0df-b1fe07bc87d6	COMPLETED	6	6	00:02.396		1	1404Mn	2026-10-02T21:31:36	2026-10-02T21:31:42	mjolnircomp14fl	828416
45821767	prodigal	cmag_544	74e05862-a704-4e35-b0df-b1fe07bc87d6	COMPLETED	6	6	00:02.762		1	1973Mn	2026-10-02T21:31:36	2026-10-02T21:31:42	mjolnircomp14fl	826368
45821768	merge_gene_annotations	cmag_754	74e05862-a704-4e35-b0df-b1fe07bc87d6	COMPLETED	37	37	00:31.211		1	8Gn	2026-10-02T21:31:36	2026-10-02T21:32:13	mjolnircomp06fl	78330880
45821769	merge_gene_annotations	cmag_071	74e05862-a704-4e35-b0df-b1fe07bc87d6	COMPLETED	22	22	00:17.629		1	8Gn	2026-10-02T21:32:07	2026-10-02T21:32:29	mjolnircomp13fl	820224
45821770	merge_gene_annotations	cmag_718	74e05862-a704-4e35-b0df-b1fe07bc87d6	COMPLETED	20	20	00:13.871		1	8Gn	2026-10-02T21:31:36	2026-10-02T21:31:56	mjolnircomp11fl	822272
45821778	cazy	cmag_422	74e05862-a704-4e35-b0df-b1fe07bc87d6	COMPLETED	30	30	00:25.080		1	8Gn	2026-10-02T21:32:07	2026-10-02T21:32:37	mjolnirgpu03fl	73533440
45821779	merge_gene_annotations	cmag_498	74e05862-a704-4e35-b0df-b1fe07bc87d6	COMPLETED	18	18	00:13.218		1	8Gn	2026-10-02T21:32:07	2026-10-02T21:32:25	mjolnircomp11fl	822272
45821780	merge_gene_annotations	cmag_232	74e05862-a704-4e35-b0df-b1fe07bc87d6	COMPLETED	18	18	00:13.287		1	8Gn	2026-10-02T21:32:07	2026-10-02T21:32:25	mjolnircomp01fl	822272
45821781	ncbifam	cmag_211	74e05862-a704-4e35-b0df-b1fe07bc87d6	COMPLETED	1355	1355	37:11.764		1	16Gn	2026-10-02T21:32:07	2026-10-02T21:54:42	mjolnircomp17fl	513084416
45821782	ncbifam	cmag_449	74e05862-a704-4e35-b0df-b1fe07bc87d6	COMPLETED	343	343	09:40.311		1	16Gn	2026-10-02T21:32:07	2026-10-02T21:37:50	mjolnircomp01fl	316530688
45821790	cazy	cmag_176	74e05862-a704-4e35-b0df-b1fe07bc87d6	COMPLETED	21	21	00:16.085		1	8Gn	2026-10-02T21:32:37	2026-10-02T21:32:58	mjolnirgpu03fl	812032
45821791	tigrfam	cmag_010	74e05862-a704-4e35-b0df-b1fe07bc87d6	COMPLETED	237	237	06:19.838		1	16Gn	2026-10-02T21:32:37	2026-10-02T21:36:34	mjolnircomp11fl	317349888
45821792	tigrfam	cmag_644	74e05862-a704-4e35-b0df-b1fe07bc87d6	COMPLETED	156	156	04:09.981		1	16Gn	2026-10-02T21:33:37	2026-10-02T21:36:13	mjolnircomp04fl	329541632
45821793	tigrfam	cmag_659	74e05862-a704-4e35-b0df-b1fe07bc87d6	COMPLETED	89	89	02:20.531		1	16Gn	2026-10-02T21:33:37	2026-10-02T21:35:06	mjolnircomp13fl	335506432
45821794	tigrfam	cmag_382	74e05862-a704-4e35-b0df-b1fe07bc87d6	COMPLETED	217	217	05:43.701		1	16Gn	2026-10-02T21:33:37	2026-10-02T21:37:14	mjolnirgpu01fl	433272832
45821795	pfam	cmag_619	74e05862-a704-4e35-b0df-b1fe07bc87d6	COMPLETED	457	457	11:48.314		1	8Gn	2026-10-02T21:32:37	2026-10-02T21:40:14	mjolnirgpu03fl	215115776
45821796	pfam	cmag_246	74e05862-a704-4e35-b0df-b1fe07bc87d6	COMPLETED	609	609	16:03.796		1	8Gn	2026-10-02T21:32:37	2026-10-02T21:42:46	mjolnircomp02fl	219758592
45821805	pfam	cmag_281	74e05862-a704-4e35-b0df-b1fe07bc87d6	COMPLETED	824	824	23:53.909		1	8Gn	2026-10-02T21:33:37	2026-10-02T21:47:21	mjolnircomp15fl	212427776
45821806	pfam	cmag_723	74e05862-a704-4e35-b0df-b1fe07bc87d6	COMPLETED	799	799	21:46.399		1	8Gn	2026-10-02T21:33:37	2026-10-02T21:46:56	mjolnircomp16fl	201102336
45821807	kegg	cmag_513	74e05862-a704-4e35-b0df-b1fe07bc87d6	COMPLETED	1481	1481	40:22.447		1	8Gn	2026-10-02T21:33:37	2026-10-02T21:58:18	mjolnircomp01fl	948373504
45821808	kegg	cmag_629	74e05862-a704-4e35-b0df-b1fe07bc87d6	COMPLETED	2358	2358	01:09:47		1	8Gn	2026-10-02T21:33:37	2026-10-02T22:12:55	mjolnirgpu01fl	853183488
45821816	ncbifam	cmag_806	74e05862-a704-4e35-b0df-b1fe07bc87d6	COMPLETED	632	632	17:36.889		1	16Gn	2026-10-02T21:34:07	2026-10-02T21:44:39	mjolnircomp11fl	403026944
45821817	kegg	cmag_162	74e05862-a704-4e35-b0df-b1fe07bc87d6	COMPLETED	2741	2741	01:20:46		1	8Gn	2026-10-02T21:34:07	2026-10-02T22:19:48	mjolnircomp16fl	1078729728
45821827	cazy	cmag_252	74e05862-a704-4e35-b0df-b1fe07bc87d6	COMPLETED	22	22	00:16.121		1	8Gn	2026-10-02T21:34:38	2026-10-02T21:35:00	mjolnirgpu03fl	818176
45821828	cazy	cmag_693	74e05862-a704-4e35-b0df-b1fe07bc87d6	COMPLETED	19	19	00:13.633		1	8Gn	2026-10-02T21:34:38	2026-10-02T21:34:57	mjolnirgpu03fl	817152
45821829	tigrfam	cmag_038	74e05862-a704-4e35-b0df-b1fe07bc87d6	COMPLETED	184	184	04:48.110		1	16Gn	2026-10-02T21:34:38	2026-10-02T21:37:42	mjolnircomp08fl	417340416
45821830	ncbifam	cmag_325	74e05862-a704-4e35-b0df-b1fe07bc87d6	COMPLETED	811	811	22:57.166		1	16Gn	2026-10-02T21:35:08	2026-10-02T21:48:39	mjolnircomp12fl	411783168
45821842	tigrfam	cmag_142	74e05862-a704-4e35-b0df-b1fe07bc87d6	COMPLETED	145	145	03:46.110		1	16Gn	2026-10-02T21:35:38	2026-10-02T21:38:03	mjolnircomp14fl	442771456
45821843	pfam	cmag_203	74e05862-a704-4e35-b0df-b1fe07bc87d6	COMPLETED	1024	1024	30:03.906		1	8Gn	2026-10-02T21:35:38	2026-10-02T21:52:42	mjolnirgpu01fl	196028416
45821844	prodigal	cmag_595	74e05862-a704-4e35-b0df-b1fe07bc87d6	COMPLETED	6	6	00:03.171		1	1555Mn	2026-10-02T21:35:38	2026-10-02T21:35:44	mjolnircomp02fl	798720
45821845	ncbifam	cmag_456	74e05862-a704-4e35-b0df-b1fe07bc87d6	COMPLETED	460	460	13:17.835		1	16Gn	2026-10-02T21:35:38	2026-10-02T21:43:18	mjolnircomp13fl	463948800
45821846	merge_gene_annotations	cmag_709	74e05862-a704-4e35-b0df-b1fe07bc87d6	COMPLETED	22	22	00:17.621		1	8Gn	2026-10-02T21:35:38	2026-10-02T21:36:00	mjolnircomp13fl	823296
45821847	prodigal	cmag_517	74e05862-a704-4e35-b0df-b1fe07bc87d6	COMPLETED	10	10	00:05.285		1	1967Mn	2026-10-02T21:35:38	2026-10-02T21:35:48	mjolnirgpu02fl	846848
45821848	ncbifam	cmag_635	74e05862-a704-4e35-b0df-b1fe07bc87d6	COMPLETED	570	570	16:48.800		1	16Gn	2026-10-02T21:35:38	2026-10-02T21:45:08	mjolnircomp13fl	388683776
45821849	kegg	cmag_531	74e05862-a704-4e35-b0df-b1fe07bc87d6	COMPLETED	1059	1059	30:43.759		1	8Gn	2026-10-02T21:35:38	2026-10-02T21:53:17	mjolnircomp16fl	749520896
45821850	cazy	cmag_052	74e05862-a704-4e35-b0df-b1fe07bc87d6	COMPLETED	17	17	00:13.614		1	8Gn	2026-10-02T21:35:38	2026-10-02T21:35:55	mjolnirgpu03fl	816128
45821860	prodigal	cmag_069	74e05862-a704-4e35-b0df-b1fe07bc87d6	COMPLETED	5	5	00:03.126		1	1553Mn	2026-10-02T21:36:08	2026-10-02T21:36:13	mjolnircomp02fl	800768
45821861	ncbifam	cmag_397	74e05862-a704-4e35-b0df-b1fe07bc87d6	COMPLETED	611	611	17:29.705		1	16Gn	2026-10-02T21:36:08	2026-10-02T21:46:19	mjolnircomp07fl	396025856
45821862	merge_gene_annotations	cmag_247	74e05862-a704-4e35-b0df-b1fe07bc87d6	COMPLETED	20	20	00:14.804		1	8Gn	2026-10-02T21:36:08	2026-10-02T21:36:28	mjolnircomp08fl	819200
45821863	kegg	cmag_764	74e05862-a704-4e35-b0df-b1fe07bc87d6	TIMEOUT	3679	3679	00:01.445		1	8Gn	2026-10-02T21:36:08	2026-10-02T22:37:27	mjolnircomp05fl	1152581632
45821871	prodigal	cmag_166	74e05862-a704-4e35-b0df-b1fe07bc87d6	COMPLETED	7	7	00:04.556		1	2502Mn	2026-10-02T21:36:38	2026-10-02T21:36:45	mjolnircomp02fl	801792
45821872	cazy	cmag_002	74e05862-a704-4e35-b0df-b1fe07bc87d6	COMPLETED	19	19	00:14.131		1	8Gn	2026-10-02T21:36:38	2026-10-02T21:36:57	mjolnircomp02fl	805888
45821873	pfam	cmag_316	74e05862-a704-4e35-b0df-b1fe07bc87d6	COMPLETED	403	403	10:36.351		1	8Gn	2026-10-02T21:36:38	2026-10-02T21:43:21	mjolnirgpu03fl	241797120
45821874	prodigal	cmag_685	74e05862-a704-4e35-b0df-b1fe07bc87d6	COMPLETED	11	11	00:07.962		1	5035Mn	2026-10-02T21:36:38	2026-10-02T21:36:49	mjolnirgpu03fl	817152
45821875	prodigal	cmag_301	74e05862-a704-4e35-b0df-b1fe07bc87d6	COMPLETED	6	6	00:03.139		1	1Gn	2026-10-02T21:36:38	2026-10-02T21:36:44	mjolnirgpu02fl	842752
45821876	kegg	cmag_072	74e05862-a704-4e35-b0df-b1fe07bc87d6	COMPLETED	1466	1466	42:51.575		1	8Gn	2026-10-02T21:36:38	2026-10-02T22:01:04	mjolnircomp14fl	1077340160
45821877	kegg	cmag_486	74e05862-a704-4e35-b0df-b1fe07bc87d6	COMPLETED	1895	1895	56:11.194		1	8Gn	2026-10-02T21:36:38	2026-10-02T22:08:13	mjolnircomp04fl	872586240
45821878	cazy	cmag_770	74e05862-a704-4e35-b0df-b1fe07bc87d6	COMPLETED	19	19	00:14.767		1	8Gn	2026-10-02T21:36:38	2026-10-02T21:36:57	mjolnirgpu03fl	817152
45821879	cazy	cmag_788	74e05862-a704-4e35-b0df-b1fe07bc87d6	COMPLETED	25	25	00:20.532		1	8Gn	2026-10-02T21:36:38	2026-10-02T21:37:03	mjolnirgpu03fl	816128
45821880	pfam	cmag_159	74e05862-a704-4e35-b0df-b1fe07bc87d6	COMPLETED	1498	1498	41:32.102		1	8Gn	2026-10-02T21:36:38	2026-10-02T22:01:36	mjolnirgpu02fl	213836800
45821881	pfam	cmag_091	74e05862-a704-4e35-b0df-b1fe07bc87d6	COMPLETED	1533	1533	39:36.211		1	8Gn	2026-10-02T21:36:38	2026-10-02T22:02:11	mjolnircomp05fl	190616576
45821900	merge_gene_annotations	cmag_341	74e05862-a704-4e35-b0df-b1fe07bc87d6	COMPLETED	18	18	00:14.114		1	8Gn	2026-10-02T21:37:39	2026-10-02T21:37:57	mjolnircomp16fl	824320
45821901	pfam	cmag_487	74e05862-a704-4e35-b0df-b1fe07bc87d6	COMPLETED	668	668	18:22.809		1	8Gn	2026-10-02T21:37:39	2026-10-02T21:48:47	mjolnircomp11fl	237232128
45821902	cazy	cmag_457	74e05862-a704-4e35-b0df-b1fe07bc87d6	COMPLETED	18	18	00:12.866		1	8Gn	2026-10-02T21:37:39	2026-10-02T21:37:57	mjolnircomp04fl	806912
45821903	cazy	cmag_791	74e05862-a704-4e35-b0df-b1fe07bc87d6	COMPLETED	27	27	00:20.771		1	8Gn	2026-10-02T21:37:39	2026-10-02T21:38:06	mjolnircomp11fl	819200
45821904	pfam	cmag_153	74e05862-a704-4e35-b0df-b1fe07bc87d6	COMPLETED	891	891	25:26.412		1	8Gn	2026-10-02T21:37:39	2026-10-02T21:52:30	mjolnircomp10fl	226247680
45821905	prodigal	cmag_421	74e05862-a704-4e35-b0df-b1fe07bc87d6	COMPLETED	16	16	00:13.377		1	4306Mn	2026-10-02T21:37:39	2026-10-02T21:37:55	mjolnircomp05fl	815104
45821906	merge_gene_annotations	cmag_399	74e05862-a704-4e35-b0df-b1fe07bc87d6	COMPLETED	18	18	00:13.071		1	8Gn	2026-10-02T21:37:39	2026-10-02T21:37:57	mjolnircomp14fl	847872
45821907	cazy	cmag_171	74e05862-a704-4e35-b0df-b1fe07bc87d6	COMPLETED	25	25	00:19.943		1	8Gn	2026-10-02T21:37:39	2026-10-02T21:38:04	mjolnircomp05fl	820224
45821919	tigrfam	cmag_160	74e05862-a704-4e35-b0df-b1fe07bc87d6	COMPLETED	271	271	07:11.281		1	16Gn	2026-10-02T21:38:09	2026-10-02T21:42:40	mjolnircomp08fl	399962112
45821920	prodigal	cmag_140	74e05862-a704-4e35-b0df-b1fe07bc87d6	COMPLETED	7	7	00:04.095		1	2233Mn	2026-10-02T21:38:09	2026-10-02T21:38:16	mjolnircomp04fl	800768
45821921	kegg	cmag_032	74e05862-a704-4e35-b0df-b1fe07bc87d6	COMPLETED	932	932	27:44.114		1	8Gn	2026-10-02T21:38:09	2026-10-02T21:53:41	mjolnircomp11fl	706890752
45821922	ncbifam	cmag_233	74e05862-a704-4e35-b0df-b1fe07bc87d6	COMPLETED	423	423	12:01.555		1	16Gn	2026-10-02T21:38:09	2026-10-02T21:45:12	mjolnircomp01fl	377799680
45821923	ncbifam	cmag_442	74e05862-a704-4e35-b0df-b1fe07bc87d6	COMPLETED	659	659	18:28.575		1	16Gn	2026-10-02T21:38:09	2026-10-02T21:49:08	mjolnircomp10fl	412797952
45821933	kegg	cmag_624	74e05862-a704-4e35-b0df-b1fe07bc87d6	COMPLETED	1360	1360	41:06.586		1	8Gn	2026-10-02T21:38:39	2026-10-02T22:01:19	mjolnircomp13fl	1127044096
45821934	cazy	cmag_158	74e05862-a704-4e35-b0df-b1fe07bc87d6	COMPLETED	27	27	00:21.345		1	8Gn	2026-10-02T21:38:39	2026-10-02T21:39:06	mjolnircomp06fl	819200
45821935	ncbifam	cmag_517	74e05862-a704-4e35-b0df-b1fe07bc87d6	COMPLETED	470	470	13:34.491		1	16Gn	2026-10-02T21:38:39	2026-10-02T21:46:29	mjolnircomp04fl	389656576
45821936	merge_gene_annotations	cmag_509	74e05862-a704-4e35-b0df-b1fe07bc87d6	COMPLETED	20	20	00:14.321		1	8Gn	2026-10-02T21:38:39	2026-10-02T21:38:59	mjolnircomp11fl	797696
45821937	prodigal	cmag_086	74e05862-a704-4e35-b0df-b1fe07bc87d6	COMPLETED	9	9	00:06.143		1	2690Mn	2026-10-02T21:38:39	2026-10-02T21:38:48	mjolnircomp06fl	818176
45821938	merge_gene_annotations	cmag_597	74e05862-a704-4e35-b0df-b1fe07bc87d6	COMPLETED	23	23	00:18.068		1	8Gn	2026-10-02T21:38:39	2026-10-02T21:39:02	mjolnircomp16fl	824320
45821939	prodigal	cmag_684	74e05862-a704-4e35-b0df-b1fe07bc87d6	COMPLETED	12	12	00:09.040		1	3174Mn	2026-10-02T21:38:39	2026-10-02T21:38:51	mjolnircomp06fl	820224
45821940	prodigal	cmag_572	74e05862-a704-4e35-b0df-b1fe07bc87d6	COMPLETED	9	9	00:05.323		1	2567Mn	2026-10-02T21:38:39	2026-10-02T21:38:48	mjolnirgpu03fl	822272
45821941	pfam	cmag_161	74e05862-a704-4e35-b0df-b1fe07bc87d6	COMPLETED	614	614	17:35.132		1	8Gn	2026-10-02T21:38:39	2026-10-02T21:48:53	mjolnircomp13fl	192726016
45821942	prodigal	cmag_022	74e05862-a704-4e35-b0df-b1fe07bc87d6	COMPLETED	7	7	00:03.406		1	1589Mn	2026-10-02T21:38:39	2026-10-02T21:38:46	mjolnirgpu03fl	822272
45821943	merge_gene_annotations	cmag_449	74e05862-a704-4e35-b0df-b1fe07bc87d6	COMPLETED	16	16	00:10.803		1	8Gn	2026-10-02T21:38:39	2026-10-02T21:38:55	mjolnircomp15fl	840704
45821960	kegg	cmag_100	74e05862-a704-4e35-b0df-b1fe07bc87d6	COMPLETED	1715	1715	50:45.276		1	8Gn	2026-10-02T21:39:09	2026-10-02T22:07:44	mjolnircomp14fl	963772416
45821961	pfam	cmag_387	74e05862-a704-4e35-b0df-b1fe07bc87d6	COMPLETED	1052	1052	29:02.260		1	8Gn	2026-10-02T21:39:40	2026-10-02T21:57:12	mjolnircomp06fl	248399872
45821962	cazy	cmag_512	74e05862-a704-4e35-b0df-b1fe07bc87d6	COMPLETED	16	16	00:11.139		1	8Gn	2026-10-02T21:39:40	2026-10-02T21:39:56	mjolnircomp14fl	849920
45821963	cazy	cmag_346	74e05862-a704-4e35-b0df-b1fe07bc87d6	COMPLETED	16	16	00:11.845		1	8Gn	2026-10-02T21:39:40	2026-10-02T21:39:56	mjolnircomp14fl	844800
45821964	ncbifam	cmag_261	74e05862-a704-4e35-b0df-b1fe07bc87d6	COMPLETED	397	397	10:54.871		1	16Gn	2026-10-02T21:39:40	2026-10-02T21:46:17	mjolnircomp08fl	372630528
45821965	tigrfam	cmag_417	74e05862-a704-4e35-b0df-b1fe07bc87d6	COMPLETED	155	155	04:06.919		1	16Gn	2026-10-02T21:39:40	2026-10-02T21:42:15	mjolnircomp10fl	358949888
45821966	tigrfam	cmag_039	74e05862-a704-4e35-b0df-b1fe07bc87d6	COMPLETED	243	243	06:29.468		1	16Gn	2026-10-02T21:39:40	2026-10-02T21:43:43	mjolnircomp10fl	397775872
45821967	cazy	cmag_194	74e05862-a704-4e35-b0df-b1fe07bc87d6	COMPLETED	17	17	00:12.211		1	8Gn	2026-10-02T21:39:40	2026-10-02T21:39:57	mjolnircomp02fl	818176
45821968	cazy	cmag_379	74e05862-a704-4e35-b0df-b1fe07bc87d6	COMPLETED	27	27	00:21.794		1	8Gn	2026-10-02T21:39:40	2026-10-02T21:40:07	mjolnirgpu03fl	818176
45821969	pfam	cmag_405	74e05862-a704-4e35-b0df-b1fe07bc87d6	COMPLETED	1805	1805	46:32.957		1	8Gn	2026-10-02T21:39:40	2026-10-02T22:09:45	mjolnircomp05fl	219911168
45821970	merge_gene_annotations	cmag_697	74e05862-a704-4e35-b0df-b1fe07bc87d6	COMPLETED	17	17	00:12.866		1	8Gn	2026-10-02T21:39:40	2026-10-02T21:39:57	mjolnircomp04fl	806912
45821971	prodigal	cmag_607	74e05862-a704-4e35-b0df-b1fe07bc87d6	COMPLETED	7	7	00:04.802		1	3792Mn	2026-10-02T21:39:40	2026-10-02T21:39:47	mjolnircomp02fl	812032
45821972	prodigal	cmag_571	74e05862-a704-4e35-b0df-b1fe07bc87d6	COMPLETED	8	8	00:05.648		1	4306Mn	2026-10-02T21:39:40	2026-10-02T21:39:48	mjolnircomp02fl	817152
45821985	pfam	cmag_327	74e05862-a704-4e35-b0df-b1fe07bc87d6	COMPLETED	598	598	16:18.743		1	8Gn	2026-10-02T21:40:10	2026-10-02T21:50:08	mjolnircomp04fl	218649600
45821986	cazy	cmag_673	74e05862-a704-4e35-b0df-b1fe07bc87d6	COMPLETED	16	16	00:12.738		1	8Gn	2026-10-02T21:40:10	2026-10-02T21:40:26	mjolnircomp02fl	815104
45821987	pfam	cmag_324	74e05862-a704-4e35-b0df-b1fe07bc87d6	COMPLETED	1292	1292	36:11.562		1	8Gn	2026-10-02T21:40:10	2026-10-02T22:01:42	mjolnircomp03fl	202211328
45821988	tigrfam	cmag_354	74e05862-a704-4e35-b0df-b1fe07bc87d6	COMPLETED	172	172	04:29.506		1	16Gn	2026-10-02T21:40:10	2026-10-02T21:43:02	mjolnircomp11fl	318219264
45821999	ncbifam	cmag_463	74e05862-a704-4e35-b0df-b1fe07bc87d6	COMPLETED	1007	1007	27:55.208		1	16Gn	2026-10-02T21:40:40	2026-10-02T21:57:27	mjolnircomp16fl	437258240
45822000	cazy	cmag_602	74e05862-a704-4e35-b0df-b1fe07bc87d6	COMPLETED	21	21	00:15.170		1	8Gn	2026-10-02T21:40:40	2026-10-02T21:41:01	mjolnirgpu03fl	815104
45822001	pfam	cmag_174	74e05862-a704-4e35-b0df-b1fe07bc87d6	COMPLETED	568	568	15:11.235		1	8Gn	2026-10-02T21:40:40	2026-10-02T21:50:08	mjolnirgpu03fl	217987072
45822002	tigrfam	cmag_211	74e05862-a704-4e35-b0df-b1fe07bc87d6	COMPLETED	253	253	06:36.892		1	16Gn	2026-10-02T21:40:40	2026-10-02T21:44:53	mjolnircomp16fl	368094208
45822003	kegg	cmag_752	74e05862-a704-4e35-b0df-b1fe07bc87d6	COMPLETED	2370	2370	01:09:21		1	8Gn	2026-10-02T21:40:40	2026-10-02T22:20:10	mjolnircomp11fl	925064192
45822004	kegg	cmag_546	74e05862-a704-4e35-b0df-b1fe07bc87d6	COMPLETED	1934	1934	56:20.401		1	8Gn	2026-10-02T21:40:40	2026-10-02T22:12:54	mjolnircomp11fl	946214912
45822005	kegg	cmag_812	74e05862-a704-4e35-b0df-b1fe07bc87d6	COMPLETED	1574	1574	44:16.451		1	8Gn	2026-10-02T21:40:40	2026-10-02T22:06:54	mjolnircomp03fl	939444224
45822006	tigrfam	cmag_156	74e05862-a704-4e35-b0df-b1fe07bc87d6	COMPLETED	157	157	04:05.839		1	16Gn	2026-10-02T21:40:40	2026-10-02T21:43:17	mjolnircomp13fl	401799168
45822007	kegg	cmag_664	74e05862-a704-4e35-b0df-b1fe07bc87d6	COMPLETED	1535	1535	44:46.953		1	8Gn	2026-10-02T21:40:40	2026-10-02T22:06:15	mjolnircomp04fl	1209174016
45822008	ncbifam	cmag_159	74e05862-a704-4e35-b0df-b1fe07bc87d6	COMPLETED	880	880	24:47.408		1	16Gn	2026-10-02T21:40:40	2026-10-02T21:55:20	mjolnircomp16fl	383773696
45822009	ncbifam	cmag_091	74e05862-a704-4e35-b0df-b1fe07bc87d6	COMPLETED	635	635	18:20.248		1	16Gn	2026-10-02T21:40:40	2026-10-02T21:51:15	mjolnircomp13fl	480634880
45822010	merge_gene_annotations	cmag_008	74e05862-a704-4e35-b0df-b1fe07bc87d6	COMPLETED	18	18	00:12.528		1	8Gn	2026-10-02T21:40:40	2026-10-02T21:40:58	mjolnircomp14fl	858112
45822028	cazy	cmag_037	74e05862-a704-4e35-b0df-b1fe07bc87d6	COMPLETED	24	24	00:17.856		1	8Gn	2026-10-02T21:41:10	2026-10-02T21:41:34	mjolnircomp04fl	795648
45822029	cazy	cmag_072	74e05862-a704-4e35-b0df-b1fe07bc87d6	COMPLETED	29	29	00:23.245		1	8Gn	2026-10-02T21:41:10	2026-10-02T21:41:39	mjolnircomp05fl	816128
45822030	prodigal	cmag_393	74e05862-a704-4e35-b0df-b1fe07bc87d6	COMPLETED	20	20	00:16.989		1	3603Mn	2026-10-02T21:41:10	2026-10-02T21:41:30	mjolnircomp05fl	817152
45822031	cazy	cmag_629	74e05862-a704-4e35-b0df-b1fe07bc87d6	COMPLETED	21	21	00:15.941		1	8Gn	2026-10-02T21:41:10	2026-10-02T21:41:31	mjolnircomp15fl	837632
45822051	ncbifam	cmag_173	74e05862-a704-4e35-b0df-b1fe07bc87d6	COMPLETED	820	820	23:44.327		1	16Gn	2026-10-02T21:42:11	2026-10-02T21:55:51	mjolnircomp14fl	493473792
45822053	pfam	cmag_788	74e05862-a704-4e35-b0df-b1fe07bc87d6	COMPLETED	1363	1363	35:11.648		1	8Gn	2026-10-02T21:42:11	2026-10-02T22:04:54	mjolnircomp05fl	193712128
45822054	prodigal	cmag_610	74e05862-a704-4e35-b0df-b1fe07bc87d6	COMPLETED	8	8	00:05.962		1	2068Mn	2026-10-02T21:42:11	2026-10-02T21:42:19	mjolnircomp04fl	806912
45822057	ncbifam	cmag_487	74e05862-a704-4e35-b0df-b1fe07bc87d6	COMPLETED	594	594	16:28.028		1	16Gn	2026-10-02T21:42:11	2026-10-02T21:52:05	mjolnircomp14fl	448752640
45822060	tigrfam	cmag_292	74e05862-a704-4e35-b0df-b1fe07bc87d6	COMPLETED	275	275	06:32.529		1	16Gn	2026-10-02T21:42:11	2026-10-02T21:46:46	mjolnircomp17fl	297459712
45822061	ncbifam	cmag_316	74e05862-a704-4e35-b0df-b1fe07bc87d6	COMPLETED	298	298	08:27.210		1	16Gn	2026-10-02T21:42:11	2026-10-02T21:47:09	mjolnircomp04fl	494435328
45822066	kegg	cmag_235	74e05862-a704-4e35-b0df-b1fe07bc87d6	COMPLETED	2480	2480	01:09:52		1	8Gn	2026-10-02T21:43:11	2026-10-02T22:24:31	mjolnircomp08fl	985102336
45822067	tigrfam	cmag_325	74e05862-a704-4e35-b0df-b1fe07bc87d6	COMPLETED	189	189	05:02.475		1	16Gn	2026-10-02T21:43:11	2026-10-02T21:46:20	mjolnircomp13fl	318423040
45822068	ncbifam	cmag_153	74e05862-a704-4e35-b0df-b1fe07bc87d6	COMPLETED	965	965	27:20.994		1	16Gn	2026-10-02T21:43:11	2026-10-02T21:59:16	mjolnircomp10fl	410911744
45822070	cazy	cmag_790	74e05862-a704-4e35-b0df-b1fe07bc87d6	COMPLETED	20	20	00:14.501		1	8Gn	2026-10-02T21:43:11	2026-10-02T21:43:31	mjolnircomp04fl	795648
45822071	kegg	cmag_446	74e05862-a704-4e35-b0df-b1fe07bc87d6	COMPLETED	1692	1692	49:57.446		1	8Gn	2026-10-02T21:43:11	2026-10-02T22:11:23	mjolnircomp10fl	1040727040
45822072	merge_gene_annotations	cmag_411	74e05862-a704-4e35-b0df-b1fe07bc87d6	COMPLETED	20	20	00:14.376		1	8Gn	2026-10-02T21:43:11	2026-10-02T21:43:31	mjolnircomp10fl	825344
45822090	prodigal	cmag_191	74e05862-a704-4e35-b0df-b1fe07bc87d6	COMPLETED	7	7	00:04.090		1	1665Mn	2026-10-02T21:43:41	2026-10-02T21:43:48	mjolnirgpu02fl	839680
45822091	tigrfam	cmag_456	74e05862-a704-4e35-b0df-b1fe07bc87d6	COMPLETED	126	126	03:14.685		1	16Gn	2026-10-02T21:43:41	2026-10-02T21:45:47	mjolnircomp16fl	384339968
45822092	tigrfam	cmag_635	74e05862-a704-4e35-b0df-b1fe07bc87d6	COMPLETED	158	158	04:03.716		1	16Gn	2026-10-02T21:43:41	2026-10-02T21:46:19	mjolnircomp02fl	311892992
45822093	cazy	cmag_486	74e05862-a704-4e35-b0df-b1fe07bc87d6	COMPLETED	29	29	00:24.403		1	8Gn	2026-10-02T21:43:41	2026-10-02T21:44:10	mjolnirgpu02fl	833536
45822094	cazy	cmag_764	74e05862-a704-4e35-b0df-b1fe07bc87d6	COMPLETED	18	18	00:12.972		1	8Gn	2026-10-02T21:43:41	2026-10-02T21:43:59	mjolnircomp02fl	824320
45822095	cazy	cmag_531	74e05862-a704-4e35-b0df-b1fe07bc87d6	COMPLETED	16	16	00:10.555		1	8Gn	2026-10-02T21:43:41	2026-10-02T21:43:57	mjolnircomp03fl	812032
45822096	ncbifam	cmag_619	74e05862-a704-4e35-b0df-b1fe07bc87d6	COMPLETED	339	339	09:22.850		1	16Gn	2026-10-02T21:43:41	2026-10-02T21:49:20	mjolnircomp10fl	703954944
45822097	prodigal	cmag_682	74e05862-a704-4e35-b0df-b1fe07bc87d6	COMPLETED	6	6	00:03.518		1	2080Mn	2026-10-02T21:43:41	2026-10-02T21:43:47	mjolnircomp04fl	805888
45822098	ncbifam	cmag_246	74e05862-a704-4e35-b0df-b1fe07bc87d6	COMPLETED	572	572	15:44.681		1	16Gn	2026-10-02T21:43:41	2026-10-02T21:53:13	mjolnircomp02fl	405127168
45822100	tigrfam	cmag_528	74e05862-a704-4e35-b0df-b1fe07bc87d6	COMPLETED	188	188	04:44.865		1	16Gn	2026-10-02T21:43:41	2026-10-02T21:46:49	mjolnircomp02fl	287356928
45822101	ncbifam	cmag_203	74e05862-a704-4e35-b0df-b1fe07bc87d6	COMPLETED	743	743	19:54.596		1	16Gn	2026-10-02T21:43:41	2026-10-02T21:56:04	mjolnircomp02fl	403324928
45822112	kegg	cmag_452	74e05862-a704-4e35-b0df-b1fe07bc87d6	COMPLETED	2288	2288	01:03:31		1	8Gn	2026-10-02T21:44:12	2026-10-02T22:22:20	mjolnircomp02fl	824270848
45822113	tigrfam	cmag_496	74e05862-a704-4e35-b0df-b1fe07bc87d6	COMPLETED	254	254	06:34.601		1	16Gn	2026-10-02T21:44:12	2026-10-02T21:48:26	mjolnircomp02fl	377569280
45822114	pfam	cmag_158	74e05862-a704-4e35-b0df-b1fe07bc87d6	COMPLETED	1284	1284	33:31.174		1	8Gn	2026-10-02T21:44:12	2026-10-02T22:05:36	mjolnircomp06fl	220206080
45822115	pfam	cmag_693	74e05862-a704-4e35-b0df-b1fe07bc87d6	COMPLETED	552	552	15:08.652		1	8Gn	2026-10-02T21:44:12	2026-10-02T21:53:24	mjolnircomp04fl	194258944
45822116	merge_gene_annotations	cmag_724	74e05862-a704-4e35-b0df-b1fe07bc87d6	COMPLETED	21	21	00:15.522		1	8Gn	2026-10-02T21:44:12	2026-10-02T21:44:33	mjolnircomp11fl	811008
45822117	kegg	cmag_580	74e05862-a704-4e35-b0df-b1fe07bc87d6	COMPLETED	747	747	21:34.054		1	8Gn	2026-10-02T21:44:12	2026-10-02T21:56:39	mjolnircomp10fl	853056512
45822118	cazy	cmag_657	74e05862-a704-4e35-b0df-b1fe07bc87d6	COMPLETED	14	14	00:09.427		1	8Gn	2026-10-02T21:44:12	2026-10-02T21:44:26	mjolnircomp04fl	808960
45822119	kegg	cmag_544	74e05862-a704-4e35-b0df-b1fe07bc87d6	COMPLETED	1249	1249	37:28.044		1	8Gn	2026-10-02T21:44:12	2026-10-02T22:05:01	mjolnircomp13fl	1237189632
45822140	ncbifam	cmag_307	74e05862-a704-4e35-b0df-b1fe07bc87d6	COMPLETED	475	475	13:14.377		1	16Gn	2026-10-02T21:45:12	2026-10-02T21:53:07	mjolnircomp11fl	404414464
45822141	tigrfam	cmag_233	74e05862-a704-4e35-b0df-b1fe07bc87d6	COMPLETED	105	105	02:41.695		1	16Gn	2026-10-02T21:45:12	2026-10-02T21:46:57	mjolnircomp13fl	417095680
45822142	kegg	cmag_470	74e05862-a704-4e35-b0df-b1fe07bc87d6	COMPLETED	1820	1820	54:27.656		1	8Gn	2026-10-02T21:45:12	2026-10-02T22:15:32	mjolnircomp13fl	964408320
45822143	prodigal	cmag_326	74e05862-a704-4e35-b0df-b1fe07bc87d6	COMPLETED	19	19	00:06.980		1	4263Mn	2026-10-02T21:45:12	2026-10-02T21:45:31	mjolnircomp17fl	1153024
45822144	prodigal	cmag_028	74e05862-a704-4e35-b0df-b1fe07bc87d6	COMPLETED	23	23	00:11.278		1	3536Mn	2026-10-02T21:45:12	2026-10-02T21:45:35	mjolnircomp17fl	1161216
45822145	prodigal	cmag_537	74e05862-a704-4e35-b0df-b1fe07bc87d6	COMPLETED	18	18	00:06.022		1	3956Mn	2026-10-02T21:45:12	2026-10-02T21:45:30	mjolnircomp17fl	1148928
45822165	pfam	cmag_372	74e05862-a704-4e35-b0df-b1fe07bc87d6	COMPLETED	1417	1417	36:52.326		1	8Gn	2026-10-02T21:45:42	2026-10-02T22:09:19	mjolnircomp05fl	183540736
45822166	tigrfam	cmag_397	74e05862-a704-4e35-b0df-b1fe07bc87d6	COMPLETED	156	156	04:10.092		1	16Gn	2026-10-02T21:45:42	2026-10-02T21:48:18	mjolnircomp01fl	329938944
45822167	kegg	cmag_595	74e05862-a704-4e35-b0df-b1fe07bc87d6	TIMEOUT	1933	1933	00:01.434		1	8Gn	2026-10-02T21:45:42	2026-10-02T22:17:55	mjolnircomp05fl	963290112
45822168	kegg	cmag_685	74e05862-a704-4e35-b0df-b1fe07bc87d6	COMPLETED	2994	2994	01:23:40		1	8Gn	2026-10-02T21:45:42	2026-10-02T22:35:36	mjolnircomp09fl	895047680
45822169	ncbifam	cmag_405	74e05862-a704-4e35-b0df-b1fe07bc87d6	COMPLETED	825	825	22:41.215		1	16Gn	2026-10-02T21:45:42	2026-10-02T21:59:27	mjolnircomp10fl	364686336
45822170	kegg	cmag_776	74e05862-a704-4e35-b0df-b1fe07bc87d6	COMPLETED	968	968	28:16.723		1	8Gn	2026-10-02T21:45:42	2026-10-02T22:01:50	mjolnircomp04fl	903560192
45822171	kegg	cmag_517	74e05862-a704-4e35-b0df-b1fe07bc87d6	COMPLETED	1024	1024	30:27.770		1	8Gn	2026-10-02T21:45:42	2026-10-02T22:02:46	mjolnircomp04fl	1116933120
45822186	ncbifam	cmag_706	74e05862-a704-4e35-b0df-b1fe07bc87d6	COMPLETED	1005	1005	29:11.030		1	16Gn	2026-10-02T21:46:12	2026-10-02T22:02:57	mjolnircomp13fl	589099008
45822187	cazy	cmag_032	74e05862-a704-4e35-b0df-b1fe07bc87d6	COMPLETED	15	15	00:10.583		1	8Gn	2026-10-02T21:46:42	2026-10-02T21:46:57	mjolnircomp13fl	825344
45822188	kegg	cmag_301	74e05862-a704-4e35-b0df-b1fe07bc87d6	COMPLETED	655	655	18:07.115		1	8Gn	2026-10-02T21:46:12	2026-10-02T21:57:07	mjolnircomp15fl	866846720
45822189	pfam	cmag_194	74e05862-a704-4e35-b0df-b1fe07bc87d6	TIMEOUT	1501	1501	37:53.984		1	8Gn	2026-10-02T21:46:12	2026-10-02T22:11:13	mjolnircomp05fl	191865856
45822190	ncbifam	cmag_398	74e05862-a704-4e35-b0df-b1fe07bc87d6	COMPLETED	458	458	12:25.193		1	16Gn	2026-10-02T21:46:12	2026-10-02T21:53:50	mjolnircomp12fl	370451456
45822191	ncbifam	cmag_387	74e05862-a704-4e35-b0df-b1fe07bc87d6	COMPLETED	573	573	15:48.278		1	16Gn	2026-10-02T21:46:12	2026-10-02T21:55:45	mjolnircomp16fl	334755840
45822199	ncbifam	cmag_063	74e05862-a704-4e35-b0df-b1fe07bc87d6	COMPLETED	870	870	23:19.794		1	16Gn	2026-10-02T21:47:12	2026-10-02T22:01:42	mjolnirgpu03fl	412631040
45822200	merge_gene_annotations	cmag_200	74e05862-a704-4e35-b0df-b1fe07bc87d6	COMPLETED	19	19	00:12.799		1	8Gn	2026-10-02T21:47:12	2026-10-02T21:47:31	mjolnircomp07fl	882688
45822201	cazy	cmag_546	74e05862-a704-4e35-b0df-b1fe07bc87d6	COMPLETED	21	21	00:16.107		1	8Gn	2026-10-02T21:47:12	2026-10-02T21:47:33	mjolnircomp13fl	822272
45822202	cazy	cmag_752	74e05862-a704-4e35-b0df-b1fe07bc87d6	COMPLETED	26	26	00:20.507		1	8Gn	2026-10-02T21:47:12	2026-10-02T21:47:38	mjolnircomp04fl	804864
45822203	cazy	cmag_664	74e05862-a704-4e35-b0df-b1fe07bc87d6	COMPLETED	17	17	00:12.812		1	8Gn	2026-10-02T21:47:12	2026-10-02T21:47:29	mjolnircomp13fl	827392
45822204	prodigal	cmag_413	74e05862-a704-4e35-b0df-b1fe07bc87d6	COMPLETED	9	9	00:06.196		1	1895Mn	2026-10-02T21:47:12	2026-10-02T21:47:21	mjolnircomp06fl	823296
45822205	kegg	cmag_607	74e05862-a704-4e35-b0df-b1fe07bc87d6	COMPLETED	2267	2267	01:04:59		1	8Gn	2026-10-02T21:47:12	2026-10-02T22:24:59	mjolnircomp08fl	1118120960
45822206	kegg	cmag_571	74e05862-a704-4e35-b0df-b1fe07bc87d6	COMPLETED	4117	4117	01:57:44		1	8Gn	2026-10-02T21:47:12	2026-10-02T22:55:49	mjolnirgpu02fl	947389440
45822217	ncbifam	cmag_765	74e05862-a704-4e35-b0df-b1fe07bc87d6	COMPLETED	595	595	16:09.599		1	16Gn	2026-10-02T21:47:42	2026-10-02T21:57:37	mjolnircomp10fl	472213504
45822218	ncbifam	cmag_271	74e05862-a704-4e35-b0df-b1fe07bc87d6	COMPLETED	1021	1021	28:47.651		1	16Gn	2026-10-02T21:47:42	2026-10-02T22:04:43	mjolnircomp16fl	386000896
45822219	pfam	cmag_379	74e05862-a704-4e35-b0df-b1fe07bc87d6	COMPLETED	1133	1133	32:05.250		1	8Gn	2026-10-02T21:47:42	2026-10-02T22:06:35	mjolnircomp13fl	244423680
45822220	cazy	cmag_812	74e05862-a704-4e35-b0df-b1fe07bc87d6	COMPLETED	27	27	00:22.208		1	8Gn	2026-10-02T21:47:42	2026-10-02T21:48:09	mjolnircomp06fl	820224
45822221	pfam	cmag_346	74e05862-a704-4e35-b0df-b1fe07bc87d6	COMPLETED	519	519	14:46.925		1	8Gn	2026-10-02T21:47:42	2026-10-02T21:56:21	mjolnircomp15fl	225339392
45822222	tigrfam	cmag_019	74e05862-a704-4e35-b0df-b1fe07bc87d6	COMPLETED	125	125	03:17.664		1	16Gn	2026-10-02T21:47:42	2026-10-02T21:49:47	mjolnircomp13fl	405551104
45822223	ncbifam	cmag_324	74e05862-a704-4e35-b0df-b1fe07bc87d6	COMPLETED	1069	1069	30:40.823		1	16Gn	2026-10-02T21:47:42	2026-10-02T22:05:31	mjolnircomp13fl	432460800
45822224	kegg	cmag_140	74e05862-a704-4e35-b0df-b1fe07bc87d6	COMPLETED	1202	1202	36:31.356		1	8Gn	2026-10-02T21:47:42	2026-10-02T22:07:44	mjolnircomp13fl	921978880
45822225	ncbifam	cmag_174	74e05862-a704-4e35-b0df-b1fe07bc87d6	COMPLETED	467	467	13:37.521		1	16Gn	2026-10-02T21:47:42	2026-10-02T21:55:29	mjolnircomp03fl	488371200
45822243	pfam	cmag_502	74e05862-a704-4e35-b0df-b1fe07bc87d6	COMPLETED	1200	1200	32:36.090		1	8Gn	2026-10-02T21:48:13	2026-10-02T22:08:13	mjolnircomp08fl	233278464
45822244	prodigal	cmag_296	74e05862-a704-4e35-b0df-b1fe07bc87d6	COMPLETED	9	9	00:06.325		1	2176Mn	2026-10-02T21:48:13	2026-10-02T21:48:22	mjolnircomp06fl	814080
45822245	pfam	cmag_673	74e05862-a704-4e35-b0df-b1fe07bc87d6	COMPLETED	824	824	22:01.152		1	8Gn	2026-10-02T21:48:13	2026-10-02T22:01:57	mjolnircomp08fl	198209536
45822246	tigrfam	cmag_619	74e05862-a704-4e35-b0df-b1fe07bc87d6	COMPLETED	91	91	02:20.602		1	16Gn	2026-10-02T21:48:13	2026-10-02T21:49:44	mjolnircomp12fl	330785792
45822247	pfam	cmag_602	74e05862-a704-4e35-b0df-b1fe07bc87d6	COMPLETED	1511	1511	40:13.496		1	8Gn	2026-10-02T21:48:13	2026-10-02T22:13:24	mjolnircomp06fl	220613632
45822248	cazy	cmag_108	74e05862-a704-4e35-b0df-b1fe07bc87d6	COMPLETED	26	26	00:21.729		1	8Gn	2026-10-02T21:48:13	2026-10-02T21:48:39	mjolnircomp06fl	811008
45822271	pfam	cmag_422	74e05862-a704-4e35-b0df-b1fe07bc87d6	COMPLETED	1035	1035	28:46.789		1	8Gn	2026-10-02T21:49:13	2026-10-02T22:06:28	mjolnircomp12fl	198636544
45822272	prodigal	cmag_332	74e05862-a704-4e35-b0df-b1fe07bc87d6	COMPLETED	10	10	00:07.180		1	2177Mn	2026-10-02T21:49:13	2026-10-02T21:49:23	mjolnircomp06fl	819200
45822273	tigrfam	cmag_159	74e05862-a704-4e35-b0df-b1fe07bc87d6	COMPLETED	206	206	05:31.635		1	16Gn	2026-10-02T21:49:13	2026-10-02T21:52:39	mjolnircomp10fl	355018752
45822274	cazy	cmag_580	74e05862-a704-4e35-b0df-b1fe07bc87d6	COMPLETED	14	14	00:09.392		1	8Gn	2026-10-02T21:49:13	2026-10-02T21:49:27	mjolnircomp04fl	804864
45822275	tigrfam	cmag_091	74e05862-a704-4e35-b0df-b1fe07bc87d6	COMPLETED	177	177	04:46.539		1	16Gn	2026-10-02T21:49:13	2026-10-02T21:52:10	mjolnircomp13fl	331299840
45822276	cazy	cmag_797	74e05862-a704-4e35-b0df-b1fe07bc87d6	COMPLETED	21	21	00:17.011		1	8Gn	2026-10-02T21:49:13	2026-10-02T21:49:34	mjolnircomp03fl	813056
45822277	kegg	cmag_022	74e05862-a704-4e35-b0df-b1fe07bc87d6	COMPLETED	1141	1141	33:11.682		1	8Gn	2026-10-02T21:49:13	2026-10-02T22:08:14	mjolnircomp12fl	1075548160
45822278	kegg	cmag_684	74e05862-a704-4e35-b0df-b1fe07bc87d6	COMPLETED	1954	1954	56:19.077		1	8Gn	2026-10-02T21:49:13	2026-10-02T22:21:47	mjolnircomp11fl	835764224
45822279	prodigal	cmag_223	74e05862-a704-4e35-b0df-b1fe07bc87d6	COMPLETED	11	11	00:08.487		1	3066Mn	2026-10-02T21:49:13	2026-10-02T21:49:24	mjolnircomp04fl	809984
45822294	tigrfam	cmag_463	74e05862-a704-4e35-b0df-b1fe07bc87d6	COMPLETED	264	264	06:46.042		1	16Gn	2026-10-02T21:49:43	2026-10-02T21:54:07	mjolnircomp02fl	318937088
45822295	prodigal	cmag_330	74e05862-a704-4e35-b0df-b1fe07bc87d6	COMPLETED	7	7	00:04.486		1	3051Mn	2026-10-02T21:49:43	2026-10-02T21:49:50	mjolnircomp10fl	823296
45822296	tigrfam	cmag_533	74e05862-a704-4e35-b0df-b1fe07bc87d6	COMPLETED	116	116	03:01.373		1	16Gn	2026-10-02T21:49:43	2026-10-02T21:51:39	mjolnircomp02fl	359110656
45822297	pfam	cmag_512	74e05862-a704-4e35-b0df-b1fe07bc87d6	COMPLETED	515	515	14:18.689		1	8Gn	2026-10-02T21:49:43	2026-10-02T21:58:18	mjolnircomp10fl	217709568
45822298	kegg	cmag_086	74e05862-a704-4e35-b0df-b1fe07bc87d6	COMPLETED	2240	2240	01:01:46		1	8Gn	2026-10-02T21:49:43	2026-10-02T22:27:03	mjolnirgpu03fl	800832512
45822299	kegg	cmag_605	74e05862-a704-4e35-b0df-b1fe07bc87d6	COMPLETED	2609	2609	01:13:45		1	8Gn	2026-10-02T21:49:43	2026-10-02T22:33:12	mjolnirgpu03fl	961811456
45822300	prodigal	cmag_104	74e05862-a704-4e35-b0df-b1fe07bc87d6	COMPLETED	25	25	00:22.425		1	4419Mn	2026-10-02T21:49:43	2026-10-02T21:50:08	mjolnircomp06fl	817152
45822317	cazy	cmag_278	74e05862-a704-4e35-b0df-b1fe07bc87d6	COMPLETED	31	31	00:26.432		1	8Gn	2026-10-02T21:50:13	2026-10-02T21:50:44	mjolnircomp06fl	77847552
45822318	pfam	cmag_398	74e05862-a704-4e35-b0df-b1fe07bc87d6	COMPLETED	518	518	14:11.186		1	8Gn	2026-10-02T21:50:13	2026-10-02T21:58:51	mjolnircomp04fl	214758400
45822319	tigrfam	cmag_685	74e05862-a704-4e35-b0df-b1fe07bc87d6	COMPLETED	273	273	07:17.614		1	16Gn	2026-10-02T21:50:13	2026-10-02T21:54:46	mjolnircomp13fl	311348224
45822320	pfam	cmag_002	74e05862-a704-4e35-b0df-b1fe07bc87d6	COMPLETED	860	860	23:44.806		1	8Gn	2026-10-02T21:50:13	2026-10-02T22:04:33	mjolnircomp12fl	208201728
45822321	ncbifam	cmag_533	74e05862-a704-4e35-b0df-b1fe07bc87d6	COMPLETED	456	456	13:23.625		1	16Gn	2026-10-02T21:50:13	2026-10-02T21:57:49	mjolnircomp03fl	410880000
45822322	ncbifam	cmag_019	74e05862-a704-4e35-b0df-b1fe07bc87d6	COMPLETED	688	688	18:01.716		1	16Gn	2026-10-02T21:50:13	2026-10-02T22:01:41	mjolnirgpu03fl	427485184
45822323	kegg	cmag_797	74e05862-a704-4e35-b0df-b1fe07bc87d6	COMPLETED	2001	2001	01:00:11		1	8Gn	2026-10-02T21:50:13	2026-10-02T22:23:34	mjolnircomp10fl	880821248
45822324	kegg	cmag_108	74e05862-a704-4e35-b0df-b1fe07bc87d6	COMPLETED	1642	1642	46:36.001		1	8Gn	2026-10-02T21:50:13	2026-10-02T22:17:35	mjolnircomp05fl	1314883584
45822325	kegg	cmag_074	74e05862-a704-4e35-b0df-b1fe07bc87d6	COMPLETED	1246	1246	36:44.969		1	8Gn	2026-10-02T21:50:13	2026-10-02T22:10:59	mjolnirgpu01fl	925700096
45822341	ncbifam	cmag_281	74e05862-a704-4e35-b0df-b1fe07bc87d6	COMPLETED	898	898	25:07.848		1	16Gn	2026-10-02T21:51:13	2026-10-02T22:06:11	mjolnircomp02fl	354565120
45822342	kegg	cmag_149	74e05862-a704-4e35-b0df-b1fe07bc87d6	COMPLETED	1147	1147	31:56.536		1	8Gn	2026-10-02T21:51:13	2026-10-02T22:10:20	mjolnircomp01fl	835402752
45822343	ncbifam	cmag_193	74e05862-a704-4e35-b0df-b1fe07bc87d6	COMPLETED	1058	1058	28:58.493		1	16Gn	2026-10-02T21:51:13	2026-10-02T22:08:51	mjolnircomp17fl	371049472
45822354	cazy	cmag_077	74e05862-a704-4e35-b0df-b1fe07bc87d6	COMPLETED	35	35	00:29.541		1	8572Mn	2026-10-02T21:51:43	2026-10-02T21:52:18	mjolnirgpu01fl	78776320
45822355	tigrfam	cmag_099	74e05862-a704-4e35-b0df-b1fe07bc87d6	COMPLETED	221	221	05:51.473		1	16Gn	2026-10-02T21:52:14	2026-10-02T21:55:55	mjolnircomp02fl	348318720
45822365	merge_gene_annotations	cmag_298	74e05862-a704-4e35-b0df-b1fe07bc87d6	COMPLETED	22	22	00:17.378		1	8Gn	2026-10-02T21:53:14	2026-10-02T21:53:36	mjolnircomp02fl	818176
45822366	prodigal	cmag_604	74e05862-a704-4e35-b0df-b1fe07bc87d6	COMPLETED	8	8	00:05.438		1	4198Mn	2026-10-02T21:52:14	2026-10-02T21:52:22	mjolnircomp12fl	815104
45822378	merge_gene_annotations	cmag_462	74e05862-a704-4e35-b0df-b1fe07bc87d6	COMPLETED	19	19	00:15.227		1	8Gn	2026-10-02T21:53:44	2026-10-02T21:54:03	mjolnircomp02fl	820224
45822379	ncbifam	cmag_046	74e05862-a704-4e35-b0df-b1fe07bc87d6	COMPLETED	952	952	25:42.197		1	16Gn	2026-10-02T21:53:44	2026-10-02T22:09:36	mjolnircomp17fl	352215040
45822380	pfam	cmag_072	74e05862-a704-4e35-b0df-b1fe07bc87d6	COMPLETED	756	756	21:12.377		1	8Gn	2026-10-02T21:53:14	2026-10-02T22:05:50	mjolnircomp12fl	277996544
45822381	tigrfam	cmag_316	74e05862-a704-4e35-b0df-b1fe07bc87d6	COMPLETED	79	79	02:02.454		1	16Gn	2026-10-02T21:53:14	2026-10-02T21:54:33	mjolnircomp12fl	359802880
45822382	pfam	cmag_531	74e05862-a704-4e35-b0df-b1fe07bc87d6	COMPLETED	615	615	17:04.004		1	8Gn	2026-10-02T21:53:14	2026-10-02T22:03:29	mjolnircomp12fl	241843200
45822383	cazy	cmag_544	74e05862-a704-4e35-b0df-b1fe07bc87d6	COMPLETED	18	18	00:12.704		1	8Gn	2026-10-02T21:53:14	2026-10-02T21:53:32	mjolnircomp12fl	817152
45822384	prodigal	cmag_410	74e05862-a704-4e35-b0df-b1fe07bc87d6	COMPLETED	10	10	00:06.839		1	3334Mn	2026-10-02T21:53:14	2026-10-02T21:53:24	mjolnirgpu02fl	839680
45822393	ncbifam	cmag_429	74e05862-a704-4e35-b0df-b1fe07bc87d6	COMPLETED	595	595	16:31.716		1	16Gn	2026-10-02T21:54:14	2026-10-02T22:04:09	mjolnircomp10fl	374319104
45822394	kegg	cmag_322	74e05862-a704-4e35-b0df-b1fe07bc87d6	COMPLETED	1751	1751	50:14.392		1	8Gn	2026-10-02T21:53:44	2026-10-02T22:22:55	mjolnircomp11fl	736795648
45822395	tigrfam	cmag_487	74e05862-a704-4e35-b0df-b1fe07bc87d6	COMPLETED	146	146	03:48.973		1	16Gn	2026-10-02T21:54:44	2026-10-02T21:57:10	mjolnircomp08fl	354221056
45822396	tigrfam	cmag_203	74e05862-a704-4e35-b0df-b1fe07bc87d6	COMPLETED	133	133	03:33.899		1	16Gn	2026-10-02T21:55:14	2026-10-02T21:57:27	mjolnircomp09fl	461471744
45822397	cazy	cmag_694	74e05862-a704-4e35-b0df-b1fe07bc87d6	COMPLETED	25	25	00:20.091		1	8Gn	2026-10-02T21:53:44	2026-10-02T21:54:09	mjolnirgpu01fl	834560
45822398	prodigal	cmag_663	74e05862-a704-4e35-b0df-b1fe07bc87d6	COMPLETED	10	10	00:07.838		1	2667Mn	2026-10-02T21:53:44	2026-10-02T21:53:54	mjolnirgpu01fl	831488
45822405	kegg	cmag_712	74e05862-a704-4e35-b0df-b1fe07bc87d6	COMPLETED	2041	2041	59:14.078		1	8Gn	2026-10-02T21:54:14	2026-10-02T22:28:15	mjolnircomp03fl	1047248896
45822406	ncbifam	cmag_002	74e05862-a704-4e35-b0df-b1fe07bc87d6	COMPLETED	908	908	24:31.617		1	16Gn	2026-10-02T21:55:14	2026-10-02T22:10:22	mjolnircomp02fl	411910144
45822407	tigrfam	cmag_153	74e05862-a704-4e35-b0df-b1fe07bc87d6	COMPLETED	239	239	06:11.055		1	16Gn	2026-10-02T21:55:14	2026-10-02T21:59:13	mjolnircomp02fl	395406336
45822408	cazy	cmag_059	74e05862-a704-4e35-b0df-b1fe07bc87d6	COMPLETED	21	21	00:15.560		1	8Gn	2026-10-02T21:54:14	2026-10-02T21:54:35	mjolnircomp08fl	825344
45822409	cazy	cmag_446	74e05862-a704-4e35-b0df-b1fe07bc87d6	COMPLETED	27	27	00:22.846		1	8Gn	2026-10-02T21:54:14	2026-10-02T21:54:41	mjolnirgpu01fl	841728
45822410	pfam	cmag_629	74e05862-a704-4e35-b0df-b1fe07bc87d6	COMPLETED	1130	1130	30:37.265		1	8Gn	2026-10-02T21:54:14	2026-10-02T22:13:04	mjolnircomp04fl	213991424
45822411	pfam	cmag_486	74e05862-a704-4e35-b0df-b1fe07bc87d6	COMPLETED	1015	1015	27:30.869		1	8Gn	2026-10-02T21:54:14	2026-10-02T22:11:09	mjolnircomp11fl	241157120
45822412	tigrfam	cmag_712	74e05862-a704-4e35-b0df-b1fe07bc87d6	COMPLETED	251	251	06:27.083		1	16Gn	2026-10-02T21:55:44	2026-10-02T21:59:55	mjolnircomp02fl	350469120
45822413	ncbifam	cmag_788	74e05862-a704-4e35-b0df-b1fe07bc87d6	COMPLETED	721	721	20:55.947		1	16Gn	2026-10-02T21:55:44	2026-10-02T22:07:45	mjolnircomp13fl	392866816
45822414	kegg	cmag_393	74e05862-a704-4e35-b0df-b1fe07bc87d6	COMPLETED	2171	2171	01:02:11		1	8Gn	2026-10-02T21:54:14	2026-10-02T22:30:25	mjolnircomp11fl	665333760
45822419	cazy	cmag_757	74e05862-a704-4e35-b0df-b1fe07bc87d6	COMPLETED	16	16	00:10.557		1	8Gn	2026-10-02T21:55:14	2026-10-02T21:55:30	mjolnircomp15fl	830464
45822420	tigrfam	cmag_398	74e05862-a704-4e35-b0df-b1fe07bc87d6	COMPLETED	112	112	02:50.754		1	16Gn	2026-10-02T21:55:14	2026-10-02T21:57:06	mjolnircomp11fl	354252800
45822421	tigrfam	cmag_387	74e05862-a704-4e35-b0df-b1fe07bc87d6	COMPLETED	150	150	03:49.363		1	16Gn	2026-10-02T21:55:44	2026-10-02T21:58:14	mjolnircomp16fl	275184640
45822422	cazy	cmag_470	74e05862-a704-4e35-b0df-b1fe07bc87d6	COMPLETED	18	18	00:12.955		1	8Gn	2026-10-02T21:55:14	2026-10-02T21:55:32	mjolnircomp12fl	812032
45822423	ncbifam	cmag_158	74e05862-a704-4e35-b0df-b1fe07bc87d6	COMPLETED	986	986	26:17.557		1	16Gn	2026-10-02T21:55:44	2026-10-02T22:12:10	mjolnircomp17fl	583726080
45822431	cazy	cmag_100	74e05862-a704-4e35-b0df-b1fe07bc87d6	COMPLETED	19	19	00:14.099		1	8Gn	2026-10-02T21:55:44	2026-10-02T21:56:03	mjolnircomp11fl	799744
45822432	ncbifam	cmag_194	74e05862-a704-4e35-b0df-b1fe07bc87d6	COMPLETED	698	698	19:26.505		1	16Gn	2026-10-02T21:56:15	2026-10-02T22:07:53	mjolnircomp14fl	411614208
45822433	kegg	cmag_682	74e05862-a704-4e35-b0df-b1fe07bc87d6	COMPLETED	1478	1478	41:28.378		1	8Gn	2026-10-02T21:55:44	2026-10-02T22:20:22	mjolnircomp03fl	692199424
45822445	kegg	cmag_043	74e05862-a704-4e35-b0df-b1fe07bc87d6	COMPLETED	1523	1523	44:18.014		1	8Gn	2026-10-02T21:56:15	2026-10-02T22:21:38	mjolnircomp16fl	978666496
45822446	ncbifam	cmag_330	74e05862-a704-4e35-b0df-b1fe07bc87d6	COMPLETED	894	894	24:04.827		1	16Gn	2026-10-02T21:56:15	2026-10-02T22:11:09	mjolnircomp02fl	422876160
45822447	ncbifam	cmag_086	74e05862-a704-4e35-b0df-b1fe07bc87d6	COMPLETED	804	804	22:08.880		1	16Gn	2026-10-02T21:56:15	2026-10-02T22:09:39	mjolnircomp02fl	380513280
45822448	tigrfam	cmag_243	74e05862-a704-4e35-b0df-b1fe07bc87d6	COMPLETED	162	162	04:18.263		1	16Gn	2026-10-02T21:56:45	2026-10-02T21:59:27	mjolnircomp10fl	319560704
45822449	merge_gene_annotations	cmag_129	74e05862-a704-4e35-b0df-b1fe07bc87d6	COMPLETED	21	21	00:14.988		1	8Gn	2026-10-02T21:57:15	2026-10-02T21:57:36	mjolnircomp08fl	817152
45822450	cazy	cmag_663	74e05862-a704-4e35-b0df-b1fe07bc87d6	COMPLETED	17	17	00:13.257		1	8Gn	2026-10-02T21:56:15	2026-10-02T21:56:32	mjolnircomp03fl	805888
45822465	merge_gene_annotations	cmag_567	74e05862-a704-4e35-b0df-b1fe07bc87d6	COMPLETED	19	19	00:14.211		1	8Gn	2026-10-02T21:57:45	2026-10-02T21:58:04	mjolnircomp16fl	826368
45822469	pfam	cmag_070	74e05862-a704-4e35-b0df-b1fe07bc87d6	COMPLETED	481	481	13:21.752		1	8Gn	2026-10-02T21:57:15	2026-10-02T22:05:16	mjolnircomp04fl	224742400
45822470	pfam	cmag_820	74e05862-a704-4e35-b0df-b1fe07bc87d6	COMPLETED	476	476	13:02.022		1	8Gn	2026-10-02T21:57:15	2026-10-02T22:05:11	mjolnircomp04fl	247557120
45822490	merge_gene_annotations	cmag_228	74e05862-a704-4e35-b0df-b1fe07bc87d6	COMPLETED	22	22	00:17.218		1	8Gn	2026-10-02T21:58:15	2026-10-02T21:58:37	mjolnircomp16fl	825344
45822491	prodigal	cmag_415	74e05862-a704-4e35-b0df-b1fe07bc87d6	COMPLETED	12	12	00:09.881		1	3896Mn	2026-10-02T21:58:15	2026-10-02T21:58:27	mjolnircomp15fl	852992
45822492	pfam	cmag_771	74e05862-a704-4e35-b0df-b1fe07bc87d6	COMPLETED	978	978	26:36.867		1	8Gn	2026-10-02T21:58:15	2026-10-02T22:14:33	mjolnircomp03fl	203537408
45822493	pfam	cmag_371	74e05862-a704-4e35-b0df-b1fe07bc87d6	COMPLETED	780	780	22:49.868		1	8Gn	2026-10-02T21:58:15	2026-10-02T22:11:15	mjolnircomp15fl	226041856
45822494	cazy	cmag_352	74e05862-a704-4e35-b0df-b1fe07bc87d6	COMPLETED	21	21	00:15.788		1	8Gn	2026-10-02T21:58:15	2026-10-02T21:58:36	mjolnircomp15fl	846848
45822495	pfam	cmag_291	74e05862-a704-4e35-b0df-b1fe07bc87d6	COMPLETED	886	886	24:18.230		1	8Gn	2026-10-02T21:58:15	2026-10-02T22:13:01	mjolnircomp03fl	266099712
45822496	tigrfam	cmag_337	74e05862-a704-4e35-b0df-b1fe07bc87d6	COMPLETED	206	206	05:26.686		1	16Gn	2026-10-02T21:58:15	2026-10-02T22:01:41	mjolnircomp16fl	372647936
45822497	pfam	cmag_746	74e05862-a704-4e35-b0df-b1fe07bc87d6	COMPLETED	1374	1374	37:44.156		1	8Gn	2026-10-02T21:58:15	2026-10-02T22:21:09	mjolnircomp11fl	241649664
45822506	tigrfam	cmag_608	74e05862-a704-4e35-b0df-b1fe07bc87d6	COMPLETED	150	150	03:46.890		1	16Gn	2026-10-02T21:58:45	2026-10-02T22:01:15	mjolnircomp16fl	354631680
45822507	prodigal	cmag_229	74e05862-a704-4e35-b0df-b1fe07bc87d6	COMPLETED	7	7	00:04.230		1	3350Mn	2026-10-02T21:58:45	2026-10-02T21:58:52	mjolnircomp10fl	834560
45822508	kegg	cmag_422	74e05862-a704-4e35-b0df-b1fe07bc87d6	COMPLETED	2292	2292	01:04:49		1	8Gn	2026-10-02T21:58:45	2026-10-02T22:36:57	mjolnircomp09fl	922181632
45822509	kegg	cmag_660	74e05862-a704-4e35-b0df-b1fe07bc87d6	COMPLETED	1048	1048	29:00.734		1	8Gn	2026-10-02T21:58:45	2026-10-02T22:16:13	mjolnircomp01fl	1038538752
45822510	prodigal	cmag_365	74e05862-a704-4e35-b0df-b1fe07bc87d6	COMPLETED	6	6	00:02.983		1	1779Mn	2026-10-02T21:58:45	2026-10-02T21:58:51	mjolnircomp12fl	807936
45822511	pfam	cmag_652	74e05862-a704-4e35-b0df-b1fe07bc87d6	COMPLETED	487	487	13:36.389		1	8Gn	2026-10-02T21:58:45	2026-10-02T22:06:52	mjolnircomp03fl	216458240
45822512	cazy	cmag_802	74e05862-a704-4e35-b0df-b1fe07bc87d6	COMPLETED	21	21	00:16.273		1	8Gn	2026-10-02T21:58:45	2026-10-02T21:59:06	mjolnircomp12fl	815104
45822526	tigrfam	cmag_693	74e05862-a704-4e35-b0df-b1fe07bc87d6	COMPLETED	135	135	03:27.228		1	16Gn	2026-10-02T21:59:16	2026-10-02T22:01:31	mjolnircomp02fl	351578112
45822527	ncbifam	cmag_531	74e05862-a704-4e35-b0df-b1fe07bc87d6	COMPLETED	562	562	15:16.476		1	16Gn	2026-10-02T21:59:16	2026-10-02T22:08:38	mjolnircomp14fl	382290944
45822528	ncbifam	cmag_764	74e05862-a704-4e35-b0df-b1fe07bc87d6	COMPLETED	1095	1095	30:46.117		1	16Gn	2026-10-02T21:59:16	2026-10-02T22:17:31	mjolnirgpu01fl	397612032
45822529	kegg	cmag_339	74e05862-a704-4e35-b0df-b1fe07bc87d6	COMPLETED	2101	2101	01:00:03		1	8Gn	2026-10-02T21:59:16	2026-10-02T22:34:17	mjolnirgpu01fl	748032000
45822530	pfam	cmag_752	74e05862-a704-4e35-b0df-b1fe07bc87d6	COMPLETED	943	943	24:53.451		1	8Gn	2026-10-02T21:59:16	2026-10-02T22:14:59	mjolnircomp01fl	201070592
45822531	cazy	cmag_562	74e05862-a704-4e35-b0df-b1fe07bc87d6	COMPLETED	23	23	00:19.471		1	8Gn	2026-10-02T21:59:16	2026-10-02T21:59:39	mjolnircomp04fl	801792
45822532	cazy	cmag_281	74e05862-a704-4e35-b0df-b1fe07bc87d6	COMPLETED	23	23	00:18.778		1	8Gn	2026-10-02T21:59:16	2026-10-02T21:59:39	mjolnircomp04fl	803840
45822547	tigrfam	cmag_714	74e05862-a704-4e35-b0df-b1fe07bc87d6	COMPLETED	209	209	05:22.720		1	16Gn	2026-10-02T22:00:16	2026-10-02T22:03:45	mjolnircomp02fl	357698560
45822548	ncbifam	cmag_296	74e05862-a704-4e35-b0df-b1fe07bc87d6	COMPLETED	582	582	16:19.590		1	16Gn	2026-10-02T22:00:16	2026-10-02T22:09:58	mjolnircomp10fl	442153984
45822549	merge_gene_annotations	cmag_362	74e05862-a704-4e35-b0df-b1fe07bc87d6	COMPLETED	21	21	00:15.669		1	8Gn	2026-10-02T22:00:16	2026-10-02T22:00:37	mjolnirgpu01fl	826368
45822550	kegg	cmag_380	74e05862-a704-4e35-b0df-b1fe07bc87d6	COMPLETED	1691	1691	47:15.838		1	8Gn	2026-10-02T22:00:16	2026-10-02T22:28:27	mjolnirgpu01fl	1362500608
45822551	ncbifam	cmag_743	74e05862-a704-4e35-b0df-b1fe07bc87d6	COMPLETED	739	739	20:58.660		1	16Gn	2026-10-02T22:00:16	2026-10-02T22:12:35	mjolnircomp10fl	416486400
45822552	ncbifam	cmag_053	74e05862-a704-4e35-b0df-b1fe07bc87d6	COMPLETED	751	751	21:32.580		1	16Gn	2026-10-02T22:00:16	2026-10-02T22:12:47	mjolnirgpu01fl	339032064
45822553	cazy	cmag_706	74e05862-a704-4e35-b0df-b1fe07bc87d6	COMPLETED	25	25	00:20.155		1	8Gn	2026-10-02T22:00:16	2026-10-02T22:00:41	mjolnircomp03fl	809984
45822554	tigrfam	cmag_006	74e05862-a704-4e35-b0df-b1fe07bc87d6	COMPLETED	176	176	04:43.765		1	16Gn	2026-10-02T22:00:46	2026-10-02T22:03:42	mjolnircomp09fl	356666368
45822568	merge_gene_annotations	cmag_655	74e05862-a704-4e35-b0df-b1fe07bc87d6	COMPLETED	21	21	00:15.971		1	8Gn	2026-10-02T22:00:46	2026-10-02T22:01:07	mjolnirgpu01fl	822272
45822576	ncbifam	cmag_514	74e05862-a704-4e35-b0df-b1fe07bc87d6	COMPLETED	827	827	23:13.643		1	16Gn	2026-10-02T22:01:16	2026-10-02T22:15:03	mjolnircomp08fl	321016832
45822577	prodigal	cmag_701	74e05862-a704-4e35-b0df-b1fe07bc87d6	COMPLETED	8	8	00:05.361		1	3572Mn	2026-10-02T22:01:16	2026-10-02T22:01:24	mjolnircomp04fl	808960
45822578	pfam	cmag_099	74e05862-a704-4e35-b0df-b1fe07bc87d6	COMPLETED	1122	1122	30:40.466		1	8Gn	2026-10-02T22:01:16	2026-10-02T22:19:58	mjolnirgpu01fl	223612928
45822592	merge_gene_annotations	cmag_126	74e05862-a704-4e35-b0df-b1fe07bc87d6	COMPLETED	23	23	00:18.015		1	8Gn	2026-10-02T22:02:16	2026-10-02T22:02:39	mjolnircomp08fl	819200
45822593	merge_gene_annotations	cmag_717	74e05862-a704-4e35-b0df-b1fe07bc87d6	COMPLETED	18	18	00:13.138		1	8Gn	2026-10-02T22:02:16	2026-10-02T22:02:34	mjolnircomp13fl	799744
45822594	ncbifam	cmag_677	74e05862-a704-4e35-b0df-b1fe07bc87d6	COMPLETED	1047	1047	28:45.953		1	16Gn	2026-10-02T22:02:47	2026-10-02T22:20:14	mjolnircomp08fl	383373312
45822595	kegg	cmag_029	74e05862-a704-4e35-b0df-b1fe07bc87d6	COMPLETED	858	858	23:20.126		1	8Gn	2026-10-02T22:02:16	2026-10-02T22:16:34	mjolnircomp11fl	1160979456
45822596	kegg	cmag_205	74e05862-a704-4e35-b0df-b1fe07bc87d6	COMPLETED	1386	1386	37:16.646		1	8Gn	2026-10-02T22:02:16	2026-10-02T22:25:22	mjolnircomp11fl	733241344
45822597	merge_gene_annotations	cmag_620	74e05862-a704-4e35-b0df-b1fe07bc87d6	COMPLETED	16	16	00:10.101		1	8Gn	2026-10-02T22:02:16	2026-10-02T22:02:32	mjolnircomp11fl	799744
45822598	ncbifam	cmag_439	74e05862-a704-4e35-b0df-b1fe07bc87d6	COMPLETED	1013	1013	27:57.432		1	16Gn	2026-10-02T22:02:16	2026-10-02T22:19:09	mjolnirgpu02fl	426542080
45822599	ncbifam	cmag_355	74e05862-a704-4e35-b0df-b1fe07bc87d6	COMPLETED	720	720	20:57.889		1	16Gn	2026-10-02T22:02:47	2026-10-02T22:14:47	mjolnircomp13fl	358980608
45822600	cazy	cmag_638	74e05862-a704-4e35-b0df-b1fe07bc87d6	COMPLETED	19	19	00:14.605		1	8Gn	2026-10-02T22:02:16	2026-10-02T22:02:35	mjolnircomp15fl	843776
45822601	cazy	cmag_327	74e05862-a704-4e35-b0df-b1fe07bc87d6	COMPLETED	15	15	00:10.242		1	8Gn	2026-10-02T22:02:16	2026-10-02T22:02:31	mjolnircomp15fl	846848
45822618	pfam	cmag_149	74e05862-a704-4e35-b0df-b1fe07bc87d6	COMPLETED	430	430	12:05.107		1	8Gn	2026-10-02T22:02:47	2026-10-02T22:09:57	mjolnircomp15fl	259090432
45822619	pfam	cmag_725	74e05862-a704-4e35-b0df-b1fe07bc87d6	COMPLETED	823	823	22:39.174		1	8Gn	2026-10-02T22:02:47	2026-10-02T22:16:30	mjolnircomp01fl	219554816
45822620	merge_gene_annotations	cmag_325	74e05862-a704-4e35-b0df-b1fe07bc87d6	COMPLETED	20	20	00:15.715		1	8Gn	2026-10-02T22:02:47	2026-10-02T22:03:07	mjolnircomp08fl	825344
45822633	kegg	cmag_625	74e05862-a704-4e35-b0df-b1fe07bc87d6	COMPLETED	2363	2363	01:10:02		1	8Gn	2026-10-02T22:03:17	2026-10-02T22:42:40	mjolnircomp16fl	877375488
45822634	tigrfam	cmag_229	74e05862-a704-4e35-b0df-b1fe07bc87d6	COMPLETED	242	242	06:16.397		1	16Gn	2026-10-02T22:03:47	2026-10-02T22:07:49	mjolnircomp02fl	334879744
45822635	ncbifam	cmag_150	74e05862-a704-4e35-b0df-b1fe07bc87d6	COMPLETED	566	566	14:40.626		1	16Gn	2026-10-02T22:03:17	2026-10-02T22:12:43	mjolnirgpu03fl	316990464
45822636	merge_gene_annotations	cmag_460	74e05862-a704-4e35-b0df-b1fe07bc87d6	COMPLETED	19	19	00:14.699		1	8Gn	2026-10-02T22:03:47	2026-10-02T22:04:06	mjolnircomp09fl	850944
45822637	merge_gene_annotations	cmag_563	74e05862-a704-4e35-b0df-b1fe07bc87d6	COMPLETED	26	26	00:20.821		1	8Gn	2026-10-02T22:03:17	2026-10-02T22:03:43	mjolnirgpu01fl	817152
45822638	tigrfam	cmag_390	74e05862-a704-4e35-b0df-b1fe07bc87d6	COMPLETED	222	222	05:07.035		1	16Gn	2026-10-02T22:03:17	2026-10-02T22:06:59	mjolnircomp17fl	281551872
45822639	cazy	cmag_138	74e05862-a704-4e35-b0df-b1fe07bc87d6	COMPLETED	21	21	00:16.408		1	8Gn	2026-10-02T22:03:17	2026-10-02T22:03:38	mjolnircomp01fl	811008
45822640	kegg	cmag_259	74e05862-a704-4e35-b0df-b1fe07bc87d6	COMPLETED	2910	2910	01:23:57		1	8Gn	2026-10-02T22:03:17	2026-10-02T22:51:47	mjolnirgpu02fl	786525184
45822658	tigrfam	cmag_638	74e05862-a704-4e35-b0df-b1fe07bc87d6	COMPLETED	150	150	03:59.705		1	16Gn	2026-10-02T22:04:17	2026-10-02T22:06:47	mjolnircomp09fl	389677056
45822659	cazy	cmag_595	74e05862-a704-4e35-b0df-b1fe07bc87d6	COMPLETED	17	17	00:11.711		1	8Gn	2026-10-02T22:04:17	2026-10-02T22:04:34	mjolnircomp11fl	805888
45822660	kegg	cmag_073	74e05862-a704-4e35-b0df-b1fe07bc87d6	COMPLETED	2246	2246	01:07:49		1	8Gn	2026-10-02T22:04:17	2026-10-02T22:41:43	mjolnircomp10fl	860089344
45822661	ncbifam	cmag_117	74e05862-a704-4e35-b0df-b1fe07bc87d6	COMPLETED	715	715	20:40.552		1	16Gn	2026-10-02T22:04:17	2026-10-02T22:16:12	mjolnircomp16fl	443184128
45822662	merge_gene_annotations	cmag_156	74e05862-a704-4e35-b0df-b1fe07bc87d6	COMPLETED	25	25	00:19.774		1	8Gn	2026-10-02T22:04:17	2026-10-02T22:04:42	mjolnirgpu01fl	817152
45822682	pfam	cmag_519	74e05862-a704-4e35-b0df-b1fe07bc87d6	COMPLETED	670	670	18:47.019		1	8Gn	2026-10-02T22:04:47	2026-10-02T22:15:57	mjolnircomp04fl	254524416
45822683	ncbifam	cmag_520	74e05862-a704-4e35-b0df-b1fe07bc87d6	COMPLETED	214	214	06:10.736		1	16Gn	2026-10-02T22:04:47	2026-10-02T22:08:21	mjolnircomp03fl	457737216
45822692	merge_gene_annotations	cmag_577	74e05862-a704-4e35-b0df-b1fe07bc87d6	COMPLETED	22	22	00:16.577		1	8Gn	2026-10-02T22:05:47	2026-10-02T22:06:09	mjolnircomp16fl	833536
45822693	ncbifam	cmag_812	74e05862-a704-4e35-b0df-b1fe07bc87d6	COMPLETED	880	880	23:21.504		1	16Gn	2026-10-02T22:05:17	2026-10-02T22:19:57	mjolnircomp17fl	309275648
45822694	prodigal	cmag_195	74e05862-a704-4e35-b0df-b1fe07bc87d6	COMPLETED	8	8	00:04.493		1	1417Mn	2026-10-02T22:05:17	2026-10-02T22:05:25	mjolnirgpu02fl	825344
45822695	kegg	cmag_675	74e05862-a704-4e35-b0df-b1fe07bc87d6	COMPLETED	2255	2255	01:07:42		1	8Gn	2026-10-02T22:05:47	2026-10-02T22:43:22	mjolnircomp13fl	1152008192
45822696	ncbifam	cmag_627	74e05862-a704-4e35-b0df-b1fe07bc87d6	COMPLETED	839	839	24:34.281		1	16Gn	2026-10-02T22:05:47	2026-10-02T22:19:46	mjolnircomp13fl	410627072
45822697	cazy	cmag_572	74e05862-a704-4e35-b0df-b1fe07bc87d6	COMPLETED	16	16	00:11.716		1	8Gn	2026-10-02T22:05:17	2026-10-02T22:05:33	mjolnircomp04fl	831488
45822714	merge_gene_annotations	cmag_409	74e05862-a704-4e35-b0df-b1fe07bc87d6	COMPLETED	19	19	00:14.802		1	8Gn	2026-10-02T22:06:18	2026-10-02T22:06:37	mjolnircomp16fl	836608
45822715	tigrfam	cmag_625	74e05862-a704-4e35-b0df-b1fe07bc87d6	COMPLETED	298	298	07:44.980		1	16Gn	2026-10-02T22:06:18	2026-10-02T22:11:16	mjolnircomp02fl	356427776
45822716	cazy	cmag_483	74e05862-a704-4e35-b0df-b1fe07bc87d6	COMPLETED	21	21	00:16.235		1	8Gn	2026-10-02T22:06:18	2026-10-02T22:06:39	mjolnircomp11fl	802816
45822717	pfam	cmag_403	74e05862-a704-4e35-b0df-b1fe07bc87d6	COMPLETED	1208	1208	31:59.791		1	8Gn	2026-10-02T22:06:18	2026-10-02T22:26:26	mjolnircomp11fl	193393664
45822718	kegg	cmag_504	74e05862-a704-4e35-b0df-b1fe07bc87d6	COMPLETED	2007	2007	58:54.786		1	8Gn	2026-10-02T22:06:18	2026-10-02T22:39:45	mjolnircomp02fl	762183680
45822719	tigrfam	cmag_002	74e05862-a704-4e35-b0df-b1fe07bc87d6	COMPLETED	179	179	04:48.095		1	16Gn	2026-10-02T22:06:18	2026-10-02T22:09:17	mjolnircomp13fl	362428416
45822741	merge_gene_annotations	cmag_239	74e05862-a704-4e35-b0df-b1fe07bc87d6	COMPLETED	25	25	00:19.991		1	8Gn	2026-10-02T22:06:48	2026-10-02T22:07:13	mjolnircomp06fl	838656
45822742	merge_gene_annotations	cmag_424	74e05862-a704-4e35-b0df-b1fe07bc87d6	COMPLETED	20	20	00:15.135		1	8Gn	2026-10-02T22:07:18	2026-10-02T22:07:38	mjolnircomp02fl	813056
45822743	pfam	cmag_313	74e05862-a704-4e35-b0df-b1fe07bc87d6	COMPLETED	720	720	20:09.339		1	8Gn	2026-10-02T22:06:48	2026-10-02T22:18:48	mjolnircomp03fl	216796160
45822744	ncbifam	cmag_550	74e05862-a704-4e35-b0df-b1fe07bc87d6	COMPLETED	874	874	23:18.816		1	16Gn	2026-10-02T22:07:18	2026-10-02T22:21:52	mjolnircomp17fl	327232512
45822745	prodigal	cmag_441	74e05862-a704-4e35-b0df-b1fe07bc87d6	COMPLETED	8	8	00:05.659		1	3183Mn	2026-10-02T22:06:48	2026-10-02T22:06:56	mjolnirgpu02fl	831488
45822754	merge_gene_annotations	cmag_450	74e05862-a704-4e35-b0df-b1fe07bc87d6	COMPLETED	21	21	00:15.734		1	8Gn	2026-10-02T22:07:18	2026-10-02T22:07:39	mjolnirgpu03fl	819200
45822755	pfam	cmag_410	74e05862-a704-4e35-b0df-b1fe07bc87d6	COMPLETED	922	922	24:59.588		1	8Gn	2026-10-02T22:07:18	2026-10-02T22:22:40	mjolnircomp12fl	277568512
45822756	ncbifam	cmag_776	74e05862-a704-4e35-b0df-b1fe07bc87d6	COMPLETED	594	594	15:42.523		1	16Gn	2026-10-02T22:07:18	2026-10-02T22:17:12	mjolnirgpu03fl	267476992
45822757	prodigal	cmag_499	74e05862-a704-4e35-b0df-b1fe07bc87d6	COMPLETED	9	9	00:06.035		1	2930Mn	2026-10-02T22:07:18	2026-10-02T22:07:27	mjolnirgpu02fl	832512
45822758	prodigal	cmag_021	74e05862-a704-4e35-b0df-b1fe07bc87d6	COMPLETED	17	17	00:05.632		1	3214Mn	2026-10-02T22:07:18	2026-10-02T22:07:35	mjolnircomp17fl	1156096
45822759	merge_gene_annotations	cmag_443	74e05862-a704-4e35-b0df-b1fe07bc87d6	COMPLETED	15	15	00:10.729		1	8Gn	2026-10-02T22:07:48	2026-10-02T22:08:03	mjolnircomp02fl	817152
45822760	cazy	cmag_224	74e05862-a704-4e35-b0df-b1fe07bc87d6	COMPLETED	17	17	00:12.301		1	8Gn	2026-10-02T22:07:48	2026-10-02T22:08:05	mjolnircomp01fl	825344
45822761	pfam	cmag_539	74e05862-a704-4e35-b0df-b1fe07bc87d6	COMPLETED	813	813	22:41.136		1	8Gn	2026-10-02T22:07:18	2026-10-02T22:20:51	mjolnircomp03fl	198735872
45822774	merge_gene_annotations	cmag_080	74e05862-a704-4e35-b0df-b1fe07bc87d6	COMPLETED	24	24	00:17.989		1	8Gn	2026-10-02T22:08:18	2026-10-02T22:08:42	mjolnircomp04fl	829440
45822775	pfam	cmag_018	74e05862-a704-4e35-b0df-b1fe07bc87d6	COMPLETED	554	554	15:18.799		1	8Gn	2026-10-02T22:08:18	2026-10-02T22:17:32	mjolnircomp03fl	233085952
45822776	tigrfam	cmag_818	74e05862-a704-4e35-b0df-b1fe07bc87d6	COMPLETED	119	119	02:57.524		1	16Gn	2026-10-02T22:08:18	2026-10-02T22:10:17	mjolnircomp02fl	381536256
45822777	pfam	cmag_307	74e05862-a704-4e35-b0df-b1fe07bc87d6	COMPLETED	526	526	14:22.603		1	8Gn	2026-10-02T22:08:18	2026-10-02T22:17:04	mjolnircomp12fl	209388544
45822778	tigrfam	cmag_690	74e05862-a704-4e35-b0df-b1fe07bc87d6	COMPLETED	142	142	03:36.090		1	16Gn	2026-10-02T22:08:18	2026-10-02T22:10:40	mjolnircomp02fl	329145344
45822779	merge_gene_annotations	cmag_112	74e05862-a704-4e35-b0df-b1fe07bc87d6	COMPLETED	23	23	00:16.667		1	8Gn	2026-10-02T22:08:18	2026-10-02T22:08:41	mjolnircomp08fl	803840
45822780	merge_gene_annotations	cmag_237	74e05862-a704-4e35-b0df-b1fe07bc87d6	COMPLETED	19	19	00:14.258		1	8Gn	2026-10-02T22:08:18	2026-10-02T22:08:37	mjolnircomp14fl	824320
45822781	merge_gene_annotations	cmag_238	74e05862-a704-4e35-b0df-b1fe07bc87d6	COMPLETED	21	21	00:16.555		1	8Gn	2026-10-02T22:08:18	2026-10-02T22:08:39	mjolnircomp14fl	832512
45822782	cazy	cmag_130	74e05862-a704-4e35-b0df-b1fe07bc87d6	COMPLETED	30	30	00:23.759		1	8Gn	2026-10-02T22:08:18	2026-10-02T22:08:48	mjolnirgpu03fl	823296
45822794	merge_gene_annotations	cmag_417	74e05862-a704-4e35-b0df-b1fe07bc87d6	COMPLETED	18	18	00:13.411		1	8Gn	2026-10-02T22:08:49	2026-10-02T22:09:07	mjolnircomp08fl	802816
45822795	tigrfam	cmag_330	74e05862-a704-4e35-b0df-b1fe07bc87d6	COMPLETED	185	185	04:58.050		1	16Gn	2026-10-02T22:08:49	2026-10-02T22:11:54	mjolnircomp13fl	403956736
45822796	cazy	cmag_029	74e05862-a704-4e35-b0df-b1fe07bc87d6	COMPLETED	20	20	00:15.662		1	8Gn	2026-10-02T22:08:49	2026-10-02T22:09:09	mjolnircomp06fl	832512
45822797	merge_gene_annotations	cmag_306	74e05862-a704-4e35-b0df-b1fe07bc87d6	COMPLETED	18	18	00:13.682		1	8Gn	2026-10-02T22:08:49	2026-10-02T22:09:07	mjolnircomp13fl	821248
45822798	prodigal	cmag_612	74e05862-a704-4e35-b0df-b1fe07bc87d6	COMPLETED	9	9	00:07.373		1	3464Mn	2026-10-02T22:08:49	2026-10-02T22:08:58	mjolnirgpu02fl	834560
45822799	ncbifam	cmag_371	74e05862-a704-4e35-b0df-b1fe07bc87d6	COMPLETED	693	693	19:24.291		1	16Gn	2026-10-02T22:08:49	2026-10-02T22:20:22	mjolnircomp14fl	418004992
45822800	tigrfam	cmag_789	74e05862-a704-4e35-b0df-b1fe07bc87d6	COMPLETED	255	255	06:51.177		1	16Gn	2026-10-02T22:08:49	2026-10-02T22:13:04	mjolnircomp14fl	401891328
45822813	kegg	cmag_663	74e05862-a704-4e35-b0df-b1fe07bc87d6	COMPLETED	1492	1492	44:10.004		1	8Gn	2026-10-02T22:09:19	2026-10-02T22:34:11	mjolnircomp15fl	709323776
45822814	tigrfam	cmag_296	74e05862-a704-4e35-b0df-b1fe07bc87d6	COMPLETED	252	252	05:57.323		1	16Gn	2026-10-02T22:09:19	2026-10-02T22:13:31	mjolnircomp17fl	311870464
45822815	tigrfam	cmag_677	74e05862-a704-4e35-b0df-b1fe07bc87d6	COMPLETED	274	274	07:04.477		1	16Gn	2026-10-02T22:09:49	2026-10-02T22:14:23	mjolnircomp02fl	367669248
45822816	cazy	cmag_214	74e05862-a704-4e35-b0df-b1fe07bc87d6	COMPLETED	17	17	00:13.625		1	8Gn	2026-10-02T22:09:19	2026-10-02T22:09:36	mjolnircomp01fl	818176
45822817	merge_gene_annotations	cmag_429	74e05862-a704-4e35-b0df-b1fe07bc87d6	COMPLETED	41	41	00:14.799		1	8Gn	2026-10-02T22:09:19	2026-10-02T22:10:00	mjolnircomp17fl	77978624
45822818	ncbifam	cmag_499	74e05862-a704-4e35-b0df-b1fe07bc87d6	COMPLETED	792	792	22:03.493		1	16Gn	2026-10-02T22:09:49	2026-10-02T22:23:01	mjolnircomp02fl	391694336
45822819	cazy	cmag_441	74e05862-a704-4e35-b0df-b1fe07bc87d6	COMPLETED	19	19	00:15.003		1	8Gn	2026-10-02T22:09:49	2026-10-02T22:10:08	mjolnircomp01fl	819200
45822820	ncbifam	cmag_291	74e05862-a704-4e35-b0df-b1fe07bc87d6	COMPLETED	1534	1534	41:33.740		1	16Gn	2026-10-02T22:09:49	2026-10-02T22:35:23	mjolnircomp05fl	397757440
45822821	cazy	cmag_018	74e05862-a704-4e35-b0df-b1fe07bc87d6	COMPLETED	15	15	00:10.012		1	8Gn	2026-10-02T22:09:49	2026-10-02T22:10:04	mjolnircomp01fl	820224
45822822	tigrfam	cmag_236	74e05862-a704-4e35-b0df-b1fe07bc87d6	COMPLETED	333	333	08:21.720		1	16Gn	2026-10-02T22:09:49	2026-10-02T22:15:22	mjolnircomp05fl	320561152
45822833	ncbifam	cmag_413	74e05862-a704-4e35-b0df-b1fe07bc87d6	COMPLETED	508	508	14:23.173		1	16Gn	2026-10-02T22:10:19	2026-10-02T22:18:47	mjolnircomp10fl	390245376
45822834	tigrfam	cmag_355	74e05862-a704-4e35-b0df-b1fe07bc87d6	COMPLETED	191	191	05:06.165		1	16Gn	2026-10-02T22:10:19	2026-10-02T22:13:30	mjolnircomp15fl	389371904
45822835	pfam	cmag_352	74e05862-a704-4e35-b0df-b1fe07bc87d6	COMPLETED	1829	1829	49:54.114		1	8Gn	2026-10-02T22:10:49	2026-10-02T22:41:18	mjolnircomp06fl	243718144
45822836	tigrfam	cmag_053	74e05862-a704-4e35-b0df-b1fe07bc87d6	COMPLETED	160	160	04:11.565		1	16Gn	2026-10-02T22:10:19	2026-10-02T22:12:59	mjolnircomp13fl	347347968
45822837	tigrfam	cmag_439	74e05862-a704-4e35-b0df-b1fe07bc87d6	COMPLETED	175	175	04:40.238		1	16Gn	2026-10-02T22:10:19	2026-10-02T22:13:14	mjolnircomp13fl	329654272
45822838	kegg	cmag_202	74e05862-a704-4e35-b0df-b1fe07bc87d6	COMPLETED	1817	1817	56:00.391		1	8Gn	2026-10-02T22:10:49	2026-10-02T22:41:06	mjolnircomp04fl	829713408
45822839	kegg	cmag_077	74e05862-a704-4e35-b0df-b1fe07bc87d6	COMPLETED	4455	4455	02:05:41		1	8572Mn	2026-10-02T22:10:19	2026-10-02T23:24:34	mjolnircomp17fl	840067072
45822850	ncbifam	cmag_208	74e05862-a704-4e35-b0df-b1fe07bc87d6	COMPLETED	859	859	23:02.340		1	16Gn	2026-10-02T22:10:49	2026-10-02T22:25:08	mjolnircomp02fl	368066560
45822851	pfam	cmag_610	74e05862-a704-4e35-b0df-b1fe07bc87d6	COMPLETED	591	591	16:02.966		1	8Gn	2026-10-02T22:10:49	2026-10-02T22:20:40	mjolnircomp03fl	176021504
45822852	ncbifam	cmag_379	74e05862-a704-4e35-b0df-b1fe07bc87d6	COMPLETED	1106	1106	29:12.502		1	16Gn	2026-10-02T22:10:49	2026-10-02T22:29:15	mjolnircomp02fl	420185088
45822853	ncbifam	cmag_446	74e05862-a704-4e35-b0df-b1fe07bc87d6	COMPLETED	1529	1529	41:40.147		1	16Gn	2026-10-02T22:11:19	2026-10-02T22:36:48	mjolnircomp05fl	388270080
45822854	pfam	cmag_108	74e05862-a704-4e35-b0df-b1fe07bc87d6	COMPLETED	437	437	12:13.172		1	8Gn	2026-10-02T22:10:49	2026-10-02T22:18:06	mjolnircomp01fl	203990016
45822855	kegg	cmag_278	74e05862-a704-4e35-b0df-b1fe07bc87d6	COMPLETED	2619	2619	01:09:56		1	8Gn	2026-10-02T22:10:49	2026-10-02T22:54:28	mjolnirgpu03fl	1022302208
45822856	merge_gene_annotations	cmag_054	74e05862-a704-4e35-b0df-b1fe07bc87d6	COMPLETED	21	21	00:15.025		1	8Gn	2026-10-02T22:10:49	2026-10-02T22:11:10	mjolnirgpu03fl	822272
45822857	ncbifam	cmag_641	74e05862-a704-4e35-b0df-b1fe07bc87d6	COMPLETED	1034	1034	28:16.227		1	16Gn	2026-10-02T22:10:49	2026-10-02T22:28:03	mjolnircomp17fl	348815360
45822866	cazy	cmag_539	74e05862-a704-4e35-b0df-b1fe07bc87d6	COMPLETED	18	18	00:13.471		1	8Gn	2026-10-02T22:11:50	2026-10-02T22:12:08	mjolnircomp12fl	836608
45822867	tigrfam	cmag_117	74e05862-a704-4e35-b0df-b1fe07bc87d6	COMPLETED	205	205	05:20.312		1	16Gn	2026-10-02T22:11:19	2026-10-02T22:14:44	mjolnircomp02fl	286456832
45822868	pfam	cmag_138	74e05862-a704-4e35-b0df-b1fe07bc87d6	COMPLETED	976	976	27:13.181		1	8Gn	2026-10-02T22:11:19	2026-10-02T22:27:35	mjolnirgpu01fl	250815488
45822869	merge_gene_annotations	cmag_825	74e05862-a704-4e35-b0df-b1fe07bc87d6	COMPLETED	21	21	00:15.556		1	8Gn	2026-10-02T22:11:19	2026-10-02T22:11:40	mjolnircomp02fl	813056
45822870	tigrfam	cmag_168	74e05862-a704-4e35-b0df-b1fe07bc87d6	COMPLETED	195	195	05:11.694		1	16Gn	2026-10-02T22:11:19	2026-10-02T22:14:34	mjolnircomp14fl	319791104
45822871	pfam	cmag_540	74e05862-a704-4e35-b0df-b1fe07bc87d6	COMPLETED	685	685	18:57.040		1	8Gn	2026-10-02T22:11:50	2026-10-02T22:23:15	mjolnircomp03fl	222730240
45822875	tigrfam	cmag_535	74e05862-a704-4e35-b0df-b1fe07bc87d6	COMPLETED	232	232	06:15.426		1	16Gn	2026-10-02T22:12:20	2026-10-02T22:16:12	mjolnircomp13fl	376742912
45822876	tigrfam	cmag_150	74e05862-a704-4e35-b0df-b1fe07bc87d6	COMPLETED	156	156	03:42.755		1	16Gn	2026-10-02T22:12:20	2026-10-02T22:14:56	mjolnirgpu03fl	294560768
45822877	merge_gene_annotations	cmag_153	74e05862-a704-4e35-b0df-b1fe07bc87d6	COMPLETED	23	23	00:16.961		1	8Gn	2026-10-02T22:12:20	2026-10-02T22:12:43	mjolnircomp08fl	822272
45822882	tigrfam	cmag_106	74e05862-a704-4e35-b0df-b1fe07bc87d6	COMPLETED	185	185	04:14.063		1	16Gn	2026-10-02T22:12:20	2026-10-02T22:15:25	mjolnircomp17fl	349638656
45822883	cazy	cmag_353	74e05862-a704-4e35-b0df-b1fe07bc87d6	COMPLETED	14	14	00:09.299		1	8Gn	2026-10-02T22:12:20	2026-10-02T22:12:34	mjolnircomp01fl	801792
45822887	kegg	cmag_545	74e05862-a704-4e35-b0df-b1fe07bc87d6	COMPLETED	1845	1845	51:30.736		1	8Gn	2026-10-02T22:12:50	2026-10-02T22:43:35	mjolnircomp08fl	867109888
45822888	pfam	cmag_094	74e05862-a704-4e35-b0df-b1fe07bc87d6	COMPLETED	1033	1033	28:24.255		1	8Gn	2026-10-02T22:12:50	2026-10-02T22:30:03	mjolnircomp12fl	264152064
45822889	tigrfam	cmag_061	74e05862-a704-4e35-b0df-b1fe07bc87d6	COMPLETED	158	158	03:45.125		1	16Gn	2026-10-02T22:12:50	2026-10-02T22:15:28	mjolnirgpu03fl	306489344
45822890	tigrfam	cmag_425	74e05862-a704-4e35-b0df-b1fe07bc87d6	COMPLETED	115	115	02:57.099		1	16Gn	2026-10-02T22:12:50	2026-10-02T22:14:45	mjolnirgpu01fl	405153792
45822891	cazy	cmag_667	74e05862-a704-4e35-b0df-b1fe07bc87d6	COMPLETED	18	18	00:13.085		1	8Gn	2026-10-02T22:12:50	2026-10-02T22:13:08	mjolnircomp01fl	818176
45822892	kegg	cmag_701	74e05862-a704-4e35-b0df-b1fe07bc87d6	COMPLETED	2857	2857	01:21:24		1	8Gn	2026-10-02T22:12:50	2026-10-02T23:00:27	mjolnircomp17fl	726515712
45822893	cazy	cmag_573	74e05862-a704-4e35-b0df-b1fe07bc87d6	COMPLETED	24	24	00:19.272		1	8Gn	2026-10-02T22:12:50	2026-10-02T22:13:14	mjolnircomp03fl	823296
45822910	cazy	cmag_641	74e05862-a704-4e35-b0df-b1fe07bc87d6	COMPLETED	18	18	00:12.825		1	8Gn	2026-10-02T22:13:50	2026-10-02T22:14:08	mjolnircomp01fl	819200
45822912	ncbifam	cmag_339	74e05862-a704-4e35-b0df-b1fe07bc87d6	COMPLETED	788	788	21:56.232		1	16Gn	2026-10-02T22:13:50	2026-10-02T22:26:58	mjolnircomp08fl	373239808
45822913	ncbifam	cmag_029	74e05862-a704-4e35-b0df-b1fe07bc87d6	COMPLETED	435	435	11:30.601		1	16Gn	2026-10-02T22:13:50	2026-10-02T22:21:05	mjolnircomp17fl	366544896
45822914	pfam	cmag_457	74e05862-a704-4e35-b0df-b1fe07bc87d6	COMPLETED	620	620	17:05.189		1	8Gn	2026-10-02T22:13:50	2026-10-02T22:24:10	mjolnircomp03fl	198172672
45822915	tigrfam	cmag_442	74e05862-a704-4e35-b0df-b1fe07bc87d6	COMPLETED	147	147	03:55.548		1	16Gn	2026-10-02T22:13:50	2026-10-02T22:16:17	mjolnircomp10fl	431454208
45822916	pfam	cmag_483	74e05862-a704-4e35-b0df-b1fe07bc87d6	COMPLETED	958	958	26:03.680		1	8Gn	2026-10-02T22:13:50	2026-10-02T22:29:48	mjolnircomp03fl	199017472
45822917	ncbifam	cmag_018	74e05862-a704-4e35-b0df-b1fe07bc87d6	COMPLETED	472	472	13:12.501		1	16Gn	2026-10-02T22:13:50	2026-10-02T22:21:42	mjolnircomp10fl	478119936
45822918	tigrfam	cmag_807	74e05862-a704-4e35-b0df-b1fe07bc87d6	COMPLETED	117	117	02:36.485		1	16Gn	2026-10-02T22:13:50	2026-10-02T22:15:47	mjolnircomp17fl	343518208
45822919	kegg	cmag_365	74e05862-a704-4e35-b0df-b1fe07bc87d6	COMPLETED	1319	1319	37:53.551		1	8Gn	2026-10-02T22:13:50	2026-10-02T22:35:49	mjolnirgpu01fl	820930560
45822920	prodigal	cmag_523	74e05862-a704-4e35-b0df-b1fe07bc87d6	COMPLETED	6	6	00:02.741		1	1164Mn	2026-10-02T22:13:50	2026-10-02T22:13:56	mjolnircomp01fl	824320
45822921	cazy	cmag_688	74e05862-a704-4e35-b0df-b1fe07bc87d6	COMPLETED	21	21	00:15.331		1	8Gn	2026-10-02T22:13:50	2026-10-02T22:14:11	mjolnircomp01fl	823296
45822922	kegg	cmag_229	74e05862-a704-4e35-b0df-b1fe07bc87d6	COMPLETED	1881	1881	55:09.582		1	8Gn	2026-10-02T22:13:50	2026-10-02T22:45:11	mjolnircomp14fl	918617088
45822938	tigrfam	cmag_557	74e05862-a704-4e35-b0df-b1fe07bc87d6	COMPLETED	145	145	03:48.652		1	16Gn	2026-10-02T22:16:52	2026-10-02T22:19:17	mjolnircomp07fl	382837760
45822939	kegg	cmag_499	74e05862-a704-4e35-b0df-b1fe07bc87d6	COMPLETED	1630	1630	47:17.738		1	8Gn	2026-10-02T22:14:21	2026-10-02T22:41:31	mjolnircomp02fl	909160448
45822940	prodigal	cmag_436	74e05862-a704-4e35-b0df-b1fe07bc87d6	COMPLETED	6	6	00:03.738		1	2174Mn	2026-10-02T22:14:21	2026-10-02T22:14:27	mjolnircomp01fl	824320
45822957	pfam	cmag_225	74e05862-a704-4e35-b0df-b1fe07bc87d6	COMPLETED	690	690	18:09.143		1	8Gn	2026-10-02T22:14:51	2026-10-02T22:26:21	mjolnircomp02fl	180020224
45822958	kegg	cmag_568	74e05862-a704-4e35-b0df-b1fe07bc87d6	COMPLETED	2019	2019	59:06.441		1	8Gn	2026-10-02T22:19:23	2026-10-02T22:53:02	mjolnircomp07fl	1019257856
45822959	pfam	cmag_176	74e05862-a704-4e35-b0df-b1fe07bc87d6	COMPLETED	834	834	22:15.468		1	8Gn	2026-10-02T22:14:51	2026-10-02T22:28:45	mjolnircomp14fl	198096896
45822960	tigrfam	cmag_032	74e05862-a704-4e35-b0df-b1fe07bc87d6	COMPLETED	105	105	02:45.972		1	16Gn	2026-10-02T22:15:51	2026-10-02T22:17:36	mjolnircomp13fl	296034304
45822961	pfam	cmag_194	74e05862-a704-4e35-b0df-b1fe07bc87d6	COMPLETED	940	940	25:29.094		1	16Gn	2026-10-02T22:14:51	2026-10-02T22:30:31	mjolnirgpu01fl	199606272
45822972	ncbifam	cmag_527	74e05862-a704-4e35-b0df-b1fe07bc87d6	COMPLETED	422	422	11:53.541		1	16Gn	2026-10-02T22:16:22	2026-10-02T22:23:24	mjolnircomp09fl	435086336
45822973	ncbifam	cmag_022	74e05862-a704-4e35-b0df-b1fe07bc87d6	COMPLETED	434	434	12:27.649		1	16Gn	2026-10-02T22:16:22	2026-10-02T22:23:36	mjolnircomp13fl	395105280
45822976	merge_gene_annotations	cmag_123	74e05862-a704-4e35-b0df-b1fe07bc87d6	COMPLETED	24	24	00:16.152		1	8Gn	2026-10-02T22:36:02	2026-10-02T22:36:26	mjolnircomp03fl	888832
45822977	prodigal	cmag_543	74e05862-a704-4e35-b0df-b1fe07bc87d6	COMPLETED	15	15	00:11.393		1	5307Mn	2026-10-02T22:15:21	2026-10-02T22:15:36	mjolnircomp08fl	822272
45822983	ncbifam	cmag_569	74e05862-a704-4e35-b0df-b1fe07bc87d6	COMPLETED	857	857	24:21.227		1	16Gn	2026-10-02T22:36:02	2026-10-02T22:50:19	mjolnircomp03fl	483419136
45822993	tigrfam	cmag_182	74e05862-a704-4e35-b0df-b1fe07bc87d6	COMPLETED	314	314	08:12.983		1	16Gn	2026-10-02T22:19:54	2026-10-02T22:25:08	mjolnircomp06fl	339259392
45822995	ncbifam	cmag_270	74e05862-a704-4e35-b0df-b1fe07bc87d6	COMPLETED	986	986	27:46.837		1	16Gn	2026-10-02T22:19:54	2026-10-02T22:36:20	mjolnircomp06fl	392244224
45822996	kegg	cmag_441	74e05862-a704-4e35-b0df-b1fe07bc87d6	COMPLETED	1738	1738	51:38.902		1	8Gn	2026-10-02T22:17:22	2026-10-02T22:46:20	mjolnircomp13fl	739356672
45822997	merge_gene_annotations	cmag_159	74e05862-a704-4e35-b0df-b1fe07bc87d6	COMPLETED	19	19	00:15.168		1	8Gn	2026-10-02T22:36:33	2026-10-02T22:36:52	mjolnircomp03fl	894976
45822998	kegg	cmag_715	74e05862-a704-4e35-b0df-b1fe07bc87d6	COMPLETED	2853	2853	01:22:14		1	8Gn	2026-10-02T22:19:54	2026-10-02T23:07:27	mjolnirgpu02fl	1120091136
45823001	pfam	cmag_366	74e05862-a704-4e35-b0df-b1fe07bc87d6	COMPLETED	558	558	16:09.145		1	8Gn	2026-10-02T22:16:22	2026-10-02T22:25:40	mjolnircomp04fl	214036480
45823011	pfam	cmag_214	74e05862-a704-4e35-b0df-b1fe07bc87d6	COMPLETED	687	687	18:41.322		1	8Gn	2026-10-02T22:16:22	2026-10-02T22:27:49	mjolnircomp03fl	194997248
45823012	cazy	cmag_410	74e05862-a704-4e35-b0df-b1fe07bc87d6	COMPLETED	18	18	00:14.247		1	8Gn	2026-10-02T22:16:22	2026-10-02T22:16:40	mjolnircomp01fl	837632
45823013	pfam	cmag_104	74e05862-a704-4e35-b0df-b1fe07bc87d6	COMPLETED	984	984	28:04.208		1	8Gn	2026-10-02T22:16:22	2026-10-02T22:32:46	mjolnircomp10fl	224485376
45823017	merge_gene_annotations	cmag_042	74e05862-a704-4e35-b0df-b1fe07bc87d6	COMPLETED	44	44	00:17.670		1	8Gn	2026-10-02T22:30:29	2026-10-02T22:31:13	mjolnircomp17fl	78525440
45823022	pfam	cmag_221	74e05862-a704-4e35-b0df-b1fe07bc87d6	COMPLETED	1036	1036	27:28.367		1	8Gn	2026-10-02T22:17:22	2026-10-02T22:34:38	mjolnircomp14fl	236139520
45823024	tigrfam	cmag_371	74e05862-a704-4e35-b0df-b1fe07bc87d6	COMPLETED	331	331	08:24.803		1	16Gn	2026-10-02T22:22:55	2026-10-02T22:28:26	mjolnirgpu02fl	341432320
45823026	pfam	cmag_339	74e05862-a704-4e35-b0df-b1fe07bc87d6	COMPLETED	1158	1158	29:14.646		1	8Gn	2026-10-02T22:17:22	2026-10-02T22:36:40	mjolnirgpu03fl	224942080
45823029	pfam	cmag_029	74e05862-a704-4e35-b0df-b1fe07bc87d6	COMPLETED	453	453	11:51.739		1	8Gn	2026-10-02T22:17:22	2026-10-02T22:24:55	mjolnircomp17fl	199775232
45823031	ncbifam	cmag_684	74e05862-a704-4e35-b0df-b1fe07bc87d6	COMPLETED	1175	1175	32:17.983		1	16Gn	2026-10-02T22:30:29	2026-10-02T22:50:04	mjolnircomp17fl	404407296
45823033	prodigal	cmag_152	74e05862-a704-4e35-b0df-b1fe07bc87d6	COMPLETED	11	11	00:08.103		1	2342Mn	2026-10-02T22:17:22	2026-10-02T22:17:33	mjolnircomp06fl	831488
45823041	tigrfam	cmag_162	74e05862-a704-4e35-b0df-b1fe07bc87d6	COMPLETED	308	308	08:16.975		1	16Gn	2026-10-02T22:37:03	2026-10-02T22:42:11	mjolnircomp03fl	411865088
45823042	tigrfam	cmag_636	74e05862-a704-4e35-b0df-b1fe07bc87d6	COMPLETED	164	164	04:17.677		1	16Gn	2026-10-02T22:34:31	2026-10-02T22:37:15	mjolnircomp01fl	382356480
45823043	kegg	cmag_021	74e05862-a704-4e35-b0df-b1fe07bc87d6	COMPLETED	1817	1817	54:28.516		1	8Gn	2026-10-02T22:18:23	2026-10-02T22:48:40	mjolnircomp13fl	1127339008
45823044	ncbifam	cmag_321	74e05862-a704-4e35-b0df-b1fe07bc87d6	COMPLETED	985	985	26:52.487		1	16Gn	2026-10-02T22:24:56	2026-10-02T22:41:21	mjolnircomp06fl	426890240
45823054	merge_gene_annotations	cmag_177	74e05862-a704-4e35-b0df-b1fe07bc87d6	COMPLETED	20	20	00:15.484		1	8Gn	2026-10-02T22:42:35	2026-10-02T22:42:55	mjolnircomp03fl	890880
45823056	merge_gene_annotations	cmag_771	74e05862-a704-4e35-b0df-b1fe07bc87d6	COMPLETED	19	19	00:14.879		1	8Gn	2026-10-02T22:43:05	2026-10-02T22:43:24	mjolnircomp03fl	893952
45823057	ncbifam	cmag_802	74e05862-a704-4e35-b0df-b1fe07bc87d6	COMPLETED	730	730	21:34.525		1	16Gn	2026-10-02T22:39:04	2026-10-02T22:51:14	mjolnircomp07fl	497241088
45823058	merge_gene_annotations	cmag_503	74e05862-a704-4e35-b0df-b1fe07bc87d6	COMPLETED	32	32	00:25.921		1	8Gn	2026-10-02T22:24:56	2026-10-02T22:25:28	mjolnircomp06fl	78151680
45823059	ncbifam	cmag_403	74e05862-a704-4e35-b0df-b1fe07bc87d6	COMPLETED	964	964	26:29.151		1	16Gn	2026-10-02T22:38:03	2026-10-02T22:54:07	mjolnircomp14fl	364354560
45823074	tigrfam	cmag_520	74e05862-a704-4e35-b0df-b1fe07bc87d6	COMPLETED	47	47	01:11.112		1	16Gn	2026-10-02T22:18:53	2026-10-02T22:19:40	mjolnircomp10fl	315261952
45823075	ncbifam	cmag_145	74e05862-a704-4e35-b0df-b1fe07bc87d6	COMPLETED	904	904	25:29.916		1	16Gn	2026-10-02T22:25:57	2026-10-02T22:41:01	mjolnircomp06fl	350790656
45823093	merge_gene_annotations	cmag_676	74e05862-a704-4e35-b0df-b1fe07bc87d6	COMPLETED	34	34	00:28.953		1	8Gn	2026-10-02T22:31:30	2026-10-02T22:32:04	mjolnircomp06fl	78058496
45823094	kegg	cmag_453	74e05862-a704-4e35-b0df-b1fe07bc87d6	COMPLETED	2112	2112	01:00:25		1	8Gn	2026-10-02T22:21:25	2026-10-02T22:56:37	mjolnircomp11fl	839320576
45823108	prodigal	cmag_529	74e05862-a704-4e35-b0df-b1fe07bc87d6	COMPLETED	10	10	00:06.825		1	1905Mn	2026-10-02T22:20:24	2026-10-02T22:20:34	mjolnircomp05fl	837632
45823109	tigrfam	cmag_726	74e05862-a704-4e35-b0df-b1fe07bc87d6	COMPLETED	192	192	04:38.768		1	16Gn	2026-10-02T22:23:56	2026-10-02T22:27:08	mjolnirgpu03fl	282144768
45823110	kegg	cmag_612	74e05862-a704-4e35-b0df-b1fe07bc87d6	COMPLETED	2295	2295	01:04:36		1	8Gn	2026-10-02T22:21:25	2026-10-02T22:59:40	mjolnirgpu01fl	1037612032
45823111	ncbifam	cmag_327	74e05862-a704-4e35-b0df-b1fe07bc87d6	COMPLETED	703	703	18:37.249		1	16Gn	2026-10-02T22:28:28	2026-10-02T22:40:11	mjolnirgpu02fl	400062464
45823112	pfam	cmag_546	74e05862-a704-4e35-b0df-b1fe07bc87d6	COMPLETED	953	953	25:14.356		1	8Gn	2026-10-02T22:20:24	2026-10-02T22:36:17	mjolnircomp02fl	180983808
45823113	ncbifam	cmag_221	74e05862-a704-4e35-b0df-b1fe07bc87d6	COMPLETED	802	802	23:15.093		1	16Gn	2026-10-02T22:43:35	2026-10-02T22:56:57	mjolnircomp03fl	356566016
45823114	prodigal	cmag_075	74e05862-a704-4e35-b0df-b1fe07bc87d6	COMPLETED	7	7	00:04.861		1	3209Mn	2026-10-02T22:20:24	2026-10-02T22:20:31	mjolnircomp12fl	839680
45823133	merge_gene_annotations	cmag_081	74e05862-a704-4e35-b0df-b1fe07bc87d6	COMPLETED	35	35	00:29.472		1	8Gn	2026-10-02T22:32:30	2026-10-02T22:33:05	mjolnircomp06fl	78304256
45823134	ncbifam	cmag_694	74e05862-a704-4e35-b0df-b1fe07bc87d6	COMPLETED	661	661	18:46.356		1	16Gn	2026-10-02T22:34:31	2026-10-02T22:45:32	mjolnircomp14fl	404533248
45823135	tigrfam	cmag_537	74e05862-a704-4e35-b0df-b1fe07bc87d6	COMPLETED	236	236	06:21.921		1	16Gn	2026-10-02T22:44:05	2026-10-02T22:48:01	mjolnircomp04fl	382900224
45823136	merge_gene_annotations	cmag_019	74e05862-a704-4e35-b0df-b1fe07bc87d6	COMPLETED	23	23	00:18.215		1	8Gn	2026-10-02T22:21:25	2026-10-02T22:21:48	mjolnirgpu01fl	817152
45823137	ncbifam	cmag_201	74e05862-a704-4e35-b0df-b1fe07bc87d6	COMPLETED	550	550	15:44.521		1	16Gn	2026-10-02T22:21:25	2026-10-02T22:30:35	mjolnirgpu01fl	339328000
45823138	merge_gene_annotations	cmag_331	74e05862-a704-4e35-b0df-b1fe07bc87d6	COMPLETED	17	17	00:12.005		1	8Gn	2026-10-02T22:33:01	2026-10-02T22:33:18	mjolnircomp10fl	858112
45823139	kegg	cmag_244	74e05862-a704-4e35-b0df-b1fe07bc87d6	COMPLETED	2420	2420	01:02:32		1	8Gn	2026-10-02T22:20:54	2026-10-02T23:01:14	mjolnirgpu03fl	803268608
45823159	prodigal	cmag_383	74e05862-a704-4e35-b0df-b1fe07bc87d6	COMPLETED	6	6	00:03.885		1	2511Mn	2026-10-02T22:21:55	2026-10-02T22:22:01	mjolnircomp01fl	855040
45823160	cazy	cmag_494	74e05862-a704-4e35-b0df-b1fe07bc87d6	COMPLETED	17	17	00:13.281		1	8Gn	2026-10-02T22:21:55	2026-10-02T22:22:12	mjolnircomp01fl	858112
45823161	merge_gene_annotations	cmag_643	74e05862-a704-4e35-b0df-b1fe07bc87d6	COMPLETED	16	16	00:12.253		1	8Gn	2026-10-02T22:33:31	2026-10-02T22:33:47	mjolnircomp10fl	846848
45823168	kegg	cmag_309	74e05862-a704-4e35-b0df-b1fe07bc87d6	COMPLETED	3202	3202	01:19:30		1	8Gn	2026-10-02T22:22:25	2026-10-02T23:15:47	mjolnirgpu03fl	1116250112
45823169	prodigal	cmag_219	74e05862-a704-4e35-b0df-b1fe07bc87d6	COMPLETED	9	9	00:05.903		1	5075Mn	2026-10-02T22:22:25	2026-10-02T22:22:34	mjolnircomp01fl	863232
45823170	tigrfam	cmag_360	74e05862-a704-4e35-b0df-b1fe07bc87d6	COMPLETED	190	190	04:49.101		1	16Gn	2026-10-02T22:34:31	2026-10-02T22:37:41	mjolnircomp14fl	317797376
45823171	cazy	cmag_413	74e05862-a704-4e35-b0df-b1fe07bc87d6	COMPLETED	15	15	00:10.403		1	8Gn	2026-10-02T22:22:25	2026-10-02T22:22:40	mjolnircomp10fl	842752
45823172	merge_gene_annotations	cmag_746	74e05862-a704-4e35-b0df-b1fe07bc87d6	COMPLETED	22	22	00:16.959		1	8Gn	2026-10-02T22:44:35	2026-10-02T22:44:57	mjolnircomp08fl	891904
45823173	kegg	cmag_458	74e05862-a704-4e35-b0df-b1fe07bc87d6	COMPLETED	1493	1493	42:49.408		1	8Gn	2026-10-02T22:22:25	2026-10-02T22:47:18	mjolnirgpu01fl	830492672
45823174	kegg	cmag_090	74e05862-a704-4e35-b0df-b1fe07bc87d6	COMPLETED	1350	1350	37:04.480		1	8Gn	2026-10-02T22:22:55	2026-10-02T22:45:25	mjolnirgpu03fl	697359360
45823189	kegg	cmag_713	74e05862-a704-4e35-b0df-b1fe07bc87d6	COMPLETED	2060	2060	59:30.109		1	8Gn	2026-10-02T22:22:55	2026-10-02T22:57:15	mjolnircomp11fl	771633152
45823190	ncbifam	cmag_350	74e05862-a704-4e35-b0df-b1fe07bc87d6	COMPLETED	377	377	09:59.191		1	16Gn	2026-10-02T22:23:26	2026-10-02T22:29:43	mjolnirgpu03fl	323372032
45823191	pfam	cmag_802	74e05862-a704-4e35-b0df-b1fe07bc87d6	COMPLETED	1417	1417	37:10.314		1	8Gn	2026-10-02T22:23:26	2026-10-02T22:47:03	mjolnirgpu03fl	202014720
45823192	kegg	cmag_083	74e05862-a704-4e35-b0df-b1fe07bc87d6	COMPLETED	2226	2226	01:03:48		1	8Gn	2026-10-02T22:23:56	2026-10-02T23:01:02	mjolnircomp05fl	947865600
45823193	prodigal	cmag_079	74e05862-a704-4e35-b0df-b1fe07bc87d6	COMPLETED	7	7	00:04.662		1	2831Mn	2026-10-02T22:22:55	2026-10-02T22:23:02	mjolnircomp12fl	833536
45823206	kegg	cmag_390	74e05862-a704-4e35-b0df-b1fe07bc87d6	COMPLETED	1294	1294	36:52.285		1	8Gn	2026-10-02T22:25:27	2026-10-02T22:47:01	mjolnircomp14fl	888699904
45823207	pfam	cmag_706	74e05862-a704-4e35-b0df-b1fe07bc87d6	COMPLETED	1908	1908	50:42.450		1	8Gn	2026-10-02T22:25:57	2026-10-02T22:57:45	mjolnircomp05fl	227960832
45823208	merge_gene_annotations	cmag_539	74e05862-a704-4e35-b0df-b1fe07bc87d6	COMPLETED	17	17	00:12.329		1	8Gn	2026-10-02T22:34:01	2026-10-02T22:34:18	mjolnircomp10fl	857088
45823209	cazy	cmag_684	74e05862-a704-4e35-b0df-b1fe07bc87d6	COMPLETED	29	29	00:23.715		1	8Gn	2026-10-02T22:28:28	2026-10-02T22:28:57	mjolnircomp06fl	813056
45823210	ncbifam	cmag_633	74e05862-a704-4e35-b0df-b1fe07bc87d6	COMPLETED	501	501	13:46.367		1	16Gn	2026-10-02T22:25:27	2026-10-02T22:33:48	mjolnircomp11fl	428846080
45823211	kegg	cmag_595	74e05862-a704-4e35-b0df-b1fe07bc87d6	COMPLETED	1339	1339	38:23.599		1	16Gn	2026-10-02T22:26:27	2026-10-02T22:48:46	mjolnircomp11fl	952569856
45823212	prodigal	cmag_093	74e05862-a704-4e35-b0df-b1fe07bc87d6	COMPLETED	9	9	00:05.583		1	2040Mn	2026-10-02T22:28:28	2026-10-02T22:28:37	mjolnirgpu01fl	813056
45823225	kegg	cmag_769	74e05862-a704-4e35-b0df-b1fe07bc87d6	COMPLETED	3396	3396	01:27:18		1	8Gn	2026-10-02T22:27:28	2026-10-02T23:24:04	mjolnirgpu03fl	857623552
45823226	ncbifam	cmag_122	74e05862-a704-4e35-b0df-b1fe07bc87d6	COMPLETED	819	819	23:54.004		1	16Gn	2026-10-02T22:45:05	2026-10-02T22:58:44	mjolnircomp08fl	407546880
45823236	pfam	cmag_812	74e05862-a704-4e35-b0df-b1fe07bc87d6	COMPLETED	735	735	19:18.066		1	8Gn	2026-10-02T22:26:27	2026-10-02T22:38:42	mjolnircomp02fl	216604672
45823242	tigrfam	cmag_194	74e05862-a704-4e35-b0df-b1fe07bc87d6	COMPLETED	181	181	04:33.847		1	16Gn	2026-10-02T22:36:33	2026-10-02T22:39:34	mjolnircomp14fl	393295872
45823243	cazy	cmag_701	74e05862-a704-4e35-b0df-b1fe07bc87d6	COMPLETED	27	27	00:23.440		1	8Gn	2026-10-02T22:33:01	2026-10-02T22:33:28	mjolnirgpu01fl	819200
45823244	pfam	cmag_764	74e05862-a704-4e35-b0df-b1fe07bc87d6	COMPLETED	1046	1046	28:32.331		1	8Gn	2026-10-02T22:27:58	2026-10-02T22:45:24	mjolnircomp11fl	253721600
45823245	pfam	cmag_252	74e05862-a704-4e35-b0df-b1fe07bc87d6	COMPLETED	1030	1030	29:07.652		1	8Gn	2026-10-02T22:27:58	2026-10-02T22:45:08	mjolnirgpu01fl	203725824
45823246	cazy	cmag_624	74e05862-a704-4e35-b0df-b1fe07bc87d6	COMPLETED	22	22	00:17.950		1	8Gn	2026-10-02T22:33:01	2026-10-02T22:33:23	mjolnirgpu01fl	820224
45823247	merge_gene_annotations	cmag_050	74e05862-a704-4e35-b0df-b1fe07bc87d6	COMPLETED	22	22	00:18.002		1	8Gn	2026-10-02T22:48:06	2026-10-02T22:48:28	mjolnircomp04fl	860160
45823251	cazy	cmag_104	74e05862-a704-4e35-b0df-b1fe07bc87d6	COMPLETED	23	23	00:18.326		1	8Gn	2026-10-02T22:27:58	2026-10-02T22:28:21	mjolnircomp03fl	858112
45823252	cazy	cmag_514	74e05862-a704-4e35-b0df-b1fe07bc87d6	COMPLETED	31	31	00:26.701		1	8Gn	2026-10-02T22:33:01	2026-10-02T22:33:32	mjolnirgpu01fl	77965312
45823254	prodigal	cmag_505	74e05862-a704-4e35-b0df-b1fe07bc87d6	COMPLETED	9	9	00:06.626		1	2325Mn	2026-10-02T22:33:01	2026-10-02T22:33:10	mjolnirgpu01fl	818176
45823256	cazy	cmag_195	74e05862-a704-4e35-b0df-b1fe07bc87d6	COMPLETED	19	19	00:14.565		1	8Gn	2026-10-02T22:33:31	2026-10-02T22:33:50	mjolnirgpu01fl	820224
45823257	ncbifam	cmag_693	74e05862-a704-4e35-b0df-b1fe07bc87d6	COMPLETED	485	485	13:47.684		1	16Gn	2026-10-02T22:34:31	2026-10-02T22:42:36	mjolnircomp10fl	454832128
45823258	cazy	cmag_365	74e05862-a704-4e35-b0df-b1fe07bc87d6	COMPLETED	21	21	00:16.433		1	8Gn	2026-10-02T22:33:31	2026-10-02T22:33:52	mjolnirgpu01fl	822272
45823259	ncbifam	cmag_457	74e05862-a704-4e35-b0df-b1fe07bc87d6	COMPLETED	1034	1034	29:03.733		1	16Gn	2026-10-02T22:37:03	2026-10-02T22:54:17	mjolnircomp06fl	461219840
45823262	cazy	cmag_036	74e05862-a704-4e35-b0df-b1fe07bc87d6	COMPLETED	29	29	00:23.521		1	8Gn	2026-10-02T22:34:01	2026-10-02T22:34:30	mjolnirgpu01fl	823296
45823263	cazy	cmag_022	74e05862-a704-4e35-b0df-b1fe07bc87d6	COMPLETED	15	15	00:10.300		1	8Gn	2026-10-02T22:34:32	2026-10-02T22:34:47	mjolnircomp12fl	849920
45823264	tigrfam	cmag_486	74e05862-a704-4e35-b0df-b1fe07bc87d6	COMPLETED	240	240	06:31.892		1	16Gn	2026-10-02T22:47:06	2026-10-02T22:51:06	mjolnircomp15fl	380505088
45823265	ncbifam	cmag_682	74e05862-a704-4e35-b0df-b1fe07bc87d6	COMPLETED	463	463	13:00.562		1	16Gn	2026-10-02T22:37:33	2026-10-02T22:45:16	mjolnircomp01fl	504101888
45823271	merge_gene_annotations	cmag_286	74e05862-a704-4e35-b0df-b1fe07bc87d6	COMPLETED	33	33	00:27.413		1	8Gn	2026-10-02T22:37:33	2026-10-02T22:38:06	mjolnircomp06fl	78087168
45823272	merge_gene_annotations	cmag_566	74e05862-a704-4e35-b0df-b1fe07bc87d6	COMPLETED	36	36	00:30.612		1	8Gn	2026-10-02T22:38:34	2026-10-02T22:39:10	mjolnircomp06fl	78270464
45823273	merge_gene_annotations	cmag_635	74e05862-a704-4e35-b0df-b1fe07bc87d6	COMPLETED	16	16	00:11.435		1	8Gn	2026-10-02T22:33:01	2026-10-02T22:33:17	mjolnircomp09fl	851968
45823274	tigrfam	cmag_403	74e05862-a704-4e35-b0df-b1fe07bc87d6	COMPLETED	187	187	05:01.990		1	16Gn	2026-10-02T22:42:05	2026-10-02T22:45:12	mjolnircomp10fl	337675264
45823275	kegg	cmag_065	74e05862-a704-4e35-b0df-b1fe07bc87d6	TIMEOUT	5243	5243	00:01.692		1	8Gn	2026-10-02T22:39:04	2026-10-03T00:06:27	mjolnircomp06fl	968228864
45823279	cazy	cmag_824	74e05862-a704-4e35-b0df-b1fe07bc87d6	COMPLETED	24	24	00:19.047		1	8Gn	2026-10-02T22:32:30	2026-10-02T22:32:54	mjolnircomp12fl	863232
45823280	tigrfam	cmag_049	74e05862-a704-4e35-b0df-b1fe07bc87d6	COMPLETED	173	173	04:28.596		1	16Gn	2026-10-02T22:40:04	2026-10-02T22:42:57	mjolnircomp14fl	350510080
45823284	pfam	cmag_163	74e05862-a704-4e35-b0df-b1fe07bc87d6	COMPLETED	428	428	11:51.506		1	8Gn	2026-10-02T22:34:32	2026-10-02T22:41:40	mjolnirgpu01fl	162859008
45823285	merge_gene_annotations	cmag_337	74e05862-a704-4e35-b0df-b1fe07bc87d6	COMPLETED	20	20	00:14.125		1	8Gn	2026-10-02T22:45:05	2026-10-02T22:45:25	mjolnircomp15fl	880640
45823291	kegg	cmag_075	74e05862-a704-4e35-b0df-b1fe07bc87d6	COMPLETED	3430	3430	01:26:46		1	8Gn	2026-10-02T22:32:30	2026-10-02T23:29:40	mjolnirgpu03fl	815190016
45823292	cazy	cmag_685	74e05862-a704-4e35-b0df-b1fe07bc87d6	COMPLETED	31	31	00:25.258		1	8Gn	2026-10-02T22:32:30	2026-10-02T22:33:01	mjolnircomp02fl	78777344
45823293	pfam	cmag_667	74e05862-a704-4e35-b0df-b1fe07bc87d6	COMPLETED	1096	1096	29:19.309		1	8Gn	2026-10-02T22:32:30	2026-10-02T22:50:46	mjolnircomp11fl	184979456
45823295	pfam	cmag_499	74e05862-a704-4e35-b0df-b1fe07bc87d6	COMPLETED	944	944	25:32.524		1	8Gn	2026-10-02T22:32:30	2026-10-02T22:48:14	mjolnircomp11fl	176168960
45823301	cazy	cmag_148	74e05862-a704-4e35-b0df-b1fe07bc87d6	COMPLETED	27	27	00:22.877		1	8Gn	2026-10-02T22:35:02	2026-10-02T22:35:29	mjolnirgpu01fl	821248
45823305	cazy	cmag_644	74e05862-a704-4e35-b0df-b1fe07bc87d6	COMPLETED	23	23	00:19.217		1	8Gn	2026-10-02T22:35:02	2026-10-02T22:35:25	mjolnirgpu01fl	819200
45823306	tigrfam	cmag_216	74e05862-a704-4e35-b0df-b1fe07bc87d6	COMPLETED	248	248	06:37.257		1	16Gn	2026-10-02T22:47:06	2026-10-02T22:51:14	mjolnircomp15fl	362613760
45823307	merge_gene_annotations	cmag_660	74e05862-a704-4e35-b0df-b1fe07bc87d6	COMPLETED	14	14	00:10.396		1	8Gn	2026-10-02T22:33:31	2026-10-02T22:33:45	mjolnircomp09fl	857088
45823316	cazy	cmag_118	74e05862-a704-4e35-b0df-b1fe07bc87d6	COMPLETED	16	16	00:11.018		1	8Gn	2026-10-02T22:35:32	2026-10-02T22:35:48	mjolnircomp12fl	855040
45823317	tigrfam	cmag_140	74e05862-a704-4e35-b0df-b1fe07bc87d6	COMPLETED	250	250	06:29.836		1	16Gn	2026-10-02T22:40:04	2026-10-02T22:44:14	mjolnircomp06fl	373693440
45823318	tigrfam	cmag_270	74e05862-a704-4e35-b0df-b1fe07bc87d6	COMPLETED	116	116	03:04.443		1	16Gn	2026-10-02T22:35:02	2026-10-02T22:36:58	mjolnircomp10fl	305340416
45823319	tigrfam	cmag_527	74e05862-a704-4e35-b0df-b1fe07bc87d6	COMPLETED	96	96	02:33.764		1	16Gn	2026-10-02T22:34:01	2026-10-02T22:35:37	mjolnircomp09fl	352849920
45823320	pfam	cmag_037	74e05862-a704-4e35-b0df-b1fe07bc87d6	COMPLETED	1162	1162	31:02.805		1	8Gn	2026-10-02T22:34:01	2026-10-02T22:53:23	mjolnircomp11fl	295060480
45823321	tigrfam	cmag_307	74e05862-a704-4e35-b0df-b1fe07bc87d6	COMPLETED	110	110	02:52.022		1	16Gn	2026-10-02T22:36:02	2026-10-02T22:37:52	mjolnircomp09fl	356387840
45823322	cazy	cmag_715	74e05862-a704-4e35-b0df-b1fe07bc87d6	COMPLETED	19	19	00:14.461		1	8Gn	2026-10-02T22:34:01	2026-10-02T22:34:20	mjolnircomp02fl	823296
45823323	merge_gene_annotations	cmag_340	74e05862-a704-4e35-b0df-b1fe07bc87d6	COMPLETED	17	17	00:11.605		1	8Gn	2026-10-02T22:37:03	2026-10-02T22:37:20	mjolnircomp10fl	856064
45823331	kegg	cmag_413	74e05862-a704-4e35-b0df-b1fe07bc87d6	COMPLETED	1394	1394	40:40.479		1	8Gn	2026-10-02T22:34:32	2026-10-02T22:57:46	mjolnircomp11fl	1167185920
45823332	merge_gene_annotations	cmag_256	74e05862-a704-4e35-b0df-b1fe07bc87d6	COMPLETED	32	32	00:26.372		1	8Gn	2026-10-02T22:41:04	2026-10-02T22:41:36	mjolnircomp06fl	78646272
45823333	tigrfam	cmag_447	74e05862-a704-4e35-b0df-b1fe07bc87d6	COMPLETED	291	291	06:55.010		1	16Gn	2026-10-02T22:41:04	2026-10-02T22:45:55	mjolnircomp17fl	341376000
45823334	ncbifam	cmag_332	74e05862-a704-4e35-b0df-b1fe07bc87d6	COMPLETED	1137	1137	30:41.550		1	16Gn	2026-10-02T22:41:34	2026-10-02T23:00:31	mjolnircomp06fl	375942144
45823335	pfam	cmag_032	74e05862-a704-4e35-b0df-b1fe07bc87d6	COMPLETED	474	474	12:15.536		1	8Gn	2026-10-02T22:34:32	2026-10-02T22:42:26	mjolnircomp02fl	319414272
45823336	cazy	cmag_776	74e05862-a704-4e35-b0df-b1fe07bc87d6	COMPLETED	15	15	00:09.764		1	8Gn	2026-10-02T22:35:32	2026-10-02T22:35:47	mjolnircomp15fl	847872
45823337	cazy	cmag_517	74e05862-a704-4e35-b0df-b1fe07bc87d6	COMPLETED	25	25	00:19.067		1	8Gn	2026-10-02T22:35:32	2026-10-02T22:35:57	mjolnirgpu01fl	817152
45823338	tigrfam	cmag_405	74e05862-a704-4e35-b0df-b1fe07bc87d6	COMPLETED	351	351	09:15.059		1	16Gn	2026-10-02T22:41:34	2026-10-02T22:47:25	mjolnircomp06fl	362603520
45823339	cazy	cmag_012	74e05862-a704-4e35-b0df-b1fe07bc87d6	COMPLETED	19	19	00:13.945		1	8Gn	2026-10-02T22:36:02	2026-10-02T22:36:21	mjolnircomp15fl	848896
45823351	merge_gene_annotations	cmag_440	74e05862-a704-4e35-b0df-b1fe07bc87d6	COMPLETED	16	16	00:12.242		1	8Gn	2026-10-02T22:42:05	2026-10-02T22:42:21	mjolnircomp02fl	863232
45823352	kegg	cmag_543	74e05862-a704-4e35-b0df-b1fe07bc87d6	COMPLETED	3149	3149	01:27:54		1	8Gn	2026-10-02T22:42:05	2026-10-02T23:34:34	mjolnircomp14fl	915645440
45823353	ncbifam	cmag_372	74e05862-a704-4e35-b0df-b1fe07bc87d6	COMPLETED	694	694	18:53.971		1	16Gn	2026-10-02T22:42:35	2026-10-02T22:54:09	mjolnircomp02fl	457297920
45823369	merge_gene_annotations	cmag_745	74e05862-a704-4e35-b0df-b1fe07bc87d6	COMPLETED	18	18	00:12.817		1	8Gn	2026-10-02T22:45:35	2026-10-02T22:45:53	mjolnircomp15fl	883712
45823370	merge_gene_annotations	cmag_211	74e05862-a704-4e35-b0df-b1fe07bc87d6	COMPLETED	21	21	00:15.646		1	8Gn	2026-10-02T22:52:36	2026-10-02T22:52:57	mjolnircomp04fl	854016
45823371	prodigal	cmag_515	74e05862-a704-4e35-b0df-b1fe07bc87d6	COMPLETED	9	9	00:05.548		1	2406Mn	2026-10-02T22:36:02	2026-10-02T22:36:11	mjolnirgpu02fl	832512
45823372	kegg	cmag_069	74e05862-a704-4e35-b0df-b1fe07bc87d6	COMPLETED	1215	1215	33:33.975		1	8Gn	2026-10-02T22:38:34	2026-10-02T22:58:49	mjolnirgpu01fl	771828736
45823373	ncbifam	cmag_512	74e05862-a704-4e35-b0df-b1fe07bc87d6	COMPLETED	490	490	13:25.959		1	16Gn	2026-10-02T22:37:33	2026-10-02T22:45:43	mjolnircomp10fl	338656256
45823388	merge_gene_annotations	cmag_262	74e05862-a704-4e35-b0df-b1fe07bc87d6	COMPLETED	20	20	00:14.695		1	8Gn	2026-10-02T22:46:05	2026-10-02T22:46:25	mjolnircomp15fl	885760
45823389	ncbifam	cmag_176	74e05862-a704-4e35-b0df-b1fe07bc87d6	COMPLETED	753	753	19:58.170		1	16Gn	2026-10-02T22:42:35	2026-10-02T22:55:08	mjolnircomp02fl	430942208
45823390	kegg	cmag_166	74e05862-a704-4e35-b0df-b1fe07bc87d6	COMPLETED	2746	2746	01:07:45		1	8Gn	2026-10-02T22:37:03	2026-10-02T23:22:49	mjolnirgpu03fl	1072562176
45823391	merge_gene_annotations	cmag_170	74e05862-a704-4e35-b0df-b1fe07bc87d6	COMPLETED	18	18	00:14.302		1	8Gn	2026-10-02T22:46:36	2026-10-02T22:46:54	mjolnircomp15fl	876544
45823392	merge_gene_annotations	cmag_742	74e05862-a704-4e35-b0df-b1fe07bc87d6	COMPLETED	20	20	00:15.784		1	8Gn	2026-10-02T22:57:07	2026-10-02T22:57:27	mjolnircomp03fl	888832
45823393	ncbifam	cmag_346	74e05862-a704-4e35-b0df-b1fe07bc87d6	COMPLETED	550	550	15:36.343		1	16Gn	2026-10-02T22:43:05	2026-10-02T22:52:15	mjolnircomp10fl	357145600
45823394	kegg	cmag_610	74e05862-a704-4e35-b0df-b1fe07bc87d6	COMPLETED	1347	1347	36:36.994		1	8Gn	2026-10-02T22:40:04	2026-10-02T23:02:31	mjolnircomp09fl	602084352
45823395	kegg	cmag_505	74e05862-a704-4e35-b0df-b1fe07bc87d6	COMPLETED	1535	1535	43:51.711		1	8Gn	2026-10-02T22:37:33	2026-10-02T23:03:08	mjolnircomp11fl	889421824
45823405	ncbifam	cmag_515	74e05862-a704-4e35-b0df-b1fe07bc87d6	COMPLETED	708	708	19:24.257		1	16Gn	2026-10-02T22:43:35	2026-10-02T22:55:23	mjolnircomp14fl	349005824
45823406	tigrfam	cmag_174	74e05862-a704-4e35-b0df-b1fe07bc87d6	COMPLETED	105	105	02:47.988		1	16Gn	2026-10-02T22:38:04	2026-10-02T22:39:49	mjolnircomp09fl	353119232
45823407	tigrfam	cmag_281	74e05862-a704-4e35-b0df-b1fe07bc87d6	COMPLETED	262	262	06:26.235		1	16Gn	2026-10-02T22:51:36	2026-10-02T22:55:58	mjolnircomp07fl	307479552
45823408	cazy	cmag_140	74e05862-a704-4e35-b0df-b1fe07bc87d6	COMPLETED	19	19	00:14.072		1	8Gn	2026-10-02T22:37:33	2026-10-02T22:37:52	mjolnircomp02fl	830464
45823409	ncbifam	cmag_502	74e05862-a704-4e35-b0df-b1fe07bc87d6	COMPLETED	1024	1024	29:36.881		1	16Gn	2026-10-02T22:57:37	2026-10-02T23:14:41	mjolnircomp03fl	399215616
45823410	ncbifam	cmag_629	74e05862-a704-4e35-b0df-b1fe07bc87d6	COMPLETED	1114	1114	33:02.299		1	16Gn	2026-10-02T22:51:36	2026-10-02T23:10:10	mjolnircomp15fl	410104832
45823422	cazy	cmag_021	74e05862-a704-4e35-b0df-b1fe07bc87d6	COMPLETED	19	19	00:15.086		1	8Gn	2026-10-02T22:38:04	2026-10-02T22:38:23	mjolnircomp02fl	826368
45823423	kegg	cmag_523	74e05862-a704-4e35-b0df-b1fe07bc87d6	COMPLETED	1210	1210	33:58.371		1	8Gn	2026-10-02T22:45:35	2026-10-02T23:05:45	mjolnirgpu02fl	661836800
45823424	cazy	cmag_607	74e05862-a704-4e35-b0df-b1fe07bc87d6	COMPLETED	23	23	00:18.400		1	8Gn	2026-10-02T22:38:04	2026-10-02T22:38:27	mjolnircomp12fl	850944
45823425	kegg	cmag_152	74e05862-a704-4e35-b0df-b1fe07bc87d6	COMPLETED	1385	1385	39:20.650		1	8Gn	2026-10-02T22:39:04	2026-10-02T23:02:09	mjolnircomp09fl	1064274944
45823433	cazy	cmag_031	74e05862-a704-4e35-b0df-b1fe07bc87d6	COMPLETED	15	15	00:11.102		1	8Gn	2026-10-02T22:38:34	2026-10-02T22:38:49	mjolnircomp02fl	829440
45823434	merge_gene_annotations	cmag_044	74e05862-a704-4e35-b0df-b1fe07bc87d6	COMPLETED	18	18	00:13.118		1	8Gn	2026-10-02T22:43:35	2026-10-02T22:43:53	mjolnircomp14fl	820224
45823435	cazy	cmag_086	74e05862-a704-4e35-b0df-b1fe07bc87d6	COMPLETED	17	17	00:12.619		1	8Gn	2026-10-02T22:38:34	2026-10-02T22:38:51	mjolnircomp02fl	834560
45823436	ncbifam	cmag_673	74e05862-a704-4e35-b0df-b1fe07bc87d6	COMPLETED	666	666	19:04.351		1	16Gn	2026-10-02T22:43:35	2026-10-02T22:54:41	mjolnircomp13fl	461005824
45823437	kegg	cmag_326	74e05862-a704-4e35-b0df-b1fe07bc87d6	COMPLETED	2275	2275	01:07:19		1	8Gn	2026-10-02T22:43:35	2026-10-02T23:21:30	mjolnircomp13fl	986814464
45823450	prodigal	cmag_477	74e05862-a704-4e35-b0df-b1fe07bc87d6	COMPLETED	7	7	00:04.772		1	3590Mn	2026-10-02T22:39:34	2026-10-02T22:39:41	mjolnircomp15fl	842752
45823451	kegg	cmag_028	74e05862-a704-4e35-b0df-b1fe07bc87d6	COMPLETED	1734	1734	50:38.688		1	8Gn	2026-10-02T22:43:05	2026-10-02T23:11:59	mjolnircomp13fl	651683840
45823452	pfam	cmag_077	74e05862-a704-4e35-b0df-b1fe07bc87d6	COMPLETED	1362	1362	39:06.202		1	8572Mn	2026-10-02T22:39:34	2026-10-02T23:02:16	mjolnircomp13fl	248424448
45823459	kegg	cmag_296	74e05862-a704-4e35-b0df-b1fe07bc87d6	COMPLETED	1770	1770	51:00.445		1	8Gn	2026-10-02T22:41:35	2026-10-02T23:11:05	mjolnircomp11fl	892427264
45823460	merge_gene_annotations	cmag_677	74e05862-a704-4e35-b0df-b1fe07bc87d6	COMPLETED	20	20	00:15.246		1	8Gn	2026-10-02T22:51:36	2026-10-02T22:51:56	mjolnircomp15fl	893952
45823461	tigrfam	cmag_802	74e05862-a704-4e35-b0df-b1fe07bc87d6	COMPLETED	232	232	06:18.322		1	16Gn	2026-10-02T22:52:06	2026-10-02T22:55:58	mjolnircomp15fl	390418432
45823462	merge_gene_annotations	cmag_178	74e05862-a704-4e35-b0df-b1fe07bc87d6	COMPLETED	19	19	00:14.148		1	8Gn	2026-10-02T22:44:05	2026-10-02T22:44:24	mjolnircomp14fl	812032
45823472	tigrfam	cmag_145	74e05862-a704-4e35-b0df-b1fe07bc87d6	COMPLETED	115	115	03:05.898		1	16Gn	2026-10-02T22:43:35	2026-10-02T22:45:30	mjolnircomp13fl	380073984
45823473	cazy	cmag_785	74e05862-a704-4e35-b0df-b1fe07bc87d6	COMPLETED	26	26	00:22.006		1	8Gn	2026-10-02T22:42:35	2026-10-02T22:43:01	mjolnirgpu01fl	822272
45823482	cazy	cmag_769	74e05862-a704-4e35-b0df-b1fe07bc87d6	COMPLETED	26	26	00:21.440		1	8Gn	2026-10-02T22:43:05	2026-10-02T22:43:31	mjolnirgpu01fl	821248
45823483	pfam	cmag_633	74e05862-a704-4e35-b0df-b1fe07bc87d6	COMPLETED	417	417	11:33.137		1	8Gn	2026-10-02T22:41:35	2026-10-02T22:48:32	mjolnircomp08fl	229260288
45823493	cazy	cmag_713	74e05862-a704-4e35-b0df-b1fe07bc87d6	COMPLETED	25	25	00:20.573		1	8Gn	2026-10-02T22:43:35	2026-10-02T22:44:00	mjolnirgpu01fl	821248
45823494	ncbifam	cmag_602	74e05862-a704-4e35-b0df-b1fe07bc87d6	COMPLETED	931	931	25:09.315		1	16Gn	2026-10-02T22:44:35	2026-10-02T23:00:06	mjolnircomp14fl	387909632
45823495	cazy	cmag_540	74e05862-a704-4e35-b0df-b1fe07bc87d6	COMPLETED	15	15	00:10.281		1	8Gn	2026-10-02T22:44:05	2026-10-02T22:44:20	mjolnircomp08fl	828416
45823496	pfam	cmag_278	74e05862-a704-4e35-b0df-b1fe07bc87d6	COMPLETED	945	945	26:02.035		1	8Gn	2026-10-02T22:43:35	2026-10-02T22:59:20	mjolnircomp16fl	252305408
45823497	pfam	cmag_494	74e05862-a704-4e35-b0df-b1fe07bc87d6	COMPLETED	1433	1433	36:14.304		1	8Gn	2026-10-02T22:45:05	2026-10-02T23:08:58	mjolnirgpu02fl	312765440
45823498	pfam	cmag_685	74e05862-a704-4e35-b0df-b1fe07bc87d6	COMPLETED	1637	1637	43:04.231		1	8Gn	2026-10-02T22:43:05	2026-10-02T23:10:22	mjolnircomp11fl	252303360
45823507	pfam	cmag_117	74e05862-a704-4e35-b0df-b1fe07bc87d6	COMPLETED	1253	1253	31:59.488		1	8Gn	2026-10-02T22:45:05	2026-10-02T23:05:58	mjolnirgpu02fl	232866816
45823508	pfam	cmag_074	74e05862-a704-4e35-b0df-b1fe07bc87d6	COMPLETED	1032	1032	26:32.148		1	8Gn	2026-10-02T22:45:35	2026-10-02T23:02:47	mjolnircomp05fl	210609152
45823509	merge_gene_annotations	cmag_136	74e05862-a704-4e35-b0df-b1fe07bc87d6	COMPLETED	35	35	00:29.577		1	8Gn	2026-10-02T22:44:35	2026-10-02T22:45:10	mjolnircomp06fl	78292992
45823524	cazy	cmag_283	74e05862-a704-4e35-b0df-b1fe07bc87d6	COMPLETED	21	21	00:16.247		1	8Gn	2026-10-02T22:44:05	2026-10-02T22:44:26	mjolnirgpu01fl	821248
45823525	pfam	cmag_797	74e05862-a704-4e35-b0df-b1fe07bc87d6	COMPLETED	1719	1719	45:11.620		1	8Gn	2026-10-02T22:45:35	2026-10-02T23:14:14	mjolnirgpu03fl	259233792
45823526	cazy	cmag_458	74e05862-a704-4e35-b0df-b1fe07bc87d6	COMPLETED	21	21	00:16.712		1	8Gn	2026-10-02T22:44:35	2026-10-02T22:44:56	mjolnirgpu01fl	820224
45823527	cazy	cmag_149	74e05862-a704-4e35-b0df-b1fe07bc87d6	COMPLETED	20	20	00:15.644		1	8Gn	2026-10-02T22:44:35	2026-10-02T22:44:55	mjolnirgpu01fl	821248
45823528	tigrfam	cmag_788	74e05862-a704-4e35-b0df-b1fe07bc87d6	COMPLETED	164	164	04:18.415		1	16Gn	2026-10-02T22:45:35	2026-10-02T22:48:19	mjolnircomp01fl	394409984
45823538	kegg	cmag_529	74e05862-a704-4e35-b0df-b1fe07bc87d6	TIMEOUT	2482	2482	00:01.211		1	8Gn	2026-10-02T22:45:35	2026-10-02T23:26:57	mjolnirgpu03fl	919168000
45823539	cazy	cmag_028	74e05862-a704-4e35-b0df-b1fe07bc87d6	COMPLETED	25	25	00:20.690		1	8Gn	2026-10-02T22:44:35	2026-10-02T22:45:00	mjolnirgpu01fl	825344
45823540	merge_gene_annotations	cmag_251	74e05862-a704-4e35-b0df-b1fe07bc87d6	COMPLETED	33	33	00:27.158		1	8Gn	2026-10-02T22:45:35	2026-10-02T22:46:08	mjolnircomp06fl	78452736
45823541	merge_gene_annotations	cmag_016	74e05862-a704-4e35-b0df-b1fe07bc87d6	COMPLETED	17	17	00:11.403		1	8Gn	2026-10-02T22:45:35	2026-10-02T22:45:52	mjolnircomp10fl	845824
45823551	merge_gene_annotations	cmag_109	74e05862-a704-4e35-b0df-b1fe07bc87d6	COMPLETED	20	20	00:14.483		1	8Gn	2026-10-02T22:45:35	2026-10-02T22:45:55	mjolnirgpu03fl	820224
45823552	kegg	cmag_723	74e05862-a704-4e35-b0df-b1fe07bc87d6	COMPLETED	3079	3079	01:17:28		1	8Gn	2026-10-02T22:45:35	2026-10-02T23:36:54	mjolnirgpu03fl	1155860480
45823553	merge_gene_annotations	cmag_361	74e05862-a704-4e35-b0df-b1fe07bc87d6	COMPLETED	30	30	00:24.147		1	8Gn	2026-10-02T22:59:07	2026-10-02T22:59:37	mjolnirgpu01fl	871424
45823554	kegg	cmag_618	74e05862-a704-4e35-b0df-b1fe07bc87d6	COMPLETED	1561	1561	44:58.772		1	8Gn	2026-10-02T22:46:05	2026-10-02T23:12:06	mjolnircomp11fl	870316032
45823555	kegg	cmag_516	74e05862-a704-4e35-b0df-b1fe07bc87d6	COMPLETED	1494	1494	41:23.758		1	8Gn	2026-10-02T22:45:35	2026-10-02T23:10:29	mjolnirgpu02fl	1026654208
45823556	ncbifam	cmag_072	74e05862-a704-4e35-b0df-b1fe07bc87d6	COMPLETED	719	719	19:22.917		1	16Gn	2026-10-02T22:47:06	2026-10-02T22:59:05	mjolnircomp14fl	404686848
45823568	kegg	cmag_093	74e05862-a704-4e35-b0df-b1fe07bc87d6	COMPLETED	1531	1531	44:10.963		1	8Gn	2026-10-02T22:46:05	2026-10-02T23:11:36	mjolnircomp11fl	1030629376
45823569	ncbifam	cmag_252	74e05862-a704-4e35-b0df-b1fe07bc87d6	COMPLETED	1230	1230	34:30.867		1	16Gn	2026-10-02T22:51:06	2026-10-02T23:11:36	mjolnircomp17fl	359593984
45823570	tigrfam	cmag_301	74e05862-a704-4e35-b0df-b1fe07bc87d6	COMPLETED	106	106	02:31.602		1	16Gn	2026-10-02T22:46:05	2026-10-02T22:47:51	mjolnirgpu03fl	303187968
45823571	pfam	cmag_580	74e05862-a704-4e35-b0df-b1fe07bc87d6	COMPLETED	383	383	10:51.896		1	8Gn	2026-10-02T22:45:35	2026-10-02T22:51:58	mjolnirgpu01fl	255991808
45823572	cazy	cmag_065	74e05862-a704-4e35-b0df-b1fe07bc87d6	COMPLETED	34	34	00:29.087		1	8Gn	2026-10-02T22:45:35	2026-10-02T22:46:09	mjolnirgpu02fl	77428736
45823573	cazy	cmag_537	74e05862-a704-4e35-b0df-b1fe07bc87d6	COMPLETED	30	30	00:25.120		1	8Gn	2026-10-02T22:45:35	2026-10-02T22:46:05	mjolnirgpu01fl	821248
45823586	ncbifam	cmag_028	74e05862-a704-4e35-b0df-b1fe07bc87d6	COMPLETED	892	892	23:44.002		1	16Gn	2026-10-02T22:58:07	2026-10-02T23:12:59	mjolnircomp02fl	421423104
45823587	ncbifam	cmag_486	74e05862-a704-4e35-b0df-b1fe07bc87d6	COMPLETED	814	814	23:31.164		1	16Gn	2026-10-02T23:02:08	2026-10-02T23:15:42	mjolnircomp03fl	373950464
45823588	kegg	cmag_604	74e05862-a704-4e35-b0df-b1fe07bc87d6	TIMEOUT	5241	5241	00:01.520		1	8Gn	2026-10-02T22:46:36	2026-10-03T00:13:57	mjolnircomp06fl	1102754816
45823589	merge_gene_annotations	cmag_310	74e05862-a704-4e35-b0df-b1fe07bc87d6	COMPLETED	37	37	00:31.791		1	8Gn	2026-10-02T22:47:06	2026-10-02T22:47:43	mjolnircomp06fl	78416896
45823590	pfam	cmag_757	74e05862-a704-4e35-b0df-b1fe07bc87d6	COMPLETED	622	622	17:31.725		1	8Gn	2026-10-02T22:46:05	2026-10-02T22:56:27	mjolnirgpu01fl	241139712
45823591	tigrfam	cmag_094	74e05862-a704-4e35-b0df-b1fe07bc87d6	COMPLETED	212	212	05:35.694		1	16Gn	2026-10-02T23:07:38	2026-10-02T23:11:10	mjolnircomp01fl	439819264
45823592	pfam	cmag_702	74e05862-a704-4e35-b0df-b1fe07bc87d6	COMPLETED	1420	1420	38:18.740		1	8Gn	2026-10-02T22:46:05	2026-10-02T23:09:45	mjolnirgpu02fl	200642560
45823593	cazy	cmag_007	74e05862-a704-4e35-b0df-b1fe07bc87d6	COMPLETED	25	25	00:20.049		1	8Gn	2026-10-02T22:46:05	2026-10-02T22:46:30	mjolnirgpu01fl	819200
45823594	pfam	cmag_624	74e05862-a704-4e35-b0df-b1fe07bc87d6	COMPLETED	1113	1113	29:48.959		1	8Gn	2026-10-02T22:48:06	2026-10-02T23:06:39	mjolnirgpu02fl	248498176
45823607	ncbifam	cmag_636	74e05862-a704-4e35-b0df-b1fe07bc87d6	COMPLETED	1281	1281	35:45.576		1	16Gn	2026-10-02T22:53:06	2026-10-02T23:14:27	mjolnircomp05fl	404168704
45823608	prodigal	cmag_489	74e05862-a704-4e35-b0df-b1fe07bc87d6	COMPLETED	18	18	00:06.420		1	2908Mn	2026-10-02T22:46:36	2026-10-02T22:46:54	mjolnircomp17fl	1153024
45823609	prodigal	cmag_180	74e05862-a704-4e35-b0df-b1fe07bc87d6	COMPLETED	18	18	00:06.597		1	3068Mn	2026-10-02T22:46:36	2026-10-02T22:46:54	mjolnircomp17fl	1153024
45823610	kegg	cmag_386	74e05862-a704-4e35-b0df-b1fe07bc87d6	COMPLETED	1106	1106	31:31.321		1	8Gn	2026-10-02T22:47:36	2026-10-02T23:06:02	mjolnircomp16fl	822868992
45823611	merge_gene_annotations	cmag_315	74e05862-a704-4e35-b0df-b1fe07bc87d6	COMPLETED	23	23	00:16.643		1	8Gn	2026-10-02T23:11:39	2026-10-02T23:12:02	mjolnircomp01fl	894976
45823612	merge_gene_annotations	cmag_454	74e05862-a704-4e35-b0df-b1fe07bc87d6	COMPLETED	30	30	00:24.842		1	8Gn	2026-10-02T22:47:06	2026-10-02T22:47:36	mjolnircomp05fl	74374144
45823613	merge_gene_annotations	cmag_097	74e05862-a704-4e35-b0df-b1fe07bc87d6	COMPLETED	21	21	00:15.455		1	8Gn	2026-10-02T23:12:09	2026-10-02T23:12:30	mjolnircomp01fl	898048
45823614	merge_gene_annotations	cmag_186	74e05862-a704-4e35-b0df-b1fe07bc87d6	COMPLETED	21	21	00:16.103		1	8Gn	2026-10-02T23:12:09	2026-10-02T23:12:30	mjolnircomp16fl	852992
45823615	pfam	cmag_544	74e05862-a704-4e35-b0df-b1fe07bc87d6	COMPLETED	1200	1200	32:35.100		1	8Gn	2026-10-02T22:48:06	2026-10-02T23:08:06	mjolnirgpu02fl	234696704
45823616	pfam	cmag_446	74e05862-a704-4e35-b0df-b1fe07bc87d6	COMPLETED	1548	1548	41:46.541		1	8Gn	2026-10-02T22:47:06	2026-10-02T23:12:54	mjolnirgpu02fl	222888960
45823626	cazy	cmag_671	74e05862-a704-4e35-b0df-b1fe07bc87d6	COMPLETED	20	20	00:15.850		1	8Gn	2026-10-02T22:47:36	2026-10-02T22:47:56	mjolnirgpu01fl	823296
45823627	cazy	cmag_393	74e05862-a704-4e35-b0df-b1fe07bc87d6	COMPLETED	33	33	00:28.416		1	8Gn	2026-10-02T22:47:36	2026-10-02T22:48:09	mjolnirgpu01fl	77865984
45823628	kegg	cmag_520	74e05862-a704-4e35-b0df-b1fe07bc87d6	COMPLETED	494	494	13:54.735		1	8Gn	2026-10-02T22:47:36	2026-10-02T22:55:50	mjolnirgpu01fl	718588928
45823629	tigrfam	cmag_158	74e05862-a704-4e35-b0df-b1fe07bc87d6	COMPLETED	166	166	04:22.161		1	16Gn	2026-10-02T22:47:36	2026-10-02T22:50:22	mjolnircomp14fl	402210816
45823630	merge_gene_annotations	cmag_471	74e05862-a704-4e35-b0df-b1fe07bc87d6	COMPLETED	40	40	00:15.929		1	8Gn	2026-10-02T22:47:36	2026-10-02T22:48:16	mjolnircomp17fl	77784064
45823644	cazy	cmag_120	74e05862-a704-4e35-b0df-b1fe07bc87d6	COMPLETED	28	28	00:22.676		1	8Gn	2026-10-02T22:48:06	2026-10-02T22:48:34	mjolnirgpu03fl	816128
45823645	cazy	cmag_166	74e05862-a704-4e35-b0df-b1fe07bc87d6	COMPLETED	28	28	00:22.919		1	8Gn	2026-10-02T22:48:06	2026-10-02T22:48:34	mjolnircomp05fl	832512
45823646	pfam	cmag_444	74e05862-a704-4e35-b0df-b1fe07bc87d6	COMPLETED	496	496	13:53.800		1	8Gn	2026-10-02T22:49:06	2026-10-02T22:57:22	mjolnircomp13fl	272700416
45823647	ncbifam	cmag_667	74e05862-a704-4e35-b0df-b1fe07bc87d6	COMPLETED	1207	1207	34:20.867		1	16Gn	2026-10-02T22:48:06	2026-10-02T23:08:13	mjolnircomp05fl	396495872
45823658	ncbifam	cmag_111	74e05862-a704-4e35-b0df-b1fe07bc87d6	COMPLETED	664	664	18:41.074		1	16Gn	2026-10-02T22:48:36	2026-10-02T22:59:40	mjolnircomp01fl	443558912
45823659	pfam	cmag_618	74e05862-a704-4e35-b0df-b1fe07bc87d6	COMPLETED	662	662	18:05.774		1	8Gn	2026-10-02T22:49:06	2026-10-02T23:00:08	mjolnircomp14fl	216945664
45823660	kegg	cmag_104	74e05862-a704-4e35-b0df-b1fe07bc87d6	COMPLETED	2023	2023	01:00:19		1	8Gn	2026-10-02T22:48:36	2026-10-02T23:22:19	mjolnircomp08fl	776970240
45823661	kegg	cmag_223	74e05862-a704-4e35-b0df-b1fe07bc87d6	COMPLETED	2977	2977	01:12:34		1	8Gn	2026-10-02T22:48:36	2026-10-02T23:38:13	mjolnirgpu03fl	943363072
45823662	merge_gene_annotations	cmag_260	74e05862-a704-4e35-b0df-b1fe07bc87d6	COMPLETED	40	40	00:14.934		1	8Gn	2026-10-02T22:51:06	2026-10-02T22:51:46	mjolnircomp17fl	77666304
45823663	ncbifam	cmag_032	74e05862-a704-4e35-b0df-b1fe07bc87d6	COMPLETED	426	426	12:26.557		1	16Gn	2026-10-02T22:48:36	2026-10-02T22:55:42	mjolnircomp04fl	372596736
45823664	cazy	cmag_543	74e05862-a704-4e35-b0df-b1fe07bc87d6	COMPLETED	30	30	00:24.511		1	8Gn	2026-10-02T22:49:06	2026-10-02T22:49:36	mjolnircomp14fl	814080
45823665	tigrfam	cmag_176	74e05862-a704-4e35-b0df-b1fe07bc87d6	COMPLETED	344	344	08:34.458		1	16Gn	2026-10-02T22:48:36	2026-10-02T22:54:20	mjolnircomp05fl	314966016
45823679	cazy	cmag_617	74e05862-a704-4e35-b0df-b1fe07bc87d6	COMPLETED	20	20	00:14.294		1	8Gn	2026-10-02T22:50:06	2026-10-02T22:50:26	mjolnirgpu03fl	816128
45823680	cazy	cmag_762	74e05862-a704-4e35-b0df-b1fe07bc87d6	COMPLETED	41	41	00:16.706		1	8Gn	2026-10-02T22:50:06	2026-10-02T22:50:47	mjolnircomp17fl	77650944
45823681	prodigal	cmag_772	74e05862-a704-4e35-b0df-b1fe07bc87d6	COMPLETED	10	10	00:06.862		1	2754Mn	2026-10-02T22:50:36	2026-10-02T22:50:46	mjolnirgpu01fl	829440
45823682	merge_gene_annotations	cmag_740	74e05862-a704-4e35-b0df-b1fe07bc87d6	COMPLETED	20	20	00:14.504		1	8Gn	2026-10-02T23:06:38	2026-10-02T23:06:58	mjolnircomp07fl	870400
45823683	kegg	cmag_079	74e05862-a704-4e35-b0df-b1fe07bc87d6	COMPLETED	2069	2069	58:51.817		1	8Gn	2026-10-02T22:49:36	2026-10-02T23:24:05	mjolnircomp11fl	671190016
45823695	cazy	cmag_636	74e05862-a704-4e35-b0df-b1fe07bc87d6	COMPLETED	30	30	00:26.371		1	8Gn	2026-10-02T22:52:06	2026-10-02T22:52:36	mjolnirgpu02fl	820224
45823704	kegg	cmag_233	74e05862-a704-4e35-b0df-b1fe07bc87d6	COMPLETED	979	979	27:37.833		1	8Gn	2026-10-02T22:50:36	2026-10-02T23:06:55	mjolnircomp14fl	638674944
45823705	pfam	cmag_715	74e05862-a704-4e35-b0df-b1fe07bc87d6	COMPLETED	1207	1207	31:59.748		1	8Gn	2026-10-02T22:50:36	2026-10-02T23:10:43	mjolnircomp14fl	230779904
45823706	merge_gene_annotations	cmag_615	74e05862-a704-4e35-b0df-b1fe07bc87d6	COMPLETED	20	20	00:15.242		1	8Gn	2026-10-02T23:12:39	2026-10-02T23:12:59	mjolnircomp01fl	882688
45823707	pfam	cmag_452	74e05862-a704-4e35-b0df-b1fe07bc87d6	COMPLETED	1410	1410	35:25.377		1	8Gn	2026-10-02T22:50:36	2026-10-02T23:14:06	mjolnirgpu03fl	270984192
45823722	merge_gene_annotations	cmag_560	74e05862-a704-4e35-b0df-b1fe07bc87d6	COMPLETED	19	19	00:14.309		1	8Gn	2026-10-02T22:53:06	2026-10-02T22:53:25	mjolnircomp04fl	866304
45823723	pfam	cmag_568	74e05862-a704-4e35-b0df-b1fe07bc87d6	COMPLETED	1540	1540	40:57.857		1	8Gn	2026-10-02T22:52:06	2026-10-02T23:17:46	mjolnircomp11fl	184950784
45823724	prodigal	cmag_305	74e05862-a704-4e35-b0df-b1fe07bc87d6	COMPLETED	14	14	00:03.589		1	1332Mn	2026-10-02T22:52:36	2026-10-02T22:52:50	mjolnircomp17fl	1155072
45823725	kegg	cmag_410	74e05862-a704-4e35-b0df-b1fe07bc87d6	COMPLETED	1992	1992	58:47.326		1	8Gn	2026-10-02T22:51:36	2026-10-02T23:24:48	mjolnircomp11fl	920013824
45823732	kegg	cmag_781	74e05862-a704-4e35-b0df-b1fe07bc87d6	COMPLETED	985	985	28:20.052		1	8Gn	2026-10-02T22:53:06	2026-10-02T23:09:31	mjolnircomp16fl	628422656
45823735	pfam	cmag_235	74e05862-a704-4e35-b0df-b1fe07bc87d6	COMPLETED	1561	1561	41:58.203		1	8Gn	2026-10-02T22:54:37	2026-10-02T23:20:38	mjolnircomp17fl	187175936
45823736	merge_gene_annotations	cmag_338	74e05862-a704-4e35-b0df-b1fe07bc87d6	COMPLETED	39	39	00:33.250		1	8Gn	2026-10-02T22:53:06	2026-10-02T22:53:45	mjolnircomp06fl	267098112
45823737	merge_gene_annotations	cmag_382	74e05862-a704-4e35-b0df-b1fe07bc87d6	COMPLETED	21	21	00:15.980		1	8Gn	2026-10-02T22:53:06	2026-10-02T22:53:27	mjolnircomp13fl	819200
45823746	merge_gene_annotations	cmag_171	74e05862-a704-4e35-b0df-b1fe07bc87d6	COMPLETED	16	16	00:11.386		1	8Gn	2026-10-02T22:53:06	2026-10-02T22:53:22	mjolnircomp10fl	851968
45823747	kegg	cmag_381	74e05862-a704-4e35-b0df-b1fe07bc87d6	COMPLETED	2418	2418	59:35.341		1	8Gn	2026-10-02T22:55:07	2026-10-02T23:35:25	mjolnirgpu03fl	695872512
45823748	merge_gene_annotations	cmag_485	74e05862-a704-4e35-b0df-b1fe07bc87d6	COMPLETED	14	14	00:09.720		1	8Gn	2026-10-02T22:55:07	2026-10-02T22:55:21	mjolnircomp13fl	819200
45823760	cazy	cmag_038	74e05862-a704-4e35-b0df-b1fe07bc87d6	COMPLETED	21	21	00:16.658		1	8Gn	2026-10-02T22:55:07	2026-10-02T22:55:28	mjolnirgpu02fl	816128
45823761	kegg	cmag_376	74e05862-a704-4e35-b0df-b1fe07bc87d6	COMPLETED	1473	1473	41:24.086		1	8Gn	2026-10-02T22:55:07	2026-10-02T23:19:40	mjolnircomp14fl	894056448
45823762	ncbifam	cmag_037	74e05862-a704-4e35-b0df-b1fe07bc87d6	COMPLETED	772	772	21:49.533		1	16Gn	2026-10-02T22:53:36	2026-10-02T23:06:28	mjolnircomp14fl	378845184
45823763	merge_gene_annotations	cmag_708	74e05862-a704-4e35-b0df-b1fe07bc87d6	COMPLETED	21	21	00:14.738		1	8Gn	2026-10-02T23:15:10	2026-10-02T23:15:31	mjolnircomp03fl	898048
45823780	merge_gene_annotations	cmag_183	74e05862-a704-4e35-b0df-b1fe07bc87d6	COMPLETED	29	29	00:24.745		1	8Gn	2026-10-02T22:54:37	2026-10-02T22:55:06	mjolnircomp05fl	819200
45823782	kegg	cmag_292	74e05862-a704-4e35-b0df-b1fe07bc87d6	TIMEOUT	3140	3140	00:01.674		1	8Gn	2026-10-02T22:54:37	2026-10-02T23:46:57	mjolnircomp06fl	1272370176
45823784	cazy	cmag_069	74e05862-a704-4e35-b0df-b1fe07bc87d6	COMPLETED	20	20	00:16.575		1	8Gn	2026-10-02T22:57:07	2026-10-02T22:57:27	mjolnirgpu02fl	817152
45823785	kegg	cmag_206	74e05862-a704-4e35-b0df-b1fe07bc87d6	COMPLETED	2579	2579	01:01:05		1	8Gn	2026-10-02T22:54:37	2026-10-02T23:37:36	mjolnirgpu03fl	864944128
45823787	cazy	cmag_714	74e05862-a704-4e35-b0df-b1fe07bc87d6	COMPLETED	25	25	00:21.186		1	8Gn	2026-10-02T22:57:07	2026-10-02T22:57:32	mjolnirgpu02fl	816128
45823792	cazy	cmag_273	74e05862-a704-4e35-b0df-b1fe07bc87d6	COMPLETED	26	26	00:21.928		1	8Gn	2026-10-02T22:57:37	2026-10-02T22:58:03	mjolnirgpu02fl	818176
45823793	ncbifam	cmag_546	74e05862-a704-4e35-b0df-b1fe07bc87d6	COMPLETED	1542	1542	44:04.149		1	16Gn	2026-10-02T22:55:37	2026-10-02T23:21:19	mjolnircomp06fl	397886464
45823794	tigrfam	cmag_379	74e05862-a704-4e35-b0df-b1fe07bc87d6	COMPLETED	239	239	06:17.658		1	16Gn	2026-10-02T23:16:10	2026-10-02T23:20:09	mjolnircomp03fl	419831808
45823796	prodigal	cmag_582	74e05862-a704-4e35-b0df-b1fe07bc87d6	COMPLETED	13	13	00:02.861		1	1Gn	2026-10-02T22:55:37	2026-10-02T22:55:50	mjolnircomp17fl	1153024
45823797	tigrfam	cmag_512	74e05862-a704-4e35-b0df-b1fe07bc87d6	COMPLETED	130	130	03:16.873		1	16Gn	2026-10-02T22:55:37	2026-10-02T22:57:47	mjolnircomp02fl	374985728
45823798	pfam	cmag_470	74e05862-a704-4e35-b0df-b1fe07bc87d6	COMPLETED	932	932	25:09.751		1	8Gn	2026-10-02T22:55:37	2026-10-02T23:11:09	mjolnircomp13fl	198480896
45823799	tigrfam	cmag_346	74e05862-a704-4e35-b0df-b1fe07bc87d6	COMPLETED	155	155	04:01.536		1	16Gn	2026-10-02T22:55:37	2026-10-02T22:58:12	mjolnircomp14fl	364095488
45823800	cazy	cmag_610	74e05862-a704-4e35-b0df-b1fe07bc87d6	COMPLETED	26	26	00:21.966		1	8Gn	2026-10-02T22:57:37	2026-10-02T22:58:03	mjolnirgpu02fl	819200
45823808	merge_gene_annotations	cmag_801	74e05862-a704-4e35-b0df-b1fe07bc87d6	COMPLETED	20	20	00:15.470		1	8Gn	2026-10-02T23:00:37	2026-10-02T23:00:57	mjolnircomp14fl	809984
45823809	prodigal	cmag_821	74e05862-a704-4e35-b0df-b1fe07bc87d6	COMPLETED	8	8	00:05.021		1	1581Mn	2026-10-02T22:57:07	2026-10-02T22:57:15	mjolnircomp06fl	803840
45823810	pfam	cmag_517	74e05862-a704-4e35-b0df-b1fe07bc87d6	COMPLETED	803	803	19:51.522		1	8Gn	2026-10-02T22:56:07	2026-10-02T23:09:30	mjolnirgpu02fl	194269184
45823812	pfam	cmag_595	74e05862-a704-4e35-b0df-b1fe07bc87d6	COMPLETED	664	664	17:07.147		1	8Gn	2026-10-02T22:56:37	2026-10-02T23:07:41	mjolnirgpu02fl	201336832
45823813	pfam	cmag_301	74e05862-a704-4e35-b0df-b1fe07bc87d6	COMPLETED	518	518	14:03.062		1	8Gn	2026-10-02T22:58:37	2026-10-02T23:07:15	mjolnircomp17fl	182345728
45823814	pfam	cmag_776	74e05862-a704-4e35-b0df-b1fe07bc87d6	COMPLETED	662	662	16:10.088		1	8Gn	2026-10-02T22:56:37	2026-10-02T23:07:39	mjolnirgpu02fl	195643392
45823815	kegg	cmag_403	74e05862-a704-4e35-b0df-b1fe07bc87d6	COMPLETED	1812	1812	55:00.147		1	8Gn	2026-10-02T22:56:07	2026-10-02T23:26:19	mjolnircomp04fl	691048448
45823822	pfam	cmag_321	74e05862-a704-4e35-b0df-b1fe07bc87d6	COMPLETED	929	929	25:31.981		1	8Gn	2026-10-02T22:56:37	2026-10-02T23:12:06	mjolnircomp17fl	214138880
45823823	ncbifam	cmag_664	74e05862-a704-4e35-b0df-b1fe07bc87d6	COMPLETED	1003	1003	27:37.710		1	16Gn	2026-10-02T22:57:07	2026-10-02T23:13:50	mjolnircomp05fl	442693632
45823824	kegg	cmag_124	74e05862-a704-4e35-b0df-b1fe07bc87d6	COMPLETED	1386	1386	38:17.540		1	8Gn	2026-10-02T22:56:37	2026-10-02T23:19:43	mjolnircomp06fl	937843712
45823835	cazy	cmag_102	74e05862-a704-4e35-b0df-b1fe07bc87d6	COMPLETED	29	29	00:24.571		1	8Gn	2026-10-02T22:57:37	2026-10-02T22:58:06	mjolnirgpu02fl	815104
45823836	tigrfam	cmag_721	74e05862-a704-4e35-b0df-b1fe07bc87d6	COMPLETED	178	178	04:41.940		1	16Gn	2026-10-02T22:57:37	2026-10-02T23:00:35	mjolnircomp13fl	381941760
45823846	merge_gene_annotations	cmag_259	74e05862-a704-4e35-b0df-b1fe07bc87d6	COMPLETED	22	22	00:16.289		1	8Gn	2026-10-02T23:20:10	2026-10-02T23:20:32	mjolnircomp03fl	890880
45823847	kegg	cmag_404	74e05862-a704-4e35-b0df-b1fe07bc87d6	COMPLETED	1384	1384	40:24.271		1	8Gn	2026-10-02T22:58:07	2026-10-02T23:21:11	mjolnircomp11fl	1023205376
45823848	cazy	cmag_435	74e05862-a704-4e35-b0df-b1fe07bc87d6	COMPLETED	15	15	00:09.974		1	8Gn	2026-10-02T22:59:37	2026-10-02T22:59:52	mjolnircomp16fl	848896
45823849	tigrfam	cmag_772	74e05862-a704-4e35-b0df-b1fe07bc87d6	COMPLETED	368	368	09:10.145		1	16Gn	2026-10-02T22:58:07	2026-10-02T23:04:15	mjolnircomp05fl	279455744
45823850	tigrfam	cmag_339	74e05862-a704-4e35-b0df-b1fe07bc87d6	COMPLETED	409	409	10:07.294		1	16Gn	2026-10-02T22:58:07	2026-10-02T23:04:56	mjolnircomp05fl	369680384
45823851	tigrfam	cmag_214	74e05862-a704-4e35-b0df-b1fe07bc87d6	COMPLETED	153	153	03:59.656		1	16Gn	2026-10-02T22:58:07	2026-10-02T23:00:40	mjolnircomp13fl	349484032
45823852	tigrfam	cmag_029	74e05862-a704-4e35-b0df-b1fe07bc87d6	COMPLETED	76	76	01:57.477		1	16Gn	2026-10-02T22:59:37	2026-10-02T23:00:53	mjolnircomp13fl	313666560
45823853	merge_gene_annotations	cmag_141	74e05862-a704-4e35-b0df-b1fe07bc87d6	COMPLETED	38	38	00:13.238		1	8Gn	2026-10-02T22:58:37	2026-10-02T22:59:15	mjolnircomp17fl	77395968
45823854	tigrfam	cmag_372	74e05862-a704-4e35-b0df-b1fe07bc87d6	COMPLETED	165	165	04:22.736		1	16Gn	2026-10-02T22:58:07	2026-10-02T23:00:52	mjolnircomp13fl	407737344
45823866	tigrfam	cmag_415	74e05862-a704-4e35-b0df-b1fe07bc87d6	COMPLETED	205	205	05:28.122		1	16Gn	2026-10-02T23:20:41	2026-10-02T23:24:06	mjolnircomp03fl	406490112
45823867	ncbifam	cmag_489	74e05862-a704-4e35-b0df-b1fe07bc87d6	COMPLETED	696	696	20:37.623		1	16Gn	2026-10-02T22:58:37	2026-10-02T23:10:13	mjolnircomp13fl	430897152
45823868	cazy	cmag_223	74e05862-a704-4e35-b0df-b1fe07bc87d6	COMPLETED	24	24	00:18.011		1	8Gn	2026-10-02T23:00:07	2026-10-02T23:00:31	mjolnircomp14fl	808960
45823869	tigrfam	cmag_457	74e05862-a704-4e35-b0df-b1fe07bc87d6	COMPLETED	159	159	04:07.764		1	16Gn	2026-10-02T22:58:37	2026-10-02T23:01:16	mjolnircomp14fl	330679296
45823881	merge_gene_annotations	cmag_253	74e05862-a704-4e35-b0df-b1fe07bc87d6	COMPLETED	18	18	00:13.342		1	8Gn	2026-10-02T22:59:37	2026-10-02T22:59:55	mjolnircomp13fl	812032
45823882	prodigal	cmag_119	74e05862-a704-4e35-b0df-b1fe07bc87d6	COMPLETED	6	6	00:03.207		1	2050Mn	2026-10-02T23:01:07	2026-10-02T23:01:13	mjolnircomp13fl	823296
45823883	pfam	cmag_792	74e05862-a704-4e35-b0df-b1fe07bc87d6	COMPLETED	685	685	19:32.647		1	16Gn	2026-10-02T23:00:07	2026-10-02T23:11:32	mjolnircomp04fl	223716352
45823891	ncbifam	cmag_726	74e05862-a704-4e35-b0df-b1fe07bc87d6	COMPLETED	436	436	12:10.023		1	16Gn	2026-10-02T23:00:07	2026-10-02T23:07:23	mjolnircomp01fl	332184576
45823892	pfam	cmag_365	74e05862-a704-4e35-b0df-b1fe07bc87d6	COMPLETED	579	579	15:54.497		1	8Gn	2026-10-02T23:00:07	2026-10-02T23:09:46	mjolnircomp16fl	232287232
45823893	pfam	cmag_229	74e05862-a704-4e35-b0df-b1fe07bc87d6	COMPLETED	1464	1464	39:45.619		1	8Gn	2026-10-02T23:00:37	2026-10-02T23:25:01	mjolnircomp17fl	199812096
45823894	pfam	cmag_441	74e05862-a704-4e35-b0df-b1fe07bc87d6	COMPLETED	1483	1483	40:19.323		1	8Gn	2026-10-02T23:00:37	2026-10-02T23:25:20	mjolnircomp17fl	240893952
45823895	prodigal	cmag_033	74e05862-a704-4e35-b0df-b1fe07bc87d6	COMPLETED	8	8	00:04.297		1	2216Mn	2026-10-02T23:01:07	2026-10-02T23:01:15	mjolnirgpu02fl	815104
45823896	merge_gene_annotations	cmag_268	74e05862-a704-4e35-b0df-b1fe07bc87d6	COMPLETED	26	26	00:19.986		1	8Gn	2026-10-02T23:22:41	2026-10-02T23:23:07	mjolnirgpu02fl	860160
45823901	merge_gene_annotations	cmag_198	74e05862-a704-4e35-b0df-b1fe07bc87d6	COMPLETED	20	20	00:15.207		1	8Gn	2026-10-02T23:01:07	2026-10-02T23:01:27	mjolnircomp14fl	812032
45823902	kegg	cmag_581	74e05862-a704-4e35-b0df-b1fe07bc87d6	COMPLETED	2119	2119	58:44.068		1	8Gn	2026-10-02T23:01:07	2026-10-02T23:36:26	mjolnircomp05fl	808073216
45823903	tigrfam	cmag_326	74e05862-a704-4e35-b0df-b1fe07bc87d6	COMPLETED	353	353	08:32.922		1	16Gn	2026-10-02T23:23:11	2026-10-02T23:29:04	mjolnirgpu02fl	439879680
45823904	pfam	cmag_694	74e05862-a704-4e35-b0df-b1fe07bc87d6	COMPLETED	1099	1099	30:04.043		1	8Gn	2026-10-02T23:00:37	2026-10-02T23:18:56	mjolnircomp17fl	212114432
45823905	tigrfam	cmag_483	74e05862-a704-4e35-b0df-b1fe07bc87d6	COMPLETED	247	247	06:20.655		1	16Gn	2026-10-02T23:01:07	2026-10-02T23:05:14	mjolnircomp14fl	360607744
45823906	pfam	cmag_059	74e05862-a704-4e35-b0df-b1fe07bc87d6	COMPLETED	1475	1475	38:18.990		1	8Gn	2026-10-02T23:01:07	2026-10-02T23:25:42	mjolnircomp05fl	287912960
45823923	ncbifam	cmag_537	74e05862-a704-4e35-b0df-b1fe07bc87d6	COMPLETED	994	994	28:19.354		1	16Gn	2026-10-02T23:25:41	2026-10-02T23:42:15	mjolnircomp03fl	445079552
45823924	kegg	cmag_468	74e05862-a704-4e35-b0df-b1fe07bc87d6	COMPLETED	2177	2177	53:45.786		1	8Gn	2026-10-02T23:01:37	2026-10-02T23:37:54	mjolnirgpu03fl	1392697344
45823925	merge_gene_annotations	cmag_689	74e05862-a704-4e35-b0df-b1fe07bc87d6	COMPLETED	16	16	00:11.356		1	8Gn	2026-10-02T23:01:37	2026-10-02T23:01:53	mjolnircomp13fl	819200
45823926	cazy	cmag_043	74e05862-a704-4e35-b0df-b1fe07bc87d6	COMPLETED	22	22	00:16.440		1	8Gn	2026-10-02T23:01:37	2026-10-02T23:01:59	mjolnirgpu02fl	808960
45823927	pfam	cmag_701	74e05862-a704-4e35-b0df-b1fe07bc87d6	COMPLETED	1005	1005	28:36.092		1	8Gn	2026-10-02T23:01:37	2026-10-02T23:18:22	mjolnircomp13fl	220249088
45823928	pfam	cmag_100	74e05862-a704-4e35-b0df-b1fe07bc87d6	COMPLETED	861	861	23:18.367		1	8Gn	2026-10-02T23:01:37	2026-10-02T23:15:58	mjolnircomp14fl	230403072
45823929	cazy	cmag_682	74e05862-a704-4e35-b0df-b1fe07bc87d6	COMPLETED	23	23	00:17.806		1	8Gn	2026-10-02T23:01:37	2026-10-02T23:02:00	mjolnirgpu02fl	813056
45823942	merge_gene_annotations	cmag_293	74e05862-a704-4e35-b0df-b1fe07bc87d6	COMPLETED	17	17	00:12.502		1	8Gn	2026-10-02T23:02:08	2026-10-02T23:02:25	mjolnircomp14fl	806912
45823943	pfam	cmag_353	74e05862-a704-4e35-b0df-b1fe07bc87d6	COMPLETED	547	547	14:44.189		1	8Gn	2026-10-02T23:02:38	2026-10-02T23:11:45	mjolnircomp16fl	193449984
45823944	kegg	cmag_444	74e05862-a704-4e35-b0df-b1fe07bc87d6	COMPLETED	1074	1074	31:48.211		1	8Gn	2026-10-02T23:02:38	2026-10-02T23:20:32	mjolnircomp13fl	765129728
45823945	kegg	cmag_359	74e05862-a704-4e35-b0df-b1fe07bc87d6	COMPLETED	1402	1402	41:09.410		1	8Gn	2026-10-02T23:02:08	2026-10-02T23:25:30	mjolnircomp13fl	973603840
45823946	tigrfam	cmag_422	74e05862-a704-4e35-b0df-b1fe07bc87d6	COMPLETED	225	225	06:01.606		1	16Gn	2026-10-02T23:34:13	2026-10-02T23:37:58	mjolnircomp03fl	411404288
45823959	merge_gene_annotations	cmag_780	74e05862-a704-4e35-b0df-b1fe07bc87d6	COMPLETED	18	18	00:13.279		1	8Gn	2026-10-02T23:02:38	2026-10-02T23:02:56	mjolnircomp14fl	808960
45823960	merge_gene_annotations	cmag_741	74e05862-a704-4e35-b0df-b1fe07bc87d6	COMPLETED	14	14	00:10.345		1	8Gn	2026-10-02T23:03:08	2026-10-02T23:03:22	mjolnircomp13fl	814080
45823961	kegg	cmag_658	74e05862-a704-4e35-b0df-b1fe07bc87d6	COMPLETED	1051	1051	30:36.686		1	8Gn	2026-10-02T23:03:38	2026-10-02T23:21:09	mjolnircomp11fl	768894976
45823962	ncbifam	cmag_180	74e05862-a704-4e35-b0df-b1fe07bc87d6	COMPLETED	1553	1553	41:58.418		1	16Gn	2026-10-02T23:03:08	2026-10-02T23:29:01	mjolnircomp05fl	394752000
45823963	kegg	cmag_821	74e05862-a704-4e35-b0df-b1fe07bc87d6	COMPLETED	956	956	27:13.693		1	8Gn	2026-10-02T23:02:38	2026-10-02T23:18:34	mjolnircomp09fl	673803264
45823964	pfam	cmag_021	74e05862-a704-4e35-b0df-b1fe07bc87d6	COMPLETED	1128	1128	30:10.423		1	8Gn	2026-10-02T23:03:38	2026-10-02T23:22:26	mjolnirgpu02fl	235258880
45823978	pfam	cmag_684	74e05862-a704-4e35-b0df-b1fe07bc87d6	COMPLETED	935	935	26:30.614		1	8Gn	2026-10-02T23:03:38	2026-10-02T23:19:13	mjolnircomp13fl	195543040
45823979	cazy	cmag_191	74e05862-a704-4e35-b0df-b1fe07bc87d6	COMPLETED	17	17	00:12.106		1	8Gn	2026-10-02T23:04:38	2026-10-02T23:04:55	mjolnircomp11fl	804864
45823980	cazy	cmag_605	74e05862-a704-4e35-b0df-b1fe07bc87d6	COMPLETED	23	23	00:18.395		1	8Gn	2026-10-02T23:05:08	2026-10-02T23:05:31	mjolnircomp11fl	792576
45823987	merge_gene_annotations	cmag_590	74e05862-a704-4e35-b0df-b1fe07bc87d6	COMPLETED	23	23	00:17.649		1	8Gn	2026-10-02T23:38:14	2026-10-02T23:38:37	mjolnircomp03fl	882688
45823998	ncbifam	cmag_169	74e05862-a704-4e35-b0df-b1fe07bc87d6	COMPLETED	575	575	15:37.087		1	16Gn	2026-10-02T23:05:38	2026-10-02T23:15:13	mjolnircomp14fl	352973824
45824009	cazy	cmag_030	74e05862-a704-4e35-b0df-b1fe07bc87d6	COMPLETED	23	23	00:17.667		1	8Gn	2026-10-02T23:06:38	2026-10-02T23:07:01	mjolnirgpu02fl	818176
45824010	ncbifam	cmag_752	74e05862-a704-4e35-b0df-b1fe07bc87d6	COMPLETED	954	954	27:32.442		1	16Gn	2026-10-02T23:38:44	2026-10-02T23:54:38	mjolnircomp03fl	411819008
45824011	tigrfam	cmag_673	74e05862-a704-4e35-b0df-b1fe07bc87d6	COMPLETED	156	156	04:02.284		1	16Gn	2026-10-02T23:06:08	2026-10-02T23:08:44	mjolnircomp07fl	419549184
45824017	pfam	cmag_532	74e05862-a704-4e35-b0df-b1fe07bc87d6	COMPLETED	372	372	09:24.198		1	8Gn	2026-10-02T23:06:38	2026-10-02T23:12:50	mjolnirgpu02fl	191554560
45824018	kegg	cmag_383	74e05862-a704-4e35-b0df-b1fe07bc87d6	COMPLETED	1490	1490	43:05.043		1	8Gn	2026-10-02T23:06:08	2026-10-02T23:30:58	mjolnircomp11fl	995519488
45824031	merge_gene_annotations	cmag_513	74e05862-a704-4e35-b0df-b1fe07bc87d6	COMPLETED	30	30	00:25.181		1	8Gn	2026-10-02T23:06:38	2026-10-02T23:07:08	mjolnircomp05fl	807936
45824032	merge_gene_annotations	cmag_283	74e05862-a704-4e35-b0df-b1fe07bc87d6	COMPLETED	27	27	00:22.504		1	8Gn	2026-10-02T23:06:38	2026-10-02T23:07:05	mjolnircomp05fl	824320
45824033	pfam	cmag_140	74e05862-a704-4e35-b0df-b1fe07bc87d6	COMPLETED	973	973	25:56.971		1	8Gn	2026-10-02T23:06:38	2026-10-02T23:22:51	mjolnircomp05fl	180500480
45824049	merge_gene_annotations	cmag_377	74e05862-a704-4e35-b0df-b1fe07bc87d6	COMPLETED	30	30	00:24.363		1	8Gn	2026-10-02T23:07:38	2026-10-02T23:08:08	mjolnircomp05fl	805888
45824050	prodigal	cmag_064	74e05862-a704-4e35-b0df-b1fe07bc87d6	COMPLETED	10	10	00:06.709		1	3988Mn	2026-10-02T23:07:38	2026-10-02T23:07:48	mjolnirgpu02fl	823296
45824051	kegg	cmag_557	74e05862-a704-4e35-b0df-b1fe07bc87d6	COMPLETED	1484	1484	44:14.019		1	8Gn	2026-10-02T23:07:38	2026-10-02T23:32:22	mjolnircomp13fl	920534016
45824052	ncbifam	cmag_797	74e05862-a704-4e35-b0df-b1fe07bc87d6	COMPLETED	1393	1393	38:22.270		1	16Gn	2026-10-02T23:40:14	2026-10-03T00:03:27	mjolnirgpu02fl	393977856
45824053	merge_gene_annotations	cmag_488	74e05862-a704-4e35-b0df-b1fe07bc87d6	COMPLETED	19	19	00:15.032		1	8Gn	2026-10-02T23:15:10	2026-10-02T23:15:29	mjolnircomp07fl	872448
45824054	pfam	cmag_086	74e05862-a704-4e35-b0df-b1fe07bc87d6	COMPLETED	869	869	23:15.888		1	8Gn	2026-10-02T23:07:38	2026-10-02T23:22:07	mjolnircomp11fl	216559616
45824055	pfam	cmag_393	74e05862-a704-4e35-b0df-b1fe07bc87d6	COMPLETED	1102	1102	29:56.476		1	8Gn	2026-10-02T23:09:09	2026-10-02T23:27:31	mjolnircomp11fl	213568512
45824068	tigrfam	cmag_119	74e05862-a704-4e35-b0df-b1fe07bc87d6	COMPLETED	139	139	03:39.207		1	16Gn	2026-10-02T23:09:09	2026-10-02T23:11:28	mjolnircomp07fl	375860224
45824069	prodigal	cmag_266	74e05862-a704-4e35-b0df-b1fe07bc87d6	COMPLETED	12	12	00:10.268		1	3169Mn	2026-10-02T23:08:09	2026-10-02T23:08:21	mjolnircomp05fl	820224
45824070	cazy	cmag_083	74e05862-a704-4e35-b0df-b1fe07bc87d6	COMPLETED	19	19	00:14.810		1	8Gn	2026-10-02T23:08:09	2026-10-02T23:08:28	mjolnirgpu02fl	827392
45824071	cazy	cmag_612	74e05862-a704-4e35-b0df-b1fe07bc87d6	COMPLETED	26	26	00:21.424		1	8Gn	2026-10-02T23:08:09	2026-10-02T23:08:35	mjolnirgpu02fl	825344
45824072	merge_gene_annotations	cmag_617	74e05862-a704-4e35-b0df-b1fe07bc87d6	COMPLETED	29	29	00:25.891		1	8Gn	2026-10-02T23:09:09	2026-10-02T23:09:38	mjolnircomp05fl	823296
45824084	merge_gene_annotations	cmag_158	74e05862-a704-4e35-b0df-b1fe07bc87d6	COMPLETED	20	20	00:12.491		1	8Gn	2026-10-02T23:10:39	2026-10-02T23:10:59	mjolnircomp08fl	890880
45824085	merge_gene_annotations	cmag_726	74e05862-a704-4e35-b0df-b1fe07bc87d6	COMPLETED	18	18	00:12.762		1	8Gn	2026-10-02T23:10:39	2026-10-02T23:10:57	mjolnircomp13fl	814080
45824086	tigrfam	cmag_149	74e05862-a704-4e35-b0df-b1fe07bc87d6	COMPLETED	212	212	05:22.087		1	16Gn	2026-10-02T23:10:39	2026-10-02T23:14:11	mjolnircomp05fl	456943616
45824087	kegg	cmag_033	74e05862-a704-4e35-b0df-b1fe07bc87d6	COMPLETED	2780	2780	01:17:31		1	8Gn	2026-10-02T23:10:39	2026-10-02T23:56:59	mjolnircomp05fl	988475392
45824088	kegg	cmag_013	74e05862-a704-4e35-b0df-b1fe07bc87d6	COMPLETED	819	819	22:20.274		1	8Gn	2026-10-02T23:08:39	2026-10-02T23:22:18	mjolnircomp09fl	707493888
45824089	cazy	cmag_090	74e05862-a704-4e35-b0df-b1fe07bc87d6	COMPLETED	17	17	00:12.180		1	8Gn	2026-10-02T23:08:39	2026-10-02T23:08:56	mjolnirgpu02fl	820224
45824100	kegg	cmag_119	74e05862-a704-4e35-b0df-b1fe07bc87d6	COMPLETED	1412	1412	42:10.243		1	8Gn	2026-10-02T23:12:09	2026-10-02T23:35:41	mjolnircomp04fl	1127763968
45824101	tigrfam	cmag_469	74e05862-a704-4e35-b0df-b1fe07bc87d6	COMPLETED	304	304	08:18.588		1	16Gn	2026-10-02T23:41:15	2026-10-02T23:46:19	mjolnircomp16fl	389970944
45824102	tigrfam	cmag_327	74e05862-a704-4e35-b0df-b1fe07bc87d6	COMPLETED	140	140	03:34.688		1	16Gn	2026-10-02T23:11:09	2026-10-02T23:13:29	mjolnircomp14fl	362116096
45824106	tigrfam	cmag_266	74e05862-a704-4e35-b0df-b1fe07bc87d6	COMPLETED	373	373	09:25.454		1	16Gn	2026-10-02T23:11:09	2026-10-02T23:17:22	mjolnircomp05fl	366441472
45824107	tigrfam	cmag_344	74e05862-a704-4e35-b0df-b1fe07bc87d6	COMPLETED	209	209	05:33.219		1	16Gn	2026-10-02T23:22:41	2026-10-02T23:26:10	mjolnircomp01fl	346289152
45824108	pfam	cmag_244	74e05862-a704-4e35-b0df-b1fe07bc87d6	COMPLETED	862	862	25:01.370		1	8Gn	2026-10-02T23:12:09	2026-10-02T23:26:31	mjolnircomp04fl	207525888
45824109	tigrfam	cmag_221	74e05862-a704-4e35-b0df-b1fe07bc87d6	COMPLETED	234	234	06:11.637		1	16Gn	2026-10-02T23:41:45	2026-10-02T23:45:39	mjolnirgpu01fl	364892160
45824110	ncbifam	cmag_079	74e05862-a704-4e35-b0df-b1fe07bc87d6	COMPLETED	1381	1381	37:20.817		1	16Gn	2026-10-02T23:11:09	2026-10-02T23:34:10	mjolnircomp05fl	364838912
45824115	tigrfam	cmag_582	74e05862-a704-4e35-b0df-b1fe07bc87d6	COMPLETED	76	76	01:53.384		1	16Gn	2026-10-02T23:12:09	2026-10-02T23:13:25	mjolnircomp11fl	350410752
45824116	tigrfam	cmag_713	74e05862-a704-4e35-b0df-b1fe07bc87d6	COMPLETED	182	182	04:49.177		1	16Gn	2026-10-02T23:11:39	2026-10-02T23:14:41	mjolnircomp07fl	410889216
45824117	merge_gene_annotations	cmag_350	74e05862-a704-4e35-b0df-b1fe07bc87d6	COMPLETED	18	18	00:11.913		1	8Gn	2026-10-02T23:12:09	2026-10-02T23:12:27	mjolnircomp11fl	798720
45824118	kegg	cmag_515	74e05862-a704-4e35-b0df-b1fe07bc87d6	COMPLETED	1184	1184	35:30.006		1	8Gn	2026-10-02T23:11:09	2026-10-02T23:30:53	mjolnircomp10fl	745660416
45824124	tigrfam	cmag_495	74e05862-a704-4e35-b0df-b1fe07bc87d6	COMPLETED	111	111	02:52.557		1	16Gn	2026-10-02T23:11:39	2026-10-02T23:13:30	mjolnircomp15fl	412084224
45824125	merge_gene_annotations	cmag_673	74e05862-a704-4e35-b0df-b1fe07bc87d6	COMPLETED	22	22	00:15.584		1	8Gn	2026-10-02T23:11:39	2026-10-02T23:12:01	mjolnircomp04fl	846848
45824126	ncbifam	cmag_106	74e05862-a704-4e35-b0df-b1fe07bc87d6	COMPLETED	539	539	15:37.732		1	16Gn	2026-10-02T23:11:39	2026-10-02T23:20:38	mjolnircomp04fl	352161792
45824127	cazy	cmag_523	74e05862-a704-4e35-b0df-b1fe07bc87d6	COMPLETED	37	37	00:14.315		1	8Gn	2026-10-02T23:12:09	2026-10-02T23:12:46	mjolnircomp17fl	77573120
45824128	cazy	cmag_436	74e05862-a704-4e35-b0df-b1fe07bc87d6	COMPLETED	42	42	00:18.590		1	8Gn	2026-10-02T23:12:09	2026-10-02T23:12:51	mjolnircomp17fl	77557760
45824129	tigrfam	cmag_502	74e05862-a704-4e35-b0df-b1fe07bc87d6	COMPLETED	233	233	06:16.427		1	16Gn	2026-10-02T23:42:45	2026-10-02T23:46:38	mjolnircomp15fl	346118144
45824137	merge_gene_annotations	cmag_606	74e05862-a704-4e35-b0df-b1fe07bc87d6	COMPLETED	17	17	00:11.547		1	8Gn	2026-10-02T23:13:09	2026-10-02T23:13:26	mjolnircomp02fl	869376
45824139	kegg	cmag_537	74e05862-a704-4e35-b0df-b1fe07bc87d6	COMPLETED	2426	2426	01:08:23		1	8Gn	2026-10-02T23:13:39	2026-10-02T23:54:05	mjolnircomp02fl	752339968
45824140	ncbifam	cmag_494	74e05862-a704-4e35-b0df-b1fe07bc87d6	COMPLETED	830	830	22:49.867		1	16Gn	2026-10-02T23:15:40	2026-10-02T23:29:30	mjolnircomp07fl	491831296
45824144	merge_gene_annotations	cmag_039	74e05862-a704-4e35-b0df-b1fe07bc87d6	COMPLETED	20	20	00:15.016		1	8Gn	2026-10-02T23:18:10	2026-10-02T23:18:30	mjolnircomp07fl	866304
45824145	ncbifam	cmag_074	74e05862-a704-4e35-b0df-b1fe07bc87d6	COMPLETED	556	556	15:24.149		1	16Gn	2026-10-02T23:13:39	2026-10-02T23:22:55	mjolnircomp14fl	376316928
45824149	prodigal	cmag_640	74e05862-a704-4e35-b0df-b1fe07bc87d6	COMPLETED	10	10	00:07.211		1	4921Mn	2026-10-02T23:14:40	2026-10-02T23:14:50	mjolnircomp11fl	808960
45824151	kegg	cmag_400	74e05862-a704-4e35-b0df-b1fe07bc87d6	COMPLETED	1746	1746	50:58.861		1	8Gn	2026-10-02T23:13:09	2026-10-02T23:42:15	mjolnircomp11fl	791375872
45824152	merge_gene_annotations	cmag_029	74e05862-a704-4e35-b0df-b1fe07bc87d6	COMPLETED	19	19	00:12.899		1	8Gn	2026-10-02T23:14:10	2026-10-02T23:14:29	mjolnirgpu03fl	817152
45824153	cazy	cmag_152	74e05862-a704-4e35-b0df-b1fe07bc87d6	COMPLETED	29	29	00:25.721		1	8Gn	2026-10-02T23:15:10	2026-10-02T23:15:39	mjolnircomp05fl	819200
45824154	pfam	cmag_022	74e05862-a704-4e35-b0df-b1fe07bc87d6	COMPLETED	511	511	14:09.295		1	8Gn	2026-10-02T23:13:09	2026-10-02T23:21:40	mjolnircomp13fl	219652096
45824155	tigrfam	cmag_602	74e05862-a704-4e35-b0df-b1fe07bc87d6	COMPLETED	239	239	06:07.842		1	16Gn	2026-10-02T23:15:40	2026-10-02T23:19:39	mjolnircomp14fl	378233856
45824156	pfam	cmag_571	74e05862-a704-4e35-b0df-b1fe07bc87d6	COMPLETED	1203	1203	33:13.792		1	8Gn	2026-10-02T23:14:40	2026-10-02T23:34:43	mjolnircomp13fl	240040960
45824157	pfam	cmag_607	74e05862-a704-4e35-b0df-b1fe07bc87d6	COMPLETED	1078	1078	30:09.813		1	8Gn	2026-10-02T23:15:40	2026-10-02T23:33:38	mjolnircomp13fl	243648512
45824158	cazy	cmag_326	74e05862-a704-4e35-b0df-b1fe07bc87d6	COMPLETED	24	24	00:19.119		1	8Gn	2026-10-02T23:13:09	2026-10-02T23:13:33	mjolnircomp13fl	814080
45824170	tigrfam	cmag_068	74e05862-a704-4e35-b0df-b1fe07bc87d6	COMPLETED	91	91	02:23.149		1	16Gn	2026-10-02T23:13:39	2026-10-02T23:15:10	mjolnircomp13fl	382897152
45824171	ncbifam	cmag_422	74e05862-a704-4e35-b0df-b1fe07bc87d6	COMPLETED	988	988	27:15.899		1	16Gn	2026-10-02T23:42:45	2026-10-02T23:59:13	mjolnircomp16fl	396647424
45824172	kegg	cmag_191	74e05862-a704-4e35-b0df-b1fe07bc87d6	COMPLETED	1210	1210	35:37.509		1	8Gn	2026-10-02T23:16:40	2026-10-02T23:36:50	mjolnircomp11fl	809613312
45824173	kegg	cmag_436	74e05862-a704-4e35-b0df-b1fe07bc87d6	COMPLETED	1264	1264	37:13.976		1	8Gn	2026-10-02T23:16:40	2026-10-02T23:37:44	mjolnircomp11fl	736777216
45824175	ncbifam	cmag_580	74e05862-a704-4e35-b0df-b1fe07bc87d6	COMPLETED	259	259	07:28.768		1	16Gn	2026-10-02T23:13:39	2026-10-02T23:17:58	mjolnircomp15fl	362267648
45824176	pfam	cmag_664	74e05862-a704-4e35-b0df-b1fe07bc87d6	COMPLETED	774	774	21:43.314		1	8Gn	2026-10-02T23:14:10	2026-10-02T23:27:04	mjolnirgpu01fl	234103808
45824177	cazy	cmag_662	74e05862-a704-4e35-b0df-b1fe07bc87d6	COMPLETED	16	16	00:11.501		1	8Gn	2026-10-02T23:15:10	2026-10-02T23:15:26	mjolnircomp11fl	803840
45824184	tigrfam	cmag_219	74e05862-a704-4e35-b0df-b1fe07bc87d6	COMPLETED	318	318	08:30.526		1	16Gn	2026-10-02T23:42:45	2026-10-02T23:48:03	mjolnircomp03fl	399900672
45824185	tigrfam	cmag_324	74e05862-a704-4e35-b0df-b1fe07bc87d6	COMPLETED	326	326	08:52.814		1	16Gn	2026-10-02T23:42:45	2026-10-02T23:48:11	mjolnircomp04fl	363662336
45824186	pfam	cmag_458	74e05862-a704-4e35-b0df-b1fe07bc87d6	COMPLETED	882	882	23:07.943		1	8Gn	2026-10-02T23:14:40	2026-10-02T23:29:22	mjolnircomp17fl	203294720
45824187	merge_gene_annotations	cmag_495	74e05862-a704-4e35-b0df-b1fe07bc87d6	COMPLETED	16	16	00:12.007		1	8Gn	2026-10-02T23:14:10	2026-10-02T23:14:26	mjolnircomp13fl	813056
45824188	kegg	cmag_434	74e05862-a704-4e35-b0df-b1fe07bc87d6	COMPLETED	1343	1343	39:31.458		1	8Gn	2026-10-02T23:16:40	2026-10-02T23:39:03	mjolnircomp13fl	780684288
45824197	cazy	cmag_547	74e05862-a704-4e35-b0df-b1fe07bc87d6	COMPLETED	17	17	00:11.974		1	8Gn	2026-10-02T23:18:10	2026-10-02T23:18:27	mjolnircomp13fl	807936
45824198	merge_gene_annotations	cmag_636	74e05862-a704-4e35-b0df-b1fe07bc87d6	COMPLETED	33	33	00:27.448		1	8Gn	2026-10-02T23:16:10	2026-10-02T23:16:43	mjolnircomp06fl	78038016
45824199	merge_gene_annotations	cmag_236	74e05862-a704-4e35-b0df-b1fe07bc87d6	COMPLETED	34	34	00:28.931		1	8Gn	2026-10-02T23:17:10	2026-10-02T23:17:44	mjolnircomp05fl	77848576
45824200	prodigal	cmag_302	74e05862-a704-4e35-b0df-b1fe07bc87d6	COMPLETED	15	15	00:03.297		1	1478Mn	2026-10-02T23:16:40	2026-10-02T23:16:55	mjolnircomp17fl	1162240
45824201	ncbifam	cmag_077	74e05862-a704-4e35-b0df-b1fe07bc87d6	COMPLETED	1456	1456	41:01.703		1	17145Mn	2026-10-02T23:43:15	2026-10-03T00:07:31	mjolnircomp11fl	342628352
45824202	tigrfam	cmag_201	74e05862-a704-4e35-b0df-b1fe07bc87d6	COMPLETED	223	223	05:34.125		1	16Gn	2026-10-02T23:16:10	2026-10-02T23:19:53	mjolnircomp05fl	369078272
45824203	pfam	cmag_612	74e05862-a704-4e35-b0df-b1fe07bc87d6	COMPLETED	1111	1111	31:17.102		1	8Gn	2026-10-02T23:16:40	2026-10-02T23:35:11	mjolnircomp13fl	196172800
45824209	cazy	cmag_608	74e05862-a704-4e35-b0df-b1fe07bc87d6	COMPLETED	17	17	00:11.474		1	8Gn	2026-10-02T23:18:40	2026-10-02T23:18:57	mjolnircomp09fl	857088
45824210	cazy	cmag_516	74e05862-a704-4e35-b0df-b1fe07bc87d6	COMPLETED	15	15	00:10.759		1	8Gn	2026-10-02T23:18:40	2026-10-02T23:18:55	mjolnircomp13fl	809984
45824211	tigrfam	cmag_706	74e05862-a704-4e35-b0df-b1fe07bc87d6	COMPLETED	255	255	06:52.660		1	16Gn	2026-10-02T23:43:45	2026-10-02T23:48:00	mjolnircomp03fl	395917312
45824212	cazy	cmag_244	74e05862-a704-4e35-b0df-b1fe07bc87d6	COMPLETED	22	22	00:17.944		1	8Gn	2026-10-02T23:18:40	2026-10-02T23:19:02	mjolnircomp13fl	808960
45824226	cazy	cmag_451	74e05862-a704-4e35-b0df-b1fe07bc87d6	COMPLETED	21	21	00:16.094		1	8Gn	2026-10-02T23:19:10	2026-10-02T23:19:31	mjolnircomp09fl	859136
45824227	kegg	cmag_102	74e05862-a704-4e35-b0df-b1fe07bc87d6	COMPLETED	4216	4216	02:00:33		1	8Gn	2026-10-02T23:17:10	2026-10-03T00:27:26	mjolnircomp05fl	920721408
45824228	kegg	cmag_640	74e05862-a704-4e35-b0df-b1fe07bc87d6	COMPLETED	5745	5745	02:36:33		1	8Gn	2026-10-02T23:17:10	2026-10-03T00:52:55	mjolnircomp06fl	1069214720
45824229	cazy	cmag_571	74e05862-a704-4e35-b0df-b1fe07bc87d6	COMPLETED	48	48	00:24.573		1	8Gn	2026-10-02T23:16:10	2026-10-02T23:16:58	mjolnircomp17fl	265518080
45824230	tigrfam	cmag_765	74e05862-a704-4e35-b0df-b1fe07bc87d6	COMPLETED	241	241	05:57.847		1	16Gn	2026-10-02T23:17:40	2026-10-02T23:21:41	mjolnircomp05fl	326641664
45824231	pfam	cmag_090	74e05862-a704-4e35-b0df-b1fe07bc87d6	COMPLETED	762	762	20:24.864		1	8Gn	2026-10-02T23:17:10	2026-10-02T23:29:52	mjolnircomp17fl	193818624
45824240	pfam	cmag_036	74e05862-a704-4e35-b0df-b1fe07bc87d6	COMPLETED	1210	1210	33:08.457		1	8Gn	2026-10-02T23:17:10	2026-10-02T23:37:20	mjolnircomp11fl	184525824
45824248	tigrfam	cmag_821	74e05862-a704-4e35-b0df-b1fe07bc87d6	COMPLETED	145	145	03:27.637		1	16Gn	2026-10-02T23:18:40	2026-10-02T23:21:05	mjolnircomp07fl	430461952
45824249	merge_gene_annotations	cmag_534	74e05862-a704-4e35-b0df-b1fe07bc87d6	COMPLETED	16	16	00:11.747		1	8Gn	2026-10-02T23:17:40	2026-10-02T23:17:56	mjolnircomp13fl	808960
45824250	ncbifam	cmag_182	74e05862-a704-4e35-b0df-b1fe07bc87d6	COMPLETED	1240	1240	34:44.429		1	16Gn	2026-10-02T23:18:40	2026-10-02T23:39:20	mjolnircomp05fl	413688832
45824264	cazy	cmag_009	74e05862-a704-4e35-b0df-b1fe07bc87d6	COMPLETED	18	18	00:13.440		1	8Gn	2026-10-02T23:20:41	2026-10-02T23:20:59	mjolnircomp09fl	862208
45824265	ncbifam	cmag_214	74e05862-a704-4e35-b0df-b1fe07bc87d6	COMPLETED	656	656	17:57.508		1	16Gn	2026-10-02T23:19:40	2026-10-02T23:30:36	mjolnircomp02fl	390730752
45824266	cazy	cmag_444	74e05862-a704-4e35-b0df-b1fe07bc87d6	COMPLETED	37	37	00:13.585		1	8Gn	2026-10-02T23:20:41	2026-10-02T23:21:18	mjolnircomp17fl	78203904
45824267	kegg	cmag_435	74e05862-a704-4e35-b0df-b1fe07bc87d6	COMPLETED	1087	1087	31:39.086		1	8Gn	2026-10-02T23:19:10	2026-10-02T23:37:17	mjolnircomp13fl	662915072
45824277	merge_gene_annotations	cmag_542	74e05862-a704-4e35-b0df-b1fe07bc87d6	COMPLETED	19	19	00:14.944		1	8Gn	2026-10-02T23:20:41	2026-10-02T23:21:00	mjolnircomp07fl	851968
45824278	ncbifam	cmag_772	74e05862-a704-4e35-b0df-b1fe07bc87d6	COMPLETED	1291	1291	35:35.613		1	16Gn	2026-10-02T23:19:40	2026-10-02T23:41:11	mjolnircomp05fl	516674560
45824279	cazy	cmag_723	74e05862-a704-4e35-b0df-b1fe07bc87d6	COMPLETED	40	40	00:16.187		1	8Gn	2026-10-02T23:21:11	2026-10-02T23:21:51	mjolnircomp17fl	77967360
45824280	kegg	cmag_230	74e05862-a704-4e35-b0df-b1fe07bc87d6	COMPLETED	1294	1294	38:11.930		1	8Gn	2026-10-02T23:19:40	2026-10-02T23:41:14	mjolnircomp13fl	1182845952
45824287	kegg	cmag_332	74e05862-a704-4e35-b0df-b1fe07bc87d6	COMPLETED	1230	1230	36:22.070		1	8Gn	2026-10-02T23:19:40	2026-10-02T23:40:10	mjolnircomp10fl	1114789888
45824288	kegg	cmag_762	74e05862-a704-4e35-b0df-b1fe07bc87d6	COMPLETED	1362	1362	38:23.661		1	8Gn	2026-10-02T23:20:10	2026-10-02T23:42:52	mjolnircomp14fl	658613248
45824289	ncbifam	cmag_278	74e05862-a704-4e35-b0df-b1fe07bc87d6	COMPLETED	1587	1587	42:48.893		1	16Gn	2026-10-02T23:19:40	2026-10-02T23:46:07	mjolnircomp05fl	376242176
45824290	pfam	cmag_605	74e05862-a704-4e35-b0df-b1fe07bc87d6	COMPLETED	1321	1321	34:26.603		1	8Gn	2026-10-02T23:19:40	2026-10-02T23:41:41	mjolnirgpu03fl	236912640
45824291	merge_gene_annotations	cmag_190	74e05862-a704-4e35-b0df-b1fe07bc87d6	COMPLETED	21	21	00:14.275		1	8Gn	2026-10-02T23:21:41	2026-10-02T23:22:02	mjolnircomp08fl	887808
45824301	tigrfam	cmag_412	74e05862-a704-4e35-b0df-b1fe07bc87d6	COMPLETED	207	207	05:34.931		1	16Gn	2026-10-02T23:29:12	2026-10-02T23:32:39	mjolnircomp15fl	419999744
45824302	cazy	cmag_301	74e05862-a704-4e35-b0df-b1fe07bc87d6	COMPLETED	34	34	00:13.169		1	8Gn	2026-10-02T23:22:11	2026-10-02T23:22:45	mjolnircomp17fl	77744128
45824303	tigrfam	cmag_581	74e05862-a704-4e35-b0df-b1fe07bc87d6	COMPLETED	248	248	06:12.994		1	16Gn	2026-10-02T23:20:10	2026-10-02T23:24:18	mjolnircomp05fl	368131072
45824304	tigrfam	cmag_629	74e05862-a704-4e35-b0df-b1fe07bc87d6	COMPLETED	328	328	08:18.108		1	16Gn	2026-10-02T23:43:45	2026-10-02T23:49:13	mjolnirgpu02fl	356980736
45824305	cazy	cmag_499	74e05862-a704-4e35-b0df-b1fe07bc87d6	COMPLETED	42	42	00:21.120		1	8Gn	2026-10-02T23:22:11	2026-10-02T23:22:53	mjolnircomp17fl	77782016
45824315	merge_gene_annotations	cmag_588	74e05862-a704-4e35-b0df-b1fe07bc87d6	COMPLETED	29	29	00:24.819		1	8Gn	2026-10-02T23:21:11	2026-10-02T23:21:40	mjolnircomp05fl	820224
45824316	tigrfam	cmag_173	74e05862-a704-4e35-b0df-b1fe07bc87d6	COMPLETED	224	224	05:50.975		1	16Gn	2026-10-02T23:21:11	2026-10-02T23:24:55	mjolnircomp07fl	350176256
45824317	ncbifam	cmag_475	74e05862-a704-4e35-b0df-b1fe07bc87d6	COMPLETED	857	857	22:47.462		1	16Gn	2026-10-02T23:21:11	2026-10-02T23:35:28	mjolnircomp05fl	361730048
45824318	kegg	cmag_822	74e05862-a704-4e35-b0df-b1fe07bc87d6	COMPLETED	1595	1595	48:18.573		1	8Gn	2026-10-02T23:21:11	2026-10-02T23:47:46	mjolnircomp07fl	789836800
45824319	merge_gene_annotations	cmag_602	74e05862-a704-4e35-b0df-b1fe07bc87d6	COMPLETED	56	56	00:28.254		1	8Gn	2026-10-02T23:21:11	2026-10-02T23:22:07	mjolnircomp06fl	265589760
45824331	kegg	cmag_330	74e05862-a704-4e35-b0df-b1fe07bc87d6	COMPLETED	1649	1649	48:21.287		1	8Gn	2026-10-02T23:21:41	2026-10-02T23:49:10	mjolnircomp11fl	741165056
45824332	merge_gene_annotations	cmag_004	74e05862-a704-4e35-b0df-b1fe07bc87d6	COMPLETED	17	17	00:11.029		1	8Gn	2026-10-02T23:21:41	2026-10-02T23:21:58	mjolnircomp11fl	803840
45824333	merge_gene_annotations	cmag_486	74e05862-a704-4e35-b0df-b1fe07bc87d6	COMPLETED	33	33	00:28.619		1	8Gn	2026-10-02T23:22:11	2026-10-02T23:22:44	mjolnircomp06fl	77873152
45824334	kegg	cmag_455	74e05862-a704-4e35-b0df-b1fe07bc87d6	COMPLETED	1673	1673	49:25.251		1	8Gn	2026-10-02T23:21:41	2026-10-02T23:49:34	mjolnircomp13fl	1118674944
45824335	ncbifam	cmag_108	74e05862-a704-4e35-b0df-b1fe07bc87d6	COMPLETED	483	483	13:00.864		1	16Gn	2026-10-02T23:22:11	2026-10-02T23:30:14	mjolnircomp07fl	397664256
45824336	merge_gene_annotations	cmag_623	74e05862-a704-4e35-b0df-b1fe07bc87d6	COMPLETED	21	21	00:16.696		1	8Gn	2026-10-02T23:43:15	2026-10-02T23:43:36	mjolnircomp04fl	857088
45824337	ncbifam	cmag_266	74e05862-a704-4e35-b0df-b1fe07bc87d6	COMPLETED	875	875	23:21.560		1	16Gn	2026-10-02T23:22:11	2026-10-02T23:36:46	mjolnircomp07fl	418664448
45824352	merge_gene_annotations	cmag_516	74e05862-a704-4e35-b0df-b1fe07bc87d6	COMPLETED	16	16	00:11.751		1	8Gn	2026-10-02T23:22:11	2026-10-02T23:22:27	mjolnircomp13fl	812032
45824353	pfam	cmag_083	74e05862-a704-4e35-b0df-b1fe07bc87d6	COMPLETED	915	915	23:32.247		1	8Gn	2026-10-02T23:22:11	2026-10-02T23:37:26	mjolnirgpu03fl	201750528
45824354	cazy	cmag_359	74e05862-a704-4e35-b0df-b1fe07bc87d6	COMPLETED	45	45	00:21.608		1	8Gn	2026-10-02T23:23:11	2026-10-02T23:23:56	mjolnircomp17fl	262385664
45824355	cazy	cmag_618	74e05862-a704-4e35-b0df-b1fe07bc87d6	COMPLETED	38	38	00:13.238		1	8Gn	2026-10-02T23:23:11	2026-10-02T23:23:49	mjolnircomp17fl	77970432
45824356	kegg	cmag_189	74e05862-a704-4e35-b0df-b1fe07bc87d6	COMPLETED	951	951	28:18.044		1	8Gn	2026-10-02T23:22:11	2026-10-02T23:38:02	mjolnircomp04fl	1030171648
45824357	cazy	cmag_235	74e05862-a704-4e35-b0df-b1fe07bc87d6	COMPLETED	44	44	00:19.281		1	8Gn	2026-10-02T23:23:11	2026-10-02T23:23:55	mjolnircomp17fl	257581056
45824358	tigrfam	cmag_063	74e05862-a704-4e35-b0df-b1fe07bc87d6	COMPLETED	151	151	03:59.981		1	16Gn	2026-10-02T23:22:41	2026-10-02T23:25:12	mjolnircomp16fl	408680448
45824359	cazy	cmag_568	74e05862-a704-4e35-b0df-b1fe07bc87d6	COMPLETED	30	30	00:24.766		1	8Gn	2026-10-02T23:23:41	2026-10-02T23:24:11	mjolnirgpu03fl	73493504
45824360	tigrfam	cmag_252	74e05862-a704-4e35-b0df-b1fe07bc87d6	COMPLETED	358	358	09:14.011		1	16Gn	2026-10-02T23:23:11	2026-10-02T23:29:09	mjolnircomp06fl	403235840
45824375	merge_gene_annotations	cmag_199	74e05862-a704-4e35-b0df-b1fe07bc87d6	COMPLETED	16	16	00:11.611		1	8Gn	2026-10-02T23:23:11	2026-10-02T23:23:27	mjolnircomp13fl	815104
45824376	merge_gene_annotations	cmag_408	74e05862-a704-4e35-b0df-b1fe07bc87d6	COMPLETED	17	17	00:12.279		1	8Gn	2026-10-02T23:23:11	2026-10-02T23:23:28	mjolnircomp14fl	808960
45824377	ncbifam	cmag_100	74e05862-a704-4e35-b0df-b1fe07bc87d6	COMPLETED	823	823	22:41.889		1	16Gn	2026-10-02T23:23:41	2026-10-02T23:37:24	mjolnircomp14fl	385677312
45824378	cazy	cmag_452	74e05862-a704-4e35-b0df-b1fe07bc87d6	COMPLETED	34	34	00:29.729		1	8Gn	2026-10-02T23:23:41	2026-10-02T23:24:15	mjolnircomp05fl	77658112
45824379	pfam	cmag_421	74e05862-a704-4e35-b0df-b1fe07bc87d6	COMPLETED	1150	1150	30:23.221		1	8Gn	2026-10-02T23:23:11	2026-10-02T23:42:21	mjolnircomp11fl	231529472
45824380	tigrfam	cmag_072	74e05862-a704-4e35-b0df-b1fe07bc87d6	COMPLETED	157	157	04:00.685		1	16Gn	2026-10-02T23:25:11	2026-10-02T23:27:48	mjolnircomp07fl	358858752
45824381	merge_gene_annotations	cmag_150	74e05862-a704-4e35-b0df-b1fe07bc87d6	COMPLETED	19	19	00:13.722		1	8Gn	2026-10-02T23:23:11	2026-10-02T23:23:30	mjolnircomp11fl	801792
45824395	kegg	cmag_038	74e05862-a704-4e35-b0df-b1fe07bc87d6	COMPLETED	1847	1847	53:55.527		1	8Gn	2026-10-02T23:23:41	2026-10-02T23:54:28	mjolnircomp11fl	890088448
45824396	tigrfam	cmag_764	74e05862-a704-4e35-b0df-b1fe07bc87d6	COMPLETED	174	174	04:39.198		1	16Gn	2026-10-02T23:25:41	2026-10-02T23:28:35	mjolnircomp16fl	395755520
45824397	ncbifam	cmag_757	74e05862-a704-4e35-b0df-b1fe07bc87d6	COMPLETED	425	425	11:53.053		1	16Gn	2026-10-02T23:26:11	2026-10-02T23:33:16	mjolnircomp01fl	460145664
45824398	kegg	cmag_569	74e05862-a704-4e35-b0df-b1fe07bc87d6	TIMEOUT	4156	4156	00:01.625		1	8Gn	2026-10-02T23:25:11	2026-10-03T00:34:27	mjolnircomp06fl	1027377152
45824399	kegg	cmag_254	74e05862-a704-4e35-b0df-b1fe07bc87d6	COMPLETED	4926	4926	02:17:41		1	8Gn	2026-10-02T23:25:11	2026-10-03T00:47:17	mjolnircomp05fl	761048064
45824400	tigrfam	cmag_531	74e05862-a704-4e35-b0df-b1fe07bc87d6	COMPLETED	142	142	03:36.405		1	16Gn	2026-10-02T23:27:11	2026-10-02T23:29:33	mjolnirgpu01fl	368045056
45824401	merge_gene_annotations	cmag_142	74e05862-a704-4e35-b0df-b1fe07bc87d6	COMPLETED	30	30	00:25.427		1	8Gn	2026-10-02T23:26:11	2026-10-02T23:26:41	mjolnircomp05fl	820224
45824421	tigrfam	cmag_122	74e05862-a704-4e35-b0df-b1fe07bc87d6	COMPLETED	196	196	05:10.954		1	16Gn	2026-10-02T23:32:42	2026-10-02T23:35:58	mjolnircomp15fl	375530496
45824422	merge_gene_annotations	cmag_001	74e05862-a704-4e35-b0df-b1fe07bc87d6	COMPLETED	17	17	00:12.304		1	8Gn	2026-10-02T23:27:11	2026-10-02T23:27:28	mjolnircomp07fl	836608
45824423	prodigal	cmag_705	74e05862-a704-4e35-b0df-b1fe07bc87d6	COMPLETED	10	10	00:06.073		1	3223Mn	2026-10-02T23:26:11	2026-10-02T23:26:21	mjolnirgpu03fl	814080
45824424	ncbifam	cmag_624	74e05862-a704-4e35-b0df-b1fe07bc87d6	COMPLETED	605	605	16:37.372		1	16Gn	2026-10-02T23:27:41	2026-10-02T23:37:46	mjolnircomp07fl	466863104
45824425	kegg	cmag_793	74e05862-a704-4e35-b0df-b1fe07bc87d6	COMPLETED	2073	2073	01:00:45		1	8Gn	2026-10-02T23:24:11	2026-10-02T23:58:44	mjolnircomp11fl	777563136
45824426	cazy	cmag_334	74e05862-a704-4e35-b0df-b1fe07bc87d6	COMPLETED	21	21	00:14.806		1	8Gn	2026-10-02T23:26:11	2026-10-02T23:26:32	mjolnirgpu03fl	811008
45824437	pfam	cmag_453	74e05862-a704-4e35-b0df-b1fe07bc87d6	COMPLETED	1476	1476	39:16.120		1	8Gn	2026-10-02T23:25:41	2026-10-02T23:50:17	mjolnircomp17fl	215845888
45824438	ncbifam	cmag_059	74e05862-a704-4e35-b0df-b1fe07bc87d6	COMPLETED	888	888	23:43.039		1	16Gn	2026-10-02T23:27:41	2026-10-02T23:42:29	mjolnircomp07fl	378226688
45824439	kegg	cmag_319	74e05862-a704-4e35-b0df-b1fe07bc87d6	COMPLETED	1086	1086	28:05.434		1	8Gn	2026-10-02T23:25:11	2026-10-02T23:43:17	mjolnirgpu03fl	689915904
45824440	cazy	cmag_404	74e05862-a704-4e35-b0df-b1fe07bc87d6	COMPLETED	22	22	00:17.316		1	8Gn	2026-10-02T23:26:11	2026-10-02T23:26:33	mjolnirgpu03fl	811008
45824441	prodigal	cmag_472	74e05862-a704-4e35-b0df-b1fe07bc87d6	COMPLETED	10	10	00:06.165		1	4169Mn	2026-10-02T23:26:11	2026-10-02T23:26:21	mjolnirgpu03fl	814080
45824452	pfam	cmag_769	74e05862-a704-4e35-b0df-b1fe07bc87d6	COMPLETED	970	970	26:17.367		1	8Gn	2026-10-02T23:28:42	2026-10-02T23:44:52	mjolnircomp13fl	222776320
45824453	kegg	cmag_514	74e05862-a704-4e35-b0df-b1fe07bc87d6	COMPLETED	1563	1563	47:16.804		1	8Gn	2026-10-02T23:28:11	2026-10-02T23:54:14	mjolnircomp07fl	1050003456
45824454	prodigal	cmag_753	74e05862-a704-4e35-b0df-b1fe07bc87d6	COMPLETED	7	7	00:03.815		1	1353Mn	2026-10-02T23:26:41	2026-10-02T23:26:48	mjolnirgpu03fl	816128
45824455	tigrfam	cmag_667	74e05862-a704-4e35-b0df-b1fe07bc87d6	COMPLETED	156	156	04:15.668		1	16Gn	2026-10-02T23:28:42	2026-10-02T23:31:18	mjolnircomp16fl	401957888
45824456	kegg	cmag_492	74e05862-a704-4e35-b0df-b1fe07bc87d6	COMPLETED	1420	1420	42:00.967		1	8Gn	2026-10-02T23:25:41	2026-10-02T23:49:21	mjolnircomp13fl	844922880
45824464	merge_gene_annotations	cmag_504	74e05862-a704-4e35-b0df-b1fe07bc87d6	COMPLETED	30	30	00:22.617		1	8Gn	2026-10-02T23:43:45	2026-10-02T23:44:15	mjolnirgpu02fl	835584
45824465	cazy	cmag_428	74e05862-a704-4e35-b0df-b1fe07bc87d6	COMPLETED	19	19	00:13.692		1	8Gn	2026-10-02T23:26:41	2026-10-02T23:27:00	mjolnirgpu03fl	815104
45824476	tigrfam	cmag_410	74e05862-a704-4e35-b0df-b1fe07bc87d6	COMPLETED	250	250	06:46.916		1	16Gn	2026-10-02T23:36:13	2026-10-02T23:40:23	mjolnircomp04fl	379327488
45824477	prodigal	cmag_614	74e05862-a704-4e35-b0df-b1fe07bc87d6	COMPLETED	9	9	00:06.218		1	1779Mn	2026-10-02T23:27:11	2026-10-02T23:27:20	mjolnircomp05fl	813056
45824478	ncbifam	cmag_701	74e05862-a704-4e35-b0df-b1fe07bc87d6	COMPLETED	1068	1068	30:15.535		1	16Gn	2026-10-02T23:44:15	2026-10-03T00:02:03	mjolnirgpu01fl	410905600
45824479	ncbifam	cmag_544	74e05862-a704-4e35-b0df-b1fe07bc87d6	COMPLETED	589	589	16:16.376		1	16Gn	2026-10-02T23:29:12	2026-10-02T23:39:01	mjolnircomp14fl	367271936
45824480	cazy	cmag_143	74e05862-a704-4e35-b0df-b1fe07bc87d6	COMPLETED	20	20	00:14.914		1	8Gn	2026-10-02T23:27:41	2026-10-02T23:28:01	mjolnirgpu03fl	816128
45824481	merge_gene_annotations	cmag_404	74e05862-a704-4e35-b0df-b1fe07bc87d6	COMPLETED	15	15	00:11.230		1	8Gn	2026-10-02T23:29:42	2026-10-02T23:29:57	mjolnircomp07fl	819200
45824482	merge_gene_annotations	cmag_568	74e05862-a704-4e35-b0df-b1fe07bc87d6	COMPLETED	23	23	00:16.871		1	8Gn	2026-10-02T23:44:15	2026-10-02T23:44:38	mjolnircomp14fl	816128
45824483	tigrfam	cmag_547	74e05862-a704-4e35-b0df-b1fe07bc87d6	COMPLETED	177	177	04:31.487		1	16Gn	2026-10-02T23:29:42	2026-10-02T23:32:39	mjolnirgpu01fl	394652672
45824489	merge_gene_annotations	cmag_657	74e05862-a704-4e35-b0df-b1fe07bc87d6	COMPLETED	16	16	00:11.175		1	8Gn	2026-10-02T23:31:12	2026-10-02T23:31:28	mjolnircomp13fl	801792
45824490	tigrfam	cmag_037	74e05862-a704-4e35-b0df-b1fe07bc87d6	COMPLETED	166	166	04:23.681		1	16Gn	2026-10-02T23:30:12	2026-10-02T23:32:58	mjolnircomp07fl	358983680
45824491	merge_gene_annotations	cmag_117	74e05862-a704-4e35-b0df-b1fe07bc87d6	COMPLETED	33	33	00:28.629		1	8Gn	2026-10-02T23:29:42	2026-10-02T23:30:15	mjolnircomp05fl	77657088
45824492	tigrfam	cmag_208	74e05862-a704-4e35-b0df-b1fe07bc87d6	COMPLETED	198	198	05:04.532		1	16Gn	2026-10-02T23:30:42	2026-10-02T23:34:00	mjolnircomp07fl	370539520
45824493	pfam	cmag_007	74e05862-a704-4e35-b0df-b1fe07bc87d6	COMPLETED	821	821	22:39.845		1	8Gn	2026-10-02T23:29:12	2026-10-02T23:42:53	mjolnircomp13fl	219822080
45824494	kegg	cmag_572	74e05862-a704-4e35-b0df-b1fe07bc87d6	COMPLETED	1520	1520	44:31.441		1	8Gn	2026-10-02T23:27:41	2026-10-02T23:53:01	mjolnircomp11fl	704239616
45824506	kegg	cmag_671	74e05862-a704-4e35-b0df-b1fe07bc87d6	COMPLETED	851	851	25:01.122		1	8Gn	2026-10-02T23:31:12	2026-10-02T23:45:23	mjolnircomp10fl	684332032
45824507	cazy	cmag_020	74e05862-a704-4e35-b0df-b1fe07bc87d6	COMPLETED	31	31	00:26.584		1	8Gn	2026-10-02T23:28:42	2026-10-02T23:29:13	mjolnircomp05fl	77783040
45824518	ncbifam	cmag_618	74e05862-a704-4e35-b0df-b1fe07bc87d6	COMPLETED	501	501	13:57.515		1	16Gn	2026-10-02T23:31:42	2026-10-02T23:40:03	mjolnircomp16fl	523151360
45824525	kegg	cmag_529	74e05862-a704-4e35-b0df-b1fe07bc87d6	COMPLETED	1371	1371	38:10.063		1	16Gn	2026-10-02T23:32:12	2026-10-02T23:55:03	mjolnircomp14fl	926964736
45824526	ncbifam	cmag_483	74e05862-a704-4e35-b0df-b1fe07bc87d6	COMPLETED	906	906	25:42.641		1	16Gn	2026-10-02T23:38:44	2026-10-02T23:53:50	mjolnircomp08fl	369187840
45824527	ncbifam	cmag_229	74e05862-a704-4e35-b0df-b1fe07bc87d6	COMPLETED	868	868	24:50.639		1	16Gn	2026-10-02T23:38:44	2026-10-02T23:53:12	mjolnircomp08fl	447912960
45824528	merge_gene_annotations	cmag_407	74e05862-a704-4e35-b0df-b1fe07bc87d6	COMPLETED	20	20	00:14.831		1	8Gn	2026-10-02T23:32:42	2026-10-02T23:33:02	mjolnircomp14fl	814080
45824529	cazy	cmag_604	74e05862-a704-4e35-b0df-b1fe07bc87d6	COMPLETED	27	27	00:21.901		1	8Gn	2026-10-02T23:32:42	2026-10-02T23:33:09	mjolnircomp13fl	809984
45824530	merge_gene_annotations	cmag_378	74e05862-a704-4e35-b0df-b1fe07bc87d6	COMPLETED	29	29	00:22.101		1	8Gn	2026-10-02T23:32:12	2026-10-02T23:32:41	mjolnircomp06fl	814080
45824536	prodigal	cmag_285	74e05862-a704-4e35-b0df-b1fe07bc87d6	COMPLETED	18	18	00:05.665		1	2839Mn	2026-10-02T23:32:42	2026-10-02T23:33:00	mjolnircomp17fl	1150976
45824537	cazy	cmag_229	74e05862-a704-4e35-b0df-b1fe07bc87d6	COMPLETED	33	33	00:27.856		1	8Gn	2026-10-02T23:33:13	2026-10-02T23:33:46	mjolnircomp06fl	77337600
45824538	cazy	cmag_075	74e05862-a704-4e35-b0df-b1fe07bc87d6	COMPLETED	34	34	00:28.581		1	8Gn	2026-10-02T23:34:13	2026-10-02T23:34:47	mjolnircomp06fl	77329408
45824539	tigrfam	cmag_018	74e05862-a704-4e35-b0df-b1fe07bc87d6	COMPLETED	123	123	03:11.209		1	16Gn	2026-10-02T23:32:42	2026-10-02T23:34:45	mjolnircomp08fl	338192384
45824546	tigrfam	cmag_223	74e05862-a704-4e35-b0df-b1fe07bc87d6	COMPLETED	157	157	04:12.863		1	16Gn	2026-10-02T23:33:13	2026-10-02T23:35:50	mjolnircomp07fl	367026176
45824547	tigrfam	cmag_766	74e05862-a704-4e35-b0df-b1fe07bc87d6	COMPLETED	208	208	05:22.212		1	16Gn	2026-10-02T23:33:13	2026-10-02T23:36:41	mjolnircomp14fl	391759872
45824548	kegg	cmag_138	74e05862-a704-4e35-b0df-b1fe07bc87d6	COMPLETED	1710	1710	50:03.146		1	8Gn	2026-10-02T23:31:12	2026-10-02T23:59:42	mjolnircomp11fl	775813120
45824554	ncbifam	cmag_444	74e05862-a704-4e35-b0df-b1fe07bc87d6	COMPLETED	526	526	15:11.839		1	16Gn	2026-10-02T23:32:42	2026-10-02T23:41:28	mjolnirgpu01fl	444713984
45824555	kegg	cmag_007	74e05862-a704-4e35-b0df-b1fe07bc87d6	TIMEOUT	3495	3495	00:01.577		1	8Gn	2026-10-02T23:32:12	2026-10-03T00:30:27	mjolnircomp06fl	782091264
45824556	cazy	cmag_093	74e05862-a704-4e35-b0df-b1fe07bc87d6	COMPLETED	20	20	00:14.433		1	8Gn	2026-10-02T23:35:43	2026-10-02T23:36:03	mjolnircomp11fl	799744
45824557	ncbifam	cmag_094	74e05862-a704-4e35-b0df-b1fe07bc87d6	COMPLETED	1259	1259	34:45.837		1	16Gn	2026-10-02T23:44:15	2026-10-03T00:05:14	mjolnirgpu02fl	429195264
45824583	merge_gene_annotations	cmag_749	74e05862-a704-4e35-b0df-b1fe07bc87d6	COMPLETED	19	19	00:13.753		1	8Gn	2026-10-02T23:34:43	2026-10-02T23:35:02	mjolnircomp14fl	817152
45824584	pfam	cmag_093	74e05862-a704-4e35-b0df-b1fe07bc87d6	COMPLETED	728	728	20:22.708		1	8Gn	2026-10-02T23:33:13	2026-10-02T23:45:21	mjolnircomp13fl	291672064
45824585	cazy	cmag_285	74e05862-a704-4e35-b0df-b1fe07bc87d6	COMPLETED	29	29	00:24.421		1	8Gn	2026-10-02T23:36:44	2026-10-02T23:37:13	mjolnircomp05fl	821248
45824586	pfam	cmag_043	74e05862-a704-4e35-b0df-b1fe07bc87d6	COMPLETED	727	727	20:26.882		1	8Gn	2026-10-02T23:33:13	2026-10-02T23:45:20	mjolnircomp10fl	228742144
45824587	pfam	cmag_389	74e05862-a704-4e35-b0df-b1fe07bc87d6	COMPLETED	664	664	17:35.165		1	8Gn	2026-10-02T23:34:43	2026-10-02T23:45:47	mjolnircomp17fl	225144832
45824588	ncbifam	cmag_807	74e05862-a704-4e35-b0df-b1fe07bc87d6	COMPLETED	297	297	08:12.851		1	16Gn	2026-10-02T23:34:43	2026-10-02T23:39:40	mjolnircomp14fl	341799936
45824589	merge_gene_annotations	cmag_233	74e05862-a704-4e35-b0df-b1fe07bc87d6	COMPLETED	30	30	00:26.778		1	8Gn	2026-10-02T23:33:13	2026-10-02T23:33:43	mjolnircomp06fl	77211648
45824594	ncbifam	cmag_685	74e05862-a704-4e35-b0df-b1fe07bc87d6	COMPLETED	1489	1489	40:39.263		1	16Gn	2026-10-02T23:45:16	2026-10-03T00:10:05	mjolnircomp11fl	388263936
45824595	prodigal	cmag_678	74e05862-a704-4e35-b0df-b1fe07bc87d6	COMPLETED	11	11	00:08.778		1	2351Mn	2026-10-02T23:34:13	2026-10-02T23:34:24	mjolnircomp06fl	804864
45824596	cazy	cmag_119	74e05862-a704-4e35-b0df-b1fe07bc87d6	COMPLETED	15	15	00:10.895		1	8Gn	2026-10-02T23:36:44	2026-10-02T23:36:59	mjolnircomp07fl	813056
45824597	kegg	cmag_559	74e05862-a704-4e35-b0df-b1fe07bc87d6	COMPLETED	3771	3771	01:41:10		1	8Gn	2026-10-02T23:34:13	2026-10-03T00:37:04	mjolnircomp06fl	924739584
45824601	ncbifam	cmag_415	74e05862-a704-4e35-b0df-b1fe07bc87d6	COMPLETED	981	981	28:07.626		1	16Gn	2026-10-02T23:45:46	2026-10-03T00:02:07	mjolnirgpu01fl	457419776
45824602	tigrfam	cmag_028	74e05862-a704-4e35-b0df-b1fe07bc87d6	COMPLETED	187	187	04:56.477		1	16Gn	2026-10-02T23:46:16	2026-10-02T23:49:23	mjolnircomp01fl	413687808
45824603	pfam	cmag_376	74e05862-a704-4e35-b0df-b1fe07bc87d6	COMPLETED	575	575	15:59.817		1	8Gn	2026-10-02T23:34:43	2026-10-02T23:44:18	mjolnircomp13fl	266769408
45824610	merge_gene_annotations	cmag_222	74e05862-a704-4e35-b0df-b1fe07bc87d6	COMPLETED	18	18	00:11.138		1	8Gn	2026-10-02T23:35:13	2026-10-02T23:35:31	mjolnircomp08fl	846848
45824611	tigrfam	cmag_705	74e05862-a704-4e35-b0df-b1fe07bc87d6	COMPLETED	197	197	05:17.081		1	16Gn	2026-10-02T23:36:44	2026-10-02T23:40:01	mjolnircomp08fl	358644736
45824612	pfam	cmag_772	74e05862-a704-4e35-b0df-b1fe07bc87d6	COMPLETED	802	802	20:36.008		1	8Gn	2026-10-02T23:35:13	2026-10-02T23:48:35	mjolnircomp14fl	221684736
45824613	kegg	cmag_753	74e05862-a704-4e35-b0df-b1fe07bc87d6	COMPLETED	935	935	27:10.485		1	8Gn	2026-10-02T23:35:13	2026-10-02T23:50:48	mjolnircomp13fl	1012882432
45824614	merge_gene_annotations	cmag_371	74e05862-a704-4e35-b0df-b1fe07bc87d6	COMPLETED	33	33	00:28.564		1	8Gn	2026-10-02T23:35:13	2026-10-02T23:35:46	mjolnircomp05fl	77768704
45824615	pfam	cmag_682	74e05862-a704-4e35-b0df-b1fe07bc87d6	COMPLETED	597	597	16:34.638		1	8Gn	2026-10-02T23:35:13	2026-10-02T23:45:10	mjolnircomp13fl	206496768
45824639	pfam	cmag_678	74e05862-a704-4e35-b0df-b1fe07bc87d6	COMPLETED	770	770	20:30.100		1	8Gn	2026-10-02T23:37:14	2026-10-02T23:50:04	mjolnircomp14fl	283350016
45824640	tigrfam	cmag_472	74e05862-a704-4e35-b0df-b1fe07bc87d6	COMPLETED	244	244	06:35.409		1	16Gn	2026-10-02T23:46:16	2026-10-02T23:50:20	mjolnircomp01fl	435191808
45824641	tigrfam	cmag_086	74e05862-a704-4e35-b0df-b1fe07bc87d6	COMPLETED	163	163	04:18.214		1	16Gn	2026-10-02T23:37:14	2026-10-02T23:39:57	mjolnircomp15fl	309302272
45824642	merge_gene_annotations	cmag_009	74e05862-a704-4e35-b0df-b1fe07bc87d6	COMPLETED	22	22	00:14.723		1	8Gn	2026-10-02T23:38:44	2026-10-02T23:39:06	mjolnircomp08fl	842752
45824643	merge_gene_annotations	cmag_018	74e05862-a704-4e35-b0df-b1fe07bc87d6	COMPLETED	22	22	00:17.091		1	8Gn	2026-10-02T23:37:14	2026-10-02T23:37:36	mjolnirgpu01fl	870400
45824658	ncbifam	cmag_119	74e05862-a704-4e35-b0df-b1fe07bc87d6	COMPLETED	720	720	18:48.789		1	16Gn	2026-10-02T23:38:44	2026-10-02T23:50:44	mjolnircomp08fl	324318208
45824659	pfam	cmag_573	74e05862-a704-4e35-b0df-b1fe07bc87d6	COMPLETED	1131	1131	30:32.331		1	8Gn	2026-10-02T23:37:44	2026-10-02T23:56:35	mjolnircomp07fl	268077056
45824660	tigrfam	cmag_302	74e05862-a704-4e35-b0df-b1fe07bc87d6	COMPLETED	236	236	05:45.980		1	16Gn	2026-10-02T23:38:44	2026-10-02T23:42:40	mjolnircomp06fl	322302976
45824661	merge_gene_annotations	cmag_737	74e05862-a704-4e35-b0df-b1fe07bc87d6	COMPLETED	23	23	00:18.347		1	8Gn	2026-10-02T23:44:15	2026-10-02T23:44:38	mjolnircomp04fl	832512
45824665	merge_gene_annotations	cmag_092	74e05862-a704-4e35-b0df-b1fe07bc87d6	COMPLETED	20	20	00:11.823		1	8Gn	2026-10-02T23:38:44	2026-10-02T23:39:04	mjolnircomp08fl	840704
45824666	ncbifam	cmag_365	74e05862-a704-4e35-b0df-b1fe07bc87d6	COMPLETED	500	500	14:02.527		1	16Gn	2026-10-02T23:39:14	2026-10-02T23:47:34	mjolnircomp08fl	357432320
45824667	cazy	cmag_666	74e05862-a704-4e35-b0df-b1fe07bc87d6	COMPLETED	16	16	00:11.360		1	8Gn	2026-10-02T23:39:14	2026-10-02T23:39:30	mjolnircomp13fl	808960
45824668	merge_gene_annotations	cmag_527	74e05862-a704-4e35-b0df-b1fe07bc87d6	COMPLETED	22	22	00:16.415		1	8Gn	2026-10-02T23:39:14	2026-10-02T23:39:36	mjolnirgpu01fl	856064
45824669	merge_gene_annotations	cmag_307	74e05862-a704-4e35-b0df-b1fe07bc87d6	COMPLETED	16	16	00:10.564		1	8Gn	2026-10-02T23:39:14	2026-10-02T23:39:30	mjolnircomp08fl	826368
45824670	tigrfam	cmag_775	74e05862-a704-4e35-b0df-b1fe07bc87d6	COMPLETED	154	154	04:01.666		1	16Gn	2026-10-02T23:39:14	2026-10-02T23:41:48	mjolnircomp04fl	395888640
45824687	merge_gene_annotations	cmag_581	74e05862-a704-4e35-b0df-b1fe07bc87d6	COMPLETED	29	29	00:23.837		1	8Gn	2026-10-02T23:39:14	2026-10-02T23:39:43	mjolnircomp05fl	823296
45824688	tigrfam	cmag_365	74e05862-a704-4e35-b0df-b1fe07bc87d6	COMPLETED	248	248	06:09.698		1	16Gn	2026-10-02T23:39:44	2026-10-02T23:43:52	mjolnircomp05fl	403864576
45824689	cazy	cmag_124	74e05862-a704-4e35-b0df-b1fe07bc87d6	COMPLETED	14	14	00:09.458		1	8Gn	2026-10-02T23:39:44	2026-10-02T23:39:58	mjolnircomp13fl	804864
45824690	prodigal	cmag_687	74e05862-a704-4e35-b0df-b1fe07bc87d6	COMPLETED	5	5	00:02.520		1	1322Mn	2026-10-02T23:38:44	2026-10-02T23:38:49	mjolnircomp01fl	870400
45824691	merge_gene_annotations	cmag_323	74e05862-a704-4e35-b0df-b1fe07bc87d6	COMPLETED	28	28	00:22.388		1	8Gn	2026-10-02T23:39:14	2026-10-02T23:39:42	mjolnircomp05fl	818176
45824692	ncbifam	cmag_099	74e05862-a704-4e35-b0df-b1fe07bc87d6	COMPLETED	1482	1482	41:16.450		1	16Gn	2026-10-02T23:39:44	2026-10-03T00:04:26	mjolnircomp05fl	448896000
45824693	pfam	cmag_614	74e05862-a704-4e35-b0df-b1fe07bc87d6	COMPLETED	638	638	16:52.049		1	8Gn	2026-10-02T23:38:44	2026-10-02T23:49:22	mjolnircomp14fl	190234624
45824694	cazy	cmag_386	74e05862-a704-4e35-b0df-b1fe07bc87d6	COMPLETED	15	15	00:11.084		1	8Gn	2026-10-02T23:39:44	2026-10-02T23:39:59	mjolnircomp13fl	806912
45824708	cazy	cmag_633	74e05862-a704-4e35-b0df-b1fe07bc87d6	COMPLETED	15	15	00:10.749		1	8Gn	2026-10-02T23:39:44	2026-10-02T23:39:59	mjolnircomp14fl	801792
45824709	kegg	cmag_494	74e05862-a704-4e35-b0df-b1fe07bc87d6	COMPLETED	3622	3622	01:42:37		1	8Gn	2026-10-02T23:39:44	2026-10-03T00:40:06	mjolnircomp05fl	1226869760
45824710	tigrfam	cmag_064	74e05862-a704-4e35-b0df-b1fe07bc87d6	COMPLETED	223	223	06:00.286		1	16Gn	2026-10-02T23:46:46	2026-10-02T23:50:29	mjolnircomp15fl	387397632
45824711	merge_gene_annotations	cmag_624	74e05862-a704-4e35-b0df-b1fe07bc87d6	COMPLETED	22	22	00:16.675		1	8Gn	2026-10-02T23:39:44	2026-10-02T23:40:06	mjolnirgpu02fl	842752
45824712	ncbifam	cmag_715	74e05862-a704-4e35-b0df-b1fe07bc87d6	COMPLETED	1253	1253	34:31.836		1	16Gn	2026-10-02T23:46:46	2026-10-03T00:07:39	mjolnircomp11fl	372552704
45824718	ncbifam	cmag_821	74e05862-a704-4e35-b0df-b1fe07bc87d6	COMPLETED	426	426	11:48.132		1	16Gn	2026-10-02T23:40:14	2026-10-02T23:47:20	mjolnircomp10fl	354180096
45824719	tigrfam	cmag_529	74e05862-a704-4e35-b0df-b1fe07bc87d6	COMPLETED	136	136	03:10.151		1	16Gn	2026-10-02T23:40:14	2026-10-02T23:42:30	mjolnircomp16fl	390472704
45824720	cazy	cmag_502	74e05862-a704-4e35-b0df-b1fe07bc87d6	COMPLETED	24	24	00:17.508		1	8Gn	2026-10-02T23:39:14	2026-10-02T23:39:38	mjolnircomp11fl	815104
45824721	merge_gene_annotations	cmag_052	74e05862-a704-4e35-b0df-b1fe07bc87d6	COMPLETED	14	14	00:09.921		1	8Gn	2026-10-02T23:42:15	2026-10-02T23:42:29	mjolnircomp04fl	858112
45824722	kegg	cmag_344	74e05862-a704-4e35-b0df-b1fe07bc87d6	COMPLETED	2216	2216	01:05:03		1	8Gn	2026-10-02T23:39:44	2026-10-03T00:16:40	mjolnircomp08fl	1225671680
45824730	ncbifam	cmag_412	74e05862-a704-4e35-b0df-b1fe07bc87d6	COMPLETED	910	910	25:14.576		1	16Gn	2026-10-02T23:46:46	2026-10-03T00:01:56	mjolnircomp11fl	450287616
45824731	merge_gene_annotations	cmag_189	74e05862-a704-4e35-b0df-b1fe07bc87d6	COMPLETED	16	16	00:09.935		1	8Gn	2026-10-02T23:40:14	2026-10-02T23:40:30	mjolnircomp15fl	874496
45824732	tigrfam	cmag_687	74e05862-a704-4e35-b0df-b1fe07bc87d6	COMPLETED	95	95	02:25.622		1	16Gn	2026-10-02T23:40:44	2026-10-02T23:42:19	mjolnircomp15fl	298303488
45824733	pfam	cmag_572	74e05862-a704-4e35-b0df-b1fe07bc87d6	COMPLETED	1091	1091	26:51.754		1	8Gn	2026-10-02T23:40:44	2026-10-02T23:58:55	mjolnircomp17fl	173136896
45824734	merge_gene_annotations	cmag_651	74e05862-a704-4e35-b0df-b1fe07bc87d6	COMPLETED	31	31	00:25.616		1	8Gn	2026-10-02T23:40:14	2026-10-02T23:40:45	mjolnircomp05fl	812032
45824735	merge_gene_annotations	cmag_148	74e05862-a704-4e35-b0df-b1fe07bc87d6	COMPLETED	19	19	00:13.901		1	8Gn	2026-10-02T23:40:44	2026-10-02T23:41:03	mjolnircomp04fl	860160
45824736	ncbifam	cmag_687	74e05862-a704-4e35-b0df-b1fe07bc87d6	COMPLETED	771	771	20:42.001		1	16Gn	2026-10-02T23:40:44	2026-10-02T23:53:35	mjolnircomp05fl	321396736
45824737	tigrfam	cmag_079	74e05862-a704-4e35-b0df-b1fe07bc87d6	COMPLETED	216	216	05:22.777		1	16Gn	2026-10-02T23:41:15	2026-10-02T23:44:51	mjolnircomp08fl	315148288
45824738	pfam	cmag_065	74e05862-a704-4e35-b0df-b1fe07bc87d6	COMPLETED	1166	1166	31:27.441		1	8Gn	2026-10-02T23:44:45	2026-10-03T00:04:11	mjolnircomp02fl	231804928
45824750	merge_gene_annotations	cmag_418	74e05862-a704-4e35-b0df-b1fe07bc87d6	COMPLETED	22	22	00:17.590		1	8Gn	2026-10-02T23:45:46	2026-10-02T23:46:08	mjolnircomp04fl	861184
45824751	merge_gene_annotations	cmag_386	74e05862-a704-4e35-b0df-b1fe07bc87d6	COMPLETED	19	19	00:13.807		1	8Gn	2026-10-02T23:41:15	2026-10-02T23:41:34	mjolnircomp04fl	849920
45824752	ncbifam	cmag_301	74e05862-a704-4e35-b0df-b1fe07bc87d6	COMPLETED	299	299	08:38.855		1	16Gn	2026-10-02T23:45:46	2026-10-02T23:50:45	mjolnircomp13fl	393333760
45824753	prodigal	cmag_207	74e05862-a704-4e35-b0df-b1fe07bc87d6	COMPLETED	7	7	00:04.908		1	3308Mn	2026-10-02T23:40:45	2026-10-02T23:40:52	mjolnircomp14fl	797696
45824754	merge_gene_annotations	cmag_201	74e05862-a704-4e35-b0df-b1fe07bc87d6	COMPLETED	28	28	00:23.397		1	8Gn	2026-10-02T23:41:15	2026-10-02T23:41:43	mjolnircomp05fl	819200
45824755	merge_gene_annotations	cmag_174	74e05862-a704-4e35-b0df-b1fe07bc87d6	COMPLETED	16	16	00:11.218		1	8Gn	2026-10-02T23:41:45	2026-10-02T23:42:01	mjolnircomp02fl	866304
45824756	merge_gene_annotations	cmag_802	74e05862-a704-4e35-b0df-b1fe07bc87d6	COMPLETED	22	22	00:16.541		1	8Gn	2026-10-02T23:44:45	2026-10-02T23:45:07	mjolnircomp04fl	850944
45824757	tigrfam	cmag_769	74e05862-a704-4e35-b0df-b1fe07bc87d6	COMPLETED	239	239	06:16.925		1	16Gn	2026-10-02T23:42:15	2026-10-02T23:46:14	mjolnircomp02fl	337906688
45824758	cazy	cmag_079	74e05862-a704-4e35-b0df-b1fe07bc87d6	COMPLETED	17	17	00:12.559		1	8Gn	2026-10-02T23:40:45	2026-10-02T23:41:02	mjolnircomp14fl	813056
45824771	merge_gene_annotations	cmag_390	74e05862-a704-4e35-b0df-b1fe07bc87d6	COMPLETED	17	17	00:12.799		1	8Gn	2026-10-02T23:41:45	2026-10-02T23:42:02	mjolnircomp04fl	849920
45824772	cazy	cmag_339	74e05862-a704-4e35-b0df-b1fe07bc87d6	COMPLETED	26	26	00:16.277		1	8Gn	2026-10-02T23:41:45	2026-10-02T23:42:11	mjolnircomp11fl	808960
45824773	pfam	cmag_173	74e05862-a704-4e35-b0df-b1fe07bc87d6	COMPLETED	901	901	23:42.337		1	8Gn	2026-10-02T23:46:16	2026-10-03T00:01:17	mjolnircomp02fl	197424128
45824774	cazy	cmag_772	74e05862-a704-4e35-b0df-b1fe07bc87d6	COMPLETED	26	26	00:19.333		1	8Gn	2026-10-02T23:41:45	2026-10-02T23:42:11	mjolnirgpu03fl	828416
45824775	ncbifam	cmag_470	74e05862-a704-4e35-b0df-b1fe07bc87d6	COMPLETED	1603	1603	43:11.389		1	16Gn	2026-10-02T23:42:45	2026-10-03T00:09:28	mjolnircomp05fl	376901632
45824788	merge_gene_annotations	cmag_368	74e05862-a704-4e35-b0df-b1fe07bc87d6	COMPLETED	27	27	00:21.091		1	8Gn	2026-10-02T23:43:45	2026-10-02T23:44:12	mjolnirgpu01fl	845824
45824790	ncbifam	cmag_441	74e05862-a704-4e35-b0df-b1fe07bc87d6	COMPLETED	889	889	23:42.245		1	16Gn	2026-10-02T23:46:46	2026-10-03T00:01:35	mjolnircomp16fl	391273472
45824791	prodigal	cmag_490	74e05862-a704-4e35-b0df-b1fe07bc87d6	COMPLETED	12	12	00:09.896		1	3235Mn	2026-10-02T23:42:15	2026-10-02T23:42:27	mjolnircomp05fl	815104
45824792	prodigal	cmag_733	74e05862-a704-4e35-b0df-b1fe07bc87d6	COMPLETED	13	13	00:10.655		1	2795Mn	2026-10-02T23:42:15	2026-10-02T23:42:28	mjolnirgpu03fl	829440
45824797	pfam	cmag_270	74e05862-a704-4e35-b0df-b1fe07bc87d6	COMPLETED	592	592	16:07.668		1	8Gn	2026-10-02T23:42:15	2026-10-02T23:52:07	mjolnircomp11fl	243671040
45824800	pfam	cmag_282	74e05862-a704-4e35-b0df-b1fe07bc87d6	COMPLETED	490	490	13:36.851		1	8Gn	2026-10-02T23:42:15	2026-10-02T23:50:25	mjolnircomp13fl	229919744
45824819	ncbifam	cmag_219	74e05862-a704-4e35-b0df-b1fe07bc87d6	COMPLETED	1252	1252	35:30.213		1	16Gn	2026-10-02T23:48:17	2026-10-03T00:09:09	mjolnircomp03fl	399778816
45824820	tigrfam	cmag_561	74e05862-a704-4e35-b0df-b1fe07bc87d6	COMPLETED	113	113	02:48.041		1	16Gn	2026-10-02T23:44:15	2026-10-02T23:46:08	mjolnircomp08fl	352185344
45824821	merge_gene_annotations	cmag_212	74e05862-a704-4e35-b0df-b1fe07bc87d6	COMPLETED	24	24	00:13.849		1	8Gn	2026-10-02T23:45:16	2026-10-02T23:45:40	mjolnircomp08fl	815104
45824822	tigrfam	cmag_733	74e05862-a704-4e35-b0df-b1fe07bc87d6	COMPLETED	162	162	04:14.080		1	16Gn	2026-10-02T23:45:46	2026-10-02T23:48:28	mjolnircomp08fl	331813888
45824823	ncbifam	cmag_452	74e05862-a704-4e35-b0df-b1fe07bc87d6	COMPLETED	870	870	25:23.610		1	16Gn	2026-10-02T23:48:17	2026-10-03T00:02:47	mjolnircomp04fl	375284736
45824824	pfam	cmag_710	74e05862-a704-4e35-b0df-b1fe07bc87d6	COMPLETED	895	895	24:30.675		1	8Gn	2026-10-02T23:49:47	2026-10-03T00:04:42	mjolnircomp13fl	211209216
45824825	ncbifam	cmag_705	74e05862-a704-4e35-b0df-b1fe07bc87d6	COMPLETED	945	945	25:30.726		1	16Gn	2026-10-02T23:48:17	2026-10-03T00:04:02	mjolnirgpu03fl	425581568
45824826	merge_gene_annotations	cmag_317	74e05862-a704-4e35-b0df-b1fe07bc87d6	COMPLETED	15	15	00:09.758		1	8Gn	2026-10-02T23:50:17	2026-10-02T23:50:32	mjolnircomp13fl	798720
45824827	ncbifam	cmag_733	74e05862-a704-4e35-b0df-b1fe07bc87d6	COMPLETED	1258	1258	34:09.753		1	16Gn	2026-10-02T23:46:16	2026-10-03T00:07:14	mjolnircomp05fl	388157440
45824828	merge_gene_annotations	cmag_556	74e05862-a704-4e35-b0df-b1fe07bc87d6	COMPLETED	16	16	00:11.888		1	8Gn	2026-10-02T23:42:45	2026-10-02T23:43:01	mjolnircomp04fl	863232
45824829	merge_gene_annotations	cmag_250	74e05862-a704-4e35-b0df-b1fe07bc87d6	COMPLETED	25	25	00:14.989		1	8Gn	2026-10-02T23:45:16	2026-10-02T23:45:41	mjolnircomp08fl	823296
45824830	kegg	cmag_613	74e05862-a704-4e35-b0df-b1fe07bc87d6	COMPLETED	942	942	26:26.314		1	8Gn	2026-10-02T23:46:16	2026-10-03T00:01:58	mjolnircomp17fl	967659520
45824831	merge_gene_annotations	cmag_564	74e05862-a704-4e35-b0df-b1fe07bc87d6	COMPLETED	22	22	00:14.754		1	8Gn	2026-10-02T23:46:16	2026-10-02T23:46:38	mjolnircomp12fl	843776
45824832	prodigal	cmag_669	74e05862-a704-4e35-b0df-b1fe07bc87d6	COMPLETED	10	10	00:04.784		1	3364Mn	2026-10-02T23:42:45	2026-10-02T23:42:55	mjolnircomp11fl	813056
45824847	kegg	cmag_020	74e05862-a704-4e35-b0df-b1fe07bc87d6	COMPLETED	1672	1672	50:02.911		1	8Gn	2026-10-02T23:43:45	2026-10-03T00:11:37	mjolnircomp13fl	757353472
45824848	tigrfam	cmag_227	74e05862-a704-4e35-b0df-b1fe07bc87d6	COMPLETED	293	293	07:10.921		1	16Gn	2026-10-02T23:48:17	2026-10-02T23:53:10	mjolnirgpu03fl	338323456
45824849	pfam	cmag_069	74e05862-a704-4e35-b0df-b1fe07bc87d6	COMPLETED	435	435	11:44.322		1	8Gn	2026-10-02T23:43:15	2026-10-02T23:50:30	mjolnircomp10fl	220252160
45824850	tigrfam	cmag_580	74e05862-a704-4e35-b0df-b1fe07bc87d6	COMPLETED	74	74	01:53.875		1	16Gn	2026-10-02T23:44:15	2026-10-02T23:45:29	mjolnircomp13fl	442199040
45824851	kegg	cmag_764	74e05862-a704-4e35-b0df-b1fe07bc87d6	COMPLETED	2150	2150	59:39.850		1	16Gn	2026-10-02T23:46:16	2026-10-03T00:22:06	mjolnircomp08fl	1021381632
45824861	merge_gene_annotations	cmag_427	74e05862-a704-4e35-b0df-b1fe07bc87d6	COMPLETED	23	23	00:17.612		1	8Gn	2026-10-02T23:47:16	2026-10-02T23:47:39	mjolnircomp04fl	858112
45824862	cazy	cmag_658	74e05862-a704-4e35-b0df-b1fe07bc87d6	COMPLETED	19	19	00:14.046		1	8Gn	2026-10-02T23:44:15	2026-10-02T23:44:34	mjolnirgpu03fl	830464
45824863	cazy	cmag_421	74e05862-a704-4e35-b0df-b1fe07bc87d6	COMPLETED	19	19	00:13.798		1	8Gn	2026-10-02T23:45:16	2026-10-02T23:45:35	mjolnircomp10fl	828416
45824874	prodigal	cmag_698	74e05862-a704-4e35-b0df-b1fe07bc87d6	COMPLETED	8	8	00:04.996		1	4097Mn	2026-10-02T23:44:45	2026-10-02T23:44:53	mjolnircomp13fl	809984
45824875	cazy	cmag_206	74e05862-a704-4e35-b0df-b1fe07bc87d6	COMPLETED	19	19	00:12.242		1	8Gn	2026-10-02T23:45:16	2026-10-02T23:45:35	mjolnircomp14fl	807936
45824876	ncbifam	cmag_472	74e05862-a704-4e35-b0df-b1fe07bc87d6	COMPLETED	1164	1164	31:21.274		1	16Gn	2026-10-02T23:48:47	2026-10-03T00:08:11	mjolnircomp14fl	370225152
45824889	merge_gene_annotations	cmag_041	74e05862-a704-4e35-b0df-b1fe07bc87d6	COMPLETED	17	17	00:12.291		1	8Gn	2026-10-02T23:46:46	2026-10-02T23:47:03	mjolnircomp04fl	858112
45824890	cazy	cmag_376	74e05862-a704-4e35-b0df-b1fe07bc87d6	COMPLETED	18	18	00:10.763		1	8Gn	2026-10-02T23:46:16	2026-10-02T23:46:34	mjolnircomp13fl	807936
45824891	prodigal	cmag_575	74e05862-a704-4e35-b0df-b1fe07bc87d6	COMPLETED	6	6	00:02.342		1	1162Mn	2026-10-02T23:45:16	2026-10-02T23:45:22	mjolnircomp16fl	838656
45824892	merge_gene_annotations	cmag_693	74e05862-a704-4e35-b0df-b1fe07bc87d6	COMPLETED	24	24	00:18.146		1	8Gn	2026-10-02T23:47:16	2026-10-02T23:47:40	mjolnirgpu01fl	841728
45824893	merge_gene_annotations	cmag_788	74e05862-a704-4e35-b0df-b1fe07bc87d6	COMPLETED	22	22	00:14.684		1	8Gn	2026-10-02T23:47:46	2026-10-02T23:48:08	mjolnircomp08fl	817152
45824894	merge_gene_annotations	cmag_002	74e05862-a704-4e35-b0df-b1fe07bc87d6	COMPLETED	22	22	00:13.241		1	8Gn	2026-10-02T23:47:46	2026-10-02T23:48:08	mjolnircomp08fl	806912
45824895	ncbifam	cmag_669	74e05862-a704-4e35-b0df-b1fe07bc87d6	COMPLETED	831	831	23:54.618		1	16Gn	2026-10-02T23:48:47	2026-10-03T00:02:38	mjolnircomp08fl	391764992
45824896	cazy	cmag_680	74e05862-a704-4e35-b0df-b1fe07bc87d6	COMPLETED	16	16	00:11.429		1	8Gn	2026-10-02T23:46:46	2026-10-02T23:47:02	mjolnircomp10fl	843776
45824900	pfam	cmag_305	74e05862-a704-4e35-b0df-b1fe07bc87d6	COMPLETED	343	343	09:38.740		1	8Gn	2026-10-02T23:46:16	2026-10-02T23:51:59	mjolnircomp10fl	212258816
45824901	cazy	cmag_747	74e05862-a704-4e35-b0df-b1fe07bc87d6	COMPLETED	13	13	00:08.442		1	8Gn	2026-10-02T23:46:46	2026-10-02T23:46:59	mjolnircomp10fl	841728
45824902	cazy	cmag_468	74e05862-a704-4e35-b0df-b1fe07bc87d6	COMPLETED	15	15	00:10.496		1	8Gn	2026-10-02T23:46:46	2026-10-02T23:47:01	mjolnircomp10fl	840704
45824903	tigrfam	cmag_669	74e05862-a704-4e35-b0df-b1fe07bc87d6	COMPLETED	282	282	06:53.458		1	16Gn	2026-10-02T23:48:47	2026-10-02T23:53:29	mjolnirgpu03fl	384138240
45824904	ncbifam	cmag_302	74e05862-a704-4e35-b0df-b1fe07bc87d6	COMPLETED	1056	1056	26:50.604		1	16Gn	2026-10-02T23:47:47	2026-10-03T00:05:23	mjolnircomp06fl	362494976
45824905	cazy	cmag_575	74e05862-a704-4e35-b0df-b1fe07bc87d6	COMPLETED	14	14	00:08.858		1	8Gn	2026-10-02T23:46:46	2026-10-02T23:47:00	mjolnircomp13fl	807936
45824906	ncbifam	cmag_595	74e05862-a704-4e35-b0df-b1fe07bc87d6	COMPLETED	909	909	24:11.405		1	16Gn	2026-10-02T23:47:47	2026-10-03T00:02:56	mjolnircomp06fl	383666176
45824907	ncbifam	cmag_575	74e05862-a704-4e35-b0df-b1fe07bc87d6	COMPLETED	343	343	09:36.853		1	16Gn	2026-10-02T23:48:17	2026-10-02T23:54:00	mjolnircomp08fl	305506304
45824908	pfam	cmag_575	74e05862-a704-4e35-b0df-b1fe07bc87d6	COMPLETED	335	335	09:14.449		1	8Gn	2026-10-02T23:47:16	2026-10-02T23:52:51	mjolnircomp10fl	163927040
45824909	kegg	cmag_575	74e05862-a704-4e35-b0df-b1fe07bc87d6	COMPLETED	676	676	20:02.208		1	8Gn	2026-10-02T23:51:18	2026-10-03T00:02:34	mjolnircomp13fl	744159232
45824910	tigrfam	cmag_376	74e05862-a704-4e35-b0df-b1fe07bc87d6	COMPLETED	130	130	03:12.646		1	16Gn	2026-10-02T23:49:17	2026-10-02T23:51:27	mjolnircomp11fl	409360384
45824926	kegg	cmag_197	74e05862-a704-4e35-b0df-b1fe07bc87d6	COMPLETED	1665	1665	49:41.771		1	8Gn	2026-10-02T23:47:47	2026-10-03T00:15:32	mjolnircomp13fl	1029232640
45824928	tigrfam	cmag_664	74e05862-a704-4e35-b0df-b1fe07bc87d6	COMPLETED	182	182	04:33.540		1	16Gn	2026-10-02T23:49:17	2026-10-02T23:52:19	mjolnircomp08fl	370072576
45824929	tigrfam	cmag_030	74e05862-a704-4e35-b0df-b1fe07bc87d6	COMPLETED	208	208	05:08.372		1	16Gn	2026-10-02T23:49:17	2026-10-02T23:52:45	mjolnircomp08fl	374070272
45824930	cazy	cmag_221	74e05862-a704-4e35-b0df-b1fe07bc87d6	COMPLETED	23	23	00:18.571		1	8Gn	2026-10-02T23:47:47	2026-10-02T23:48:10	mjolnircomp10fl	839680
45824931	tigrfam	cmag_047	74e05862-a704-4e35-b0df-b1fe07bc87d6	COMPLETED	173	173	04:06.016		1	16Gn	2026-10-02T23:49:47	2026-10-02T23:52:40	mjolnirgpu03fl	381503488
45824941	pfam	cmag_753	74e05862-a704-4e35-b0df-b1fe07bc87d6	COMPLETED	692	692	18:03.730		1	8Gn	2026-10-02T23:50:17	2026-10-03T00:01:49	mjolnircomp17fl	220116992
45824942	pfam	cmag_207	74e05862-a704-4e35-b0df-b1fe07bc87d6	COMPLETED	1250	1250	33:08.401		1	8Gn	2026-10-02T23:51:48	2026-10-03T00:12:38	mjolnircomp17fl	271026176
45824943	ncbifam	cmag_047	74e05862-a704-4e35-b0df-b1fe07bc87d6	COMPLETED	597	597	16:00.778		1	16Gn	2026-10-02T23:49:47	2026-10-02T23:59:44	mjolnirgpu03fl	400071680
45824944	tigrfam	cmag_420	74e05862-a704-4e35-b0df-b1fe07bc87d6	COMPLETED	169	169	04:39.849		1	16Gn	2026-10-02T23:49:47	2026-10-02T23:52:36	mjolnircomp01fl	358709248
45824945	pfam	cmag_195	74e05862-a704-4e35-b0df-b1fe07bc87d6	COMPLETED	535	535	13:51.851		1	8Gn	2026-10-02T23:53:49	2026-10-03T00:02:44	mjolnircomp10fl	172513280
45824946	pfam	cmag_641	74e05862-a704-4e35-b0df-b1fe07bc87d6	COMPLETED	793	793	21:27.751		1	8Gn	2026-10-02T23:52:18	2026-10-03T00:05:31	mjolnircomp10fl	280006656
45824947	pfam	cmag_463	74e05862-a704-4e35-b0df-b1fe07bc87d6	COMPLETED	1965	1965	52:15.660		1	8Gn	2026-10-02T23:52:18	2026-10-03T00:25:03	mjolnircomp06fl	227863552
45824948	tigrfam	cmag_518	74e05862-a704-4e35-b0df-b1fe07bc87d6	COMPLETED	169	169	03:56.486		1	16Gn	2026-10-02T23:49:47	2026-10-02T23:52:36	mjolnirgpu03fl	359898112
45824949	cazy	cmag_807	74e05862-a704-4e35-b0df-b1fe07bc87d6	COMPLETED	12	12	00:07.970		1	8Gn	2026-10-02T23:48:17	2026-10-02T23:48:29	mjolnircomp10fl	845824
45824958	ncbifam	cmag_305	74e05862-a704-4e35-b0df-b1fe07bc87d6	COMPLETED	337	337	09:53.124		1	16Gn	2026-10-02T23:48:47	2026-10-02T23:54:24	mjolnircomp13fl	353485824
45824959	ncbifam	cmag_021	74e05862-a704-4e35-b0df-b1fe07bc87d6	COMPLETED	1000	1000	28:00.233		1	16Gn	2026-10-02T23:49:47	2026-10-03T00:06:27	mjolnirgpu01fl	429529088
45824960	merge_gene_annotations	cmag_747	74e05862-a704-4e35-b0df-b1fe07bc87d6	COMPLETED	29	29	00:22.593		1	8Gn	2026-10-02T23:52:18	2026-10-02T23:52:47	mjolnircomp06fl	807936
45824961	merge_gene_annotations	cmag_346	74e05862-a704-4e35-b0df-b1fe07bc87d6	COMPLETED	23	23	00:17.735		1	8Gn	2026-10-02T23:49:47	2026-10-02T23:50:10	mjolnirgpu01fl	823296
45824962	merge_gene_annotations	cmag_194	74e05862-a704-4e35-b0df-b1fe07bc87d6	COMPLETED	24	24	00:18.194		1	8Gn	2026-10-02T23:49:47	2026-10-02T23:50:11	mjolnirgpu01fl	823296
45824974	merge_gene_annotations	cmag_713	74e05862-a704-4e35-b0df-b1fe07bc87d6	COMPLETED	20	20	00:14.678		1	8Gn	2026-10-02T23:50:17	2026-10-02T23:50:37	mjolnircomp14fl	820224
45824975	pfam	cmag_166	74e05862-a704-4e35-b0df-b1fe07bc87d6	COMPLETED	613	613	17:35.782		1	8Gn	2026-10-02T23:52:48	2026-10-03T00:03:01	mjolnircomp01fl	276246528
45824976	tigrfam	cmag_752	74e05862-a704-4e35-b0df-b1fe07bc87d6	COMPLETED	253	253	06:35.787		1	16Gn	2026-10-02T23:50:17	2026-10-02T23:54:30	mjolnircomp02fl	343694336
45824977	pfam	cmag_543	74e05862-a704-4e35-b0df-b1fe07bc87d6	COMPLETED	2525	2525	01:06:03		1	8Gn	2026-10-02T23:49:17	2026-10-03T00:31:22	mjolnircomp06fl	220193792
45824978	tigrfam	cmag_546	74e05862-a704-4e35-b0df-b1fe07bc87d6	COMPLETED	272	272	06:56.161		1	16Gn	2026-10-02T23:50:17	2026-10-02T23:54:49	mjolnirgpu02fl	341379072
45824979	tigrfam	cmag_812	74e05862-a704-4e35-b0df-b1fe07bc87d6	COMPLETED	168	168	04:25.210		1	16Gn	2026-10-02T23:50:17	2026-10-02T23:53:05	mjolnirgpu01fl	361535488
45824980	merge_gene_annotations	cmag_339	74e05862-a704-4e35-b0df-b1fe07bc87d6	COMPLETED	19	19	00:13.508		1	8Gn	2026-10-02T23:50:17	2026-10-02T23:50:36	mjolnircomp14fl	816128
45824981	ncbifam	cmag_571	74e05862-a704-4e35-b0df-b1fe07bc87d6	COMPLETED	1181	1181	33:05.125		1	16Gn	2026-10-02T23:50:47	2026-10-03T00:10:28	mjolnircomp11fl	425302016
45824994	tigrfam	cmag_147	74e05862-a704-4e35-b0df-b1fe07bc87d6	COMPLETED	217	217	05:49.090		1	16Gn	2026-10-02T23:50:47	2026-10-02T23:54:24	mjolnircomp10fl	354467840
45824995	tigrfam	cmag_276	74e05862-a704-4e35-b0df-b1fe07bc87d6	COMPLETED	175	175	04:18.341		1	16Gn	2026-10-02T23:49:17	2026-10-02T23:52:12	mjolnircomp06fl	320004096
45824996	tigrfam	cmag_550	74e05862-a704-4e35-b0df-b1fe07bc87d6	COMPLETED	143	143	03:45.877		1	16Gn	2026-10-02T23:50:47	2026-10-02T23:53:10	mjolnircomp10fl	371856384
45825008	cazy	cmag_255	74e05862-a704-4e35-b0df-b1fe07bc87d6	COMPLETED	26	26	00:20.516		1	8Gn	2026-10-02T23:53:49	2026-10-02T23:54:15	mjolnirgpu01fl	817152
45825009	merge_gene_annotations	cmag_783	74e05862-a704-4e35-b0df-b1fe07bc87d6	COMPLETED	19	19	00:13.212		1	8Gn	2026-10-02T23:50:47	2026-10-02T23:51:06	mjolnircomp15fl	876544
45825010	merge_gene_annotations	cmag_557	74e05862-a704-4e35-b0df-b1fe07bc87d6	COMPLETED	20	20	00:12.984		1	8Gn	2026-10-02T23:50:47	2026-10-02T23:51:07	mjolnircomp14fl	822272
45825011	kegg	cmag_806	74e05862-a704-4e35-b0df-b1fe07bc87d6	COMPLETED	1419	1419	40:57.362		1	8Gn	2026-10-02T23:53:18	2026-10-03T00:16:57	mjolnircomp08fl	731561984
45825023	pfam	cmag_478	74e05862-a704-4e35-b0df-b1fe07bc87d6	COMPLETED	651	651	17:14.312		1	8Gn	2026-10-02T23:53:49	2026-10-03T00:04:40	mjolnircomp10fl	193682432
45825024	ncbifam	cmag_244	74e05862-a704-4e35-b0df-b1fe07bc87d6	COMPLETED	609	609	18:00.080		1	16Gn	2026-10-02T23:50:47	2026-10-03T00:00:56	mjolnircomp01fl	442667008
45825025	merge_gene_annotations	cmag_824	74e05862-a704-4e35-b0df-b1fe07bc87d6	COMPLETED	24	24	00:16.457		1	8Gn	2026-10-02T23:50:47	2026-10-02T23:51:11	mjolnircomp14fl	815104
45825026	kegg	cmag_180	74e05862-a704-4e35-b0df-b1fe07bc87d6	COMPLETED	1906	1906	55:17.267		1	8Gn	2026-10-02T23:50:47	2026-10-03T00:22:33	mjolnircomp08fl	794513408
45825027	kegg	cmag_489	74e05862-a704-4e35-b0df-b1fe07bc87d6	COMPLETED	1526	1526	46:07.987		1	8Gn	2026-10-02T23:50:47	2026-10-03T00:16:13	mjolnircomp13fl	1027650560
45825028	ncbifam	cmag_607	74e05862-a704-4e35-b0df-b1fe07bc87d6	COMPLETED	1176	1176	33:38.859		1	16Gn	2026-10-02T23:50:47	2026-10-03T00:10:23	mjolnirgpu01fl	397283328
45825029	kegg	cmag_710	74e05862-a704-4e35-b0df-b1fe07bc87d6	COMPLETED	2210	2210	01:03:09		1	8Gn	2026-10-02T23:50:47	2026-10-03T00:27:37	mjolnirgpu01fl	857700352
45825030	cazy	cmag_668	74e05862-a704-4e35-b0df-b1fe07bc87d6	COMPLETED	27	27	00:20.754		1	8Gn	2026-10-02T23:53:49	2026-10-02T23:54:16	mjolnirgpu02fl	830464
45825031	pfam	cmag_695	74e05862-a704-4e35-b0df-b1fe07bc87d6	COMPLETED	958	958	26:27.263		1	8Gn	2026-10-02T23:53:18	2026-10-03T00:09:16	mjolnircomp12fl	222146560
45825038	ncbifam	cmag_582	74e05862-a704-4e35-b0df-b1fe07bc87d6	COMPLETED	220	220	06:10.318		1	16Gn	2026-10-02T23:53:18	2026-10-02T23:56:58	mjolnircomp15fl	293667840
45825039	merge_gene_annotations	cmag_282	74e05862-a704-4e35-b0df-b1fe07bc87d6	COMPLETED	17	17	00:11.976		1	8Gn	2026-10-02T23:51:18	2026-10-02T23:51:35	mjolnircomp14fl	820224
45825040	kegg	cmag_506	74e05862-a704-4e35-b0df-b1fe07bc87d6	COMPLETED	1881	1881	52:39.401		1	8Gn	2026-10-02T23:51:18	2026-10-03T00:22:39	mjolnircomp14fl	912346112
45825041	ncbifam	cmag_064	74e05862-a704-4e35-b0df-b1fe07bc87d6	COMPLETED	1065	1065	30:01.764		1	16Gn	2026-10-02T23:51:48	2026-10-03T00:09:33	mjolnircomp11fl	385911808
45825042	merge_gene_annotations	cmag_162	74e05862-a704-4e35-b0df-b1fe07bc87d6	COMPLETED	25	25	00:19.056		1	8Gn	2026-10-02T23:51:48	2026-10-02T23:52:13	mjolnircomp14fl	816128
45825043	ncbifam	cmag_529	74e05862-a704-4e35-b0df-b1fe07bc87d6	COMPLETED	593	593	16:22.669		1	16Gn	2026-10-02T23:52:18	2026-10-03T00:02:11	mjolnircomp11fl	389187584
45825044	prodigal	cmag_779	74e05862-a704-4e35-b0df-b1fe07bc87d6	COMPLETED	5	5	00:02.809		1	1365Mn	2026-10-02T23:51:18	2026-10-02T23:51:23	mjolnircomp13fl	808960
45825045	prodigal	cmag_396	74e05862-a704-4e35-b0df-b1fe07bc87d6	COMPLETED	6	6	00:03.380		1	2238Mn	2026-10-02T23:51:18	2026-10-02T23:51:24	mjolnircomp13fl	811008
45825056	pfam	cmag_184	74e05862-a704-4e35-b0df-b1fe07bc87d6	COMPLETED	678	678	18:32.157		1	8Gn	2026-10-02T23:53:18	2026-10-03T00:04:36	mjolnircomp15fl	229684224
45825057	merge_gene_annotations	cmag_078	74e05862-a704-4e35-b0df-b1fe07bc87d6	COMPLETED	21	21	00:15.482		1	8Gn	2026-10-02T23:52:18	2026-10-02T23:52:39	mjolnircomp14fl	821248
45825058	merge_gene_annotations	cmag_379	74e05862-a704-4e35-b0df-b1fe07bc87d6	COMPLETED	40	40	00:34.145		1	8Gn	2026-10-02T23:52:48	2026-10-02T23:53:28	mjolnircomp05fl	268754944
45825059	pfam	cmag_396	74e05862-a704-4e35-b0df-b1fe07bc87d6	COMPLETED	691	691	18:20.075		1	8Gn	2026-10-02T23:53:49	2026-10-03T00:05:20	mjolnircomp10fl	216776704
45825061	merge_gene_annotations	cmag_789	74e05862-a704-4e35-b0df-b1fe07bc87d6	COMPLETED	22	22	00:16.680		1	8Gn	2026-10-02T23:52:48	2026-10-02T23:53:10	mjolnircomp15fl	846848
45825062	tigrfam	cmag_779	74e05862-a704-4e35-b0df-b1fe07bc87d6	COMPLETED	137	137	03:11.636		1	16Gn	2026-10-02T23:52:48	2026-10-02T23:55:05	mjolnirgpu03fl	350279680
45825063	tigrfam	cmag_396	74e05862-a704-4e35-b0df-b1fe07bc87d6	COMPLETED	197	197	04:40.042		1	16Gn	2026-10-02T23:52:48	2026-10-02T23:56:05	mjolnirgpu03fl	330934272
45825064	ncbifam	cmag_140	74e05862-a704-4e35-b0df-b1fe07bc87d6	COMPLETED	555	555	15:46.739		1	16Gn	2026-10-02T23:52:48	2026-10-03T00:02:03	mjolnircomp08fl	397321216
45825065	ncbifam	cmag_396	74e05862-a704-4e35-b0df-b1fe07bc87d6	COMPLETED	679	679	18:10.382		1	16Gn	2026-10-02T23:52:48	2026-10-03T00:04:07	mjolnircomp08fl	406526976
45825066	ncbifam	cmag_779	74e05862-a704-4e35-b0df-b1fe07bc87d6	COMPLETED	485	485	12:36.651		1	16Gn	2026-10-02T23:53:18	2026-10-03T00:01:23	mjolnirgpu03fl	363673600
45825067	merge_gene_annotations	cmag_270	74e05862-a704-4e35-b0df-b1fe07bc87d6	COMPLETED	18	18	00:12.032		1	8Gn	2026-10-02T23:52:48	2026-10-02T23:53:06	mjolnircomp14fl	818176
45825068	kegg	cmag_396	74e05862-a704-4e35-b0df-b1fe07bc87d6	COMPLETED	1447	1447	40:44.581		1	8Gn	2026-10-02T23:53:18	2026-10-03T00:17:25	mjolnircomp15fl	1306982400
45825069	pfam	cmag_779	74e05862-a704-4e35-b0df-b1fe07bc87d6	COMPLETED	554	554	14:30.798		1	8Gn	2026-10-02T23:53:49	2026-10-03T00:03:03	mjolnircomp10fl	190606336
45825079	pfam	cmag_137	74e05862-a704-4e35-b0df-b1fe07bc87d6	COMPLETED	871	871	24:19.104		1	8Gn	2026-10-02T23:53:49	2026-10-03T00:08:20	mjolnircomp15fl	220447744
45825081	pfam	cmag_436	74e05862-a704-4e35-b0df-b1fe07bc87d6	COMPLETED	598	598	15:56.234		1	8Gn	2026-10-02T23:53:49	2026-10-03T00:03:47	mjolnircomp10fl	198470656
45825082	ncbifam	cmag_006	74e05862-a704-4e35-b0df-b1fe07bc87d6	COMPLETED	785	785	22:25.476		1	16Gn	2026-10-02T23:53:49	2026-10-03T00:06:54	mjolnircomp15fl	383293440
45825083	merge_gene_annotations	cmag_145	74e05862-a704-4e35-b0df-b1fe07bc87d6	COMPLETED	17	17	00:11.865		1	8Gn	2026-10-02T23:53:49	2026-10-02T23:54:06	mjolnircomp15fl	828416
45825084	tigrfam	cmag_575	74e05862-a704-4e35-b0df-b1fe07bc87d6	COMPLETED	157	157	03:56.672		1	16Gn	2026-10-02T23:53:49	2026-10-02T23:56:26	mjolnircomp05fl	356681728
45825085	merge_gene_annotations	cmag_550	74e05862-a704-4e35-b0df-b1fe07bc87d6	COMPLETED	17	17	00:12.212		1	8Gn	2026-10-02T23:53:49	2026-10-02T23:54:06	mjolnircomp15fl	819200
45825086	merge_gene_annotations	cmag_276	74e05862-a704-4e35-b0df-b1fe07bc87d6	COMPLETED	17	17	00:11.546		1	8Gn	2026-10-02T23:53:49	2026-10-02T23:54:06	mjolnircomp13fl	808960
45825087	merge_gene_annotations	cmag_110	74e05862-a704-4e35-b0df-b1fe07bc87d6	COMPLETED	17	17	00:12.870		1	8Gn	2026-10-02T23:53:49	2026-10-02T23:54:06	mjolnircomp15fl	807936
45825088	prodigal	cmag_045	74e05862-a704-4e35-b0df-b1fe07bc87d6	COMPLETED	7	7	00:04.355		1	3367Mn	2026-10-02T23:53:49	2026-10-02T23:53:56	mjolnircomp08fl	816128
45825089	pfam	cmag_733	74e05862-a704-4e35-b0df-b1fe07bc87d6	COMPLETED	661	661	17:09.859		1	8Gn	2026-10-02T23:53:49	2026-10-03T00:04:50	mjolnircomp10fl	183415808
45825104	tigrfam	cmag_605	74e05862-a704-4e35-b0df-b1fe07bc87d6	COMPLETED	263	263	06:46.773		1	16Gn	2026-10-02T23:54:19	2026-10-02T23:58:42	mjolnircomp08fl	395819008
45825105	cazy	cmag_515	74e05862-a704-4e35-b0df-b1fe07bc87d6	COMPLETED	20	20	00:13.137		1	8Gn	2026-10-02T23:54:19	2026-10-02T23:54:39	mjolnircomp07fl	813056
45825106	cazy	cmag_064	74e05862-a704-4e35-b0df-b1fe07bc87d6	COMPLETED	22	22	00:17.372		1	8Gn	2026-10-02T23:54:19	2026-10-02T23:54:41	mjolnircomp10fl	806912
45825107	merge_gene_annotations	cmag_205	74e05862-a704-4e35-b0df-b1fe07bc87d6	COMPLETED	16	16	00:11.269		1	8Gn	2026-10-02T23:54:19	2026-10-02T23:54:35	mjolnircomp08fl	814080
45825108	tigrfam	cmag_413	74e05862-a704-4e35-b0df-b1fe07bc87d6	COMPLETED	142	142	03:43.933		1	16Gn	2026-10-02T23:54:19	2026-10-02T23:56:41	mjolnircomp15fl	306403328
45825109	pfam	cmag_669	74e05862-a704-4e35-b0df-b1fe07bc87d6	COMPLETED	884	884	24:49.274		1	8Gn	2026-10-02T23:54:19	2026-10-03T00:09:03	mjolnircomp15fl	229566464
45825129	merge_gene_annotations	cmag_208	74e05862-a704-4e35-b0df-b1fe07bc87d6	COMPLETED	20	20	00:14.006		1	8Gn	2026-10-02T23:54:49	2026-10-02T23:55:09	mjolnircomp08fl	802816
45825130	pfam	cmag_191	74e05862-a704-4e35-b0df-b1fe07bc87d6	COMPLETED	570	570	15:32.250		1	8Gn	2026-10-02T23:54:49	2026-10-03T00:04:19	mjolnircomp10fl	262436864
45825131	pfam	cmag_523	74e05862-a704-4e35-b0df-b1fe07bc87d6	COMPLETED	349	349	09:19.849		1	8Gn	2026-10-02T23:54:49	2026-10-03T00:00:38	mjolnircomp07fl	173857792
45825132	pfam	cmag_152	74e05862-a704-4e35-b0df-b1fe07bc87d6	COMPLETED	726	726	19:17.109		1	8Gn	2026-10-02T23:54:49	2026-10-03T00:06:55	mjolnircomp10fl	220163072
45825133	merge_gene_annotations	cmag_122	74e05862-a704-4e35-b0df-b1fe07bc87d6	COMPLETED	26	26	00:18.988		1	8Gn	2026-10-02T23:54:49	2026-10-02T23:55:15	mjolnirgpu02fl	827392
45825134	tigrfam	cmag_074	74e05862-a704-4e35-b0df-b1fe07bc87d6	COMPLETED	136	136	03:29.255		1	16Gn	2026-10-02T23:54:49	2026-10-02T23:57:05	mjolnircomp08fl	314198016
45825135	cazy	cmag_822	74e05862-a704-4e35-b0df-b1fe07bc87d6	COMPLETED	36	36	00:30.140		1	8Gn	2026-10-02T23:54:49	2026-10-02T23:55:25	mjolnircomp06fl	77234176
45825136	cazy	cmag_400	74e05862-a704-4e35-b0df-b1fe07bc87d6	COMPLETED	25	25	00:17.784		1	8Gn	2026-10-02T23:54:49	2026-10-02T23:55:14	mjolnirgpu02fl	829440
45825137	cazy	cmag_455	74e05862-a704-4e35-b0df-b1fe07bc87d6	COMPLETED	23	23	00:16.239		1	8Gn	2026-10-02T23:54:49	2026-10-02T23:55:12	mjolnirgpu02fl	830464
45825138	tigrfam	cmag_797	74e05862-a704-4e35-b0df-b1fe07bc87d6	COMPLETED	353	353	08:33.844		1	16Gn	2026-10-02T23:54:49	2026-10-03T00:00:42	mjolnirgpu02fl	421703680
45825139	kegg	cmag_214	74e05862-a704-4e35-b0df-b1fe07bc87d6	COMPLETED	1424	1424	42:36.278		1	8Gn	2026-10-02T23:54:49	2026-10-03T00:18:33	mjolnircomp13fl	656112640
45825140	merge_gene_annotations	cmag_380	74e05862-a704-4e35-b0df-b1fe07bc87d6	COMPLETED	20	20	00:14.645		1	8Gn	2026-10-02T23:54:49	2026-10-02T23:55:09	mjolnirgpu03fl	830464
45825141	tigrfam	cmag_515	74e05862-a704-4e35-b0df-b1fe07bc87d6	COMPLETED	221	221	05:36.355		1	16Gn	2026-10-02T23:54:49	2026-10-02T23:58:30	mjolnirgpu02fl	393334784
45825142	merge_gene_annotations	cmag_255	74e05862-a704-4e35-b0df-b1fe07bc87d6	COMPLETED	23	23	00:16.601		1	8Gn	2026-10-02T23:54:49	2026-10-02T23:55:12	mjolnirgpu02fl	825344
45825143	cazy	cmag_335	74e05862-a704-4e35-b0df-b1fe07bc87d6	COMPLETED	27	27	00:20.183		1	8Gn	2026-10-02T23:54:49	2026-10-02T23:55:16	mjolnirgpu02fl	826368
45825144	pfam	cmag_687	74e05862-a704-4e35-b0df-b1fe07bc87d6	COMPLETED	553	553	15:04.045		1	8Gn	2026-10-02T23:54:49	2026-10-03T00:04:02	mjolnircomp13fl	196268032
45825161	prodigal	cmag_691	74e05862-a704-4e35-b0df-b1fe07bc87d6	COMPLETED	10	10	00:05.412		1	3315Mn	2026-10-02T23:55:49	2026-10-02T23:55:59	mjolnircomp08fl	814080
45825162	tigrfam	cmag_108	74e05862-a704-4e35-b0df-b1fe07bc87d6	COMPLETED	97	97	02:33.243		1	16Gn	2026-10-02T23:55:49	2026-10-02T23:57:26	mjolnircomp07fl	352182272
45825163	pfam	cmag_326	74e05862-a704-4e35-b0df-b1fe07bc87d6	COMPLETED	2520	2520	01:10:36		1	8Gn	2026-10-02T23:55:49	2026-10-03T00:37:49	mjolnirgpu02fl	240558080
45825164	pfam	cmag_413	74e05862-a704-4e35-b0df-b1fe07bc87d6	COMPLETED	675	675	17:51.155		1	8Gn	2026-10-02T23:55:49	2026-10-03T00:07:04	mjolnircomp10fl	187333632
45825165	kegg	cmag_772	74e05862-a704-4e35-b0df-b1fe07bc87d6	COMPLETED	1631	1631	48:48.364		1	8Gn	2026-10-02T23:55:49	2026-10-03T00:23:00	mjolnircomp11fl	928045056
45825166	kegg	cmag_791	74e05862-a704-4e35-b0df-b1fe07bc87d6	COMPLETED	2998	2998	01:26:38		1	8Gn	2026-10-02T23:55:49	2026-10-03T00:45:47	mjolnirgpu01fl	1057265664
45825167	kegg	cmag_786	74e05862-a704-4e35-b0df-b1fe07bc87d6	COMPLETED	1771	1771	50:19.249		1	8Gn	2026-10-02T23:55:49	2026-10-03T00:25:20	mjolnirgpu02fl	1076125696
45825168	merge_gene_annotations	cmag_502	74e05862-a704-4e35-b0df-b1fe07bc87d6	COMPLETED	29	29	00:23.445		1	8Gn	2026-10-02T23:55:49	2026-10-02T23:56:18	mjolnirgpu02fl	829440
45825169	merge_gene_annotations	cmag_435	74e05862-a704-4e35-b0df-b1fe07bc87d6	COMPLETED	31	31	00:24.804		1	8Gn	2026-10-02T23:55:49	2026-10-02T23:56:20	mjolnircomp06fl	77154304
45825170	merge_gene_annotations	cmag_335	74e05862-a704-4e35-b0df-b1fe07bc87d6	COMPLETED	25	25	00:18.932		1	8Gn	2026-10-02T23:55:49	2026-10-02T23:56:14	mjolnirgpu02fl	826368
45825185	kegg	cmag_031	74e05862-a704-4e35-b0df-b1fe07bc87d6	COMPLETED	1078	1078	31:41.521		1	8Gn	2026-10-02T23:56:19	2026-10-03T00:14:17	mjolnircomp12fl	1181219840
45825186	prodigal	cmag_578	74e05862-a704-4e35-b0df-b1fe07bc87d6	COMPLETED	7	7	00:03.719		1	2255Mn	2026-10-02T23:56:19	2026-10-02T23:56:26	mjolnircomp10fl	811008
45825209	tigrfam	cmag_505	74e05862-a704-4e35-b0df-b1fe07bc87d6	COMPLETED	160	160	04:04.336		1	16Gn	2026-10-02T23:56:49	2026-10-02T23:59:29	mjolnircomp02fl	354145280
45825210	pfam	cmag_537	74e05862-a704-4e35-b0df-b1fe07bc87d6	COMPLETED	1105	1105	30:13.623		1	8Gn	2026-10-02T23:56:49	2026-10-03T00:15:14	mjolnircomp16fl	271131648
45825211	pfam	cmag_705	74e05862-a704-4e35-b0df-b1fe07bc87d6	COMPLETED	846	846	23:23.928		1	8Gn	2026-10-02T23:56:49	2026-10-03T00:10:55	mjolnircomp16fl	250351616
45825212	kegg	cmag_372	74e05862-a704-4e35-b0df-b1fe07bc87d6	COMPLETED	1834	1834	48:36.532		1	8Gn	2026-10-02T23:56:49	2026-10-03T00:27:23	mjolnircomp02fl	717523968
45825213	kegg	cmag_176	74e05862-a704-4e35-b0df-b1fe07bc87d6	COMPLETED	1694	1694	47:33.739		1	8Gn	2026-10-02T23:56:49	2026-10-03T00:25:03	mjolnircomp15fl	732388352
45825214	ncbifam	cmag_561	74e05862-a704-4e35-b0df-b1fe07bc87d6	COMPLETED	559	559	15:02.405		1	16Gn	2026-10-02T23:56:49	2026-10-03T00:06:08	mjolnircomp14fl	321121280
45825215	ncbifam	cmag_578	74e05862-a704-4e35-b0df-b1fe07bc87d6	COMPLETED	751	751	20:46.543		1	16Gn	2026-10-02T23:56:49	2026-10-03T00:09:20	mjolnircomp14fl	372874240
45825216	pfam	cmag_760	74e05862-a704-4e35-b0df-b1fe07bc87d6	COMPLETED	647	647	17:23.282		1	8Gn	2026-10-02T23:56:49	2026-10-03T00:07:36	mjolnircomp16fl	275171328
45825234	cazy	cmag_394	74e05862-a704-4e35-b0df-b1fe07bc87d6	COMPLETED	15	15	00:10.137		1	8Gn	2026-10-02T23:57:50	2026-10-02T23:58:05	mjolnircomp02fl	818176
45825235	kegg	cmag_305	74e05862-a704-4e35-b0df-b1fe07bc87d6	COMPLETED	833	833	23:11.251		1	8Gn	2026-10-02T23:57:50	2026-10-03T00:11:43	mjolnircomp02fl	916369408
45825236	ncbifam	cmag_775	74e05862-a704-4e35-b0df-b1fe07bc87d6	COMPLETED	602	602	16:38.317		1	16Gn	2026-10-02T23:57:50	2026-10-03T00:07:52	mjolnircomp07fl	413710336
45825258	tigrfam	cmag_033	74e05862-a704-4e35-b0df-b1fe07bc87d6	COMPLETED	176	176	04:27.795		1	16Gn	2026-10-02T23:58:20	2026-10-03T00:01:16	mjolnircomp03fl	469383168
45825270	cazy	cmag_329	74e05862-a704-4e35-b0df-b1fe07bc87d6	COMPLETED	19	19	00:14.745		1	8Gn	2026-10-02T23:58:50	2026-10-02T23:59:09	mjolnircomp10fl	803840
45825271	pfam	cmag_817	74e05862-a704-4e35-b0df-b1fe07bc87d6	COMPLETED	507	507	13:28.901		1	8Gn	2026-10-02T23:58:50	2026-10-03T00:07:17	mjolnircomp02fl	194391040
45825272	pfam	cmag_472	74e05862-a704-4e35-b0df-b1fe07bc87d6	COMPLETED	1483	1483	39:39.048		1	8Gn	2026-10-02T23:58:50	2026-10-03T00:23:33	mjolnircomp08fl	190292992
45825273	merge_gene_annotations	cmag_363	74e05862-a704-4e35-b0df-b1fe07bc87d6	COMPLETED	19	19	00:14.041		1	8Gn	2026-10-02T23:58:50	2026-10-02T23:59:09	mjolnircomp11fl	809984
45825287	ncbifam	cmag_285	74e05862-a704-4e35-b0df-b1fe07bc87d6	COMPLETED	889	889	24:10.048		1	16Gn	2026-10-02T23:59:50	2026-10-03T00:14:39	mjolnircomp03fl	323237888
45825288	merge_gene_annotations	cmag_213	74e05862-a704-4e35-b0df-b1fe07bc87d6	COMPLETED	18	18	00:11.243		1	8Gn	2026-10-02T23:59:50	2026-10-03T00:00:08	mjolnircomp03fl	826368
45825289	cazy	cmag_096	74e05862-a704-4e35-b0df-b1fe07bc87d6	COMPLETED	18	18	00:13.386		1	8Gn	2026-10-02T23:59:50	2026-10-03T00:00:08	mjolnircomp10fl	807936
45825290	merge_gene_annotations	cmag_422	74e05862-a704-4e35-b0df-b1fe07bc87d6	COMPLETED	21	21	00:16.778		1	8Gn	2026-10-02T23:59:50	2026-10-03T00:00:11	mjolnircomp08fl	795648
45825295	kegg	cmag_421	74e05862-a704-4e35-b0df-b1fe07bc87d6	COMPLETED	3450	3450	01:27:20		1	8Gn	2026-10-03T00:00:20	2026-10-03T00:57:50	mjolnircomp02fl	799550464
45825296	kegg	cmag_691	74e05862-a704-4e35-b0df-b1fe07bc87d6	COMPLETED	3039	3039	01:16:13		1	8Gn	2026-10-03T00:00:20	2026-10-03T00:50:59	mjolnircomp02fl	826588160
45825297	merge_gene_annotations	cmag_661	74e05862-a704-4e35-b0df-b1fe07bc87d6	COMPLETED	16	16	00:11.672		1	8Gn	2026-10-03T00:00:20	2026-10-03T00:00:36	mjolnircomp08fl	806912
45825312	ncbifam	cmag_093	74e05862-a704-4e35-b0df-b1fe07bc87d6	COMPLETED	864	864	23:01.020		1	16Gn	2026-10-03T00:00:50	2026-10-03T00:15:14	mjolnirgpu02fl	398720000
45825313	pfam	cmag_028	74e05862-a704-4e35-b0df-b1fe07bc87d6	COMPLETED	1022	1022	28:22.073		1	8Gn	2026-10-03T00:00:50	2026-10-03T00:17:52	mjolnircomp13fl	240073728
45825314	merge_gene_annotations	cmag_047	74e05862-a704-4e35-b0df-b1fe07bc87d6	COMPLETED	17	17	00:13.025		1	8Gn	2026-10-03T00:00:50	2026-10-03T00:01:07	mjolnircomp08fl	792576
45825315	ncbifam	cmag_090	74e05862-a704-4e35-b0df-b1fe07bc87d6	COMPLETED	609	609	16:12.198		1	16Gn	2026-10-03T00:00:50	2026-10-03T00:10:59	mjolnirgpu02fl	403505152
45825316	merge_gene_annotations	cmag_096	74e05862-a704-4e35-b0df-b1fe07bc87d6	COMPLETED	27	27	00:18.146		1	8Gn	2026-10-03T00:00:50	2026-10-03T00:01:17	mjolnirgpu02fl	827392
45825317	merge_gene_annotations	cmag_108	74e05862-a704-4e35-b0df-b1fe07bc87d6	COMPLETED	26	26	00:21.371		1	8Gn	2026-10-03T00:00:50	2026-10-03T00:01:16	mjolnircomp05fl	817152
45825333	merge_gene_annotations	cmag_243	74e05862-a704-4e35-b0df-b1fe07bc87d6	COMPLETED	18	18	00:12.877		1	8Gn	2026-10-03T00:01:50	2026-10-03T00:02:08	mjolnircomp07fl	817152
45825334	tigrfam	cmag_578	74e05862-a704-4e35-b0df-b1fe07bc87d6	COMPLETED	200	200	04:52.781		1	16Gn	2026-10-03T00:01:50	2026-10-03T00:05:10	mjolnirgpu02fl	337033216
45825335	kegg	cmag_570	74e05862-a704-4e35-b0df-b1fe07bc87d6	COMPLETED	3011	3011	01:28:01		1	8Gn	2026-10-03T00:01:50	2026-10-03T00:52:01	mjolnircomp08fl	982189056
45825336	merge_gene_annotations	cmag_138	74e05862-a704-4e35-b0df-b1fe07bc87d6	COMPLETED	23	23	00:17.119		1	8Gn	2026-10-03T00:01:50	2026-10-03T00:02:13	mjolnirgpu03fl	830464
45825337	merge_gene_annotations	cmag_289	74e05862-a704-4e35-b0df-b1fe07bc87d6	COMPLETED	24	24	00:17.894		1	8Gn	2026-10-03T00:01:50	2026-10-03T00:02:14	mjolnirgpu03fl	829440
45825338	pfam	cmag_447	74e05862-a704-4e35-b0df-b1fe07bc87d6	COMPLETED	871	871	22:41.423		1	8Gn	2026-10-03T00:01:50	2026-10-03T00:16:21	mjolnirgpu03fl	199235584
45825339	merge_gene_annotations	cmag_792	74e05862-a704-4e35-b0df-b1fe07bc87d6	COMPLETED	20	20	00:14.660		1	8Gn	2026-10-03T00:01:50	2026-10-03T00:02:10	mjolnirgpu03fl	833536
45825342	tigrfam	cmag_649	74e05862-a704-4e35-b0df-b1fe07bc87d6	COMPLETED	89	89	02:20.691		1	16Gn	2026-10-03T00:02:20	2026-10-03T00:03:49	mjolnircomp13fl	316599296
45825343	merge_gene_annotations	cmag_551	74e05862-a704-4e35-b0df-b1fe07bc87d6	COMPLETED	19	19	00:13.869		1	8Gn	2026-10-03T00:02:20	2026-10-03T00:02:39	mjolnircomp11fl	823296
45825344	ncbifam	cmag_458	74e05862-a704-4e35-b0df-b1fe07bc87d6	COMPLETED	560	560	15:28.282		1	16Gn	2026-10-03T00:02:20	2026-10-03T00:11:40	mjolnircomp11fl	370975744
45825345	ncbifam	cmag_083	74e05862-a704-4e35-b0df-b1fe07bc87d6	COMPLETED	722	722	19:15.727		1	16Gn	2026-10-03T00:02:20	2026-10-03T00:14:22	mjolnircomp07fl	391390208
45825346	cazy	cmag_480	74e05862-a704-4e35-b0df-b1fe07bc87d6	COMPLETED	26	26	00:21.635		1	8Gn	2026-10-03T00:02:20	2026-10-03T00:02:46	mjolnirgpu03fl	832512
45825347	ncbifam	cmag_612	74e05862-a704-4e35-b0df-b1fe07bc87d6	COMPLETED	1119	1119	29:26.867		1	16Gn	2026-10-03T00:02:20	2026-10-03T00:20:59	mjolnirgpu03fl	453266432
45825348	prodigal	cmag_648	74e05862-a704-4e35-b0df-b1fe07bc87d6	COMPLETED	6	6	00:03.190		1	2204Mn	2026-10-03T00:02:20	2026-10-03T00:02:26	mjolnircomp08fl	812032
45825349	pfam	cmag_425	74e05862-a704-4e35-b0df-b1fe07bc87d6	COMPLETED	426	426	11:09.916		1	8Gn	2026-10-03T00:02:20	2026-10-03T00:09:26	mjolnircomp08fl	222308352
45825363	prodigal	cmag_525	74e05862-a704-4e35-b0df-b1fe07bc87d6	COMPLETED	7	7	00:03.640		1	3022Mn	2026-10-03T00:02:50	2026-10-03T00:02:57	mjolnircomp12fl	829440
45825364	pfam	cmag_648	74e05862-a704-4e35-b0df-b1fe07bc87d6	COMPLETED	611	611	16:52.774		1	8Gn	2026-10-03T00:02:50	2026-10-03T00:13:01	mjolnircomp01fl	251049984
45825365	ncbifam	cmag_702	74e05862-a704-4e35-b0df-b1fe07bc87d6	COMPLETED	920	920	24:39.125		1	16Gn	2026-10-03T00:02:50	2026-10-03T00:18:10	mjolnirgpu03fl	364994560
45825366	tigrfam	cmag_648	74e05862-a704-4e35-b0df-b1fe07bc87d6	COMPLETED	196	196	04:42.301		1	16Gn	2026-10-03T00:02:50	2026-10-03T00:06:06	mjolnirgpu03fl	306327552
45825367	merge_gene_annotations	cmag_374	74e05862-a704-4e35-b0df-b1fe07bc87d6	COMPLETED	19	19	00:14.092		1	8Gn	2026-10-03T00:02:50	2026-10-03T00:03:09	mjolnircomp08fl	806912
45825368	merge_gene_annotations	cmag_357	74e05862-a704-4e35-b0df-b1fe07bc87d6	COMPLETED	16	16	00:11.613		1	8Gn	2026-10-03T00:02:50	2026-10-03T00:03:06	mjolnircomp13fl	801792
45825369	kegg	cmag_603	74e05862-a704-4e35-b0df-b1fe07bc87d6	COMPLETED	1808	1808	54:03.396		1	8Gn	2026-10-03T00:02:50	2026-10-03T00:32:58	mjolnircomp13fl	1039692800
45825370	prodigal	cmag_803	74e05862-a704-4e35-b0df-b1fe07bc87d6	COMPLETED	7	7	00:04.010		1	2132Mn	2026-10-03T00:02:50	2026-10-03T00:02:57	mjolnircomp12fl	832512
45825371	ncbifam	cmag_648	74e05862-a704-4e35-b0df-b1fe07bc87d6	COMPLETED	617	617	16:33.920		1	16Gn	2026-10-03T00:02:50	2026-10-03T00:13:07	mjolnircomp07fl	382857216
45825372	cazy	cmag_173	74e05862-a704-4e35-b0df-b1fe07bc87d6	COMPLETED	22	22	00:17.386		1	8Gn	2026-10-03T00:02:50	2026-10-03T00:03:12	mjolnircomp12fl	825344
45825373	prodigal	cmag_699	74e05862-a704-4e35-b0df-b1fe07bc87d6	COMPLETED	7	7	00:04.013		1	2772Mn	2026-10-03T00:02:50	2026-10-03T00:02:57	mjolnircomp10fl	807936
45825384	cazy	cmag_727	74e05862-a704-4e35-b0df-b1fe07bc87d6	COMPLETED	16	16	00:11.047		1	8Gn	2026-10-03T00:03:50	2026-10-03T00:04:06	mjolnircomp16fl	822272
45825385	cazy	cmag_063	74e05862-a704-4e35-b0df-b1fe07bc87d6	COMPLETED	19	19	00:13.266		1	8Gn	2026-10-03T00:03:50	2026-10-03T00:04:09	mjolnircomp16fl	820224
45825386	tigrfam	cmag_441	74e05862-a704-4e35-b0df-b1fe07bc87d6	COMPLETED	228	228	05:59.713		1	16Gn	2026-10-03T00:03:50	2026-10-03T00:07:38	mjolnircomp08fl	320104448
45825387	merge_gene_annotations	cmag_466	74e05862-a704-4e35-b0df-b1fe07bc87d6	COMPLETED	28	28	00:21.985		1	8Gn	2026-10-03T00:03:50	2026-10-03T00:04:18	mjolnirgpu01fl	834560
45825388	ncbifam	cmag_125	74e05862-a704-4e35-b0df-b1fe07bc87d6	COMPLETED	971	971	26:03.391		1	16Gn	2026-10-03T00:03:50	2026-10-03T00:20:01	mjolnirgpu02fl	447136768
45825389	merge_gene_annotations	cmag_465	74e05862-a704-4e35-b0df-b1fe07bc87d6	COMPLETED	17	17	00:11.828		1	8Gn	2026-10-03T00:03:50	2026-10-03T00:04:07	mjolnircomp01fl	825344
45825390	ncbifam	cmag_818	74e05862-a704-4e35-b0df-b1fe07bc87d6	COMPLETED	694	694	19:01.995		1	16Gn	2026-10-03T00:03:50	2026-10-03T00:15:24	mjolnircomp05fl	353594368
45825391	kegg	cmag_565	74e05862-a704-4e35-b0df-b1fe07bc87d6	COMPLETED	3019	3019	01:25:32		1	8Gn	2026-10-03T00:03:50	2026-10-03T00:54:09	mjolnircomp05fl	962036736
45825392	pfam	cmag_439	74e05862-a704-4e35-b0df-b1fe07bc87d6	COMPLETED	732	732	20:11.024		1	8Gn	2026-10-03T00:03:50	2026-10-03T00:16:02	mjolnircomp16fl	218843136
45825393	tigrfam	cmag_114	74e05862-a704-4e35-b0df-b1fe07bc87d6	COMPLETED	170	170	04:35.098		1	16Gn	2026-10-03T00:03:50	2026-10-03T00:06:40	mjolnircomp04fl	364026880
45825400	kegg	cmag_609	74e05862-a704-4e35-b0df-b1fe07bc87d6	COMPLETED	1841	1841	51:29.341		1	8Gn	2026-10-03T00:04:20	2026-10-03T00:35:01	mjolnirgpu03fl	745109504
45825402	ncbifam	cmag_671	74e05862-a704-4e35-b0df-b1fe07bc87d6	COMPLETED	498	498	13:22.540		1	16Gn	2026-10-03T00:04:50	2026-10-03T00:13:08	mjolnircomp03fl	312666112
45825403	prodigal	cmag_392	74e05862-a704-4e35-b0df-b1fe07bc87d6	COMPLETED	17	17	00:13.580		1	2270Mn	2026-10-03T00:04:50	2026-10-03T00:05:07	mjolnircomp05fl	812032
45825404	merge_gene_annotations	cmag_629	74e05862-a704-4e35-b0df-b1fe07bc87d6	COMPLETED	21	21	00:16.198		1	8Gn	2026-10-03T00:04:50	2026-10-03T00:05:11	mjolnircomp16fl	813056
45825405	cazy	cmag_821	74e05862-a704-4e35-b0df-b1fe07bc87d6	COMPLETED	25	25	00:19.648		1	8Gn	2026-10-03T00:04:50	2026-10-03T00:05:15	mjolnircomp05fl	805888
45825406	merge_gene_annotations	cmag_072	74e05862-a704-4e35-b0df-b1fe07bc87d6	COMPLETED	17	17	00:11.714		1	8Gn	2026-10-03T00:04:50	2026-10-03T00:05:07	mjolnircomp08fl	808960
45825407	merge_gene_annotations	cmag_230	74e05862-a704-4e35-b0df-b1fe07bc87d6	COMPLETED	16	16	00:11.289		1	8Gn	2026-10-03T00:04:50	2026-10-03T00:05:06	mjolnircomp02fl	805888
45825415	ncbifam	cmag_766	74e05862-a704-4e35-b0df-b1fe07bc87d6	COMPLETED	795	795	21:13.943		1	16Gn	2026-10-03T00:04:50	2026-10-03T00:18:05	mjolnircomp02fl	352609280
45825416	pfam	cmag_803	74e05862-a704-4e35-b0df-b1fe07bc87d6	COMPLETED	649	649	17:34.131		1	8Gn	2026-10-03T00:04:50	2026-10-03T00:15:39	mjolnircomp16fl	196004864
45825417	merge_gene_annotations	cmag_531	74e05862-a704-4e35-b0df-b1fe07bc87d6	COMPLETED	18	18	00:12.982		1	8Gn	2026-10-03T00:04:50	2026-10-03T00:05:08	mjolnircomp13fl	808960
45825418	merge_gene_annotations	cmag_351	74e05862-a704-4e35-b0df-b1fe07bc87d6	COMPLETED	20	20	00:15.142		1	8Gn	2026-10-03T00:04:50	2026-10-03T00:05:10	mjolnircomp16fl	812032
45825419	kegg	cmag_483	74e05862-a704-4e35-b0df-b1fe07bc87d6	COMPLETED	1902	1902	54:55.024		1	8Gn	2026-10-03T00:04:50	2026-10-03T00:36:32	mjolnircomp13fl	628739072
45825420	tigrfam	cmag_803	74e05862-a704-4e35-b0df-b1fe07bc87d6	COMPLETED	123	123	03:18.909		1	16Gn	2026-10-03T00:04:50	2026-10-03T00:06:53	mjolnircomp16fl	368580608
45825421	merge_gene_annotations	cmag_063	74e05862-a704-4e35-b0df-b1fe07bc87d6	COMPLETED	19	19	00:14.187		1	8Gn	2026-10-03T00:04:50	2026-10-03T00:05:09	mjolnircomp16fl	804864
45825422	kegg	cmag_803	74e05862-a704-4e35-b0df-b1fe07bc87d6	COMPLETED	1178	1178	34:22.512		1	8Gn	2026-10-03T00:04:50	2026-10-03T00:24:28	mjolnircomp15fl	775383040
45825430	merge_gene_annotations	cmag_521	74e05862-a704-4e35-b0df-b1fe07bc87d6	COMPLETED	17	17	00:12.187		1	8Gn	2026-10-03T00:05:51	2026-10-03T00:06:08	mjolnircomp13fl	802816
45825431	tigrfam	cmag_392	74e05862-a704-4e35-b0df-b1fe07bc87d6	COMPLETED	201	201	04:51.320		1	16Gn	2026-10-03T00:05:51	2026-10-03T00:09:12	mjolnirgpu02fl	395526144
45825432	merge_gene_annotations	cmag_099	74e05862-a704-4e35-b0df-b1fe07bc87d6	COMPLETED	19	19	00:14.173		1	8Gn	2026-10-03T00:05:51	2026-10-03T00:06:10	mjolnircomp03fl	826368
45825433	kegg	cmag_094	74e05862-a704-4e35-b0df-b1fe07bc87d6	COMPLETED	2762	2762	01:20:22		1	8Gn	2026-10-03T00:05:51	2026-10-03T00:51:53	mjolnirgpu02fl	964856832
45825434	cazy	cmag_392	74e05862-a704-4e35-b0df-b1fe07bc87d6	COMPLETED	26	26	00:20.717		1	8Gn	2026-10-03T00:05:51	2026-10-03T00:06:17	mjolnircomp05fl	813056
45825435	ncbifam	cmag_392	74e05862-a704-4e35-b0df-b1fe07bc87d6	COMPLETED	577	577	16:13.082		1	16Gn	2026-10-03T00:05:51	2026-10-03T00:15:28	mjolnircomp02fl	353006592
45825436	prodigal	cmag_782	74e05862-a704-4e35-b0df-b1fe07bc87d6	COMPLETED	9	9	00:06.899		1	2374Mn	2026-10-03T00:05:51	2026-10-03T00:06:00	mjolnircomp06fl	807936
45825437	pfam	cmag_392	74e05862-a704-4e35-b0df-b1fe07bc87d6	COMPLETED	1078	1078	27:48.690		1	8Gn	2026-10-03T00:05:51	2026-10-03T00:23:49	mjolnircomp05fl	209794048
45825438	kegg	cmag_392	74e05862-a704-4e35-b0df-b1fe07bc87d6	COMPLETED	1284	1284	37:23.409		1	8Gn	2026-10-03T00:05:51	2026-10-03T00:27:15	mjolnircomp16fl	779592704
45825439	prodigal	cmag_548	74e05862-a704-4e35-b0df-b1fe07bc87d6	COMPLETED	6	6	00:03.638		1	2344Mn	2026-10-03T00:05:51	2026-10-03T00:05:57	mjolnircomp08fl	799744
45825440	ncbifam	cmag_605	74e05862-a704-4e35-b0df-b1fe07bc87d6	COMPLETED	853	853	24:24.992		1	16Gn	2026-10-03T00:05:51	2026-10-03T00:20:04	mjolnircomp03fl	425463808
45825441	ncbifam	cmag_803	74e05862-a704-4e35-b0df-b1fe07bc87d6	COMPLETED	562	562	16:02.012		1	16Gn	2026-10-03T00:05:51	2026-10-03T00:15:13	mjolnircomp16fl	326918144
45825442	prodigal	cmag_744	74e05862-a704-4e35-b0df-b1fe07bc87d6	COMPLETED	6	6	00:02.848		1	1653Mn	2026-10-03T00:05:51	2026-10-03T00:05:57	mjolnircomp04fl	849920
45825444	merge_gene_annotations	cmag_659	74e05862-a704-4e35-b0df-b1fe07bc87d6	COMPLETED	18	18	00:12.603		1	8Gn	2026-10-03T00:06:21	2026-10-03T00:06:39	mjolnirgpu03fl	829440
45825445	prodigal	cmag_017	74e05862-a704-4e35-b0df-b1fe07bc87d6	COMPLETED	14	14	00:12.401		1	4975Mn	2026-10-03T00:06:21	2026-10-03T00:06:35	mjolnircomp13fl	811008
45825446	ncbifam	cmag_675	74e05862-a704-4e35-b0df-b1fe07bc87d6	COMPLETED	1091	1091	31:03.782		1	16Gn	2026-10-03T00:06:21	2026-10-03T00:24:32	mjolnircomp03fl	416455680
45825447	ncbifam	cmag_227	74e05862-a704-4e35-b0df-b1fe07bc87d6	COMPLETED	922	922	26:08.838		1	16Gn	2026-10-03T00:06:21	2026-10-03T00:21:43	mjolnircomp16fl	407673856
45825448	prodigal	cmag_750	74e05862-a704-4e35-b0df-b1fe07bc87d6	COMPLETED	9	9	00:06.802		1	4912Mn	2026-10-03T00:06:21	2026-10-03T00:06:30	mjolnircomp13fl	815104
45825449	ncbifam	cmag_477	74e05862-a704-4e35-b0df-b1fe07bc87d6	COMPLETED	1041	1041	29:39.207		1	16Gn	2026-10-03T00:06:51	2026-10-03T00:24:12	mjolnirgpu01fl	382115840
45825450	ncbifam	cmag_744	74e05862-a704-4e35-b0df-b1fe07bc87d6	COMPLETED	541	541	14:32.712		1	16Gn	2026-10-03T00:06:21	2026-10-03T00:15:22	mjolnircomp14fl	331278336
45825452	pfam	cmag_302	74e05862-a704-4e35-b0df-b1fe07bc87d6	COMPLETED	518	518	14:17.941		1	8Gn	2026-10-03T00:06:51	2026-10-03T00:15:29	mjolnircomp13fl	248803328
45825453	ncbifam	cmag_149	74e05862-a704-4e35-b0df-b1fe07bc87d6	COMPLETED	566	566	14:45.151		1	16Gn	2026-10-03T00:06:51	2026-10-03T00:16:17	mjolnirgpu03fl	511236096
45825461	tigrfam	cmag_231	74e05862-a704-4e35-b0df-b1fe07bc87d6	COMPLETED	157	157	04:07.754		1	16Gn	2026-10-03T00:07:21	2026-10-03T00:09:58	mjolnirgpu01fl	380869632
45825462	kegg	cmag_064	74e05862-a704-4e35-b0df-b1fe07bc87d6	COMPLETED	2541	2541	01:12:39		1	8Gn	2026-10-03T00:07:21	2026-10-03T00:49:42	mjolnircomp10fl	1054212096
45825463	merge_gene_annotations	cmag_641	74e05862-a704-4e35-b0df-b1fe07bc87d6	COMPLETED	18	18	00:13.766		1	8Gn	2026-10-03T00:07:21	2026-10-03T00:07:39	mjolnircomp10fl	831488
45825464	cazy	cmag_750	74e05862-a704-4e35-b0df-b1fe07bc87d6	COMPLETED	24	24	00:19.261		1	8Gn	2026-10-03T00:07:21	2026-10-03T00:07:45	mjolnircomp15fl	818176
45825465	pfam	cmag_744	74e05862-a704-4e35-b0df-b1fe07bc87d6	COMPLETED	519	519	14:04.136		1	8Gn	2026-10-03T00:07:21	2026-10-03T00:16:00	mjolnircomp15fl	292268032
45825466	ncbifam	cmag_017	74e05862-a704-4e35-b0df-b1fe07bc87d6	COMPLETED	1085	1085	31:58.548		1	16Gn	2026-10-03T00:07:21	2026-10-03T00:25:26	mjolnircomp04fl	409508864
45825473	merge_gene_annotations	cmag_752	74e05862-a704-4e35-b0df-b1fe07bc87d6	COMPLETED	21	21	00:16.152		1	8Gn	2026-10-03T00:07:51	2026-10-03T00:08:12	mjolnircomp16fl	813056
45825474	merge_gene_annotations	cmag_817	74e05862-a704-4e35-b0df-b1fe07bc87d6	COMPLETED	15	15	00:11.054		1	8Gn	2026-10-03T00:07:51	2026-10-03T00:08:06	mjolnircomp10fl	833536
45825475	kegg	cmag_744	74e05862-a704-4e35-b0df-b1fe07bc87d6	COMPLETED	2163	2163	58:02.611		1	8Gn	2026-10-03T00:07:51	2026-10-03T00:43:54	mjolnircomp05fl	1136017408
45825476	ncbifam	cmag_750	74e05862-a704-4e35-b0df-b1fe07bc87d6	COMPLETED	1177	1177	33:39.083		1	16Gn	2026-10-03T00:07:51	2026-10-03T00:27:28	mjolnircomp10fl	426568704
45825477	cazy	cmag_017	74e05862-a704-4e35-b0df-b1fe07bc87d6	COMPLETED	48	48	00:42.659		1	8Gn	2026-10-03T00:07:51	2026-10-03T00:08:39	mjolnircomp05fl	281908224
45825478	pfam	cmag_750	74e05862-a704-4e35-b0df-b1fe07bc87d6	COMPLETED	1606	1606	43:30.686		1	8Gn	2026-10-03T00:07:51	2026-10-03T00:34:37	mjolnircomp11fl	218238976
45825479	kegg	cmag_017	74e05862-a704-4e35-b0df-b1fe07bc87d6	COMPLETED	2430	2430	01:12:53		1	8Gn	2026-10-03T00:07:51	2026-10-03T00:48:21	mjolnircomp11fl	917701632
45825480	pfam	cmag_017	74e05862-a704-4e35-b0df-b1fe07bc87d6	COMPLETED	1082	1082	30:52.348		1	8Gn	2026-10-03T00:07:51	2026-10-03T00:25:53	mjolnircomp04fl	229003264
45825481	tigrfam	cmag_744	74e05862-a704-4e35-b0df-b1fe07bc87d6	COMPLETED	125	125	03:08.094		1	16Gn	2026-10-03T00:08:21	2026-10-03T00:10:26	mjolnircomp14fl	409949184
45825482	cazy	cmag_640	74e05862-a704-4e35-b0df-b1fe07bc87d6	COMPLETED	27	27	00:23.440		1	8Gn	2026-10-03T00:07:51	2026-10-03T00:08:18	mjolnircomp15fl	815104
45825483	merge_gene_annotations	cmag_760	74e05862-a704-4e35-b0df-b1fe07bc87d6	COMPLETED	16	16	00:11.306		1	8Gn	2026-10-03T00:08:21	2026-10-03T00:08:37	mjolnircomp16fl	814080
45825484	kegg	cmag_065	74e05862-a704-4e35-b0df-b1fe07bc87d6	COMPLETED	2354	2354	01:09:36		1	16Gn	2026-10-03T00:08:21	2026-10-03T00:47:35	mjolnircomp07fl	967564288
45825491	kegg	cmag_314	74e05862-a704-4e35-b0df-b1fe07bc87d6	COMPLETED	3534	3534	01:45:21		1	10104Mn	2026-10-03T00:08:51	2026-10-03T01:07:45	mjolnircomp03fl	870025216
45825492	kegg	cmag_750	74e05862-a704-4e35-b0df-b1fe07bc87d6	COMPLETED	2463	2463	01:14:55		1	8Gn	2026-10-03T00:08:51	2026-10-03T00:49:54	mjolnircomp07fl	1072503808
45825493	cazy	cmag_645	74e05862-a704-4e35-b0df-b1fe07bc87d6	COMPLETED	15	15	00:09.792		1	8Gn	2026-10-03T00:08:51	2026-10-03T00:09:06	mjolnircomp13fl	808960
45825494	cazy	cmag_648	74e05862-a704-4e35-b0df-b1fe07bc87d6	COMPLETED	17	17	00:12.507		1	8Gn	2026-10-03T00:08:51	2026-10-03T00:09:08	mjolnircomp02fl	807936
45825495	merge_gene_annotations	cmag_715	74e05862-a704-4e35-b0df-b1fe07bc87d6	COMPLETED	31	31	00:25.279		1	8Gn	2026-10-03T00:08:51	2026-10-03T00:09:22	mjolnirgpu01fl	78319616
45825496	cazy	cmag_744	74e05862-a704-4e35-b0df-b1fe07bc87d6	COMPLETED	16	16	00:11.166		1	8Gn	2026-10-03T00:08:51	2026-10-03T00:09:07	mjolnircomp02fl	808960
45825509	merge_gene_annotations	cmag_793	74e05862-a704-4e35-b0df-b1fe07bc87d6	COMPLETED	26	26	00:20.239		1	8Gn	2026-10-03T00:09:21	2026-10-03T00:09:47	mjolnirgpu02fl	825344
45825510	kegg	cmag_699	74e05862-a704-4e35-b0df-b1fe07bc87d6	COMPLETED	1460	1460	43:26.066		1	8Gn	2026-10-03T00:09:21	2026-10-03T00:33:41	mjolnircomp16fl	721767424
45825511	merge_gene_annotations	cmag_775	74e05862-a704-4e35-b0df-b1fe07bc87d6	COMPLETED	19	19	00:14.421		1	8Gn	2026-10-03T00:09:21	2026-10-03T00:09:40	mjolnircomp16fl	805888
45825512	tigrfam	cmag_075	74e05862-a704-4e35-b0df-b1fe07bc87d6	COMPLETED	201	201	05:25.989		1	16Gn	2026-10-03T00:09:21	2026-10-03T00:12:42	mjolnircomp16fl	339368960
45825513	prodigal	cmag_333	74e05862-a704-4e35-b0df-b1fe07bc87d6	COMPLETED	6	6	00:03.985		1	2469Mn	2026-10-03T00:09:21	2026-10-03T00:09:27	mjolnircomp13fl	815104
45825514	tigrfam	cmag_093	74e05862-a704-4e35-b0df-b1fe07bc87d6	COMPLETED	196	196	05:00.278		1	16Gn	2026-10-03T00:09:21	2026-10-03T00:12:37	mjolnircomp02fl	334444544
45825526	cazy	cmag_111	74e05862-a704-4e35-b0df-b1fe07bc87d6	COMPLETED	17	17	00:11.933		1	8Gn	2026-10-03T00:09:51	2026-10-03T00:10:08	mjolnircomp10fl	842752
45825527	tigrfam	cmag_750	74e05862-a704-4e35-b0df-b1fe07bc87d6	COMPLETED	290	290	07:54.786		1	16Gn	2026-10-03T00:09:51	2026-10-03T00:14:41	mjolnircomp16fl	420192256
45825528	tigrfam	cmag_017	74e05862-a704-4e35-b0df-b1fe07bc87d6	COMPLETED	367	367	09:36.231		1	16Gn	2026-10-03T00:09:51	2026-10-03T00:15:58	mjolnirgpu01fl	335608832
45825529	merge_gene_annotations	cmag_073	74e05862-a704-4e35-b0df-b1fe07bc87d6	COMPLETED	20	20	00:15.705		1	8Gn	2026-10-03T00:09:51	2026-10-03T00:10:11	mjolnircomp10fl	834560
45825530	merge_gene_annotations	cmag_006	74e05862-a704-4e35-b0df-b1fe07bc87d6	COMPLETED	25	25	00:20.051		1	8Gn	2026-10-03T00:09:51	2026-10-03T00:10:16	mjolnirgpu02fl	825344
45825531	merge_gene_annotations	cmag_114	74e05862-a704-4e35-b0df-b1fe07bc87d6	COMPLETED	19	19	00:14.503		1	8Gn	2026-10-03T00:09:51	2026-10-03T00:10:10	mjolnircomp02fl	809984
45825532	merge_gene_annotations	cmag_241	74e05862-a704-4e35-b0df-b1fe07bc87d6	COMPLETED	18	18	00:12.964		1	8Gn	2026-10-03T00:09:51	2026-10-03T00:10:09	mjolnircomp14fl	818176
45825533	tigrfam	cmag_663	74e05862-a704-4e35-b0df-b1fe07bc87d6	COMPLETED	206	206	05:18.604		1	16Gn	2026-10-03T00:09:51	2026-10-03T00:13:17	mjolnircomp14fl	364182528
45825534	kegg	cmag_669	74e05862-a704-4e35-b0df-b1fe07bc87d6	COMPLETED	1845	1845	55:13.680		1	8Gn	2026-10-03T00:09:51	2026-10-03T00:40:36	mjolnircomp13fl	982353920
45825535	cazy	cmag_803	74e05862-a704-4e35-b0df-b1fe07bc87d6	COMPLETED	19	19	00:13.689		1	8Gn	2026-10-03T00:09:51	2026-10-03T00:10:10	mjolnircomp10fl	818176
45825536	merge_gene_annotations	cmag_425	74e05862-a704-4e35-b0df-b1fe07bc87d6	COMPLETED	16	16	00:12.177		1	8Gn	2026-10-03T00:09:51	2026-10-03T00:10:07	mjolnircomp11fl	818176
45825538	tigrfam	cmag_642	74e05862-a704-4e35-b0df-b1fe07bc87d6	COMPLETED	108	108	02:44.089		1	16Gn	2026-10-03T00:10:51	2026-10-03T00:12:39	mjolnircomp08fl	330269696
45825539	tigrfam	cmag_100	74e05862-a704-4e35-b0df-b1fe07bc87d6	COMPLETED	194	194	05:05.320		1	16Gn	2026-10-03T00:10:51	2026-10-03T00:14:05	mjolnircomp14fl	388468736
45825540	tigrfam	cmag_701	74e05862-a704-4e35-b0df-b1fe07bc87d6	COMPLETED	295	295	07:42.421		1	16Gn	2026-10-03T00:10:51	2026-10-03T00:15:46	mjolnirgpu01fl	345937920
45825541	prodigal	cmag_526	74e05862-a704-4e35-b0df-b1fe07bc87d6	COMPLETED	6	6	00:03.325		1	2261Mn	2026-10-03T00:10:51	2026-10-03T00:10:57	mjolnircomp15fl	821248
45825542	tigrfam	cmag_104	74e05862-a704-4e35-b0df-b1fe07bc87d6	COMPLETED	286	286	07:31.631		1	16Gn	2026-10-03T00:10:51	2026-10-03T00:15:37	mjolnirgpu01fl	366316544
45825543	pfam	cmag_266	74e05862-a704-4e35-b0df-b1fe07bc87d6	COMPLETED	1137	1137	29:58.195		1	8Gn	2026-10-03T00:10:51	2026-10-03T00:29:48	mjolnircomp02fl	228187136
45825544	tigrfam	cmag_322	74e05862-a704-4e35-b0df-b1fe07bc87d6	COMPLETED	180	180	04:34.992		1	16Gn	2026-10-03T00:10:51	2026-10-03T00:13:51	mjolnircomp14fl	326678528
45825545	tigrfam	cmag_431	74e05862-a704-4e35-b0df-b1fe07bc87d6	COMPLETED	298	298	07:11.257		1	16Gn	2026-10-03T00:10:51	2026-10-03T00:15:49	mjolnirgpu02fl	331600896
45825547	merge_gene_annotations	cmag_163	74e05862-a704-4e35-b0df-b1fe07bc87d6	COMPLETED	23	23	00:16.324		1	8Gn	2026-10-03T00:10:51	2026-10-03T00:11:14	mjolnirgpu02fl	822272
45825549	cazy	cmag_403	74e05862-a704-4e35-b0df-b1fe07bc87d6	COMPLETED	18	18	00:13.481		1	8Gn	2026-10-03T00:10:51	2026-10-03T00:11:09	mjolnircomp15fl	817152
45825551	merge_gene_annotations	cmag_685	74e05862-a704-4e35-b0df-b1fe07bc87d6	COMPLETED	22	22	00:16.678		1	8Gn	2026-10-03T00:10:51	2026-10-03T00:11:13	mjolnircomp12fl	855040
45825553	pfam	cmag_160	74e05862-a704-4e35-b0df-b1fe07bc87d6	COMPLETED	1419	1419	38:15.342		1	8Gn	2026-10-03T00:10:51	2026-10-03T00:34:30	mjolnircomp11fl	230938624
45825565	prodigal	cmag_464	74e05862-a704-4e35-b0df-b1fe07bc87d6	COMPLETED	10	10	00:07.020		1	2411Mn	2026-10-03T00:11:21	2026-10-03T00:11:31	mjolnirgpu02fl	827392
45825566	merge_gene_annotations	cmag_252	74e05862-a704-4e35-b0df-b1fe07bc87d6	COMPLETED	22	22	00:16.311		1	8Gn	2026-10-03T00:11:21	2026-10-03T00:11:43	mjolnircomp03fl	822272
45825567	tigrfam	cmag_059	74e05862-a704-4e35-b0df-b1fe07bc87d6	COMPLETED	180	180	04:44.866		1	16Gn	2026-10-03T00:11:21	2026-10-03T00:14:21	mjolnircomp16fl	330212352
45825568	merge_gene_annotations	cmag_046	74e05862-a704-4e35-b0df-b1fe07bc87d6	COMPLETED	29	29	00:23.595		1	8Gn	2026-10-03T00:11:21	2026-10-03T00:11:50	mjolnirgpu02fl	825344
45825580	cazy	cmag_045	74e05862-a704-4e35-b0df-b1fe07bc87d6	COMPLETED	19	19	00:14.650		1	8Gn	2026-10-03T00:12:21	2026-10-03T00:12:40	mjolnircomp15fl	815104
45825581	tigrfam	cmag_544	74e05862-a704-4e35-b0df-b1fe07bc87d6	COMPLETED	366	366	09:10.999		1	16Gn	2026-10-03T00:12:21	2026-10-03T00:18:27	mjolnirgpu02fl	364798976
45825582	merge_gene_annotations	cmag_210	74e05862-a704-4e35-b0df-b1fe07bc87d6	COMPLETED	27	27	00:20.835		1	8Gn	2026-10-03T00:12:21	2026-10-03T00:12:48	mjolnirgpu02fl	826368
45825583	ncbifam	cmag_030	74e05862-a704-4e35-b0df-b1fe07bc87d6	COMPLETED	707	707	20:07.620		1	16Gn	2026-10-03T00:12:21	2026-10-03T00:24:08	mjolnircomp14fl	459253760
45825584	prodigal	cmag_621	74e05862-a704-4e35-b0df-b1fe07bc87d6	COMPLETED	8	8	00:04.934		1	3472Mn	2026-10-03T00:12:21	2026-10-03T00:12:29	mjolnircomp15fl	818176
45825585	ncbifam	cmag_344	74e05862-a704-4e35-b0df-b1fe07bc87d6	COMPLETED	927	927	26:39.815		1	16Gn	2026-10-03T00:12:21	2026-10-03T00:27:48	mjolnircomp10fl	419748864
45825586	merge_gene_annotations	cmag_037	74e05862-a704-4e35-b0df-b1fe07bc87d6	COMPLETED	19	19	00:13.054		1	8Gn	2026-10-03T00:12:21	2026-10-03T00:12:40	mjolnircomp14fl	818176
45825597	kegg	cmag_582	74e05862-a704-4e35-b0df-b1fe07bc87d6	COMPLETED	643	643	17:18.204		1	8Gn	2026-10-03T00:12:52	2026-10-03T00:23:35	mjolnircomp08fl	566365184
45825598	pfam	cmag_782	74e05862-a704-4e35-b0df-b1fe07bc87d6	COMPLETED	1110	1110	30:23.138		1	8Gn	2026-10-03T00:12:52	2026-10-03T00:31:22	mjolnirgpu02fl	233251840
45825609	ncbifam	cmag_698	74e05862-a704-4e35-b0df-b1fe07bc87d6	COMPLETED	889	889	26:02.271		1	16Gn	2026-10-03T00:13:22	2026-10-03T00:28:11	mjolnircomp01fl	353054720
45825610	pfam	cmag_662	74e05862-a704-4e35-b0df-b1fe07bc87d6	COMPLETED	371	371	10:15.123		1	8Gn	2026-10-03T00:13:22	2026-10-03T00:19:33	mjolnircomp03fl	258249728
45825611	merge_gene_annotations	cmag_121	74e05862-a704-4e35-b0df-b1fe07bc87d6	COMPLETED	17	17	00:12.766		1	8Gn	2026-10-03T00:13:22	2026-10-03T00:13:39	mjolnircomp07fl	819200
45825612	merge_gene_annotations	cmag_245	74e05862-a704-4e35-b0df-b1fe07bc87d6	COMPLETED	17	17	00:12.627		1	8Gn	2026-10-03T00:13:22	2026-10-03T00:13:39	mjolnircomp09fl	845824
45825613	ncbifam	cmag_469	74e05862-a704-4e35-b0df-b1fe07bc87d6	COMPLETED	1420	1420	41:08.519		1	16Gn	2026-10-03T00:13:22	2026-10-03T00:37:02	mjolnircomp12fl	464299008
45825614	kegg	cmag_807	74e05862-a704-4e35-b0df-b1fe07bc87d6	COMPLETED	634	634	18:27.962		1	8Gn	2026-10-03T00:13:22	2026-10-03T00:23:56	mjolnircomp11fl	870772736
45825615	cazy	cmag_621	74e05862-a704-4e35-b0df-b1fe07bc87d6	COMPLETED	21	21	00:15.219		1	8Gn	2026-10-03T00:13:22	2026-10-03T00:13:43	mjolnircomp03fl	802816
45825616	kegg	cmag_621	74e05862-a704-4e35-b0df-b1fe07bc87d6	COMPLETED	1862	1862	54:38.336		1	8Gn	2026-10-03T00:13:22	2026-10-03T00:44:24	mjolnircomp11fl	787246080
45825617	kegg	cmag_526	74e05862-a704-4e35-b0df-b1fe07bc87d6	COMPLETED	1367	1367	40:00.177		1	8Gn	2026-10-03T00:13:22	2026-10-03T00:36:09	mjolnircomp11fl	877805568
45825618	merge_gene_annotations	cmag_403	74e05862-a704-4e35-b0df-b1fe07bc87d6	COMPLETED	21	21	00:16.616		1	8Gn	2026-10-03T00:13:22	2026-10-03T00:13:43	mjolnircomp16fl	805888
45825634	tigrfam	cmag_699	74e05862-a704-4e35-b0df-b1fe07bc87d6	COMPLETED	156	156	04:11.759		1	16Gn	2026-10-03T00:14:22	2026-10-03T00:16:58	mjolnircomp07fl	381529088
45825635	cazy	cmag_254	74e05862-a704-4e35-b0df-b1fe07bc87d6	COMPLETED	33	33	00:28.561		1	8Gn	2026-10-03T00:14:22	2026-10-03T00:14:55	mjolnircomp03fl	78089216
45825636	merge_gene_annotations	cmag_271	74e05862-a704-4e35-b0df-b1fe07bc87d6	COMPLETED	19	19	00:14.117		1	8Gn	2026-10-03T00:14:22	2026-10-03T00:14:41	mjolnircomp09fl	824320
45825637	merge_gene_annotations	cmag_193	74e05862-a704-4e35-b0df-b1fe07bc87d6	COMPLETED	20	20	00:15.546		1	8Gn	2026-10-03T00:14:22	2026-10-03T00:14:42	mjolnircomp11fl	813056
45825638	ncbifam	cmag_420	74e05862-a704-4e35-b0df-b1fe07bc87d6	COMPLETED	837	837	24:10.812		1	16Gn	2026-10-03T00:14:22	2026-10-03T00:28:19	mjolnircomp12fl	400857088
45825639	kegg	cmag_221	74e05862-a704-4e35-b0df-b1fe07bc87d6	COMPLETED	1952	1952	57:05.937		1	8Gn	2026-10-03T00:14:22	2026-10-03T00:46:54	mjolnircomp14fl	828724224
45825649	ncbifam	cmag_217	74e05862-a704-4e35-b0df-b1fe07bc87d6	COMPLETED	500	500	13:41.891		1	16Gn	2026-10-03T00:14:52	2026-10-03T00:23:12	mjolnircomp07fl	376221696
45825650	cazy	cmag_492	74e05862-a704-4e35-b0df-b1fe07bc87d6	COMPLETED	19	19	00:15.110		1	8Gn	2026-10-03T00:14:52	2026-10-03T00:15:11	mjolnircomp03fl	813056
45825651	kegg	cmag_642	74e05862-a704-4e35-b0df-b1fe07bc87d6	COMPLETED	875	875	25:16.502		1	8Gn	2026-10-03T00:14:52	2026-10-03T00:29:27	mjolnircomp13fl	1024740352
45825652	kegg	cmag_266	74e05862-a704-4e35-b0df-b1fe07bc87d6	COMPLETED	2010	2010	58:28.370		1	8Gn	2026-10-03T00:14:52	2026-10-03T00:48:22	mjolnircomp11fl	1471438848
45825653	ncbifam	cmag_134	74e05862-a704-4e35-b0df-b1fe07bc87d6	COMPLETED	568	568	16:32.427		1	16Gn	2026-10-03T00:14:52	2026-10-03T00:24:20	mjolnircomp09fl	484706304
45825668	pfam	cmag_415	74e05862-a704-4e35-b0df-b1fe07bc87d6	COMPLETED	1146	1146	30:53.701		1	8Gn	2026-10-03T00:15:22	2026-10-03T00:34:28	mjolnircomp14fl	259592192
45825669	tigrfam	cmag_446	74e05862-a704-4e35-b0df-b1fe07bc87d6	COMPLETED	375	375	09:19.497		1	16Gn	2026-10-03T00:15:22	2026-10-03T00:21:37	mjolnirgpu02fl	318314496
45825670	tigrfam	cmag_694	74e05862-a704-4e35-b0df-b1fe07bc87d6	COMPLETED	410	410	10:28.727		1	16Gn	2026-10-03T00:15:22	2026-10-03T00:22:12	mjolnirgpu02fl	282349568
45825671	kegg	cmag_604	74e05862-a704-4e35-b0df-b1fe07bc87d6	COMPLETED	2537	2537	01:14:44		1	16Gn	2026-10-03T00:15:22	2026-10-03T00:57:39	mjolnircomp16fl	969872384
45825672	merge_gene_annotations	cmag_020	74e05862-a704-4e35-b0df-b1fe07bc87d6	COMPLETED	20	20	00:15.560		1	8Gn	2026-10-03T00:15:22	2026-10-03T00:15:42	mjolnircomp03fl	814080
45825673	ncbifam	cmag_800	74e05862-a704-4e35-b0df-b1fe07bc87d6	COMPLETED	772	772	20:57.987		1	16Gn	2026-10-03T00:15:22	2026-10-03T00:28:14	mjolnircomp03fl	417100800
45825674	merge_gene_annotations	cmag_790	74e05862-a704-4e35-b0df-b1fe07bc87d6	COMPLETED	19	19	00:14.318		1	8Gn	2026-10-03T00:15:22	2026-10-03T00:15:41	mjolnircomp16fl	808960
45825685	pfam	cmag_743	74e05862-a704-4e35-b0df-b1fe07bc87d6	COMPLETED	980	980	25:12.664		1	8Gn	2026-10-03T00:16:22	2026-10-03T00:32:42	mjolnircomp14fl	269406208
45825686	pfam	cmag_359	74e05862-a704-4e35-b0df-b1fe07bc87d6	COMPLETED	734	734	17:53.839		1	8Gn	2026-10-03T00:16:22	2026-10-03T00:28:36	mjolnircomp14fl	235168768
45825687	merge_gene_annotations	cmag_818	74e05862-a704-4e35-b0df-b1fe07bc87d6	COMPLETED	17	17	00:11.382		1	8Gn	2026-10-03T00:16:22	2026-10-03T00:16:39	mjolnircomp08fl	822272
45825688	cazy	cmag_319	74e05862-a704-4e35-b0df-b1fe07bc87d6	COMPLETED	14	14	00:09.042		1	8Gn	2026-10-03T00:16:22	2026-10-03T00:16:36	mjolnircomp13fl	804864
45825689	ncbifam	cmag_254	74e05862-a704-4e35-b0df-b1fe07bc87d6	COMPLETED	1428	1428	40:58.256		1	16Gn	2026-10-03T00:16:22	2026-10-03T00:40:10	mjolnirgpu01fl	401745920
45825690	kegg	cmag_327	74e05862-a704-4e35-b0df-b1fe07bc87d6	COMPLETED	1311	1311	36:26.454		1	8Gn	2026-10-03T00:16:22	2026-10-03T00:38:13	mjolnircomp14fl	892496896
45825691	ncbifam	cmag_185	74e05862-a704-4e35-b0df-b1fe07bc87d6	COMPLETED	1242	1242	34:52.514		1	16Gn	2026-10-03T00:16:22	2026-10-03T00:37:04	mjolnirgpu01fl	380304384
45825692	prodigal	cmag_095	74e05862-a704-4e35-b0df-b1fe07bc87d6	COMPLETED	7	7	00:04.305		1	2993Mn	2026-10-03T00:16:22	2026-10-03T00:16:29	mjolnircomp13fl	814080
45825693	merge_gene_annotations	cmag_197	74e05862-a704-4e35-b0df-b1fe07bc87d6	COMPLETED	23	23	00:18.400		1	8Gn	2026-10-03T00:16:22	2026-10-03T00:16:45	mjolnirgpu02fl	821248
45825694	merge_gene_annotations	cmag_431	74e05862-a704-4e35-b0df-b1fe07bc87d6	COMPLETED	21	21	00:16.234		1	8Gn	2026-10-03T00:16:22	2026-10-03T00:16:43	mjolnirgpu03fl	830464
45825695	ncbifam	cmag_043	74e05862-a704-4e35-b0df-b1fe07bc87d6	COMPLETED	857	857	22:41.943		1	16Gn	2026-10-03T00:16:22	2026-10-03T00:30:39	mjolnirgpu03fl	388192256
45825696	cazy	cmag_519	74e05862-a704-4e35-b0df-b1fe07bc87d6	COMPLETED	15	15	00:11.050		1	8Gn	2026-10-03T00:16:22	2026-10-03T00:16:37	mjolnircomp13fl	808960
45825697	merge_gene_annotations	cmag_416	74e05862-a704-4e35-b0df-b1fe07bc87d6	COMPLETED	19	19	00:14.440		1	8Gn	2026-10-03T00:16:22	2026-10-03T00:16:41	mjolnircomp04fl	857088
45825702	merge_gene_annotations	cmag_131	74e05862-a704-4e35-b0df-b1fe07bc87d6	COMPLETED	13	13	00:09.020		1	8Gn	2026-10-03T00:16:52	2026-10-03T00:17:05	mjolnircomp02fl	799744
45825703	ncbifam	cmag_095	74e05862-a704-4e35-b0df-b1fe07bc87d6	COMPLETED	867	867	24:01.182		1	16Gn	2026-10-03T00:16:52	2026-10-03T00:31:19	mjolnircomp03fl	328682496
45825704	cazy	cmag_095	74e05862-a704-4e35-b0df-b1fe07bc87d6	COMPLETED	18	18	00:14.103		1	8Gn	2026-10-03T00:16:52	2026-10-03T00:17:10	mjolnircomp02fl	808960
45825705	pfam	cmag_095	74e05862-a704-4e35-b0df-b1fe07bc87d6	COMPLETED	931	931	25:31.765		1	8Gn	2026-10-03T00:16:52	2026-10-03T00:32:23	mjolnircomp02fl	230821888
45825706	kegg	cmag_095	74e05862-a704-4e35-b0df-b1fe07bc87d6	COMPLETED	1838	1838	53:23.514		1	8Gn	2026-10-03T00:16:52	2026-10-03T00:47:30	mjolnircomp08fl	881510400
45825707	ncbifam	cmag_065	74e05862-a704-4e35-b0df-b1fe07bc87d6	COMPLETED	1146	1146	33:12.149		1	16Gn	2026-10-03T00:16:52	2026-10-03T00:35:58	mjolnircomp08fl	341166080
45825708	prodigal	cmag_756	74e05862-a704-4e35-b0df-b1fe07bc87d6	COMPLETED	6	6	00:03.280		1	1538Mn	2026-10-03T00:16:52	2026-10-03T00:16:58	mjolnirgpu03fl	831488
45825720	merge_gene_annotations	cmag_819	74e05862-a704-4e35-b0df-b1fe07bc87d6	COMPLETED	17	17	00:11.589		1	8Gn	2026-10-03T00:17:22	2026-10-03T00:17:39	mjolnircomp08fl	816128
45825721	tigrfam	cmag_595	74e05862-a704-4e35-b0df-b1fe07bc87d6	COMPLETED	116	116	02:56.279		1	16Gn	2026-10-03T00:17:22	2026-10-03T00:19:18	mjolnircomp02fl	373671936
45825722	pfam	cmag_079	74e05862-a704-4e35-b0df-b1fe07bc87d6	COMPLETED	776	776	21:31.832		1	8Gn	2026-10-03T00:17:22	2026-10-03T00:30:18	mjolnircomp13fl	187449344
45825723	merge_gene_annotations	cmag_704	74e05862-a704-4e35-b0df-b1fe07bc87d6	COMPLETED	20	20	00:14.381		1	8Gn	2026-10-03T00:17:22	2026-10-03T00:17:42	mjolnircomp16fl	811008
45825724	tigrfam	cmag_095	74e05862-a704-4e35-b0df-b1fe07bc87d6	COMPLETED	249	249	06:05.773		1	16Gn	2026-10-03T00:17:22	2026-10-03T00:21:31	mjolnirgpu03fl	293659648
45825725	merge_gene_annotations	cmag_169	74e05862-a704-4e35-b0df-b1fe07bc87d6	COMPLETED	15	15	00:11.201		1	8Gn	2026-10-03T00:17:22	2026-10-03T00:17:37	mjolnircomp02fl	801792
45825726	merge_gene_annotations	cmag_133	74e05862-a704-4e35-b0df-b1fe07bc87d6	COMPLETED	24	24	00:18.696		1	8Gn	2026-10-03T00:17:22	2026-10-03T00:17:46	mjolnirgpu02fl	819200
45825727	pfam	cmag_064	74e05862-a704-4e35-b0df-b1fe07bc87d6	COMPLETED	975	975	27:38.270		1	8Gn	2026-10-03T00:17:22	2026-10-03T00:33:37	mjolnircomp13fl	239466496
45825728	pfam	cmag_578	74e05862-a704-4e35-b0df-b1fe07bc87d6	COMPLETED	739	739	19:12.009		1	8Gn	2026-10-03T00:17:22	2026-10-03T00:29:41	mjolnircomp14fl	224662528
45825729	merge_gene_annotations	cmag_650	74e05862-a704-4e35-b0df-b1fe07bc87d6	COMPLETED	15	15	00:10.013		1	8Gn	2026-10-03T00:17:22	2026-10-03T00:17:37	mjolnircomp14fl	806912
45825730	ncbifam	cmag_326	74e05862-a704-4e35-b0df-b1fe07bc87d6	COMPLETED	1129	1129	30:50.639		1	16Gn	2026-10-03T00:17:22	2026-10-03T00:36:11	mjolnircomp16fl	422751232
45825731	pfam	cmag_084	74e05862-a704-4e35-b0df-b1fe07bc87d6	COMPLETED	827	827	21:33.410		1	8Gn	2026-10-03T00:17:22	2026-10-03T00:31:09	mjolnircomp14fl	239521792
45825740	kegg	cmag_756	74e05862-a704-4e35-b0df-b1fe07bc87d6	COMPLETED	1154	1154	32:45.603		1	8Gn	2026-10-03T00:18:22	2026-10-03T00:37:36	mjolnircomp08fl	1122512896
45825741	prodigal	cmag_683	74e05862-a704-4e35-b0df-b1fe07bc87d6	COMPLETED	6	6	00:03.651		1	2391Mn	2026-10-03T00:18:22	2026-10-03T00:18:28	mjolnircomp13fl	807936
45825742	pfam	cmag_355	74e05862-a704-4e35-b0df-b1fe07bc87d6	COMPLETED	780	780	22:02.393		1	8Gn	2026-10-03T00:18:22	2026-10-03T00:31:22	mjolnircomp15fl	274626560
45825743	cazy	cmag_779	74e05862-a704-4e35-b0df-b1fe07bc87d6	COMPLETED	25	25	00:18.705		1	8Gn	2026-10-03T00:18:22	2026-10-03T00:18:47	mjolnircomp06fl	816128
45825744	cazy	cmag_725	74e05862-a704-4e35-b0df-b1fe07bc87d6	COMPLETED	30	30	00:23.600		1	8Gn	2026-10-03T00:18:22	2026-10-03T00:18:52	mjolnircomp06fl	809984
45825745	pfam	cmag_529	74e05862-a704-4e35-b0df-b1fe07bc87d6	COMPLETED	1096	1096	29:07.338		1	8Gn	2026-10-03T00:18:22	2026-10-03T00:36:38	mjolnircomp05fl	219662336
45825746	pfam	cmag_823	74e05862-a704-4e35-b0df-b1fe07bc87d6	COMPLETED	959	959	25:00.179		1	8Gn	2026-10-03T00:18:22	2026-10-03T00:34:21	mjolnircomp02fl	197739520
45825757	kegg	cmag_113	74e05862-a704-4e35-b0df-b1fe07bc87d6	COMPLETED	2216	2216	54:18.064		1	8Gn	2026-10-03T00:18:52	2026-10-03T00:55:48	mjolnircomp02fl	1008488448
45825758	cazy	cmag_396	74e05862-a704-4e35-b0df-b1fe07bc87d6	COMPLETED	18	18	00:12.624		1	8Gn	2026-10-03T00:18:52	2026-10-03T00:19:10	mjolnircomp14fl	807936
45825759	merge_gene_annotations	cmag_215	74e05862-a704-4e35-b0df-b1fe07bc87d6	COMPLETED	14	14	00:09.730		1	8Gn	2026-10-03T00:18:52	2026-10-03T00:19:06	mjolnircomp07fl	823296
45825760	cazy	cmag_463	74e05862-a704-4e35-b0df-b1fe07bc87d6	COMPLETED	20	20	00:14.708		1	8Gn	2026-10-03T00:18:52	2026-10-03T00:19:12	mjolnircomp08fl	821248
45825761	cazy	cmag_481	74e05862-a704-4e35-b0df-b1fe07bc87d6	COMPLETED	33	33	00:28.019		1	8Gn	2026-10-03T00:18:52	2026-10-03T00:19:25	mjolnircomp07fl	79572992
45825777	pfam	cmag_582	74e05862-a704-4e35-b0df-b1fe07bc87d6	COMPLETED	263	263	07:15.441		1	8Gn	2026-10-03T00:19:22	2026-10-03T00:23:45	mjolnircomp13fl	201875456
45825778	merge_gene_annotations	cmag_725	74e05862-a704-4e35-b0df-b1fe07bc87d6	COMPLETED	18	18	00:13.565		1	8Gn	2026-10-03T00:19:22	2026-10-03T00:19:40	mjolnircomp07fl	820224
45825779	merge_gene_annotations	cmag_139	74e05862-a704-4e35-b0df-b1fe07bc87d6	COMPLETED	16	16	00:11.919		1	8Gn	2026-10-03T00:19:22	2026-10-03T00:19:38	mjolnircomp07fl	824320
45825780	tigrfam	cmag_497	74e05862-a704-4e35-b0df-b1fe07bc87d6	COMPLETED	89	89	02:14.301		1	16Gn	2026-10-03T00:19:22	2026-10-03T00:20:51	mjolnircomp08fl	312420352
45825781	cazy	cmag_360	74e05862-a704-4e35-b0df-b1fe07bc87d6	COMPLETED	18	18	00:12.714		1	8Gn	2026-10-03T00:19:22	2026-10-03T00:19:40	mjolnircomp13fl	811008
45825792	prodigal	cmag_805	74e05862-a704-4e35-b0df-b1fe07bc87d6	COMPLETED	12	12	00:07.486		1	3602Mn	2026-10-03T00:20:22	2026-10-03T00:20:34	mjolnirgpu02fl	818176
45825793	merge_gene_annotations	cmag_702	74e05862-a704-4e35-b0df-b1fe07bc87d6	COMPLETED	21	21	00:15.875		1	8Gn	2026-10-03T00:20:22	2026-10-03T00:20:43	mjolnircomp11fl	804864
45825794	merge_gene_annotations	cmag_173	74e05862-a704-4e35-b0df-b1fe07bc87d6	COMPLETED	20	20	00:14.986		1	8Gn	2026-10-03T00:20:22	2026-10-03T00:20:42	mjolnircomp07fl	825344
45825795	ncbifam	cmag_572	74e05862-a704-4e35-b0df-b1fe07bc87d6	COMPLETED	893	893	23:52.769		1	16Gn	2026-10-03T00:20:22	2026-10-03T00:35:15	mjolnirgpu03fl	356867072
45825796	tigrfam	cmag_359	74e05862-a704-4e35-b0df-b1fe07bc87d6	COMPLETED	162	162	04:11.797		1	16Gn	2026-10-03T00:20:22	2026-10-03T00:23:04	mjolnircomp07fl	442280960
45825797	merge_gene_annotations	cmag_481	74e05862-a704-4e35-b0df-b1fe07bc87d6	COMPLETED	20	20	00:15.678		1	8Gn	2026-10-03T00:20:22	2026-10-03T00:20:42	mjolnircomp07fl	826368
45825811	tigrfam	cmag_434	74e05862-a704-4e35-b0df-b1fe07bc87d6	COMPLETED	147	147	03:49.589		1	16Gn	2026-10-03T00:20:53	2026-10-03T00:23:20	mjolnircomp03fl	403311616
45825812	cazy	cmag_820	74e05862-a704-4e35-b0df-b1fe07bc87d6	COMPLETED	17	17	00:12.494		1	8Gn	2026-10-03T00:20:53	2026-10-03T00:21:10	mjolnirgpu02fl	824320
45825813	kegg	cmag_302	74e05862-a704-4e35-b0df-b1fe07bc87d6	COMPLETED	1018	1018	29:20.686		1	8Gn	2026-10-03T00:20:53	2026-10-03T00:37:51	mjolnircomp11fl	719155200
45825826	pfam	cmag_821	74e05862-a704-4e35-b0df-b1fe07bc87d6	COMPLETED	919	919	25:22.510		1	8Gn	2026-10-03T00:21:23	2026-10-03T00:36:42	mjolnirgpu02fl	216146944
45825827	merge_gene_annotations	cmag_125	74e05862-a704-4e35-b0df-b1fe07bc87d6	COMPLETED	22	22	00:17.576		1	8Gn	2026-10-03T00:21:23	2026-10-03T00:21:45	mjolnirgpu03fl	829440
45825828	cazy	cmag_582	74e05862-a704-4e35-b0df-b1fe07bc87d6	COMPLETED	21	21	00:16.354		1	8Gn	2026-10-03T00:21:23	2026-10-03T00:21:44	mjolnircomp06fl	818176
45825829	pfam	cmag_106	74e05862-a704-4e35-b0df-b1fe07bc87d6	TIMEOUT	1024	1024	29:22.380		1	8Gn	2026-10-03T00:21:23	2026-10-03T00:38:27	mjolnirgpu02fl	194299904
45825830	kegg	cmag_089	74e05862-a704-4e35-b0df-b1fe07bc87d6	COMPLETED	2533	2533	01:03:48		1	8Gn	2026-10-03T00:21:23	2026-10-03T01:03:36	mjolnircomp02fl	1012296704
45825831	tigrfam	cmag_267	74e05862-a704-4e35-b0df-b1fe07bc87d6	COMPLETED	148	148	03:54.699		1	16Gn	2026-10-03T00:21:23	2026-10-03T00:23:51	mjolnircomp07fl	355819520
45825841	cazy	cmag_681	74e05862-a704-4e35-b0df-b1fe07bc87d6	COMPLETED	26	26	00:21.209		1	8Gn	2026-10-03T00:22:23	2026-10-03T00:22:49	mjolnirgpu02fl	821248
45825842	cazy	cmag_683	74e05862-a704-4e35-b0df-b1fe07bc87d6	COMPLETED	29	29	00:24.263		1	8Gn	2026-10-03T00:22:23	2026-10-03T00:22:52	mjolnircomp06fl	809984
45825843	merge_gene_annotations	cmag_143	74e05862-a704-4e35-b0df-b1fe07bc87d6	COMPLETED	18	18	00:14.312		1	8Gn	2026-10-03T00:22:23	2026-10-03T00:22:41	mjolnircomp03fl	811008
45825844	merge_gene_annotations	cmag_664	74e05862-a704-4e35-b0df-b1fe07bc87d6	COMPLETED	18	18	00:12.811		1	8Gn	2026-10-03T00:22:23	2026-10-03T00:22:41	mjolnircomp08fl	804864
45825845	merge_gene_annotations	cmag_763	74e05862-a704-4e35-b0df-b1fe07bc87d6	COMPLETED	16	16	00:11.645		1	8Gn	2026-10-03T00:22:23	2026-10-03T00:22:39	mjolnircomp14fl	805888
45825861	tigrfam	cmag_756	74e05862-a704-4e35-b0df-b1fe07bc87d6	COMPLETED	137	137	03:28.030		1	16Gn	2026-10-03T00:22:53	2026-10-03T00:25:10	mjolnircomp08fl	335667200
45825862	kegg	cmag_528	74e05862-a704-4e35-b0df-b1fe07bc87d6	COMPLETED	1590	1590	43:29.671		1	8Gn	2026-10-03T00:22:53	2026-10-03T00:49:23	mjolnircomp08fl	698313728
45825863	pfam	cmag_223	74e05862-a704-4e35-b0df-b1fe07bc87d6	COMPLETED	856	856	22:35.681		1	8Gn	2026-10-03T00:22:53	2026-10-03T00:37:09	mjolnircomp02fl	201142272
45825878	pfam	cmag_119	74e05862-a704-4e35-b0df-b1fe07bc87d6	TIMEOUT	1384	1384	00:01.547		1	8Gn	2026-10-03T00:23:23	2026-10-03T00:46:27	mjolnirgpu02fl	202587136
45825879	pfam	cmag_604	74e05862-a704-4e35-b0df-b1fe07bc87d6	COMPLETED	1257	1257	33:47.345		1	8Gn	2026-10-03T00:23:23	2026-10-03T00:44:20	mjolnircomp02fl	196667392
45825880	pfam	cmag_663	74e05862-a704-4e35-b0df-b1fe07bc87d6	COMPLETED	627	627	16:55.276		1	8Gn	2026-10-03T00:23:23	2026-10-03T00:33:50	mjolnircomp07fl	257207296
45825881	merge_gene_annotations	cmag_766	74e05862-a704-4e35-b0df-b1fe07bc87d6	COMPLETED	20	20	00:15.604		1	8Gn	2026-10-03T00:23:23	2026-10-03T00:23:43	mjolnircomp11fl	805888
45825882	merge_gene_annotations	cmag_772	74e05862-a704-4e35-b0df-b1fe07bc87d6	COMPLETED	19	19	00:14.505		1	8Gn	2026-10-03T00:23:23	2026-10-03T00:23:42	mjolnircomp03fl	796672
45825883	merge_gene_annotations	cmag_497	74e05862-a704-4e35-b0df-b1fe07bc87d6	COMPLETED	14	14	00:09.929		1	8Gn	2026-10-03T00:23:23	2026-10-03T00:23:37	mjolnircomp07fl	832512
45825884	merge_gene_annotations	cmag_028	74e05862-a704-4e35-b0df-b1fe07bc87d6	COMPLETED	18	18	00:13.459		1	8Gn	2026-10-03T00:23:23	2026-10-03T00:23:41	mjolnircomp03fl	808960
45825885	ncbifam	cmag_393	74e05862-a704-4e35-b0df-b1fe07bc87d6	COMPLETED	897	897	23:56.631		1	16Gn	2026-10-03T00:23:23	2026-10-03T00:38:20	mjolnircomp16fl	392535040
45825886	merge_gene_annotations	cmag_605	74e05862-a704-4e35-b0df-b1fe07bc87d6	COMPLETED	20	20	00:15.198		1	8Gn	2026-10-03T00:23:23	2026-10-03T00:23:43	mjolnircomp16fl	809984
45825897	tigrfam	cmag_333	74e05862-a704-4e35-b0df-b1fe07bc87d6	COMPLETED	170	170	04:31.266		1	16Gn	2026-10-03T00:24:23	2026-10-03T00:27:13	mjolnircomp11fl	347904000
45825898	merge_gene_annotations	cmag_812	74e05862-a704-4e35-b0df-b1fe07bc87d6	COMPLETED	17	17	00:12.516		1	8Gn	2026-10-03T00:24:23	2026-10-03T00:24:40	mjolnircomp14fl	813056
45825899	merge_gene_annotations	cmag_546	74e05862-a704-4e35-b0df-b1fe07bc87d6	COMPLETED	20	20	00:15.269		1	8Gn	2026-10-03T00:24:23	2026-10-03T00:24:43	mjolnircomp03fl	806912
45825900	pfam	cmag_075	74e05862-a704-4e35-b0df-b1fe07bc87d6	COMPLETED	785	785	22:21.244		1	8Gn	2026-10-03T00:24:23	2026-10-03T00:37:28	mjolnircomp01fl	190301184
45825901	cazy	cmag_559	74e05862-a704-4e35-b0df-b1fe07bc87d6	COMPLETED	21	21	00:16.474		1	8Gn	2026-10-03T00:24:23	2026-10-03T00:24:44	mjolnircomp02fl	804864
45825902	cazy	cmag_625	74e05862-a704-4e35-b0df-b1fe07bc87d6	COMPLETED	25	25	00:19.650		1	8Gn	2026-10-03T00:24:23	2026-10-03T00:24:48	mjolnircomp02fl	799744
45825903	cazy	cmag_675	74e05862-a704-4e35-b0df-b1fe07bc87d6	COMPLETED	25	25	00:20.504		1	8Gn	2026-10-03T00:24:23	2026-10-03T00:24:48	mjolnircomp02fl	795648
45825904	merge_gene_annotations	cmag_214	74e05862-a704-4e35-b0df-b1fe07bc87d6	COMPLETED	18	18	00:13.785		1	8Gn	2026-10-03T00:24:23	2026-10-03T00:24:41	mjolnircomp03fl	809984
45825905	merge_gene_annotations	cmag_506	74e05862-a704-4e35-b0df-b1fe07bc87d6	COMPLETED	17	17	00:12.385		1	8Gn	2026-10-03T00:24:23	2026-10-03T00:24:40	mjolnircomp01fl	772096
45825906	merge_gene_annotations	cmag_267	74e05862-a704-4e35-b0df-b1fe07bc87d6	COMPLETED	18	18	00:13.305		1	8Gn	2026-10-03T00:24:23	2026-10-03T00:24:41	mjolnircomp01fl	850944
45825907	merge_gene_annotations	cmag_807	74e05862-a704-4e35-b0df-b1fe07bc87d6	COMPLETED	14	14	00:09.308		1	8Gn	2026-10-03T00:24:23	2026-10-03T00:24:37	mjolnircomp01fl	845824
45825908	merge_gene_annotations	cmag_595	74e05862-a704-4e35-b0df-b1fe07bc87d6	COMPLETED	29	29	00:23.597		1	8Gn	2026-10-03T00:24:23	2026-10-03T00:24:52	mjolnircomp05fl	814080
45825921	ncbifam	cmag_805	74e05862-a704-4e35-b0df-b1fe07bc87d6	COMPLETED	786	786	22:54.057		1	16Gn	2026-10-03T00:24:53	2026-10-03T00:37:59	mjolnircomp09fl	413957120
45825922	prodigal	cmag_501	74e05862-a704-4e35-b0df-b1fe07bc87d6	COMPLETED	7	7	00:04.681		1	2915Mn	2026-10-03T00:24:53	2026-10-03T00:25:00	mjolnircomp01fl	841728
45825923	ncbifam	cmag_822	74e05862-a704-4e35-b0df-b1fe07bc87d6	COMPLETED	743	743	21:31.708		1	16Gn	2026-10-03T00:24:53	2026-10-03T00:37:16	mjolnircomp09fl	421714944
45825924	ncbifam	cmag_303	74e05862-a704-4e35-b0df-b1fe07bc87d6	COMPLETED	300	300	08:16.451		1	16Gn	2026-10-03T00:24:53	2026-10-03T00:29:53	mjolnircomp07fl	360208384
45825925	tigrfam	cmag_776	74e05862-a704-4e35-b0df-b1fe07bc87d6	COMPLETED	107	107	02:42.354		1	16Gn	2026-10-03T00:24:53	2026-10-03T00:26:40	mjolnircomp07fl	336430080
45825926	merge_gene_annotations	cmag_764	74e05862-a704-4e35-b0df-b1fe07bc87d6	COMPLETED	20	20	00:15.251		1	8Gn	2026-10-03T00:24:53	2026-10-03T00:25:13	mjolnircomp07fl	824320
45825941	merge_gene_annotations	cmag_032	74e05862-a704-4e35-b0df-b1fe07bc87d6	COMPLETED	27	27	00:22.150		1	8Gn	2026-10-03T00:25:23	2026-10-03T00:25:50	mjolnircomp05fl	813056
45825942	ncbifam	cmag_501	74e05862-a704-4e35-b0df-b1fe07bc87d6	COMPLETED	661	661	19:26.408		1	16Gn	2026-10-03T00:25:23	2026-10-03T00:36:24	mjolnircomp01fl	396035072
45825943	cazy	cmag_501	74e05862-a704-4e35-b0df-b1fe07bc87d6	COMPLETED	16	16	00:12.007		1	8Gn	2026-10-03T00:25:23	2026-10-03T00:25:39	mjolnircomp13fl	822272
45825944	cazy	cmag_613	74e05862-a704-4e35-b0df-b1fe07bc87d6	COMPLETED	13	13	00:08.828		1	8Gn	2026-10-03T00:25:23	2026-10-03T00:25:36	mjolnircomp13fl	823296
45825945	tigrfam	cmag_470	74e05862-a704-4e35-b0df-b1fe07bc87d6	COMPLETED	224	224	05:49.280		1	16Gn	2026-10-03T00:25:23	2026-10-03T00:29:07	mjolnircomp07fl	351664128
45825946	tigrfam	cmag_517	74e05862-a704-4e35-b0df-b1fe07bc87d6	COMPLETED	138	138	03:32.306		1	16Gn	2026-10-03T00:25:23	2026-10-03T00:27:41	mjolnircomp08fl	415775744
45825947	tigrfam	cmag_499	74e05862-a704-4e35-b0df-b1fe07bc87d6	COMPLETED	200	200	05:18.631		1	16Gn	2026-10-03T00:25:23	2026-10-03T00:28:43	mjolnircomp03fl	360200192
45825948	merge_gene_annotations	cmag_176	74e05862-a704-4e35-b0df-b1fe07bc87d6	COMPLETED	19	19	00:13.980		1	8Gn	2026-10-03T00:25:23	2026-10-03T00:25:42	mjolnircomp08fl	799744
45825949	kegg	cmag_049	74e05862-a704-4e35-b0df-b1fe07bc87d6	COMPLETED	2329	2329	56:18.669		1	8Gn	2026-10-03T00:25:23	2026-10-03T01:04:12	mjolnircomp02fl	939737088
45825950	ncbifam	cmag_423	74e05862-a704-4e35-b0df-b1fe07bc87d6	COMPLETED	776	776	21:36.347		1	16Gn	2026-10-03T00:25:23	2026-10-03T00:38:19	mjolnircomp03fl	283416576
45825951	kegg	cmag_501	74e05862-a704-4e35-b0df-b1fe07bc87d6	COMPLETED	2398	2398	01:00:14		1	8Gn	2026-10-03T00:25:23	2026-10-03T01:05:21	mjolnircomp02fl	876969984
45825952	pfam	cmag_501	74e05862-a704-4e35-b0df-b1fe07bc87d6	COMPLETED	876	876	23:31.770		1	8Gn	2026-10-03T00:25:23	2026-10-03T00:39:59	mjolnircomp02fl	248082432
45825953	merge_gene_annotations	cmag_803	74e05862-a704-4e35-b0df-b1fe07bc87d6	COMPLETED	18	18	00:13.088		1	8Gn	2026-10-03T00:25:23	2026-10-03T00:25:41	mjolnircomp03fl	808960
45825954	tigrfam	cmag_501	74e05862-a704-4e35-b0df-b1fe07bc87d6	COMPLETED	196	196	05:11.057		1	16Gn	2026-10-03T00:25:23	2026-10-03T00:28:39	mjolnircomp03fl	420893696
45825968	merge_gene_annotations	cmag_182	74e05862-a704-4e35-b0df-b1fe07bc87d6	COMPLETED	18	18	00:13.412		1	8Gn	2026-10-03T00:26:23	2026-10-03T00:26:41	mjolnircomp01fl	841728
45825969	tigrfam	cmag_489	74e05862-a704-4e35-b0df-b1fe07bc87d6	COMPLETED	158	158	04:17.961		1	16Gn	2026-10-03T00:26:23	2026-10-03T00:29:01	mjolnircomp01fl	396115968
45825970	prodigal	cmag_768	74e05862-a704-4e35-b0df-b1fe07bc87d6	COMPLETED	13	13	00:10.637		1	4115Mn	2026-10-03T00:26:23	2026-10-03T00:26:36	mjolnircomp05fl	801792
45825971	prodigal	cmag_445	74e05862-a704-4e35-b0df-b1fe07bc87d6	COMPLETED	24	24	00:20.881		1	4114Mn	2026-10-03T00:26:23	2026-10-03T00:26:47	mjolnircomp05fl	820224
45825972	pfam	cmag_332	74e05862-a704-4e35-b0df-b1fe07bc87d6	COMPLETED	1245	1245	33:31.715		1	8Gn	2026-10-03T00:26:23	2026-10-03T00:47:08	mjolnircomp05fl	238496768
45825973	pfam	cmag_330	74e05862-a704-4e35-b0df-b1fe07bc87d6	COMPLETED	1459	1459	39:21.225		1	8Gn	2026-10-03T00:26:23	2026-10-03T00:50:42	mjolnircomp05fl	223873024
45825974	merge_gene_annotations	cmag_187	74e05862-a704-4e35-b0df-b1fe07bc87d6	COMPLETED	18	18	00:13.895		1	8Gn	2026-10-03T00:26:23	2026-10-03T00:26:41	mjolnircomp07fl	821248
45825975	merge_gene_annotations	cmag_593	74e05862-a704-4e35-b0df-b1fe07bc87d6	COMPLETED	17	17	00:12.996		1	8Gn	2026-10-03T00:26:23	2026-10-03T00:26:40	mjolnircomp07fl	821248
45825991	pfam	cmag_219	74e05862-a704-4e35-b0df-b1fe07bc87d6	COMPLETED	1559	1559	41:37.500		1	8Gn	2026-10-03T00:26:53	2026-10-03T00:52:52	mjolnircomp14fl	285263872
45825998	tigrfam	cmag_012	74e05862-a704-4e35-b0df-b1fe07bc87d6	COMPLETED	158	158	04:15.652		1	16Gn	2026-10-03T00:27:23	2026-10-03T00:30:01	mjolnircomp01fl	321356800
45825999	ncbifam	cmag_768	74e05862-a704-4e35-b0df-b1fe07bc87d6	COMPLETED	1081	1081	30:42.614		1	16Gn	2026-10-03T00:27:23	2026-10-03T00:45:24	mjolnirgpu01fl	394404864
45826000	ncbifam	cmag_445	74e05862-a704-4e35-b0df-b1fe07bc87d6	COMPLETED	1154	1154	32:22.824		1	16Gn	2026-10-03T00:27:23	2026-10-03T00:46:37	mjolnirgpu01fl	405862400
45826001	pfam	cmag_768	74e05862-a704-4e35-b0df-b1fe07bc87d6	COMPLETED	1194	1194	30:52.864		1	8Gn	2026-10-03T00:27:23	2026-10-03T00:47:17	mjolnircomp02fl	210350080
45826002	pfam	cmag_445	74e05862-a704-4e35-b0df-b1fe07bc87d6	COMPLETED	1197	1197	32:33.762		1	8Gn	2026-10-03T00:27:23	2026-10-03T00:47:20	mjolnircomp03fl	218462208
45826003	merge_gene_annotations	cmag_107	74e05862-a704-4e35-b0df-b1fe07bc87d6	COMPLETED	14	14	00:09.285		1	8Gn	2026-10-03T00:27:23	2026-10-03T00:27:37	mjolnircomp07fl	824320
45826004	prodigal	cmag_461	74e05862-a704-4e35-b0df-b1fe07bc87d6	COMPLETED	10	10	00:07.222		1	2544Mn	2026-10-03T00:27:23	2026-10-03T00:27:33	mjolnirgpu02fl	822272
45826016	cazy	cmag_678	74e05862-a704-4e35-b0df-b1fe07bc87d6	COMPLETED	18	18	00:13.053		1	8Gn	2026-10-03T00:28:23	2026-10-03T00:28:41	mjolnircomp07fl	822272
45826017	merge_gene_annotations	cmag_710	74e05862-a704-4e35-b0df-b1fe07bc87d6	COMPLETED	19	19	00:14.119		1	8Gn	2026-10-03T00:28:23	2026-10-03T00:28:42	mjolnircomp01fl	829440
45826018	merge_gene_annotations	cmag_344	74e05862-a704-4e35-b0df-b1fe07bc87d6	COMPLETED	21	21	00:15.515		1	8Gn	2026-10-03T00:28:23	2026-10-03T00:28:44	mjolnircomp10fl	836608
45826019	cazy	cmag_768	74e05862-a704-4e35-b0df-b1fe07bc87d6	COMPLETED	28	28	00:23.098		1	8Gn	2026-10-03T00:28:23	2026-10-03T00:28:51	mjolnircomp07fl	817152
45826020	pfam	cmag_461	74e05862-a704-4e35-b0df-b1fe07bc87d6	COMPLETED	1188	1188	31:23.631		1	8Gn	2026-10-03T00:28:23	2026-10-03T00:48:11	mjolnircomp05fl	195287040
45826021	kegg	cmag_147	74e05862-a704-4e35-b0df-b1fe07bc87d6	COMPLETED	2137	2137	01:02:01		1	8Gn	2026-10-03T00:28:23	2026-10-03T01:04:00	mjolnircomp03fl	788250624
45826022	tigrfam	cmag_768	74e05862-a704-4e35-b0df-b1fe07bc87d6	COMPLETED	252	252	06:39.009		1	16Gn	2026-10-03T00:28:23	2026-10-03T00:32:35	mjolnircomp12fl	357788672
45826023	ncbifam	cmag_461	74e05862-a704-4e35-b0df-b1fe07bc87d6	COMPLETED	738	738	20:24.199		1	16Gn	2026-10-03T00:28:23	2026-10-03T00:40:41	mjolnircomp08fl	380888064
45826040	merge_gene_annotations	cmag_229	74e05862-a704-4e35-b0df-b1fe07bc87d6	COMPLETED	20	20	00:15.031		1	8Gn	2026-10-03T00:28:53	2026-10-03T00:29:13	mjolnircomp01fl	832512
45826041	ncbifam	cmag_069	74e05862-a704-4e35-b0df-b1fe07bc87d6	COMPLETED	488	488	13:29.971		1	16Gn	2026-10-03T00:28:53	2026-10-03T00:37:01	mjolnircomp03fl	352878592
45826042	kegg	cmag_768	74e05862-a704-4e35-b0df-b1fe07bc87d6	COMPLETED	2434	2434	01:08:20		1	8Gn	2026-10-03T00:28:53	2026-10-03T01:09:27	mjolnircomp03fl	737007616
45826043	cazy	cmag_490	74e05862-a704-4e35-b0df-b1fe07bc87d6	COMPLETED	22	22	00:16.108		1	8Gn	2026-10-03T00:28:53	2026-10-03T00:29:15	mjolnircomp11fl	809984
45826059	merge_gene_annotations	cmag_701	74e05862-a704-4e35-b0df-b1fe07bc87d6	COMPLETED	19	19	00:14.839		1	8Gn	2026-10-03T00:29:54	2026-10-03T00:30:13	mjolnircomp07fl	839680
45826060	merge_gene_annotations	cmag_800	74e05862-a704-4e35-b0df-b1fe07bc87d6	COMPLETED	19	19	00:14.431		1	8Gn	2026-10-03T00:29:54	2026-10-03T00:30:13	mjolnircomp10fl	837632
45826061	cazy	cmag_445	74e05862-a704-4e35-b0df-b1fe07bc87d6	COMPLETED	24	24	00:19.838		1	8Gn	2026-10-03T00:29:54	2026-10-03T00:30:18	mjolnircomp01fl	824320
45826062	merge_gene_annotations	cmag_420	74e05862-a704-4e35-b0df-b1fe07bc87d6	COMPLETED	18	18	00:13.807		1	8Gn	2026-10-03T00:29:54	2026-10-03T00:30:12	mjolnircomp10fl	832512
45826063	ncbifam	cmag_166	74e05862-a704-4e35-b0df-b1fe07bc87d6	COMPLETED	610	610	17:40.240		1	16Gn	2026-10-03T00:29:54	2026-10-03T00:40:04	mjolnircomp15fl	425181184
45826064	ncbifam	cmag_543	74e05862-a704-4e35-b0df-b1fe07bc87d6	COMPLETED	1208	1208	34:20.612		1	16Gn	2026-10-03T00:29:54	2026-10-03T00:50:02	mjolnircomp15fl	380313600
45826065	tigrfam	cmag_461	74e05862-a704-4e35-b0df-b1fe07bc87d6	COMPLETED	160	160	04:12.743		1	16Gn	2026-10-03T00:29:54	2026-10-03T00:32:34	mjolnircomp15fl	331515904
45826066	merge_gene_annotations	cmag_758	74e05862-a704-4e35-b0df-b1fe07bc87d6	COMPLETED	15	15	00:10.638		1	8Gn	2026-10-03T00:29:54	2026-10-03T00:30:09	mjolnircomp14fl	824320
45826067	merge_gene_annotations	cmag_406	74e05862-a704-4e35-b0df-b1fe07bc87d6	COMPLETED	23	23	00:17.724		1	8Gn	2026-10-03T00:29:54	2026-10-03T00:30:17	mjolnirgpu03fl	827392
45826068	tigrfam	cmag_445	74e05862-a704-4e35-b0df-b1fe07bc87d6	COMPLETED	201	201	05:24.758		1	16Gn	2026-10-03T00:30:24	2026-10-03T00:33:45	mjolnircomp07fl	409917440
45826085	pfam	cmag_464	74e05862-a704-4e35-b0df-b1fe07bc87d6	COMPLETED	918	918	23:56.303		1	8Gn	2026-10-03T00:30:24	2026-10-03T00:45:42	mjolnircomp14fl	212573184
45826086	cazy	cmag_461	74e05862-a704-4e35-b0df-b1fe07bc87d6	COMPLETED	28	28	00:23.034		1	8Gn	2026-10-03T00:30:24	2026-10-03T00:30:52	mjolnirgpu01fl	829440
45826087	merge_gene_annotations	cmag_303	74e05862-a704-4e35-b0df-b1fe07bc87d6	COMPLETED	24	24	00:20.095		1	8Gn	2026-10-03T00:30:24	2026-10-03T00:30:48	mjolnircomp05fl	815104
45826088	prodigal	cmag_391	74e05862-a704-4e35-b0df-b1fe07bc87d6	COMPLETED	17	17	00:14.722		1	2477Mn	2026-10-03T00:30:24	2026-10-03T00:30:41	mjolnircomp05fl	813056
45826089	kegg	cmag_705	74e05862-a704-4e35-b0df-b1fe07bc87d6	COMPLETED	1981	1981	55:52.892		1	8Gn	2026-10-03T00:30:24	2026-10-03T01:03:25	mjolnircomp14fl	973015040
45826113	prodigal	cmag_522	74e05862-a704-4e35-b0df-b1fe07bc87d6	COMPLETED	6	6	00:02.625		1	1186Mn	2026-10-03T00:30:54	2026-10-03T00:31:00	mjolnircomp02fl	800768
45826114	kegg	cmag_445	74e05862-a704-4e35-b0df-b1fe07bc87d6	COMPLETED	2280	2280	01:05:03		1	8Gn	2026-10-03T00:30:54	2026-10-03T01:08:54	mjolnircomp03fl	922394624
45826115	kegg	cmag_461	74e05862-a704-4e35-b0df-b1fe07bc87d6	COMPLETED	2474	2474	01:09:57		1	8Gn	2026-10-03T00:30:54	2026-10-03T01:12:08	mjolnircomp05fl	973180928
45826116	kegg	cmag_649	74e05862-a704-4e35-b0df-b1fe07bc87d6	COMPLETED	712	712	21:04.191		1	8Gn	2026-10-03T00:30:54	2026-10-03T00:42:46	mjolnircomp01fl	771396608
45826117	pfam	cmag_038	74e05862-a704-4e35-b0df-b1fe07bc87d6	COMPLETED	768	768	21:07.788		1	8Gn	2026-10-03T00:30:54	2026-10-03T00:43:42	mjolnircomp01fl	209070080
45826118	merge_gene_annotations	cmag_102	74e05862-a704-4e35-b0df-b1fe07bc87d6	COMPLETED	21	21	00:16.422		1	8Gn	2026-10-03T00:30:54	2026-10-03T00:31:15	mjolnircomp10fl	842752
45826119	kegg	cmag_391	74e05862-a704-4e35-b0df-b1fe07bc87d6	COMPLETED	1397	1397	40:01.692		1	8Gn	2026-10-03T00:30:54	2026-10-03T00:54:11	mjolnircomp03fl	719413248
45826120	merge_gene_annotations	cmag_079	74e05862-a704-4e35-b0df-b1fe07bc87d6	COMPLETED	24	24	00:19.335		1	8Gn	2026-10-03T00:30:54	2026-10-03T00:31:18	mjolnirgpu03fl	824320
45826121	merge_gene_annotations	cmag_149	74e05862-a704-4e35-b0df-b1fe07bc87d6	COMPLETED	16	16	00:11.122		1	8Gn	2026-10-03T00:30:54	2026-10-03T00:31:10	mjolnircomp02fl	799744
45826122	kegg	cmag_007	74e05862-a704-4e35-b0df-b1fe07bc87d6	COMPLETED	2564	2564	01:09:51		1	16Gn	2026-10-03T00:30:54	2026-10-03T01:13:38	mjolnirgpu03fl	818702336
45826130	tigrfam	cmag_683	74e05862-a704-4e35-b0df-b1fe07bc87d6	COMPLETED	152	152	04:00.346		1	16Gn	2026-10-03T00:31:54	2026-10-03T00:34:26	mjolnircomp16fl	336356352
45826131	merge_gene_annotations	cmag_220	74e05862-a704-4e35-b0df-b1fe07bc87d6	COMPLETED	19	19	00:14.584		1	8Gn	2026-10-03T00:31:54	2026-10-03T00:32:13	mjolnircomp15fl	843776
45826132	merge_gene_annotations	cmag_392	74e05862-a704-4e35-b0df-b1fe07bc87d6	COMPLETED	17	17	00:12.960		1	8Gn	2026-10-03T00:31:54	2026-10-03T00:32:11	mjolnircomp15fl	847872
45826133	prodigal	cmag_242	74e05862-a704-4e35-b0df-b1fe07bc87d6	COMPLETED	5	5	00:03.217		1	1797Mn	2026-10-03T00:31:54	2026-10-03T00:31:59	mjolnircomp03fl	807936
45826134	kegg	cmag_324	74e05862-a704-4e35-b0df-b1fe07bc87d6	COMPLETED	3136	3136	01:24:27		1	8Gn	2026-10-03T00:31:54	2026-10-03T01:24:10	mjolnircomp10fl	987629568
45826135	kegg	cmag_151	74e05862-a704-4e35-b0df-b1fe07bc87d6	COMPLETED	1530	1530	42:03.711		1	8Gn	2026-10-03T00:31:54	2026-10-03T00:57:24	mjolnirgpu03fl	1328834560
45826136	kegg	cmag_352	74e05862-a704-4e35-b0df-b1fe07bc87d6	COMPLETED	3089	3089	01:23:42		1	8Gn	2026-10-03T00:31:54	2026-10-03T01:23:23	mjolnirgpu03fl	942740480
45826137	pfam	cmag_296	74e05862-a704-4e35-b0df-b1fe07bc87d6	COMPLETED	801	801	20:49.590		1	8Gn	2026-10-03T00:31:54	2026-10-03T00:45:15	mjolnircomp14fl	187762688
45826138	pfam	cmag_475	74e05862-a704-4e35-b0df-b1fe07bc87d6	COMPLETED	555	555	14:28.772		1	8Gn	2026-10-03T00:31:54	2026-10-03T00:41:09	mjolnircomp14fl	262193152
45826139	kegg	cmag_614	74e05862-a704-4e35-b0df-b1fe07bc87d6	COMPLETED	1145	1145	32:39.572		1	8Gn	2026-10-03T00:31:54	2026-10-03T00:50:59	mjolnircomp14fl	753588224
45826140	cazy	cmag_391	74e05862-a704-4e35-b0df-b1fe07bc87d6	COMPLETED	18	18	00:13.653		1	8Gn	2026-10-03T00:31:54	2026-10-03T00:32:12	mjolnircomp03fl	801792
45826157	tigrfam	cmag_224	74e05862-a704-4e35-b0df-b1fe07bc87d6	COMPLETED	150	150	04:00.302		1	16Gn	2026-10-03T00:32:24	2026-10-03T00:34:54	mjolnircomp16fl	396600320
45826169	pfam	cmag_691	74e05862-a704-4e35-b0df-b1fe07bc87d6	COMPLETED	1816	1816	47:46.931		1	8Gn	2026-10-03T00:32:54	2026-10-03T01:03:10	mjolnircomp05fl	214242304
45826170	pfam	cmag_242	74e05862-a704-4e35-b0df-b1fe07bc87d6	COMPLETED	650	650	17:10.441		1	8Gn	2026-10-03T00:32:54	2026-10-03T00:43:44	mjolnircomp14fl	182244352
45826171	tigrfam	cmag_320	74e05862-a704-4e35-b0df-b1fe07bc87d6	COMPLETED	343	343	09:20.019		1	18704Mn	2026-10-03T00:32:54	2026-10-03T00:38:37	mjolnircomp13fl	412550144
45826172	tigrfam	cmag_036	74e05862-a704-4e35-b0df-b1fe07bc87d6	COMPLETED	245	245	06:32.130		1	16Gn	2026-10-03T00:32:54	2026-10-03T00:36:59	mjolnircomp15fl	328587264
45826173	kegg	cmag_242	74e05862-a704-4e35-b0df-b1fe07bc87d6	COMPLETED	1057	1057	31:30.343		1	8Gn	2026-10-03T00:32:54	2026-10-03T00:50:31	mjolnircomp15fl	1347745792
45826174	kegg	cmag_672	74e05862-a704-4e35-b0df-b1fe07bc87d6	COMPLETED	2132	2132	59:09.736		1	8Gn	2026-10-03T00:32:54	2026-10-03T01:08:26	mjolnircomp10fl	976218112
45826175	cazy	cmag_242	74e05862-a704-4e35-b0df-b1fe07bc87d6	COMPLETED	16	16	00:11.051		1	8Gn	2026-10-03T00:32:54	2026-10-03T00:33:10	mjolnircomp02fl	800768
45826192	cazy	cmag_472	74e05862-a704-4e35-b0df-b1fe07bc87d6	COMPLETED	23	23	00:17.925		1	8Gn	2026-10-03T00:33:54	2026-10-03T00:34:17	mjolnircomp16fl	816128
45826193	merge_gene_annotations	cmag_627	74e05862-a704-4e35-b0df-b1fe07bc87d6	COMPLETED	22	22	00:16.939		1	8Gn	2026-10-03T00:33:54	2026-10-03T00:34:16	mjolnircomp13fl	836608
45826213	tigrfam	cmag_610	74e05862-a704-4e35-b0df-b1fe07bc87d6	COMPLETED	224	224	05:49.616		1	16Gn	2026-10-03T00:34:24	2026-10-03T00:38:08	mjolnircomp06fl	354822144
45826214	cazy	cmag_175	74e05862-a704-4e35-b0df-b1fe07bc87d6	COMPLETED	41	41	00:35.209		1	8Gn	2026-10-03T00:34:24	2026-10-03T00:35:05	mjolnircomp06fl	278790144
45826215	cazy	cmag_533	74e05862-a704-4e35-b0df-b1fe07bc87d6	COMPLETED	26	26	00:20.403		1	8Gn	2026-10-03T00:34:24	2026-10-03T00:34:50	mjolnircomp06fl	852992
45826216	kegg	cmag_287	74e05862-a704-4e35-b0df-b1fe07bc87d6	TIMEOUT	1803	1803	48:38.013		1	8Gn	2026-10-03T00:34:24	2026-10-03T01:04:27	mjolnircomp05fl	653683712
45826233	ncbifam	cmag_548	74e05862-a704-4e35-b0df-b1fe07bc87d6	COMPLETED	770	770	21:07.435		1	16Gn	2026-10-03T00:34:54	2026-10-03T00:47:44	mjolnircomp11fl	362199040
45826234	merge_gene_annotations	cmag_580	74e05862-a704-4e35-b0df-b1fe07bc87d6	COMPLETED	26	26	00:19.049		1	8Gn	2026-10-03T00:35:24	2026-10-03T00:35:50	mjolnirgpu03fl	831488
45826235	kegg	cmag_569	74e05862-a704-4e35-b0df-b1fe07bc87d6	COMPLETED	2103	2103	01:00:45		1	16Gn	2026-10-03T00:34:54	2026-10-03T01:09:57	mjolnircomp11fl	988943360
45826236	tigrfam	cmag_242	74e05862-a704-4e35-b0df-b1fe07bc87d6	COMPLETED	150	150	03:52.332		1	16Gn	2026-10-03T00:34:54	2026-10-03T00:37:24	mjolnircomp11fl	331214848
45826237	ncbifam	cmag_610	74e05862-a704-4e35-b0df-b1fe07bc87d6	COMPLETED	739	739	19:51.043		1	16Gn	2026-10-03T00:34:54	2026-10-03T00:47:13	mjolnircomp11fl	388363264
45826238	merge_gene_annotations	cmag_797	74e05862-a704-4e35-b0df-b1fe07bc87d6	COMPLETED	27	27	00:19.705		1	8Gn	2026-10-03T00:34:54	2026-10-03T00:35:21	mjolnircomp11fl	808960
45826239	ncbifam	cmag_242	74e05862-a704-4e35-b0df-b1fe07bc87d6	COMPLETED	678	678	18:16.030		1	16Gn	2026-10-03T00:34:54	2026-10-03T00:46:12	mjolnircomp11fl	440245248
45826240	merge_gene_annotations	cmag_160	74e05862-a704-4e35-b0df-b1fe07bc87d6	COMPLETED	22	22	00:16.890		1	8Gn	2026-10-03T00:35:24	2026-10-03T00:35:46	mjolnircomp04fl	850944
45826252	merge_gene_annotations	cmag_467	74e05862-a704-4e35-b0df-b1fe07bc87d6	COMPLETED	33	33	00:27.016		1	8Gn	2026-10-03T00:35:54	2026-10-03T00:36:27	mjolnircomp06fl	78889984
45826253	tigrfam	cmag_607	74e05862-a704-4e35-b0df-b1fe07bc87d6	COMPLETED	303	303	08:03.306		1	16Gn	2026-10-03T00:35:54	2026-10-03T00:40:57	mjolnircomp11fl	368460800
45826254	kegg	cmag_354	74e05862-a704-4e35-b0df-b1fe07bc87d6	COMPLETED	1338	1338	40:06.623		1	8Gn	2026-10-03T00:35:54	2026-10-03T00:58:12	mjolnircomp04fl	825893888
45826255	pfam	cmag_658	74e05862-a704-4e35-b0df-b1fe07bc87d6	COMPLETED	540	540	14:43.154		1	8Gn	2026-10-03T00:35:54	2026-10-03T00:44:54	mjolnircomp16fl	221868032
45826256	cazy	cmag_426	74e05862-a704-4e35-b0df-b1fe07bc87d6	COMPLETED	31	31	00:25.882		1	8319Mn	2026-10-03T00:35:54	2026-10-03T00:36:25	mjolnircomp16fl	79042560
45826257	pfam	cmag_468	74e05862-a704-4e35-b0df-b1fe07bc87d6	COMPLETED	699	699	18:34.073		1	8Gn	2026-10-03T00:35:54	2026-10-03T00:47:33	mjolnirgpu03fl	246184960
45826273	ncbifam	cmag_723	74e05862-a704-4e35-b0df-b1fe07bc87d6	COMPLETED	710	710	20:22.338		1	16Gn	2026-10-03T00:36:24	2026-10-03T00:48:14	mjolnircomp08fl	430592000
45826274	ncbifam	cmag_265	74e05862-a704-4e35-b0df-b1fe07bc87d6	COMPLETED	475	475	12:34.492		1	16Gn	2026-10-03T00:36:24	2026-10-03T00:44:19	mjolnirgpu03fl	293481472
45826275	merge_gene_annotations	cmag_601	74e05862-a704-4e35-b0df-b1fe07bc87d6	COMPLETED	22	22	00:16.828		1	8Gn	2026-10-03T00:36:24	2026-10-03T00:36:46	mjolnircomp11fl	813056
45826286	cazy	cmag_609	74e05862-a704-4e35-b0df-b1fe07bc87d6	COMPLETED	20	20	00:14.408		1	8Gn	2026-10-03T00:36:54	2026-10-03T00:37:14	mjolnircomp01fl	825344
45826287	tigrfam	cmag_021	74e05862-a704-4e35-b0df-b1fe07bc87d6	COMPLETED	189	189	05:04.099		1	16Gn	2026-10-03T00:37:24	2026-10-03T00:40:33	mjolnircomp09fl	409117696
45826288	cazy	cmag_806	74e05862-a704-4e35-b0df-b1fe07bc87d6	COMPLETED	20	20	00:14.643		1	8Gn	2026-10-03T00:36:54	2026-10-03T00:37:14	mjolnircomp01fl	820224
45826289	cazy	cmag_489	74e05862-a704-4e35-b0df-b1fe07bc87d6	COMPLETED	17	17	00:11.877		1	8Gn	2026-10-03T00:36:54	2026-10-03T00:37:11	mjolnircomp02fl	799744
45826290	cazy	cmag_180	74e05862-a704-4e35-b0df-b1fe07bc87d6	COMPLETED	19	19	00:13.731		1	8Gn	2026-10-03T00:36:54	2026-10-03T00:37:13	mjolnircomp02fl	798720
45826291	pfam	cmag_206	74e05862-a704-4e35-b0df-b1fe07bc87d6	COMPLETED	1312	1312	34:39.495		1	8Gn	2026-10-03T00:36:54	2026-10-03T00:58:46	mjolnircomp05fl	238499840
45826292	tigrfam	cmag_684	74e05862-a704-4e35-b0df-b1fe07bc87d6	COMPLETED	190	190	04:57.913		1	16Gn	2026-10-03T00:37:24	2026-10-03T00:40:34	mjolnircomp15fl	328669184
45826293	tigrfam	cmag_022	74e05862-a704-4e35-b0df-b1fe07bc87d6	COMPLETED	209	209	05:17.430		1	16Gn	2026-10-03T00:37:24	2026-10-03T00:40:53	mjolnircomp06fl	327857152
45826294	merge_gene_annotations	cmag_278	74e05862-a704-4e35-b0df-b1fe07bc87d6	COMPLETED	24	24	00:18.057		1	8Gn	2026-10-03T00:37:24	2026-10-03T00:37:48	mjolnircomp11fl	801792
45826308	ncbifam	cmag_642	74e05862-a704-4e35-b0df-b1fe07bc87d6	COMPLETED	420	420	11:49.461		1	16Gn	2026-10-03T00:38:24	2026-10-03T00:45:24	mjolnircomp03fl	381667328
45826309	merge_gene_annotations	cmag_755	74e05862-a704-4e35-b0df-b1fe07bc87d6	COMPLETED	21	21	00:13.648		1	8Gn	2026-10-03T00:37:54	2026-10-03T00:38:15	mjolnircomp08fl	815104
45826310	merge_gene_annotations	cmag_185	74e05862-a704-4e35-b0df-b1fe07bc87d6	COMPLETED	21	21	00:15.535		1	8Gn	2026-10-03T00:38:24	2026-10-03T00:38:45	mjolnircomp16fl	826368
45826311	tigrfam	cmag_571	74e05862-a704-4e35-b0df-b1fe07bc87d6	COMPLETED	239	239	06:28.545		1	16Gn	2026-10-03T00:38:24	2026-10-03T00:42:23	mjolnircomp09fl	350426112
45826312	tigrfam	cmag_244	74e05862-a704-4e35-b0df-b1fe07bc87d6	COMPLETED	155	155	04:08.836		1	16Gn	2026-10-03T00:38:24	2026-10-03T00:40:59	mjolnircomp09fl	391235584
45826313	kegg	cmag_472	74e05862-a704-4e35-b0df-b1fe07bc87d6	COMPLETED	4043	4043	01:56:27		1	8Gn	2026-10-03T00:38:24	2026-10-03T01:45:47	mjolnircomp06fl	989082624
45826314	kegg	cmag_548	74e05862-a704-4e35-b0df-b1fe07bc87d6	COMPLETED	2429	2429	01:06:17		1	8Gn	2026-10-03T00:37:54	2026-10-03T01:18:23	mjolnirgpu03fl	1178017792
45826315	merge_gene_annotations	cmag_036	74e05862-a704-4e35-b0df-b1fe07bc87d6	COMPLETED	22	22	00:16.283		1	8Gn	2026-10-03T00:38:54	2026-10-03T00:39:16	mjolnircomp07fl	809984
45826316	prodigal	cmag_630	74e05862-a704-4e35-b0df-b1fe07bc87d6	COMPLETED	6	6	00:02.462		1	1Gn	2026-10-03T00:37:54	2026-10-03T00:38:00	mjolnircomp04fl	840704
45826317	merge_gene_annotations	cmag_533	74e05862-a704-4e35-b0df-b1fe07bc87d6	COMPLETED	18	18	00:12.405		1	8Gn	2026-10-03T00:38:24	2026-10-03T00:38:42	mjolnircomp08fl	798720
45826318	cazy	cmag_522	74e05862-a704-4e35-b0df-b1fe07bc87d6	COMPLETED	15	15	00:09.889		1	8Gn	2026-10-03T00:37:54	2026-10-03T00:38:09	mjolnircomp14fl	804864
45826319	prodigal	cmag_015	74e05862-a704-4e35-b0df-b1fe07bc87d6	COMPLETED	6	6	00:03.344		1	1587Mn	2026-10-03T00:37:54	2026-10-03T00:38:00	mjolnircomp04fl	835584
45826320	kegg	cmag_398	74e05862-a704-4e35-b0df-b1fe07bc87d6	COMPLETED	960	960	26:51.965		1	8Gn	2026-10-03T00:37:54	2026-10-03T00:53:54	mjolnircomp01fl	773096448
45826331	tigrfam	cmag_540	74e05862-a704-4e35-b0df-b1fe07bc87d6	COMPLETED	179	179	04:39.411		1	16Gn	2026-10-03T00:38:54	2026-10-03T00:41:53	mjolnircomp11fl	387400704
45826332	pfam	cmag_630	74e05862-a704-4e35-b0df-b1fe07bc87d6	COMPLETED	526	526	13:27.481		1	8Gn	2026-10-03T00:38:24	2026-10-03T00:47:10	mjolnircomp05fl	193267712
45826333	prodigal	cmag_364	74e05862-a704-4e35-b0df-b1fe07bc87d6	COMPLETED	14	14	00:09.850		1	3812Mn	2026-10-03T00:38:24	2026-10-03T00:38:38	mjolnirgpu03fl	836608
45826334	ncbifam	cmag_395	74e05862-a704-4e35-b0df-b1fe07bc87d6	COMPLETED	663	663	18:22.218		1	16Gn	2026-10-03T00:38:54	2026-10-03T00:49:57	mjolnircomp11fl	476715008
45826335	kegg	cmag_630	74e05862-a704-4e35-b0df-b1fe07bc87d6	COMPLETED	535	535	15:29.922		1	8Gn	2026-10-03T00:38:24	2026-10-03T00:47:19	mjolnircomp01fl	651100160
45826336	tigrfam	cmag_630	74e05862-a704-4e35-b0df-b1fe07bc87d6	COMPLETED	126	126	03:06.398		1	16Gn	2026-10-03T00:39:24	2026-10-03T00:41:30	mjolnirgpu02fl	307931136
45826337	ncbifam	cmag_630	74e05862-a704-4e35-b0df-b1fe07bc87d6	COMPLETED	508	508	14:13.034		1	16Gn	2026-10-03T00:39:24	2026-10-03T00:47:52	mjolnirgpu02fl	422922240
45826338	merge_gene_annotations	cmag_005	74e05862-a704-4e35-b0df-b1fe07bc87d6	COMPLETED	23	23	00:17.117		1	8Gn	2026-10-03T00:38:54	2026-10-03T00:39:17	mjolnirgpu03fl	828416
45826339	kegg	cmag_573	74e05862-a704-4e35-b0df-b1fe07bc87d6	COMPLETED	2300	2300	01:08:34		1	8Gn	2026-10-03T00:38:54	2026-10-03T01:17:14	mjolnircomp13fl	970126336
45826352	ncbifam	cmag_614	74e05862-a704-4e35-b0df-b1fe07bc87d6	COMPLETED	438	438	12:21.039		1	16Gn	2026-10-03T00:38:54	2026-10-03T00:46:12	mjolnircomp13fl	419447808
45826353	ncbifam	cmag_518	74e05862-a704-4e35-b0df-b1fe07bc87d6	COMPLETED	555	555	14:44.554		1	16Gn	2026-10-03T00:38:54	2026-10-03T00:48:09	mjolnircomp16fl	318279680
45826354	cazy	cmag_364	74e05862-a704-4e35-b0df-b1fe07bc87d6	COMPLETED	22	22	00:16.078		1	8Gn	2026-10-03T00:38:54	2026-10-03T00:39:16	mjolnircomp02fl	803840
45826355	tigrfam	cmag_321	74e05862-a704-4e35-b0df-b1fe07bc87d6	COMPLETED	126	126	03:21.320		1	16Gn	2026-10-03T00:39:24	2026-10-03T00:41:30	mjolnircomp07fl	357189632
45826356	ncbifam	cmag_383	74e05862-a704-4e35-b0df-b1fe07bc87d6	COMPLETED	588	588	16:39.253		1	16Gn	2026-10-03T00:39:24	2026-10-03T00:49:12	mjolnircomp13fl	396252160
45826357	kegg	cmag_364	74e05862-a704-4e35-b0df-b1fe07bc87d6	COMPLETED	2061	2061	59:49.033		1	8Gn	2026-10-03T00:39:24	2026-10-03T01:13:45	mjolnircomp16fl	959915008
45826358	merge_gene_annotations	cmag_483	74e05862-a704-4e35-b0df-b1fe07bc87d6	COMPLETED	19	19	00:14.282		1	8Gn	2026-10-03T00:39:24	2026-10-03T00:39:43	mjolnircomp16fl	830464
45826359	merge_gene_annotations	cmag_609	74e05862-a704-4e35-b0df-b1fe07bc87d6	COMPLETED	17	17	00:12.345		1	8Gn	2026-10-03T00:39:54	2026-10-03T00:40:11	mjolnircomp16fl	828416
45826360	cazy	cmag_630	74e05862-a704-4e35-b0df-b1fe07bc87d6	COMPLETED	14	14	00:07.565		1	8Gn	2026-10-03T00:38:54	2026-10-03T00:39:08	mjolnircomp02fl	795648
45826375	merge_gene_annotations	cmag_053	74e05862-a704-4e35-b0df-b1fe07bc87d6	COMPLETED	20	20	00:12.168		1	8Gn	2026-10-03T00:39:54	2026-10-03T00:40:14	mjolnircomp11fl	806912
45826376	ncbifam	cmag_191	74e05862-a704-4e35-b0df-b1fe07bc87d6	COMPLETED	599	599	15:55.162		1	16Gn	2026-10-03T00:39:54	2026-10-03T00:49:53	mjolnircomp11fl	425117696
45826377	prodigal	cmag_336	74e05862-a704-4e35-b0df-b1fe07bc87d6	COMPLETED	7	7	00:03.548		1	2576Mn	2026-10-03T00:39:54	2026-10-03T00:40:01	mjolnircomp04fl	848896
45826378	pfam	cmag_671	74e05862-a704-4e35-b0df-b1fe07bc87d6	TIMEOUT	963	963	00:01.813		1	8Gn	2026-10-03T00:39:54	2026-10-03T00:55:57	mjolnirgpu02fl	242733056
45826393	merge_gene_annotations	cmag_439	74e05862-a704-4e35-b0df-b1fe07bc87d6	COMPLETED	28	28	00:21.131		1	8Gn	2026-10-03T00:40:24	2026-10-03T00:40:52	mjolnirgpu01fl	831488
45826394	cazy	cmag_207	74e05862-a704-4e35-b0df-b1fe07bc87d6	COMPLETED	20	20	00:14.701		1	8Gn	2026-10-03T00:40:24	2026-10-03T00:40:44	mjolnircomp02fl	805888
45826395	ncbifam	cmag_721	74e05862-a704-4e35-b0df-b1fe07bc87d6	COMPLETED	809	809	23:47.651		1	16Gn	2026-10-03T00:40:24	2026-10-03T00:53:53	mjolnircomp15fl	354601984
45826396	merge_gene_annotations	cmag_786	74e05862-a704-4e35-b0df-b1fe07bc87d6	COMPLETED	18	18	00:12.870		1	8Gn	2026-10-03T00:40:24	2026-10-03T00:40:42	mjolnircomp16fl	826368
45826397	ncbifam	cmag_736	74e05862-a704-4e35-b0df-b1fe07bc87d6	COMPLETED	1261	1261	34:10.664		1	16Gn	2026-10-03T00:40:24	2026-10-03T01:01:25	mjolnircomp11fl	410264576
45826409	ncbifam	cmag_033	74e05862-a704-4e35-b0df-b1fe07bc87d6	COMPLETED	685	685	19:01.687		1	16Gn	2026-10-03T00:40:55	2026-10-03T00:52:20	mjolnircomp13fl	323747840
45826410	ncbifam	cmag_535	74e05862-a704-4e35-b0df-b1fe07bc87d6	COMPLETED	862	862	25:22.973		1	16Gn	2026-10-03T00:40:55	2026-10-03T00:55:17	mjolnircomp09fl	428388352
45826411	cazy	cmag_336	74e05862-a704-4e35-b0df-b1fe07bc87d6	COMPLETED	17	17	00:12.702		1	8Gn	2026-10-03T00:40:55	2026-10-03T00:41:12	mjolnircomp02fl	801792
45826412	ncbifam	cmag_436	74e05862-a704-4e35-b0df-b1fe07bc87d6	COMPLETED	540	540	15:38.359		1	16Gn	2026-10-03T00:40:55	2026-10-03T00:49:55	mjolnircomp15fl	415080448
45826413	pfam	cmag_106	74e05862-a704-4e35-b0df-b1fe07bc87d6	COMPLETED	530	530	14:41.533		1	16Gn	2026-10-03T00:40:55	2026-10-03T00:49:45	mjolnircomp10fl	223190016
45826414	kegg	cmag_695	74e05862-a704-4e35-b0df-b1fe07bc87d6	COMPLETED	2541	2541	01:09:50		1	8Gn	2026-10-03T00:40:55	2026-10-03T01:23:16	mjolnirgpu01fl	715982848
45826415	ncbifam	cmag_523	74e05862-a704-4e35-b0df-b1fe07bc87d6	COMPLETED	434	434	11:42.116		1	16Gn	2026-10-03T00:40:55	2026-10-03T00:48:09	mjolnircomp11fl	354813952
45826416	ncbifam	cmag_104	74e05862-a704-4e35-b0df-b1fe07bc87d6	COMPLETED	853	853	25:14.849		1	16Gn	2026-10-03T00:41:25	2026-10-03T00:55:38	mjolnircomp09fl	375019520
45826417	kegg	cmag_353	74e05862-a704-4e35-b0df-b1fe07bc87d6	COMPLETED	1135	1135	31:04.472		1	8Gn	2026-10-03T00:40:55	2026-10-03T00:59:50	mjolnircomp10fl	853609472
45826428	ncbifam	cmag_505	74e05862-a704-4e35-b0df-b1fe07bc87d6	COMPLETED	683	683	19:05.357		1	16Gn	2026-10-03T00:41:55	2026-10-03T00:53:18	mjolnircomp07fl	391198720
45826429	ncbifam	cmag_152	74e05862-a704-4e35-b0df-b1fe07bc87d6	COMPLETED	1029	1029	28:39.535		1	16Gn	2026-10-03T00:41:55	2026-10-03T00:59:04	mjolnircomp06fl	382647296
45826430	merge_gene_annotations	cmag_244	74e05862-a704-4e35-b0df-b1fe07bc87d6	COMPLETED	31	31	00:26.591		1	8Gn	2026-10-03T00:41:55	2026-10-03T00:42:26	mjolnircomp06fl	79021056
45826431	merge_gene_annotations	cmag_478	74e05862-a704-4e35-b0df-b1fe07bc87d6	COMPLETED	21	21	00:15.387		1	8Gn	2026-10-03T00:41:55	2026-10-03T00:42:16	mjolnircomp11fl	794624
45826432	kegg	cmag_733	74e05862-a704-4e35-b0df-b1fe07bc87d6	COMPLETED	2175	2175	01:03:58		1	8Gn	2026-10-03T00:41:55	2026-10-03T01:18:10	mjolnirgpu02fl	813388800
45826433	kegg	cmag_687	74e05862-a704-4e35-b0df-b1fe07bc87d6	COMPLETED	1047	1047	28:36.786		1	8Gn	2026-10-03T00:41:55	2026-10-03T00:59:22	mjolnircomp01fl	861777920
45826434	merge_gene_annotations	cmag_607	74e05862-a704-4e35-b0df-b1fe07bc87d6	COMPLETED	20	20	00:15.526		1	8Gn	2026-10-03T00:42:25	2026-10-03T00:42:45	mjolnircomp09fl	860160
45826435	tigrfam	cmag_569	74e05862-a704-4e35-b0df-b1fe07bc87d6	COMPLETED	267	267	06:58.360		1	16Gn	2026-10-03T00:42:25	2026-10-03T00:46:52	mjolnircomp11fl	373954560
45826446	ncbifam	cmag_015	74e05862-a704-4e35-b0df-b1fe07bc87d6	COMPLETED	422	422	11:31.153		1	16Gn	2026-10-03T00:42:25	2026-10-03T00:49:27	mjolnircomp14fl	343799808
45826457	merge_gene_annotations	cmag_423	74e05862-a704-4e35-b0df-b1fe07bc87d6	COMPLETED	16	16	00:11.542		1	8Gn	2026-10-03T00:42:55	2026-10-03T00:43:11	mjolnircomp09fl	854016
45826458	prodigal	cmag_249	74e05862-a704-4e35-b0df-b1fe07bc87d6	COMPLETED	6	6	00:02.722		1	1396Mn	2026-10-03T00:42:55	2026-10-03T00:43:01	mjolnircomp04fl	835584
45826459	kegg	cmag_438	74e05862-a704-4e35-b0df-b1fe07bc87d6	COMPLETED	1477	1477	42:04.635		1	8Gn	2026-10-03T00:42:55	2026-10-03T01:07:32	mjolnircomp03fl	716381184
45826460	kegg	cmag_586	74e05862-a704-4e35-b0df-b1fe07bc87d6	COMPLETED	2532	2532	01:13:30		1	8Gn	2026-10-03T00:42:55	2026-10-03T01:25:07	mjolnirgpu02fl	1054025728
45826461	merge_gene_annotations	cmag_077	74e05862-a704-4e35-b0df-b1fe07bc87d6	COMPLETED	21	21	00:16.606		1	8Gn	2026-10-03T00:43:25	2026-10-03T00:43:46	mjolnircomp09fl	849920
45826474	merge_gene_annotations	cmag_743	74e05862-a704-4e35-b0df-b1fe07bc87d6	COMPLETED	19	19	00:14.731		1	8Gn	2026-10-03T00:43:55	2026-10-03T00:44:14	mjolnircomp10fl	799744
45826475	merge_gene_annotations	cmag_507	74e05862-a704-4e35-b0df-b1fe07bc87d6	COMPLETED	17	17	00:12.094		1	8Gn	2026-10-03T00:43:55	2026-10-03T00:44:12	mjolnircomp10fl	799744
45826480	merge_gene_annotations	cmag_355	74e05862-a704-4e35-b0df-b1fe07bc87d6	COMPLETED	24	24	00:16.769		1	8Gn	2026-10-03T00:44:25	2026-10-03T00:44:49	mjolnircomp11fl	803840
45826481	merge_gene_annotations	cmag_137	74e05862-a704-4e35-b0df-b1fe07bc87d6	COMPLETED	27	27	00:16.509		1	8Gn	2026-10-03T00:44:55	2026-10-03T00:45:22	mjolnircomp11fl	801792
45826482	kegg	cmag_207	74e05862-a704-4e35-b0df-b1fe07bc87d6	COMPLETED	2362	2362	01:07:54		1	8Gn	2026-10-03T00:44:25	2026-10-03T01:23:47	mjolnirgpu01fl	1013778432
45826483	ncbifam	cmag_453	74e05862-a704-4e35-b0df-b1fe07bc87d6	COMPLETED	1098	1098	30:50.445		1	16Gn	2026-10-03T00:44:25	2026-10-03T01:02:43	mjolnirgpu01fl	391724032
45826490	kegg	cmag_111	74e05862-a704-4e35-b0df-b1fe07bc87d6	COMPLETED	1720	1720	48:50.097		1	8Gn	2026-10-03T00:44:55	2026-10-03T01:13:35	mjolnircomp16fl	1059677184
45826491	merge_gene_annotations	cmag_038	74e05862-a704-4e35-b0df-b1fe07bc87d6	COMPLETED	20	20	00:15.209		1	8Gn	2026-10-03T00:44:55	2026-10-03T00:45:15	mjolnircomp10fl	808960
45826492	merge_gene_annotations	cmag_512	74e05862-a704-4e35-b0df-b1fe07bc87d6	COMPLETED	17	17	00:11.284		1	8Gn	2026-10-03T00:44:55	2026-10-03T00:45:12	mjolnircomp10fl	797696
45826493	cazy	cmag_781	74e05862-a704-4e35-b0df-b1fe07bc87d6	COMPLETED	19	19	00:09.951		1	8Gn	2026-10-03T00:44:55	2026-10-03T00:45:14	mjolnircomp08fl	825344
45826494	merge_gene_annotations	cmag_744	74e05862-a704-4e35-b0df-b1fe07bc87d6	COMPLETED	17	17	00:11.607		1	8Gn	2026-10-03T00:44:55	2026-10-03T00:45:12	mjolnircomp10fl	805888
45826495	kegg	cmag_195	74e05862-a704-4e35-b0df-b1fe07bc87d6	COMPLETED	1037	1037	27:29.205		1	8Gn	2026-10-03T00:44:55	2026-10-03T01:02:12	mjolnircomp10fl	613928960
45826501	merge_gene_annotations	cmag_456	74e05862-a704-4e35-b0df-b1fe07bc87d6	COMPLETED	22	22	00:16.980		1	8Gn	2026-10-03T00:45:55	2026-10-03T00:46:17	mjolnirgpu01fl	824320
45826502	tigrfam	cmag_698	74e05862-a704-4e35-b0df-b1fe07bc87d6	COMPLETED	296	296	07:40.474		1	16Gn	2026-10-03T00:45:55	2026-10-03T00:50:51	mjolnircomp11fl	309215232
45826503	merge_gene_annotations	cmag_649	74e05862-a704-4e35-b0df-b1fe07bc87d6	COMPLETED	15	15	00:10.272		1	8Gn	2026-10-03T00:45:55	2026-10-03T00:46:10	mjolnircomp10fl	798720
45826504	merge_gene_annotations	cmag_022	74e05862-a704-4e35-b0df-b1fe07bc87d6	COMPLETED	22	22	00:17.128		1	8Gn	2026-10-03T00:45:55	2026-10-03T00:46:17	mjolnirgpu01fl	823296
45826505	cazy	cmag_558	74e05862-a704-4e35-b0df-b1fe07bc87d6	COMPLETED	31	31	00:25.454		1	8Gn	2026-10-03T00:45:55	2026-10-03T00:46:26	mjolnircomp10fl	77364224
45826506	ncbifam	cmag_540	74e05862-a704-4e35-b0df-b1fe07bc87d6	COMPLETED	616	616	17:11.154		1	16Gn	2026-10-03T00:45:55	2026-10-03T00:56:11	mjolnircomp11fl	381488128
45826507	merge_gene_annotations	cmag_021	74e05862-a704-4e35-b0df-b1fe07bc87d6	COMPLETED	25	25	00:17.922		1	8Gn	2026-10-03T00:45:55	2026-10-03T00:46:20	mjolnircomp11fl	800768
45826508	merge_gene_annotations	cmag_369	74e05862-a704-4e35-b0df-b1fe07bc87d6	COMPLETED	19	19	00:14.172		1	8Gn	2026-10-03T00:45:55	2026-10-03T00:46:14	mjolnircomp10fl	804864
45826509	merge_gene_annotations	cmag_781	74e05862-a704-4e35-b0df-b1fe07bc87d6	COMPLETED	20	20	00:14.543		1	8Gn	2026-10-03T00:45:55	2026-10-03T00:46:15	mjolnirgpu02fl	824320
45826522	pfam	cmag_336	74e05862-a704-4e35-b0df-b1fe07bc87d6	COMPLETED	906	906	24:12.895		1	8Gn	2026-10-03T00:46:25	2026-10-03T01:01:31	mjolnircomp14fl	273528832
45826523	cazy	cmag_305	74e05862-a704-4e35-b0df-b1fe07bc87d6	COMPLETED	14	14	00:08.564		1	8Gn	2026-10-03T00:46:25	2026-10-03T00:46:39	mjolnircomp01fl	820224
45826524	kegg	cmag_805	74e05862-a704-4e35-b0df-b1fe07bc87d6	COMPLETED	3151	3151	01:19:51		1	8Gn	2026-10-03T00:46:25	2026-10-03T01:38:56	mjolnircomp10fl	881629184
45826525	tigrfam	cmag_599	74e05862-a704-4e35-b0df-b1fe07bc87d6	COMPLETED	273	273	07:25.197		1	16Gn	2026-10-03T00:46:25	2026-10-03T00:50:58	mjolnircomp13fl	388278272
45826526	tigrfam	cmag_458	74e05862-a704-4e35-b0df-b1fe07bc87d6	COMPLETED	152	152	03:59.635		1	16Gn	2026-10-03T00:46:25	2026-10-03T00:48:57	mjolnirgpu01fl	361109504
45826532	ncbifam	cmag_263	74e05862-a704-4e35-b0df-b1fe07bc87d6	COMPLETED	305	305	08:32.116		1	16Gn	2026-10-03T00:46:55	2026-10-03T00:52:00	mjolnircomp14fl	434092032
45826533	kegg	cmag_511	74e05862-a704-4e35-b0df-b1fe07bc87d6	COMPLETED	2260	2260	01:04:17		1	8Gn	2026-10-03T00:46:55	2026-10-03T01:24:35	mjolnirgpu01fl	733181952
45826534	merge_gene_annotations	cmag_558	74e05862-a704-4e35-b0df-b1fe07bc87d6	COMPLETED	28	28	00:21.204		1	8Gn	2026-10-03T00:46:55	2026-10-03T00:47:23	mjolnircomp11fl	794624
45826535	pfam	cmag_822	74e05862-a704-4e35-b0df-b1fe07bc87d6	COMPLETED	975	975	26:25.278		1	8Gn	2026-10-03T00:47:25	2026-10-03T01:03:40	mjolnircomp10fl	201629696
45826536	cazy	cmag_603	74e05862-a704-4e35-b0df-b1fe07bc87d6	COMPLETED	19	19	00:14.077		1	8Gn	2026-10-03T00:46:55	2026-10-03T00:47:14	mjolnircomp01fl	816128
45826537	tigrfam	cmag_732	74e05862-a704-4e35-b0df-b1fe07bc87d6	COMPLETED	268	268	07:08.042		1	16Gn	2026-10-03T00:46:55	2026-10-03T00:51:23	mjolnircomp11fl	397050880
45826538	merge_gene_annotations	cmag_494	74e05862-a704-4e35-b0df-b1fe07bc87d6	COMPLETED	26	26	00:17.678		1	8Gn	2026-10-03T00:47:25	2026-10-03T00:47:51	mjolnircomp11fl	807936
45826539	merge_gene_annotations	cmag_059	74e05862-a704-4e35-b0df-b1fe07bc87d6	COMPLETED	20	20	00:15.291		1	8Gn	2026-10-03T00:46:55	2026-10-03T00:47:15	mjolnircomp10fl	799744
45826540	cazy	cmag_756	74e05862-a704-4e35-b0df-b1fe07bc87d6	COMPLETED	15	15	00:10.613		1	8Gn	2026-10-03T00:46:55	2026-10-03T00:47:10	mjolnircomp01fl	818176
45826541	merge_gene_annotations	cmag_508	74e05862-a704-4e35-b0df-b1fe07bc87d6	COMPLETED	20	20	00:15.068		1	8Gn	2026-10-03T00:47:25	2026-10-03T00:47:45	mjolnircomp10fl	802816
45826552	merge_gene_annotations	cmag_265	74e05862-a704-4e35-b0df-b1fe07bc87d6	COMPLETED	21	21	00:15.656		1	8Gn	2026-10-03T00:47:55	2026-10-03T00:48:16	mjolnirgpu02fl	819200
45826553	merge_gene_annotations	cmag_603	74e05862-a704-4e35-b0df-b1fe07bc87d6	COMPLETED	25	25	00:17.512		1	8Gn	2026-10-03T00:47:55	2026-10-03T00:48:20	mjolnircomp11fl	776192
45826554	pfam	cmag_400	74e05862-a704-4e35-b0df-b1fe07bc87d6	COMPLETED	1156	1156	30:51.489		1	8Gn	2026-10-03T00:47:55	2026-10-03T01:07:11	mjolnirgpu02fl	194483200
45826555	pfam	cmag_455	74e05862-a704-4e35-b0df-b1fe07bc87d6	COMPLETED	1482	1482	41:00.419		1	8Gn	2026-10-03T00:47:55	2026-10-03T01:12:37	mjolnirgpu02fl	203667456
45826556	merge_gene_annotations	cmag_372	74e05862-a704-4e35-b0df-b1fe07bc87d6	COMPLETED	20	20	00:14.797		1	8Gn	2026-10-03T00:47:55	2026-10-03T00:48:15	mjolnircomp10fl	790528
45826557	tigrfam	cmag_277	74e05862-a704-4e35-b0df-b1fe07bc87d6	COMPLETED	185	185	04:47.603		1	16Gn	2026-10-03T00:47:55	2026-10-03T00:51:00	mjolnircomp11fl	339565568
45826558	cazy	cmag_442	74e05862-a704-4e35-b0df-b1fe07bc87d6	COMPLETED	27	27	00:22.467		1	8Gn	2026-10-03T00:47:55	2026-10-03T00:48:22	mjolnircomp05fl	811008
45826559	cazy	cmag_397	74e05862-a704-4e35-b0df-b1fe07bc87d6	COMPLETED	30	30	00:24.776		1	8Gn	2026-10-03T00:47:55	2026-10-03T00:48:25	mjolnircomp05fl	817152
45826560	merge_gene_annotations	cmag_196	74e05862-a704-4e35-b0df-b1fe07bc87d6	COMPLETED	21	21	00:13.887		1	8Gn	2026-10-03T00:47:55	2026-10-03T00:48:16	mjolnircomp11fl	801792
45826561	merge_gene_annotations	cmag_610	74e05862-a704-4e35-b0df-b1fe07bc87d6	COMPLETED	22	22	00:15.185		1	8Gn	2026-10-03T00:47:55	2026-10-03T00:48:17	mjolnircomp11fl	796672
45826562	kegg	cmag_405	74e05862-a704-4e35-b0df-b1fe07bc87d6	COMPLETED	2040	2040	01:00:12		1	8Gn	2026-10-03T00:47:55	2026-10-03T01:21:55	mjolnircomp11fl	811271168
45826563	ncbifam	cmag_359	74e05862-a704-4e35-b0df-b1fe07bc87d6	COMPLETED	673	673	18:27.949		1	16Gn	2026-10-03T00:48:25	2026-10-03T00:59:38	mjolnircomp16fl	419930112
45826564	merge_gene_annotations	cmag_795	74e05862-a704-4e35-b0df-b1fe07bc87d6	COMPLETED	26	26	00:17.781		1	8Gn	2026-10-03T00:48:25	2026-10-03T00:48:51	mjolnircomp11fl	806912
45826565	merge_gene_annotations	cmag_821	74e05862-a704-4e35-b0df-b1fe07bc87d6	COMPLETED	23	23	00:14.306		1	8Gn	2026-10-03T00:47:55	2026-10-03T00:48:18	mjolnirgpu03fl	826368
45826569	ncbifam	cmag_699	74e05862-a704-4e35-b0df-b1fe07bc87d6	COMPLETED	737	737	20:50.782		1	16Gn	2026-10-03T00:48:25	2026-10-03T01:00:42	mjolnircomp10fl	454087680
45826570	tigrfam	cmag_612	74e05862-a704-4e35-b0df-b1fe07bc87d6	COMPLETED	233	233	06:04.001		1	16Gn	2026-10-03T00:48:25	2026-10-03T00:52:18	mjolnircomp11fl	329568256
45826571	tigrfam	cmag_090	74e05862-a704-4e35-b0df-b1fe07bc87d6	COMPLETED	124	124	03:05.267		1	16Gn	2026-10-03T00:48:25	2026-10-03T00:50:29	mjolnircomp11fl	386952192
45826572	tigrfam	cmag_083	74e05862-a704-4e35-b0df-b1fe07bc87d6	COMPLETED	161	161	04:11.562		1	16Gn	2026-10-03T00:48:55	2026-10-03T00:51:36	mjolnircomp11fl	351656960
45826573	pfam	cmag_515	74e05862-a704-4e35-b0df-b1fe07bc87d6	COMPLETED	935	935	24:44.956		1	8Gn	2026-10-03T00:48:25	2026-10-03T01:04:00	mjolnirgpu02fl	214100992
45826574	kegg	cmag_773	74e05862-a704-4e35-b0df-b1fe07bc87d6	COMPLETED	1514	1514	42:05.501		1	8Gn	2026-10-03T00:48:25	2026-10-03T01:13:39	mjolnirgpu02fl	697536512
45826575	kegg	cmag_203	74e05862-a704-4e35-b0df-b1fe07bc87d6	COMPLETED	1718	1718	46:39.517		1	8Gn	2026-10-03T00:48:25	2026-10-03T01:17:03	mjolnirgpu03fl	797113344
45826576	kegg	cmag_045	74e05862-a704-4e35-b0df-b1fe07bc87d6	COMPLETED	2476	2476	01:07:35		1	8Gn	2026-10-03T00:48:25	2026-10-03T01:29:41	mjolnircomp08fl	987448320
45826583	cazy	cmag_415	74e05862-a704-4e35-b0df-b1fe07bc87d6	COMPLETED	25	25	00:19.274		1	8Gn	2026-10-03T00:48:55	2026-10-03T00:49:20	mjolnircomp01fl	821248
45826584	merge_gene_annotations	cmag_452	74e05862-a704-4e35-b0df-b1fe07bc87d6	COMPLETED	22	22	00:14.491		1	8Gn	2026-10-03T00:48:55	2026-10-03T00:49:17	mjolnircomp08fl	859136
45826585	ncbifam	cmag_434	74e05862-a704-4e35-b0df-b1fe07bc87d6	COMPLETED	520	520	14:35.230		1	16Gn	2026-10-03T00:48:55	2026-10-03T00:57:35	mjolnircomp08fl	358031360
45826586	ncbifam	cmag_716	74e05862-a704-4e35-b0df-b1fe07bc87d6	COMPLETED	385	385	10:54.274		1	16Gn	2026-10-03T00:49:25	2026-10-03T00:55:50	mjolnircomp13fl	362042368
45826587	cazy	cmag_496	74e05862-a704-4e35-b0df-b1fe07bc87d6	COMPLETED	21	21	00:15.277		1	8Gn	2026-10-03T00:48:55	2026-10-03T00:49:16	mjolnircomp01fl	818176
45826588	tigrfam	cmag_329	74e05862-a704-4e35-b0df-b1fe07bc87d6	COMPLETED	226	226	05:56.472		1	16Gn	2026-10-03T00:49:25	2026-10-03T00:53:11	mjolnircomp15fl	364398592
45826589	merge_gene_annotations	cmag_100	74e05862-a704-4e35-b0df-b1fe07bc87d6	COMPLETED	21	21	00:13.505		1	8Gn	2026-10-03T00:48:55	2026-10-03T00:49:16	mjolnircomp08fl	823296
45826590	merge_gene_annotations	cmag_723	74e05862-a704-4e35-b0df-b1fe07bc87d6	COMPLETED	26	26	00:19.884		1	8Gn	2026-10-03T00:49:25	2026-10-03T00:49:51	mjolnirgpu01fl	820224
45826591	merge_gene_annotations	cmag_630	74e05862-a704-4e35-b0df-b1fe07bc87d6	COMPLETED	15	15	00:10.068		1	8Gn	2026-10-03T00:49:25	2026-10-03T00:49:40	mjolnircomp02fl	808960
45826592	merge_gene_annotations	cmag_776	74e05862-a704-4e35-b0df-b1fe07bc87d6	COMPLETED	17	17	00:11.111		1	8Gn	2026-10-03T00:48:55	2026-10-03T00:49:12	mjolnircomp02fl	808960
45826593	merge_gene_annotations	cmag_686	74e05862-a704-4e35-b0df-b1fe07bc87d6	COMPLETED	22	22	00:15.131		1	8Gn	2026-10-03T00:49:25	2026-10-03T00:49:47	mjolnirgpu03fl	817152
45826594	merge_gene_annotations	cmag_397	74e05862-a704-4e35-b0df-b1fe07bc87d6	COMPLETED	18	18	00:12.240		1	8Gn	2026-10-03T00:49:25	2026-10-03T00:49:43	mjolnircomp08fl	858112
45826604	tigrfam	cmag_273	74e05862-a704-4e35-b0df-b1fe07bc87d6	COMPLETED	172	172	04:25.833		1	16Gn	2026-10-03T00:49:55	2026-10-03T00:52:47	mjolnircomp07fl	283408384
45826605	merge_gene_annotations	cmag_470	74e05862-a704-4e35-b0df-b1fe07bc87d6	COMPLETED	26	26	00:17.640		1	8Gn	2026-10-03T00:49:55	2026-10-03T00:50:21	mjolnircomp11fl	797696
45826606	merge_gene_annotations	cmag_517	74e05862-a704-4e35-b0df-b1fe07bc87d6	COMPLETED	17	17	00:11.271		1	8Gn	2026-10-03T00:49:55	2026-10-03T00:50:12	mjolnircomp14fl	814080
45826607	merge_gene_annotations	cmag_791	74e05862-a704-4e35-b0df-b1fe07bc87d6	COMPLETED	30	30	00:21.955		1	8Gn	2026-10-03T00:49:55	2026-10-03T00:50:25	mjolnircomp11fl	793600
45826608	cazy	cmag_672	74e05862-a704-4e35-b0df-b1fe07bc87d6	COMPLETED	32	32	00:27.423		1	8Gn	2026-10-03T00:49:55	2026-10-03T00:50:27	mjolnircomp05fl	77765632
45826609	merge_gene_annotations	cmag_528	74e05862-a704-4e35-b0df-b1fe07bc87d6	COMPLETED	18	18	00:12.533		1	8Gn	2026-10-03T00:49:55	2026-10-03T00:50:13	mjolnircomp10fl	801792
45826610	kegg	cmag_645	74e05862-a704-4e35-b0df-b1fe07bc87d6	COMPLETED	785	785	21:41.092		1	8Gn	2026-10-03T00:49:55	2026-10-03T01:03:00	mjolnirgpu01fl	780544000
45826611	prodigal	cmag_308	74e05862-a704-4e35-b0df-b1fe07bc87d6	COMPLETED	13	13	00:10.400		1	3574Mn	2026-10-03T00:49:55	2026-10-03T00:50:08	mjolnircomp05fl	812032
45826612	merge_gene_annotations	cmag_496	74e05862-a704-4e35-b0df-b1fe07bc87d6	COMPLETED	23	23	00:15.417		1	8Gn	2026-10-03T00:49:55	2026-10-03T00:50:18	mjolnircomp08fl	840704
45826620	tigrfam	cmag_391	74e05862-a704-4e35-b0df-b1fe07bc87d6	COMPLETED	138	138	03:41.695		1	16Gn	2026-10-03T00:50:25	2026-10-03T00:52:43	mjolnircomp10fl	420518912
45826621	pfam	cmag_548	74e05862-a704-4e35-b0df-b1fe07bc87d6	COMPLETED	879	879	23:06.768		1	8Gn	2026-10-03T00:50:25	2026-10-03T01:05:04	mjolnircomp02fl	210429952
45826622	merge_gene_annotations	cmag_064	74e05862-a704-4e35-b0df-b1fe07bc87d6	COMPLETED	26	26	00:18.690		1	8Gn	2026-10-03T00:50:25	2026-10-03T00:50:51	mjolnircomp11fl	800768
45826623	kegg	cmag_308	74e05862-a704-4e35-b0df-b1fe07bc87d6	COMPLETED	2349	2349	01:04:55		1	8Gn	2026-10-03T00:50:25	2026-10-03T01:29:34	mjolnircomp14fl	1025828864
45826624	ncbifam	cmag_559	74e05862-a704-4e35-b0df-b1fe07bc87d6	COMPLETED	957	957	25:53.025		1	16Gn	2026-10-03T00:50:25	2026-10-03T01:06:22	mjolnircomp11fl	345276416
45826625	cazy	cmag_027	74e05862-a704-4e35-b0df-b1fe07bc87d6	COMPLETED	15	15	00:09.798		1	8Gn	2026-10-03T00:50:25	2026-10-03T00:50:40	mjolnircomp01fl	822272
45826626	pfam	cmag_030	74e05862-a704-4e35-b0df-b1fe07bc87d6	COMPLETED	863	863	22:37.249		1	8Gn	2026-10-03T00:50:25	2026-10-03T01:04:48	mjolnircomp02fl	260711424
45826627	cazy	cmag_292	74e05862-a704-4e35-b0df-b1fe07bc87d6	COMPLETED	18	18	00:12.205		1	8Gn	2026-10-03T00:50:25	2026-10-03T00:50:43	mjolnircomp01fl	821248
45826628	merge_gene_annotations	cmag_161	74e05862-a704-4e35-b0df-b1fe07bc87d6	COMPLETED	22	22	00:15.191		1	8Gn	2026-10-03T00:50:25	2026-10-03T00:50:47	mjolnircomp11fl	803840
45826629	ncbifam	cmag_628	74e05862-a704-4e35-b0df-b1fe07bc87d6	COMPLETED	1366	1366	37:44.075		1	16Gn	2026-10-03T00:50:25	2026-10-03T01:13:11	mjolnircomp17fl	452412416
45826630	ncbifam	cmag_545	74e05862-a704-4e35-b0df-b1fe07bc87d6	COMPLETED	918	918	25:13.170		1	16Gn	2026-10-03T00:50:25	2026-10-03T01:05:43	mjolnircomp17fl	322829312
45826631	merge_gene_annotations	cmag_257	74e05862-a704-4e35-b0df-b1fe07bc87d6	COMPLETED	24	24	00:15.628		1	8Gn	2026-10-03T00:50:25	2026-10-03T00:50:49	mjolnircomp08fl	827392
45826632	merge_gene_annotations	cmag_365	74e05862-a704-4e35-b0df-b1fe07bc87d6	COMPLETED	47	47	00:14.454		1	8Gn	2026-10-03T00:50:25	2026-10-03T00:51:12	mjolnircomp17fl	80122880
45826633	kegg	cmag_668	74e05862-a704-4e35-b0df-b1fe07bc87d6	COMPLETED	2214	2214	01:03:29		1	8Gn	2026-10-03T00:50:25	2026-10-03T01:27:19	mjolnircomp17fl	807451648
45826645	ncbifam	cmag_308	74e05862-a704-4e35-b0df-b1fe07bc87d6	COMPLETED	1056	1056	28:41.676		1	16Gn	2026-10-03T00:50:55	2026-10-03T01:08:31	mjolnircomp10fl	428090368
45826646	merge_gene_annotations	cmag_366	74e05862-a704-4e35-b0df-b1fe07bc87d6	COMPLETED	22	22	00:16.673		1	8Gn	2026-10-03T00:50:55	2026-10-03T00:51:17	mjolnirgpu02fl	821248
45826647	merge_gene_annotations	cmag_051	74e05862-a704-4e35-b0df-b1fe07bc87d6	COMPLETED	18	18	00:12.751		1	8Gn	2026-10-03T00:50:55	2026-10-03T00:51:13	mjolnircomp10fl	803840
45826648	merge_gene_annotations	cmag_192	74e05862-a704-4e35-b0df-b1fe07bc87d6	COMPLETED	19	19	00:09.939		1	8Gn	2026-10-03T00:50:55	2026-10-03T00:51:14	mjolnircomp08fl	841728
45826649	kegg	cmag_015	74e05862-a704-4e35-b0df-b1fe07bc87d6	TIMEOUT	1982	1982	54:14.436		1	8Gn	2026-10-03T00:50:55	2026-10-03T01:23:57	mjolnircomp06fl	1004613632
45826650	pfam	cmag_010	74e05862-a704-4e35-b0df-b1fe07bc87d6	COMPLETED	2017	2017	52:04.692		1	8Gn	2026-10-03T00:50:55	2026-10-03T01:24:32	mjolnircomp06fl	274627584
45826651	merge_gene_annotations	cmag_090	74e05862-a704-4e35-b0df-b1fe07bc87d6	COMPLETED	22	22	00:13.236		1	8Gn	2026-10-03T00:50:55	2026-10-03T00:51:17	mjolnircomp11fl	797696
45826652	kegg	cmag_779	74e05862-a704-4e35-b0df-b1fe07bc87d6	TIMEOUT	1802	1802	00:01.445		1	8Gn	2026-10-03T00:50:55	2026-10-03T01:20:57	mjolnircomp06fl	821620736
45826653	prodigal	cmag_218	74e05862-a704-4e35-b0df-b1fe07bc87d6	COMPLETED	10	10	00:06.898		1	3344Mn	2026-10-03T00:51:25	2026-10-03T00:51:35	mjolnirgpu02fl	821248
45826654	cazy	cmag_089	74e05862-a704-4e35-b0df-b1fe07bc87d6	COMPLETED	26	26	00:19.613		1	8Gn	2026-10-03T00:51:25	2026-10-03T00:51:51	mjolnirgpu02fl	821248
45826655	prodigal	cmag_798	74e05862-a704-4e35-b0df-b1fe07bc87d6	COMPLETED	11	11	00:07.311		1	3295Mn	2026-10-03T00:51:25	2026-10-03T00:51:36	mjolnirgpu02fl	821248
45826656	kegg	cmag_619	74e05862-a704-4e35-b0df-b1fe07bc87d6	COMPLETED	1155	1155	32:49.787		1	8Gn	2026-10-03T00:51:25	2026-10-03T01:10:40	mjolnirgpu02fl	813789184
45826657	cazy	cmag_188	74e05862-a704-4e35-b0df-b1fe07bc87d6	COMPLETED	14	14	00:08.618		1	8Gn	2026-10-03T00:51:25	2026-10-03T00:51:39	mjolnircomp12fl	832512
45826676	pfam	cmag_525	74e05862-a704-4e35-b0df-b1fe07bc87d6	COMPLETED	1008	1008	26:44.766		1	8Gn	2026-10-03T00:51:55	2026-10-03T01:08:43	mjolnircomp14fl	290890752
45826677	kegg	cmag_519	74e05862-a704-4e35-b0df-b1fe07bc87d6	COMPLETED	1869	1869	54:30.345		1	8Gn	2026-10-03T00:51:55	2026-10-03T01:23:04	mjolnirgpu02fl	832420864
45826678	prodigal	cmag_209	74e05862-a704-4e35-b0df-b1fe07bc87d6	COMPLETED	8	8	00:04.313		1	2626Mn	2026-10-03T00:51:55	2026-10-03T00:52:03	mjolnircomp10fl	791552
45826679	pfam	cmag_254	74e05862-a704-4e35-b0df-b1fe07bc87d6	COMPLETED	1129	1129	31:11.168		1	8Gn	2026-10-03T00:51:55	2026-10-03T01:10:44	mjolnircomp13fl	212963328
45826680	tigrfam	cmag_572	74e05862-a704-4e35-b0df-b1fe07bc87d6	COMPLETED	203	203	05:10.671		1	16Gn	2026-10-03T00:51:55	2026-10-03T00:55:18	mjolnircomp11fl	334147584
45826681	pfam	cmag_180	74e05862-a704-4e35-b0df-b1fe07bc87d6	COMPLETED	1458	1458	40:11.690		1	8Gn	2026-10-03T00:51:55	2026-10-03T01:16:13	mjolnirgpu02fl	198656000
45826682	merge_gene_annotations	cmag_242	74e05862-a704-4e35-b0df-b1fe07bc87d6	COMPLETED	18	18	00:11.827		1	8Gn	2026-10-03T00:51:55	2026-10-03T00:52:13	mjolnircomp14fl	813056
45826683	merge_gene_annotations	cmag_277	74e05862-a704-4e35-b0df-b1fe07bc87d6	COMPLETED	24	24	00:14.793		1	8Gn	2026-10-03T00:51:55	2026-10-03T00:52:19	mjolnircomp11fl	812032
45826684	merge_gene_annotations	cmag_575	74e05862-a704-4e35-b0df-b1fe07bc87d6	COMPLETED	21	21	00:15.983		1	8Gn	2026-10-03T00:51:55	2026-10-03T00:52:16	mjolnirgpu02fl	822272
45826685	ncbifam	cmag_658	74e05862-a704-4e35-b0df-b1fe07bc87d6	COMPLETED	508	508	13:47.091		1	16Gn	2026-10-03T00:51:55	2026-10-03T01:00:23	mjolnircomp11fl	328100864
45826697	merge_gene_annotations	cmag_419	74e05862-a704-4e35-b0df-b1fe07bc87d6	COMPLETED	24	24	00:15.881		1	8Gn	2026-10-03T00:52:25	2026-10-03T00:52:49	mjolnircomp11fl	798720
45826698	tigrfam	cmag_305	74e05862-a704-4e35-b0df-b1fe07bc87d6	COMPLETED	90	90	02:19.036		1	16Gn	2026-10-03T00:52:25	2026-10-03T00:53:55	mjolnircomp14fl	324916224
45826699	kegg	cmag_798	74e05862-a704-4e35-b0df-b1fe07bc87d6	COMPLETED	2742	2742	01:09:42		1	8Gn	2026-10-03T00:52:25	2026-10-03T01:38:07	mjolnircomp10fl	753143808
45826700	prodigal	cmag_632	74e05862-a704-4e35-b0df-b1fe07bc87d6	COMPLETED	18	18	00:13.564		1	6015Mn	2026-10-03T00:52:25	2026-10-03T00:52:43	mjolnircomp10fl	805888
45826701	tigrfam	cmag_389	74e05862-a704-4e35-b0df-b1fe07bc87d6	COMPLETED	105	105	02:40.588		1	16Gn	2026-10-03T00:52:25	2026-10-03T00:54:10	mjolnircomp10fl	334996480
45826702	cazy	cmag_698	74e05862-a704-4e35-b0df-b1fe07bc87d6	COMPLETED	26	26	00:20.411		1	8Gn	2026-10-03T00:52:26	2026-10-03T00:52:52	mjolnircomp10fl	789504
45826703	tigrfam	cmag_770	74e05862-a704-4e35-b0df-b1fe07bc87d6	COMPLETED	147	147	03:47.120		1	16Gn	2026-10-03T00:52:25	2026-10-03T00:54:52	mjolnircomp10fl	291031040
45826704	tigrfam	cmag_759	74e05862-a704-4e35-b0df-b1fe07bc87d6	COMPLETED	167	167	04:21.873		1	16Gn	2026-10-03T00:52:25	2026-10-03T00:55:12	mjolnircomp10fl	352592896
45826705	merge_gene_annotations	cmag_334	74e05862-a704-4e35-b0df-b1fe07bc87d6	COMPLETED	18	18	00:11.788		1	8Gn	2026-10-03T00:52:25	2026-10-03T00:52:43	mjolnircomp10fl	801792
45826706	merge_gene_annotations	cmag_188	74e05862-a704-4e35-b0df-b1fe07bc87d6	COMPLETED	16	16	00:10.544		1	8Gn	2026-10-03T00:52:25	2026-10-03T00:52:41	mjolnircomp10fl	806912
45826709	tigrfam	cmag_477	74e05862-a704-4e35-b0df-b1fe07bc87d6	COMPLETED	257	257	06:50.762		1	16Gn	2026-10-03T00:53:26	2026-10-03T00:57:43	mjolnircomp07fl	357580800
45826710	kegg	cmag_463	74e05862-a704-4e35-b0df-b1fe07bc87d6	COMPLETED	3113	3113	01:17:54		1	8Gn	2026-10-03T00:53:26	2026-10-03T01:45:19	mjolnircomp10fl	792022016
45826712	cazy	cmag_691	74e05862-a704-4e35-b0df-b1fe07bc87d6	COMPLETED	23	23	00:17.535		1	8Gn	2026-10-03T00:53:26	2026-10-03T00:53:49	mjolnircomp10fl	795648
45826714	pfam	cmag_505	74e05862-a704-4e35-b0df-b1fe07bc87d6	COMPLETED	874	874	23:11.411		1	8Gn	2026-10-03T00:53:26	2026-10-03T01:08:00	mjolnircomp02fl	201692160
45826715	merge_gene_annotations	cmag_094	74e05862-a704-4e35-b0df-b1fe07bc87d6	COMPLETED	28	28	00:20.454		1	8Gn	2026-10-03T00:53:26	2026-10-03T00:53:54	mjolnircomp11fl	807936
45826716	merge_gene_annotations	cmag_216	74e05862-a704-4e35-b0df-b1fe07bc87d6	COMPLETED	24	24	00:15.305		1	8Gn	2026-10-03T00:53:26	2026-10-03T00:53:50	mjolnircomp11fl	795648
45826717	merge_gene_annotations	cmag_499	74e05862-a704-4e35-b0df-b1fe07bc87d6	COMPLETED	21	21	00:16.251		1	8Gn	2026-10-03T00:53:26	2026-10-03T00:53:47	mjolnircomp10fl	800768
45826718	merge_gene_annotations	cmag_446	74e05862-a704-4e35-b0df-b1fe07bc87d6	COMPLETED	23	23	00:14.448		1	8Gn	2026-10-03T00:53:26	2026-10-03T00:53:49	mjolnircomp11fl	809984
45826719	merge_gene_annotations	cmag_441	74e05862-a704-4e35-b0df-b1fe07bc87d6	COMPLETED	21	21	00:15.541		1	8Gn	2026-10-03T00:53:26	2026-10-03T00:53:47	mjolnircomp10fl	802816
45826720	cazy	cmag_040	74e05862-a704-4e35-b0df-b1fe07bc87d6	COMPLETED	18	18	00:12.515		1	8Gn	2026-10-03T00:53:26	2026-10-03T00:53:44	mjolnircomp10fl	788480
45826721	tigrfam	cmag_633	74e05862-a704-4e35-b0df-b1fe07bc87d6	COMPLETED	106	106	02:39.746		1	16Gn	2026-10-03T00:53:26	2026-10-03T00:55:12	mjolnircomp07fl	378204160
45826722	merge_gene_annotations	cmag_281	74e05862-a704-4e35-b0df-b1fe07bc87d6	COMPLETED	20	20	00:15.309		1	8Gn	2026-10-03T00:53:26	2026-10-03T00:53:46	mjolnircomp10fl	804864
45826723	kegg	cmag_480	74e05862-a704-4e35-b0df-b1fe07bc87d6	COMPLETED	2352	2352	01:04:36		1	8Gn	2026-10-03T00:53:26	2026-10-03T01:32:38	mjolnirgpu03fl	775543808
45826736	tigrfam	cmag_548	74e05862-a704-4e35-b0df-b1fe07bc87d6	COMPLETED	168	168	04:16.181		1	16Gn	2026-10-03T00:53:56	2026-10-03T00:56:44	mjolnircomp07fl	386963456
45826737	merge_gene_annotations	cmag_040	74e05862-a704-4e35-b0df-b1fe07bc87d6	COMPLETED	18	18	00:11.231		1	8Gn	2026-10-03T00:53:56	2026-10-03T00:54:14	mjolnircomp08fl	820224
45826738	ncbifam	cmag_634	74e05862-a704-4e35-b0df-b1fe07bc87d6	COMPLETED	550	550	14:22.159		1	16Gn	2026-10-03T00:53:56	2026-10-03T01:03:06	mjolnircomp12fl	407657472
45826739	pfam	cmag_482	74e05862-a704-4e35-b0df-b1fe07bc87d6	COMPLETED	825	825	21:45.165		1	8Gn	2026-10-03T00:53:56	2026-10-03T01:07:41	mjolnircomp02fl	205838336
45826740	tigrfam	cmag_065	74e05862-a704-4e35-b0df-b1fe07bc87d6	COMPLETED	314	314	08:07.865		1	16Gn	2026-10-03T00:53:56	2026-10-03T00:59:10	mjolnircomp12fl	357807104
45826741	merge_gene_annotations	cmag_329	74e05862-a704-4e35-b0df-b1fe07bc87d6	COMPLETED	20	20	00:14.861		1	8Gn	2026-10-03T00:53:56	2026-10-03T00:54:16	mjolnircomp12fl	856064
45826759	pfam	cmag_364	74e05862-a704-4e35-b0df-b1fe07bc87d6	COMPLETED	1177	1177	31:43.456		1	8Gn	2026-10-03T00:54:56	2026-10-03T01:14:33	mjolnircomp11fl	277716992
45826760	cazy	cmag_798	74e05862-a704-4e35-b0df-b1fe07bc87d6	COMPLETED	29	29	00:24.541		1	8Gn	2026-10-03T00:54:56	2026-10-03T00:55:25	mjolnircomp06fl	822272
45826761	merge_gene_annotations	cmag_305	74e05862-a704-4e35-b0df-b1fe07bc87d6	COMPLETED	23	23	00:10.703		1	8Gn	2026-10-03T00:54:56	2026-10-03T00:55:19	mjolnircomp11fl	814080
45826762	ncbifam	cmag_168	74e05862-a704-4e35-b0df-b1fe07bc87d6	COMPLETED	788	788	22:28.515		1	16Gn	2026-10-03T00:54:56	2026-10-03T01:08:04	mjolnircomp08fl	409360384
45826763	merge_gene_annotations	cmag_225	74e05862-a704-4e35-b0df-b1fe07bc87d6	COMPLETED	22	22	00:12.702		1	8Gn	2026-10-03T00:54:56	2026-10-03T00:55:18	mjolnircomp08fl	854016
45826764	ncbifam	cmag_711	74e05862-a704-4e35-b0df-b1fe07bc87d6	COMPLETED	800	800	22:14.435		1	16Gn	2026-10-03T00:54:56	2026-10-03T01:08:16	mjolnircomp12fl	400506880
45826765	merge_gene_annotations	cmag_235	74e05862-a704-4e35-b0df-b1fe07bc87d6	COMPLETED	29	29	00:17.524		1	8Gn	2026-10-03T00:54:56	2026-10-03T00:55:25	mjolnircomp11fl	776192
45826766	merge_gene_annotations	cmag_721	74e05862-a704-4e35-b0df-b1fe07bc87d6	COMPLETED	20	20	00:14.176		1	8Gn	2026-10-03T00:54:56	2026-10-03T00:55:16	mjolnircomp10fl	804864
45826767	merge_gene_annotations	cmag_565	74e05862-a704-4e35-b0df-b1fe07bc87d6	COMPLETED	20	20	00:14.213		1	8Gn	2026-10-03T00:54:56	2026-10-03T00:55:16	mjolnircomp10fl	802816
45826768	tigrfam	cmag_043	74e05862-a704-4e35-b0df-b1fe07bc87d6	COMPLETED	180	180	04:42.083		1	16Gn	2026-10-03T00:54:56	2026-10-03T00:57:56	mjolnircomp10fl	376759296
45826769	merge_gene_annotations	cmag_398	74e05862-a704-4e35-b0df-b1fe07bc87d6	COMPLETED	17	17	00:11.554		1	8Gn	2026-10-03T00:54:56	2026-10-03T00:55:13	mjolnircomp10fl	798720
45826770	kegg	cmag_343	74e05862-a704-4e35-b0df-b1fe07bc87d6	COMPLETED	1366	1366	40:04.499		1	8Gn	2026-10-03T00:54:56	2026-10-03T01:17:42	mjolnircomp11fl	1151182848
45826791	ncbifam	cmag_798	74e05862-a704-4e35-b0df-b1fe07bc87d6	COMPLETED	929	929	25:10.971		1	16Gn	2026-10-03T00:55:26	2026-10-03T01:10:55	mjolnircomp07fl	350765056
45826805	cazy	cmag_687	74e05862-a704-4e35-b0df-b1fe07bc87d6	COMPLETED	23	23	00:17.082		1	8Gn	2026-10-03T00:55:56	2026-10-03T00:56:19	mjolnircomp06fl	829440
45826806	merge_gene_annotations	cmag_535	74e05862-a704-4e35-b0df-b1fe07bc87d6	COMPLETED	20	20	00:14.925		1	8Gn	2026-10-03T00:55:56	2026-10-03T00:56:16	mjolnircomp15fl	844800
45826807	tigrfam	cmag_678	74e05862-a704-4e35-b0df-b1fe07bc87d6	COMPLETED	146	146	03:52.778		1	16Gn	2026-10-03T00:55:56	2026-10-03T00:58:22	mjolnircomp10fl	363497472
45826808	cazy	cmag_302	74e05862-a704-4e35-b0df-b1fe07bc87d6	COMPLETED	23	23	00:17.367		1	8Gn	2026-10-03T00:55:56	2026-10-03T00:56:19	mjolnircomp06fl	833536
45826809	merge_gene_annotations	cmag_104	74e05862-a704-4e35-b0df-b1fe07bc87d6	COMPLETED	24	24	00:16.063		1	8Gn	2026-10-03T00:55:56	2026-10-03T00:56:20	mjolnircomp11fl	808960
45826810	pfam	cmag_319	74e05862-a704-4e35-b0df-b1fe07bc87d6	COMPLETED	370	370	09:37.596		1	8Gn	2026-10-03T00:55:56	2026-10-03T01:02:06	mjolnircomp08fl	251560960
45826811	pfam	cmag_492	74e05862-a704-4e35-b0df-b1fe07bc87d6	COMPLETED	739	739	20:04.255		1	8Gn	2026-10-03T00:55:56	2026-10-03T01:08:15	mjolnircomp14fl	215117824
45826812	merge_gene_annotations	cmag_770	74e05862-a704-4e35-b0df-b1fe07bc87d6	COMPLETED	22	22	00:14.463		1	8Gn	2026-10-03T00:55:56	2026-10-03T00:56:18	mjolnircomp11fl	808960
45826813	merge_gene_annotations	cmag_759	74e05862-a704-4e35-b0df-b1fe07bc87d6	COMPLETED	24	24	00:16.583		1	8Gn	2026-10-03T00:55:56	2026-10-03T00:56:20	mjolnircomp11fl	794624
45826814	merge_gene_annotations	cmag_633	74e05862-a704-4e35-b0df-b1fe07bc87d6	COMPLETED	15	15	00:10.214		1	8Gn	2026-10-03T00:55:56	2026-10-03T00:56:11	mjolnircomp09fl	856064
45826815	merge_gene_annotations	cmag_301	74e05862-a704-4e35-b0df-b1fe07bc87d6	COMPLETED	16	16	00:11.104		1	8Gn	2026-10-03T00:55:56	2026-10-03T00:56:12	mjolnircomp02fl	809984
45826816	tigrfam	cmag_514	74e05862-a704-4e35-b0df-b1fe07bc87d6	COMPLETED	167	167	04:31.790		1	16Gn	2026-10-03T00:55:56	2026-10-03T00:58:43	mjolnircomp09fl	335650816
45826826	pfam	cmag_209	74e05862-a704-4e35-b0df-b1fe07bc87d6	COMPLETED	842	842	22:07.710		1	8Gn	2026-10-03T00:56:56	2026-10-03T01:10:58	mjolnircomp02fl	207394816
45826827	cazy	cmag_015	74e05862-a704-4e35-b0df-b1fe07bc87d6	COMPLETED	19	19	00:14.031		1	8Gn	2026-10-03T00:56:56	2026-10-03T00:57:15	mjolnirgpu02fl	820224
45826828	tigrfam	cmag_490	74e05862-a704-4e35-b0df-b1fe07bc87d6	COMPLETED	207	207	05:16.672		1	16Gn	2026-10-03T00:56:56	2026-10-03T01:00:23	mjolnircomp07fl	430861312
45826829	tigrfam	cmag_585	74e05862-a704-4e35-b0df-b1fe07bc87d6	COMPLETED	127	127	03:11.285		1	16Gn	2026-10-03T00:56:56	2026-10-03T00:59:03	mjolnircomp11fl	358042624
45826830	cazy	cmag_578	74e05862-a704-4e35-b0df-b1fe07bc87d6	COMPLETED	21	21	00:15.666		1	8Gn	2026-10-03T00:56:56	2026-10-03T00:57:17	mjolnirgpu02fl	817152
45826831	cazy	cmag_383	74e05862-a704-4e35-b0df-b1fe07bc87d6	COMPLETED	27	27	00:22.510		1	8Gn	2026-10-03T00:56:56	2026-10-03T00:57:23	mjolnirgpu02fl	818176
45826832	tigrfam	cmag_045	74e05862-a704-4e35-b0df-b1fe07bc87d6	COMPLETED	294	294	07:34.830		1	16Gn	2026-10-03T00:56:56	2026-10-03T01:01:50	mjolnircomp11fl	316014592
45826833	pfam	cmag_671	74e05862-a704-4e35-b0df-b1fe07bc87d6	COMPLETED	830	830	21:19.172		1	16Gn	2026-10-03T00:56:56	2026-10-03T01:10:46	mjolnircomp06fl	212541440
45826834	pfam	cmag_514	74e05862-a704-4e35-b0df-b1fe07bc87d6	COMPLETED	984	984	28:18.054		1	8Gn	2026-10-03T00:56:56	2026-10-03T01:13:20	mjolnircomp01fl	208644096
45826835	prodigal	cmag_584	74e05862-a704-4e35-b0df-b1fe07bc87d6	COMPLETED	9	9	00:06.648		1	3239Mn	2026-10-03T00:56:56	2026-10-03T00:57:05	mjolnirgpu02fl	819200
45826836	merge_gene_annotations	cmag_540	74e05862-a704-4e35-b0df-b1fe07bc87d6	COMPLETED	18	18	00:13.554		1	8Gn	2026-10-03T00:56:56	2026-10-03T00:57:14	mjolnircomp15fl	844800
45826837	pfam	cmag_367	74e05862-a704-4e35-b0df-b1fe07bc87d6	COMPLETED	691	691	18:07.940		1	8Gn	2026-10-03T00:56:56	2026-10-03T01:08:27	mjolnirgpu02fl	257059840
45826844	cazy	cmag_782	74e05862-a704-4e35-b0df-b1fe07bc87d6	COMPLETED	21	21	00:12.816		1	8Gn	2026-10-03T00:57:26	2026-10-03T00:57:47	mjolnircomp11fl	812032
45826845	merge_gene_annotations	cmag_302	74e05862-a704-4e35-b0df-b1fe07bc87d6	COMPLETED	15	15	00:10.658		1	8Gn	2026-10-03T00:57:26	2026-10-03T00:57:41	mjolnircomp15fl	846848
45826856	pfam	cmag_632	74e05862-a704-4e35-b0df-b1fe07bc87d6	COMPLETED	1682	1682	45:19.569		1	8224Mn	2026-10-03T00:57:56	2026-10-03T01:25:58	mjolnircomp03fl	252695552
45826857	tigrfam	cmag_681	74e05862-a704-4e35-b0df-b1fe07bc87d6	COMPLETED	119	119	03:07.766		1	16Gn	2026-10-03T00:57:56	2026-10-03T00:59:55	mjolnircomp16fl	389039104
45826858	tigrfam	cmag_393	74e05862-a704-4e35-b0df-b1fe07bc87d6	COMPLETED	223	223	05:47.999		1	16Gn	2026-10-03T00:57:56	2026-10-03T01:01:39	mjolnircomp11fl	341615616
45826859	kegg	cmag_218	74e05862-a704-4e35-b0df-b1fe07bc87d6	COMPLETED	1847	1847	55:13.503		1	8Gn	2026-10-03T00:57:56	2026-10-03T01:28:43	mjolnircomp15fl	1019663360
45826860	tigrfam	cmag_682	74e05862-a704-4e35-b0df-b1fe07bc87d6	COMPLETED	136	136	03:33.884		1	16Gn	2026-10-03T00:57:56	2026-10-03T01:00:12	mjolnircomp10fl	330068992
45826861	merge_gene_annotations	cmag_694	74e05862-a704-4e35-b0df-b1fe07bc87d6	COMPLETED	21	21	00:13.782		1	8Gn	2026-10-03T00:57:56	2026-10-03T00:58:17	mjolnircomp11fl	808960
45826862	pfam	cmag_806	74e05862-a704-4e35-b0df-b1fe07bc87d6	COMPLETED	664	664	17:37.809		1	8Gn	2026-10-03T00:57:56	2026-10-03T01:09:00	mjolnircomp14fl	287887360
45826863	merge_gene_annotations	cmag_151	74e05862-a704-4e35-b0df-b1fe07bc87d6	COMPLETED	30	30	00:15.241		1	8Gn	2026-10-03T00:57:56	2026-10-03T00:58:26	mjolnirgpu03fl	72317952
45826864	kegg	cmag_584	74e05862-a704-4e35-b0df-b1fe07bc87d6	COMPLETED	1817	1817	53:01.897		1	8Gn	2026-10-03T00:57:56	2026-10-03T01:28:13	mjolnircomp07fl	712476672
45826865	merge_gene_annotations	cmag_544	74e05862-a704-4e35-b0df-b1fe07bc87d6	COMPLETED	21	21	00:11.060		1	8Gn	2026-10-03T00:57:56	2026-10-03T00:58:17	mjolnircomp08fl	839680
45826877	kegg	cmag_678	74e05862-a704-4e35-b0df-b1fe07bc87d6	COMPLETED	1801	1801	49:14.967		1	8Gn	2026-10-03T00:58:56	2026-10-03T01:28:57	mjolnirgpu03fl	926162944
45826878	cazy	cmag_529	74e05862-a704-4e35-b0df-b1fe07bc87d6	COMPLETED	19	19	00:13.541		1	8Gn	2026-10-03T00:58:56	2026-10-03T00:59:15	mjolnirgpu02fl	815104
45826879	pfam	cmag_547	74e05862-a704-4e35-b0df-b1fe07bc87d6	COMPLETED	762	762	20:25.761		1	8Gn	2026-10-03T00:58:56	2026-10-03T01:11:38	mjolnircomp02fl	210026496
45826880	ncbifam	cmag_410	74e05862-a704-4e35-b0df-b1fe07bc87d6	COMPLETED	729	729	21:31.748		1	16Gn	2026-10-03T00:58:56	2026-10-03T01:11:05	mjolnircomp09fl	426920960
45826881	pfam	cmag_698	74e05862-a704-4e35-b0df-b1fe07bc87d6	COMPLETED	1128	1128	28:38.553		1	8Gn	2026-10-03T00:58:56	2026-10-03T01:17:44	mjolnircomp08fl	217040896
45826882	merge_gene_annotations	cmag_086	74e05862-a704-4e35-b0df-b1fe07bc87d6	COMPLETED	18	18	00:13.250		1	8Gn	2026-10-03T00:58:56	2026-10-03T00:59:14	mjolnircomp10fl	801792
45826883	ncbifam	cmag_223	74e05862-a704-4e35-b0df-b1fe07bc87d6	COMPLETED	702	702	20:20.197		1	16Gn	2026-10-03T00:58:56	2026-10-03T01:10:38	mjolnircomp08fl	343658496
45826899	merge_gene_annotations	cmag_082	74e05862-a704-4e35-b0df-b1fe07bc87d6	COMPLETED	20	20	00:14.489		1	8Gn	2026-10-03T00:59:26	2026-10-03T00:59:46	mjolnircomp12fl	830464
45826900	merge_gene_annotations	cmag_684	74e05862-a704-4e35-b0df-b1fe07bc87d6	COMPLETED	27	27	00:14.979		1	8Gn	2026-10-03T00:59:26	2026-10-03T00:59:53	mjolnircomp04fl	821248
45826901	merge_gene_annotations	cmag_023	74e05862-a704-4e35-b0df-b1fe07bc87d6	COMPLETED	77	77	00:15.222		1	8Gn	2026-10-03T00:59:26	2026-10-03T01:00:43	mjolnircomp17fl	155390976
45826902	ncbifam	cmag_604	74e05862-a704-4e35-b0df-b1fe07bc87d6	COMPLETED	1219	1219	33:39.903		1	16Gn	2026-10-03T00:59:56	2026-10-03T01:20:15	mjolnircomp12fl	365292544
45826915	merge_gene_annotations	cmag_553	74e05862-a704-4e35-b0df-b1fe07bc87d6	COMPLETED	24	24	00:11.810		1	8Gn	2026-10-03T00:59:56	2026-10-03T01:00:20	mjolnircomp10fl	803840
45826916	merge_gene_annotations	cmag_206	74e05862-a704-4e35-b0df-b1fe07bc87d6	COMPLETED	24	24	00:12.368		1	8Gn	2026-10-03T00:59:56	2026-10-03T01:00:20	mjolnircomp01fl	831488
45826917	kegg	cmag_477	74e05862-a704-4e35-b0df-b1fe07bc87d6	COMPLETED	1903	1903	55:19.422		1	8Gn	2026-10-03T00:59:56	2026-10-03T01:31:39	mjolnircomp04fl	778832896
45826918	merge_gene_annotations	cmag_184	74e05862-a704-4e35-b0df-b1fe07bc87d6	COMPLETED	36	36	00:30.352		1	8Gn	2026-10-03T00:59:56	2026-10-03T01:00:32	mjolnircomp05fl	78327808
45826919	merge_gene_annotations	cmag_767	74e05862-a704-4e35-b0df-b1fe07bc87d6	COMPLETED	16	16	00:10.351		1	8Gn	2026-10-03T00:59:56	2026-10-03T01:00:12	mjolnircomp02fl	801792
45826920	prodigal	cmag_808	74e05862-a704-4e35-b0df-b1fe07bc87d6	COMPLETED	15	15	00:02.987		1	1538Mn	2026-10-03T00:59:56	2026-10-03T01:00:11	mjolnircomp04fl	847872
45826926	tigrfam	cmag_522	74e05862-a704-4e35-b0df-b1fe07bc87d6	COMPLETED	88	88	02:15.314		1	16Gn	2026-10-03T01:00:56	2026-10-03T01:02:24	mjolnircomp03fl	393846784
45826927	pfam	cmag_120	74e05862-a704-4e35-b0df-b1fe07bc87d6	COMPLETED	990	990	27:20.733		1	8Gn	2026-10-03T01:00:56	2026-10-03T01:17:26	mjolnircomp07fl	216716288
45826928	tigrfam	cmag_583	74e05862-a704-4e35-b0df-b1fe07bc87d6	COMPLETED	241	241	06:17.366		1	16Gn	2026-10-03T01:00:56	2026-10-03T01:04:57	mjolnircomp11fl	331799552
45826929	ncbifam	cmag_447	74e05862-a704-4e35-b0df-b1fe07bc87d6	COMPLETED	722	722	19:59.397		1	16Gn	2026-10-03T01:00:56	2026-10-03T01:12:58	mjolnircomp10fl	343534592
45826930	merge_gene_annotations	cmag_140	74e05862-a704-4e35-b0df-b1fe07bc87d6	COMPLETED	19	19	00:13.801		1	8Gn	2026-10-03T01:00:56	2026-10-03T01:01:15	mjolnircomp10fl	791552
45826931	kegg	cmag_285	74e05862-a704-4e35-b0df-b1fe07bc87d6	COMPLETED	2606	2606	01:03:46		1	8Gn	2026-10-03T01:00:56	2026-10-03T01:44:22	mjolnircomp10fl	581976064
45826932	merge_gene_annotations	cmag_728	74e05862-a704-4e35-b0df-b1fe07bc87d6	COMPLETED	37	37	00:31.275		1	8Gn	2026-10-03T01:00:56	2026-10-03T01:01:33	mjolnircomp05fl	78156800
45826933	cazy	cmag_385	74e05862-a704-4e35-b0df-b1fe07bc87d6	COMPLETED	21	21	00:16.359		1	8Gn	2026-10-03T01:00:56	2026-10-03T01:01:17	mjolnircomp06fl	834560
45826934	merge_gene_annotations	cmag_571	74e05862-a704-4e35-b0df-b1fe07bc87d6	COMPLETED	24	24	00:18.247		1	8Gn	2026-10-03T01:00:56	2026-10-03T01:01:20	mjolnircomp01fl	851968
45826935	cazy	cmag_333	74e05862-a704-4e35-b0df-b1fe07bc87d6	COMPLETED	28	28	00:22.873		1	8Gn	2026-10-03T01:00:56	2026-10-03T01:01:24	mjolnircomp06fl	833536
45826949	tigrfam	cmag_120	74e05862-a704-4e35-b0df-b1fe07bc87d6	COMPLETED	278	278	07:17.271		1	16Gn	2026-10-03T01:01:26	2026-10-03T01:06:04	mjolnircomp11fl	421678080
45826950	kegg	cmag_175	74e05862-a704-4e35-b0df-b1fe07bc87d6	COMPLETED	3810	3810	01:40:00		1	8Gn	2026-10-03T01:01:26	2026-10-03T02:04:56	mjolnircomp10fl	984730624
45826951	merge_gene_annotations	cmag_757	74e05862-a704-4e35-b0df-b1fe07bc87d6	COMPLETED	16	16	00:10.802		1	8Gn	2026-10-03T01:01:26	2026-10-03T01:01:42	mjolnircomp07fl	826368
45826965	pfam	cmag_696	74e05862-a704-4e35-b0df-b1fe07bc87d6	COMPLETED	696	696	19:55.027		1	8Gn	2026-10-03T01:01:56	2026-10-03T01:13:32	mjolnircomp04fl	223134720
45826966	merge_gene_annotations	cmag_062	74e05862-a704-4e35-b0df-b1fe07bc87d6	COMPLETED	22	22	00:15.306		1	8Gn	2026-10-03T01:01:56	2026-10-03T01:02:18	mjolnircomp11fl	798720
45826967	tigrfam	cmag_584	74e05862-a704-4e35-b0df-b1fe07bc87d6	COMPLETED	237	237	06:10.515		1	16Gn	2026-10-03T01:01:56	2026-10-03T01:05:53	mjolnircomp11fl	317347840
45826968	pfam	cmag_808	74e05862-a704-4e35-b0df-b1fe07bc87d6	COMPLETED	367	367	09:33.204		1	8Gn	2026-10-03T01:01:56	2026-10-03T01:08:03	mjolnircomp04fl	193301504
45826969	merge_gene_annotations	cmag_820	74e05862-a704-4e35-b0df-b1fe07bc87d6	COMPLETED	27	27	00:21.588		1	8Gn	2026-10-03T01:01:56	2026-10-03T01:02:23	mjolnircomp05fl	829440
45826970	merge_gene_annotations	cmag_682	74e05862-a704-4e35-b0df-b1fe07bc87d6	COMPLETED	23	23	00:13.490		1	8Gn	2026-10-03T01:01:56	2026-10-03T01:02:19	mjolnircomp04fl	816128
45826971	merge_gene_annotations	cmag_402	74e05862-a704-4e35-b0df-b1fe07bc87d6	COMPLETED	24	24	00:13.891		1	8Gn	2026-10-03T01:01:56	2026-10-03T01:02:20	mjolnircomp04fl	831488
45826972	merge_gene_annotations	cmag_291	74e05862-a704-4e35-b0df-b1fe07bc87d6	COMPLETED	26	26	00:16.910		1	8Gn	2026-10-03T01:01:56	2026-10-03T01:02:22	mjolnircomp04fl	823296
45826973	ncbifam	cmag_075	74e05862-a704-4e35-b0df-b1fe07bc87d6	COMPLETED	756	756	21:58.289		1	16Gn	2026-10-03T01:01:56	2026-10-03T01:14:32	mjolnircomp15fl	436649984
45826974	tigrfam	cmag_799	74e05862-a704-4e35-b0df-b1fe07bc87d6	COMPLETED	150	150	03:50.862		1	16Gn	2026-10-03T01:01:56	2026-10-03T01:04:26	mjolnircomp16fl	396767232
45826983	pfam	cmag_526	74e05862-a704-4e35-b0df-b1fe07bc87d6	COMPLETED	701	701	18:05.826		1	8Gn	2026-10-03T01:02:56	2026-10-03T01:14:37	mjolnircomp14fl	233609216
45826984	cazy	cmag_296	74e05862-a704-4e35-b0df-b1fe07bc87d6	COMPLETED	18	18	00:12.222		1	8Gn	2026-10-03T01:02:56	2026-10-03T01:03:14	mjolnircomp02fl	806912
45826985	merge_gene_annotations	cmag_751	74e05862-a704-4e35-b0df-b1fe07bc87d6	COMPLETED	27	27	00:18.360		1	8Gn	2026-10-03T01:02:56	2026-10-03T01:03:23	mjolnircomp11fl	796672
45826986	tigrfam	cmag_069	74e05862-a704-4e35-b0df-b1fe07bc87d6	COMPLETED	117	117	03:02.936		1	16Gn	2026-10-03T01:02:56	2026-10-03T01:04:53	mjolnircomp10fl	440094720
45826987	prodigal	cmag_300	74e05862-a704-4e35-b0df-b1fe07bc87d6	COMPLETED	8	8	00:05.251		1	3656Mn	2026-10-03T01:02:56	2026-10-03T01:03:04	mjolnircomp02fl	806912
45826988	kegg	cmag_648	74e05862-a704-4e35-b0df-b1fe07bc87d6	COMPLETED	1569	1569	43:46.699		1	8Gn	2026-10-03T01:02:56	2026-10-03T01:29:05	mjolnircomp03fl	1125086208
45826989	prodigal	cmag_594	74e05862-a704-4e35-b0df-b1fe07bc87d6	COMPLETED	8	8	00:05.289		1	4256Mn	2026-10-03T01:02:56	2026-10-03T01:03:04	mjolnircomp02fl	801792
45826990	ncbifam	cmag_663	74e05862-a704-4e35-b0df-b1fe07bc87d6	COMPLETED	853	853	22:50.283		1	16Gn	2026-10-03T01:02:56	2026-10-03T01:17:09	mjolnircomp17fl	424113152
45827000	tigrfam	cmag_428	74e05862-a704-4e35-b0df-b1fe07bc87d6	COMPLETED	110	110	02:44.954		1	16Gn	2026-10-03T01:03:26	2026-10-03T01:05:16	mjolnircomp12fl	346964992
45827001	cazy	cmag_300	74e05862-a704-4e35-b0df-b1fe07bc87d6	COMPLETED	22	22	00:16.886		1	8Gn	2026-10-03T01:03:26	2026-10-03T01:03:48	mjolnirgpu02fl	822272
45827002	tigrfam	cmag_165	74e05862-a704-4e35-b0df-b1fe07bc87d6	COMPLETED	123	123	03:10.699		1	16Gn	2026-10-03T01:03:56	2026-10-03T01:05:59	mjolnircomp07fl	341089280
45827003	pfam	cmag_300	74e05862-a704-4e35-b0df-b1fe07bc87d6	COMPLETED	975	975	25:07.869		1	8Gn	2026-10-03T01:03:26	2026-10-03T01:19:41	mjolnircomp08fl	220607488
45827004	kegg	cmag_300	74e05862-a704-4e35-b0df-b1fe07bc87d6	COMPLETED	2352	2352	01:09:41		1	8Gn	2026-10-03T01:03:26	2026-10-03T01:42:38	mjolnircomp04fl	923784192
45827005	tigrfam	cmag_492	74e05862-a704-4e35-b0df-b1fe07bc87d6	COMPLETED	199	199	05:08.294		1	16Gn	2026-10-03T01:03:26	2026-10-03T01:06:45	mjolnircomp04fl	421588992
45827015	cazy	cmag_584	74e05862-a704-4e35-b0df-b1fe07bc87d6	COMPLETED	29	29	00:23.069		1	8Gn	2026-10-03T01:03:56	2026-10-03T01:04:25	mjolnirgpu02fl	822272
45827016	ncbifam	cmag_300	74e05862-a704-4e35-b0df-b1fe07bc87d6	COMPLETED	1045	1045	29:12.319		1	16Gn	2026-10-03T01:03:56	2026-10-03T01:21:21	mjolnircomp11fl	437033984
45827017	kegg	cmag_808	74e05862-a704-4e35-b0df-b1fe07bc87d6	COMPLETED	1013	1013	27:47.781		1	8Gn	2026-10-03T01:03:56	2026-10-03T01:20:49	mjolnirgpu01fl	1105253376
45827018	tigrfam	cmag_300	74e05862-a704-4e35-b0df-b1fe07bc87d6	COMPLETED	303	303	07:53.845		1	16Gn	2026-10-03T01:03:56	2026-10-03T01:08:59	mjolnircomp04fl	352584704
45827019	ncbifam	cmag_594	74e05862-a704-4e35-b0df-b1fe07bc87d6	COMPLETED	1339	1339	36:36.401		1	16Gn	2026-10-03T01:03:56	2026-10-03T01:26:15	mjolnircomp17fl	371163136
45827020	merge_gene_annotations	cmag_089	74e05862-a704-4e35-b0df-b1fe07bc87d6	COMPLETED	28	28	00:16.960		1	8Gn	2026-10-03T01:03:56	2026-10-03T01:04:24	mjolnircomp04fl	817152
45827038	pfam	cmag_285	74e05862-a704-4e35-b0df-b1fe07bc87d6	COMPLETED	878	878	25:03.252		1	8Gn	2026-10-03T01:04:56	2026-10-03T01:19:34	mjolnircomp01fl	217567232
45827039	pfam	cmag_434	74e05862-a704-4e35-b0df-b1fe07bc87d6	COMPLETED	640	640	16:36.990		1	8Gn	2026-10-03T01:04:56	2026-10-03T01:15:36	mjolnircomp02fl	179464192
45827040	kegg	cmag_012	74e05862-a704-4e35-b0df-b1fe07bc87d6	COMPLETED	2379	2379	59:22.006		1	8Gn	2026-10-03T01:04:56	2026-10-03T01:44:35	mjolnircomp10fl	843686912
45827041	cazy	cmag_330	74e05862-a704-4e35-b0df-b1fe07bc87d6	COMPLETED	25	25	00:19.408		1	8Gn	2026-10-03T01:04:56	2026-10-03T01:05:21	mjolnirgpu02fl	821248
45827042	merge_gene_annotations	cmag_049	74e05862-a704-4e35-b0df-b1fe07bc87d6	COMPLETED	19	19	00:13.375		1	8Gn	2026-10-03T01:04:56	2026-10-03T01:05:15	mjolnircomp12fl	832512
45827043	merge_gene_annotations	cmag_316	74e05862-a704-4e35-b0df-b1fe07bc87d6	COMPLETED	25	25	00:11.635		1	8Gn	2026-10-03T01:04:56	2026-10-03T01:05:21	mjolnircomp04fl	813056
45827044	kegg	cmag_287	74e05862-a704-4e35-b0df-b1fe07bc87d6	COMPLETED	913	913	25:39.814		1	16Gn	2026-10-03T01:04:56	2026-10-03T01:20:09	mjolnircomp01fl	739782656
45827058	pfam	cmag_621	74e05862-a704-4e35-b0df-b1fe07bc87d6	COMPLETED	1162	1162	33:25.116		1	8Gn	2026-10-03T01:05:27	2026-10-03T01:24:49	mjolnircomp04fl	200305664
45827059	tigrfam	cmag_543	74e05862-a704-4e35-b0df-b1fe07bc87d6	COMPLETED	569	569	14:43.356		1	16Gn	2026-10-03T01:05:27	2026-10-03T01:14:56	mjolnircomp06fl	400380928
45827060	tigrfam	cmag_166	74e05862-a704-4e35-b0df-b1fe07bc87d6	COMPLETED	172	172	04:34.489		1	16Gn	2026-10-03T01:05:27	2026-10-03T01:08:19	mjolnircomp10fl	349729792
45827061	merge_gene_annotations	cmag_583	74e05862-a704-4e35-b0df-b1fe07bc87d6	COMPLETED	38	38	00:32.255		1	8Gn	2026-10-03T01:05:27	2026-10-03T01:06:05	mjolnircomp06fl	267444224
45827075	merge_gene_annotations	cmag_529	74e05862-a704-4e35-b0df-b1fe07bc87d6	COMPLETED	27	27	00:12.774		1	8Gn	2026-10-03T01:05:57	2026-10-03T01:06:24	mjolnircomp11fl	793600
45827076	cazy	cmag_332	74e05862-a704-4e35-b0df-b1fe07bc87d6	COMPLETED	16	16	00:10.817		1	8Gn	2026-10-03T01:05:57	2026-10-03T01:06:13	mjolnircomp02fl	816128
45827077	pfam	cmag_033	74e05862-a704-4e35-b0df-b1fe07bc87d6	COMPLETED	823	823	22:32.114		1	8Gn	2026-10-03T01:06:27	2026-10-03T01:20:10	mjolnircomp12fl	323175424
45827078	merge_gene_annotations	cmag_545	74e05862-a704-4e35-b0df-b1fe07bc87d6	COMPLETED	19	19	00:15.178		1	8Gn	2026-10-03T01:05:57	2026-10-03T01:06:16	mjolnircomp12fl	842752
45827079	merge_gene_annotations	cmag_069	74e05862-a704-4e35-b0df-b1fe07bc87d6	COMPLETED	23	23	00:17.183		1	8Gn	2026-10-03T01:05:57	2026-10-03T01:06:20	mjolnirgpu01fl	827392
45827080	merge_gene_annotations	cmag_612	74e05862-a704-4e35-b0df-b1fe07bc87d6	COMPLETED	61	61	00:14.215		1	8Gn	2026-10-03T01:05:57	2026-10-03T01:06:58	mjolnircomp17fl	270821376
45827098	merge_gene_annotations	cmag_561	74e05862-a704-4e35-b0df-b1fe07bc87d6	COMPLETED	16	16	00:10.706		1	8Gn	2026-10-03T01:06:57	2026-10-03T01:07:13	mjolnircomp07fl	822272
45827099	merge_gene_annotations	cmag_017	74e05862-a704-4e35-b0df-b1fe07bc87d6	COMPLETED	22	22	00:17.394		1	8Gn	2026-10-03T01:06:57	2026-10-03T01:07:19	mjolnircomp12fl	833536
45827100	pfam	cmag_031	74e05862-a704-4e35-b0df-b1fe07bc87d6	COMPLETED	593	593	15:08.698		1	8Gn	2026-10-03T01:06:57	2026-10-03T01:16:50	mjolnircomp14fl	179049472
45827101	cazy	cmag_705	74e05862-a704-4e35-b0df-b1fe07bc87d6	COMPLETED	24	24	00:19.700		1	8Gn	2026-10-03T01:06:57	2026-10-03T01:07:21	mjolnircomp02fl	821248
45827102	cazy	cmag_614	74e05862-a704-4e35-b0df-b1fe07bc87d6	COMPLETED	16	16	00:11.242		1	8Gn	2026-10-03T01:06:57	2026-10-03T01:07:13	mjolnircomp02fl	813056
45827103	merge_gene_annotations	cmag_458	74e05862-a704-4e35-b0df-b1fe07bc87d6	COMPLETED	25	25	00:12.876		1	8Gn	2026-10-03T01:06:57	2026-10-03T01:07:22	mjolnircomp04fl	819200
45827104	merge_gene_annotations	cmag_165	74e05862-a704-4e35-b0df-b1fe07bc87d6	COMPLETED	24	24	00:10.871		1	8Gn	2026-10-03T01:06:57	2026-10-03T01:07:21	mjolnircomp04fl	819200
45827105	cazy	cmag_739	74e05862-a704-4e35-b0df-b1fe07bc87d6	COMPLETED	19	19	00:14.228		1	8Gn	2026-10-03T01:06:57	2026-10-03T01:07:16	mjolnircomp02fl	801792
45827106	merge_gene_annotations	cmag_582	74e05862-a704-4e35-b0df-b1fe07bc87d6	COMPLETED	14	14	00:09.163		1	8Gn	2026-10-03T01:06:57	2026-10-03T01:07:11	mjolnircomp16fl	832512
45827122	merge_gene_annotations	cmag_690	74e05862-a704-4e35-b0df-b1fe07bc87d6	COMPLETED	27	27	00:13.644		1	8Gn	2026-10-03T01:07:27	2026-10-03T01:07:54	mjolnircomp11fl	809984
45827123	pfam	cmag_625	74e05862-a704-4e35-b0df-b1fe07bc87d6	COMPLETED	1058	1058	29:27.928		1	8Gn	2026-10-03T01:07:27	2026-10-03T01:25:05	mjolnircomp16fl	195163136
45827124	pfam	cmag_613	74e05862-a704-4e35-b0df-b1fe07bc87d6	COMPLETED	360	360	09:58.994		1	8Gn	2026-10-03T01:07:27	2026-10-03T01:13:27	mjolnircomp13fl	200226816
45827125	merge_gene_annotations	cmag_083	74e05862-a704-4e35-b0df-b1fe07bc87d6	COMPLETED	17	17	00:13.176		1	8Gn	2026-10-03T01:07:27	2026-10-03T01:07:44	mjolnircomp12fl	827392
45827138	kegg	cmag_594	74e05862-a704-4e35-b0df-b1fe07bc87d6	COMPLETED	2496	2496	01:12:34		1	8Gn	2026-10-03T01:07:57	2026-10-03T01:49:33	mjolnircomp16fl	919347200
45827139	merge_gene_annotations	cmag_482	74e05862-a704-4e35-b0df-b1fe07bc87d6	COMPLETED	26	26	00:20.003		1	8Gn	2026-10-03T01:07:57	2026-10-03T01:08:23	mjolnirgpu01fl	822272
45827140	merge_gene_annotations	cmag_400	74e05862-a704-4e35-b0df-b1fe07bc87d6	COMPLETED	63	63	00:14.192		1	8Gn	2026-10-03T01:07:57	2026-10-03T01:09:00	mjolnircomp17fl	242452480
45827141	merge_gene_annotations	cmag_314	74e05862-a704-4e35-b0df-b1fe07bc87d6	COMPLETED	68	68	00:17.893		1	8Gn	2026-10-03T01:07:57	2026-10-03T01:09:05	mjolnircomp17fl	177552384
45827142	pfam	cmag_559	74e05862-a704-4e35-b0df-b1fe07bc87d6	COMPLETED	765	765	20:33.599		1	8Gn	2026-10-03T01:07:57	2026-10-03T01:20:42	mjolnircomp13fl	221765632
45827143	pfam	cmag_675	74e05862-a704-4e35-b0df-b1fe07bc87d6	COMPLETED	1267	1267	33:12.007		1	8Gn	2026-10-03T01:07:57	2026-10-03T01:29:04	mjolnircomp17fl	290355200
45827144	merge_gene_annotations	cmag_739	74e05862-a704-4e35-b0df-b1fe07bc87d6	COMPLETED	62	62	00:12.295		1	8Gn	2026-10-03T01:07:57	2026-10-03T01:08:59	mjolnircomp17fl	242927616
45827145	merge_gene_annotations	cmag_681	74e05862-a704-4e35-b0df-b1fe07bc87d6	COMPLETED	61	61	00:11.353		1	8Gn	2026-10-03T01:07:57	2026-10-03T01:08:58	mjolnircomp17fl	238703616
45827146	merge_gene_annotations	cmag_061	74e05862-a704-4e35-b0df-b1fe07bc87d6	COMPLETED	18	18	00:11.198		1	8Gn	2026-10-03T01:07:57	2026-10-03T01:08:15	mjolnircomp03fl	811008
45827147	pfam	cmag_388	74e05862-a704-4e35-b0df-b1fe07bc87d6	COMPLETED	264	264	07:02.777		1	8Gn	2026-10-03T01:07:57	2026-10-03T01:12:21	mjolnircomp13fl	188983296
45827148	merge_gene_annotations	cmag_074	74e05862-a704-4e35-b0df-b1fe07bc87d6	COMPLETED	19	19	00:12.037		1	8Gn	2026-10-03T01:07:57	2026-10-03T01:08:16	mjolnircomp03fl	814080
45827165	tigrfam	cmag_640	74e05862-a704-4e35-b0df-b1fe07bc87d6	COMPLETED	337	337	09:20.702		1	16Gn	2026-10-03T01:08:57	2026-10-03T01:14:34	mjolnircomp09fl	415256576
45827166	kegg	cmag_415	74e05862-a704-4e35-b0df-b1fe07bc87d6	COMPLETED	2787	2787	01:11:29		1	8Gn	2026-10-03T01:08:57	2026-10-03T01:55:24	mjolnircomp10fl	931360768
45827167	pfam	cmag_640	74e05862-a704-4e35-b0df-b1fe07bc87d6	COMPLETED	1707	1707	49:09.272		1	8Gn	2026-10-03T01:08:57	2026-10-03T01:37:24	mjolnirgpu01fl	247683072
45827168	merge_gene_annotations	cmag_492	74e05862-a704-4e35-b0df-b1fe07bc87d6	COMPLETED	26	26	00:12.817		1	8Gn	2026-10-03T01:08:57	2026-10-03T01:09:23	mjolnircomp04fl	811008
45827169	pfam	cmag_805	74e05862-a704-4e35-b0df-b1fe07bc87d6	COMPLETED	987	987	25:23.889		1	8Gn	2026-10-03T01:08:57	2026-10-03T01:25:24	mjolnircomp13fl	246780928
45827170	cazy	cmag_753	74e05862-a704-4e35-b0df-b1fe07bc87d6	COMPLETED	31	31	00:12.888		1	8Gn	2026-10-03T01:08:57	2026-10-03T01:09:28	mjolnirgpu03fl	77531136
45827171	ncbifam	cmag_027	74e05862-a704-4e35-b0df-b1fe07bc87d6	COMPLETED	481	481	13:09.032		1	16Gn	2026-10-03T01:08:57	2026-10-03T01:16:58	mjolnircomp03fl	345293824
45827172	merge_gene_annotations	cmag_166	74e05862-a704-4e35-b0df-b1fe07bc87d6	COMPLETED	28	28	00:13.921		1	8Gn	2026-10-03T01:08:57	2026-10-03T01:09:25	mjolnircomp08fl	841728
45827173	merge_gene_annotations	cmag_043	74e05862-a704-4e35-b0df-b1fe07bc87d6	COMPLETED	27	27	00:12.250		1	8Gn	2026-10-03T01:08:57	2026-10-03T01:09:24	mjolnircomp08fl	848896
45827174	kegg	cmag_292	74e05862-a704-4e35-b0df-b1fe07bc87d6	COMPLETED	2360	2360	59:22.886		1	16Gn	2026-10-03T01:09:27	2026-10-03T01:48:47	mjolnircomp10fl	815915008
45827175	merge_gene_annotations	cmag_585	74e05862-a704-4e35-b0df-b1fe07bc87d6	COMPLETED	19	19	00:11.691		1	8Gn	2026-10-03T01:08:57	2026-10-03T01:09:16	mjolnircomp03fl	814080
45827176	merge_gene_annotations	cmag_070	74e05862-a704-4e35-b0df-b1fe07bc87d6	COMPLETED	18	18	00:10.631		1	8Gn	2026-10-03T01:08:57	2026-10-03T01:09:15	mjolnircomp03fl	803840
45827177	cazy	cmag_249	74e05862-a704-4e35-b0df-b1fe07bc87d6	COMPLETED	31	31	00:13.143		1	8Gn	2026-10-03T01:08:57	2026-10-03T01:09:28	mjolnirgpu03fl	77625344
45827193	pfam	cmag_688	74e05862-a704-4e35-b0df-b1fe07bc87d6	COMPLETED	1138	1138	29:41.975		1	8Gn	2026-10-03T01:09:27	2026-10-03T01:28:25	mjolnirgpu03fl	238837760
45827194	merge_gene_annotations	cmag_592	74e05862-a704-4e35-b0df-b1fe07bc87d6	COMPLETED	28	28	00:15.586		1	8Gn	2026-10-03T01:09:27	2026-10-03T01:09:55	mjolnircomp08fl	845824
45827195	merge_gene_annotations	cmag_068	74e05862-a704-4e35-b0df-b1fe07bc87d6	COMPLETED	22	22	00:09.160		1	8Gn	2026-10-03T01:09:27	2026-10-03T01:09:49	mjolnircomp08fl	848896
45827196	merge_gene_annotations	cmag_116	74e05862-a704-4e35-b0df-b1fe07bc87d6	COMPLETED	14	14	00:09.429		1	8Gn	2026-10-03T01:09:27	2026-10-03T01:09:41	mjolnircomp13fl	812032
45827197	cazy	cmag_526	74e05862-a704-4e35-b0df-b1fe07bc87d6	COMPLETED	17	17	00:12.203		1	8Gn	2026-10-03T01:09:27	2026-10-03T01:09:44	mjolnircomp13fl	808960
45827198	kegg	cmag_387	74e05862-a704-4e35-b0df-b1fe07bc87d6	COMPLETED	1631	1631	45:32.396		1	8Gn	2026-10-03T01:09:27	2026-10-03T01:36:38	mjolnircomp17fl	979330048
45827199	ncbifam	cmag_012	74e05862-a704-4e35-b0df-b1fe07bc87d6	COMPLETED	984	984	27:00.538		1	16Gn	2026-10-03T01:09:27	2026-10-03T01:25:51	mjolnirgpu02fl	401457152
45827200	kegg	cmag_810	74e05862-a704-4e35-b0df-b1fe07bc87d6	COMPLETED	1109	1109	32:30.265		1	8Gn	2026-10-03T01:09:27	2026-10-03T01:27:56	mjolnircomp13fl	818939904
45827215	ncbifam	cmag_707	74e05862-a704-4e35-b0df-b1fe07bc87d6	COMPLETED	913	913	25:03.225		1	16Gn	2026-10-03T01:09:57	2026-10-03T01:25:10	mjolnircomp16fl	380408832
45827216	merge_gene_annotations	cmag_705	74e05862-a704-4e35-b0df-b1fe07bc87d6	COMPLETED	28	28	00:15.621		1	8Gn	2026-10-03T01:09:57	2026-10-03T01:10:25	mjolnircomp04fl	808960
45827217	merge_gene_annotations	cmag_532	74e05862-a704-4e35-b0df-b1fe07bc87d6	COMPLETED	35	35	00:12.880		1	8Gn	2026-10-03T01:09:57	2026-10-03T01:10:32	mjolnirgpu03fl	77350912
45827218	prodigal	cmag_058	74e05862-a704-4e35-b0df-b1fe07bc87d6	COMPLETED	16	16	00:03.840		1	1908Mn	2026-10-03T01:09:57	2026-10-03T01:10:13	mjolnircomp04fl	817152
45827219	merge_gene_annotations	cmag_730	74e05862-a704-4e35-b0df-b1fe07bc87d6	COMPLETED	19	19	00:10.767		1	8Gn	2026-10-03T01:09:57	2026-10-03T01:10:16	mjolnircomp03fl	796672
45827220	merge_gene_annotations	cmag_322	74e05862-a704-4e35-b0df-b1fe07bc87d6	COMPLETED	18	18	00:12.855		1	8Gn	2026-10-03T01:09:57	2026-10-03T01:10:15	mjolnircomp09fl	828416
45827221	merge_gene_annotations	cmag_113	74e05862-a704-4e35-b0df-b1fe07bc87d6	COMPLETED	28	28	00:12.503		1	8Gn	2026-10-03T01:09:57	2026-10-03T01:10:25	mjolnircomp08fl	835584
45827222	ncbifam	cmag_468	74e05862-a704-4e35-b0df-b1fe07bc87d6	COMPLETED	428	428	12:23.924		1	16Gn	2026-10-03T01:10:27	2026-10-03T01:17:35	mjolnircomp09fl	408938496
45827223	merge_gene_annotations	cmag_672	74e05862-a704-4e35-b0df-b1fe07bc87d6	COMPLETED	30	30	00:13.180		1	8Gn	2026-10-03T01:09:57	2026-10-03T01:10:27	mjolnircomp08fl	79625216
45827224	merge_gene_annotations	cmag_600	74e05862-a704-4e35-b0df-b1fe07bc87d6	COMPLETED	63	63	00:10.896		1	8Gn	2026-10-03T01:09:57	2026-10-03T01:11:00	mjolnircomp17fl	153063424
45827225	ncbifam	cmag_376	74e05862-a704-4e35-b0df-b1fe07bc87d6	COMPLETED	517	517	14:14.073		1	16Gn	2026-10-03T01:10:27	2026-10-03T01:19:04	mjolnircomp10fl	335741952
45827239	ncbifam	cmag_084	74e05862-a704-4e35-b0df-b1fe07bc87d6	COMPLETED	758	758	20:32.219		1	16Gn	2026-10-03T01:10:57	2026-10-03T01:23:35	mjolnircomp07fl	427378688
45827240	merge_gene_annotations	cmag_442	74e05862-a704-4e35-b0df-b1fe07bc87d6	COMPLETED	25	25	00:14.935		1	8Gn	2026-10-03T01:10:57	2026-10-03T01:11:22	mjolnircomp04fl	818176
45827241	merge_gene_annotations	cmag_106	74e05862-a704-4e35-b0df-b1fe07bc87d6	COMPLETED	20	20	00:10.985		1	8Gn	2026-10-03T01:10:57	2026-10-03T01:11:17	mjolnircomp03fl	816128
45827242	merge_gene_annotations	cmag_095	74e05862-a704-4e35-b0df-b1fe07bc87d6	COMPLETED	33	33	00:15.271		1	8Gn	2026-10-03T01:10:57	2026-10-03T01:11:30	mjolnircomp08fl	79520768
45827243	prodigal	cmag_066	74e05862-a704-4e35-b0df-b1fe07bc87d6	COMPLETED	12	12	00:09.048		1	2961Mn	2026-10-03T01:10:57	2026-10-03T01:11:09	mjolnircomp06fl	829440
45827244	tigrfam	cmag_364	74e05862-a704-4e35-b0df-b1fe07bc87d6	COMPLETED	209	209	05:39.710		1	16Gn	2026-10-03T01:11:27	2026-10-03T01:14:56	mjolnircomp09fl	388849664
45827245	kegg	cmag_490	74e05862-a704-4e35-b0df-b1fe07bc87d6	COMPLETED	1950	1950	55:00.300		1	8Gn	2026-10-03T01:10:57	2026-10-03T01:43:27	mjolnircomp03fl	784843776
45827246	ncbifam	cmag_249	74e05862-a704-4e35-b0df-b1fe07bc87d6	COMPLETED	438	438	11:55.601		1	16Gn	2026-10-03T01:10:57	2026-10-03T01:18:15	mjolnircomp03fl	457430016
45827247	prodigal	cmag_538	74e05862-a704-4e35-b0df-b1fe07bc87d6	COMPLETED	15	15	00:05.429		1	3182Mn	2026-10-03T01:10:57	2026-10-03T01:11:12	mjolnircomp04fl	822272
45827255	pfam	cmag_716	74e05862-a704-4e35-b0df-b1fe07bc87d6	COMPLETED	442	442	11:48.549		1	8Gn	2026-10-03T01:11:27	2026-10-03T01:18:49	mjolnircomp13fl	199158784
45827256	kegg	cmag_249	74e05862-a704-4e35-b0df-b1fe07bc87d6	COMPLETED	1282	1282	35:09.894		1	8Gn	2026-10-03T01:11:27	2026-10-03T01:32:49	mjolnirgpu03fl	666869760
45827257	tigrfam	cmag_388	74e05862-a704-4e35-b0df-b1fe07bc87d6	COMPLETED	85	85	01:35.216		1	16Gn	2026-10-03T01:11:57	2026-10-03T01:13:22	mjolnircomp08fl	364119040
45827258	tigrfam	cmag_084	74e05862-a704-4e35-b0df-b1fe07bc87d6	COMPLETED	154	154	04:06.169		1	16Gn	2026-10-03T01:11:27	2026-10-03T01:14:01	mjolnircomp16fl	339792896
45827259	tigrfam	cmag_823	74e05862-a704-4e35-b0df-b1fe07bc87d6	COMPLETED	179	179	04:42.408		1	16Gn	2026-10-03T01:11:27	2026-10-03T01:14:26	mjolnircomp16fl	347872256
45827260	tigrfam	cmag_707	74e05862-a704-4e35-b0df-b1fe07bc87d6	COMPLETED	305	305	06:39.272		1	16Gn	2026-10-03T01:11:27	2026-10-03T01:16:32	mjolnircomp17fl	379609088
45827261	pfam	cmag_218	74e05862-a704-4e35-b0df-b1fe07bc87d6	COMPLETED	1388	1388	36:39.640		1	8Gn	2026-10-03T01:11:27	2026-10-03T01:34:35	mjolnirgpu03fl	251654144
45827262	ncbifam	cmag_756	74e05862-a704-4e35-b0df-b1fe07bc87d6	COMPLETED	584	584	14:39.331		1	16Gn	2026-10-03T01:11:27	2026-10-03T01:21:11	mjolnircomp17fl	388984832
45827263	ncbifam	cmag_333	74e05862-a704-4e35-b0df-b1fe07bc87d6	COMPLETED	726	726	20:29.229		1	16Gn	2026-10-03T01:11:57	2026-10-03T01:24:03	mjolnircomp10fl	363193344
45827264	merge_gene_annotations	cmag_076	74e05862-a704-4e35-b0df-b1fe07bc87d6	COMPLETED	32	32	00:16.160		1	8Gn	2026-10-03T01:11:27	2026-10-03T01:11:59	mjolnircomp04fl	78253056
45827266	merge_gene_annotations	cmag_727	74e05862-a704-4e35-b0df-b1fe07bc87d6	COMPLETED	18	18	00:12.713		1	8Gn	2026-10-03T01:11:57	2026-10-03T01:12:15	mjolnircomp02fl	845824
45827267	kegg	cmag_578	74e05862-a704-4e35-b0df-b1fe07bc87d6	COMPLETED	1230	1230	35:37.891		1	8Gn	2026-10-03T01:12:27	2026-10-03T01:32:57	mjolnircomp02fl	743889920
45827270	pfam	cmag_490	74e05862-a704-4e35-b0df-b1fe07bc87d6	COMPLETED	979	979	26:38.369		1	8Gn	2026-10-03T01:12:27	2026-10-03T01:28:46	mjolnircomp13fl	187891712
45827271	cazy	cmag_729	74e05862-a704-4e35-b0df-b1fe07bc87d6	COMPLETED	18	18	00:12.861		1	8Gn	2026-10-03T01:12:27	2026-10-03T01:12:45	mjolnircomp13fl	811008
45827281	pfam	cmag_383	74e05862-a704-4e35-b0df-b1fe07bc87d6	COMPLETED	752	752	20:39.830		1	8Gn	2026-10-03T01:12:57	2026-10-03T01:25:29	mjolnircomp10fl	268991488
45827282	cazy	cmag_013	74e05862-a704-4e35-b0df-b1fe07bc87d6	COMPLETED	15	15	00:08.747		1	8Gn	2026-10-03T01:12:57	2026-10-03T01:13:12	mjolnircomp13fl	811008
45827284	ncbifam	cmag_490	74e05862-a704-4e35-b0df-b1fe07bc87d6	COMPLETED	1342	1342	37:31.548		1	16Gn	2026-10-03T01:12:57	2026-10-03T01:35:19	mjolnircomp06fl	376378368
45827285	pfam	cmag_066	74e05862-a704-4e35-b0df-b1fe07bc87d6	COMPLETED	888	888	24:32.472		1	8Gn	2026-10-03T01:12:57	2026-10-03T01:27:45	mjolnircomp10fl	219784192
45827286	kegg	cmag_683	74e05862-a704-4e35-b0df-b1fe07bc87d6	COMPLETED	2221	2221	56:34.545		1	8Gn	2026-10-03T01:12:57	2026-10-03T01:49:58	mjolnircomp10fl	980372480
45827304	pfam	cmag_263	74e05862-a704-4e35-b0df-b1fe07bc87d6	COMPLETED	340	340	09:21.408		1	8Gn	2026-10-03T01:13:27	2026-10-03T01:19:07	mjolnircomp13fl	193016832
45827305	cazy	cmag_738	74e05862-a704-4e35-b0df-b1fe07bc87d6	COMPLETED	45	45	00:21.172		1	8Gn	2026-10-03T01:13:27	2026-10-03T01:14:12	mjolnirgpu03fl	288588800
45827306	ncbifam	cmag_584	74e05862-a704-4e35-b0df-b1fe07bc87d6	COMPLETED	878	878	24:49.196		1	16Gn	2026-10-03T01:13:27	2026-10-03T01:28:05	mjolnircomp08fl	441056256
45827307	cazy	cmag_266	74e05862-a704-4e35-b0df-b1fe07bc87d6	COMPLETED	17	17	00:11.676		1	8Gn	2026-10-03T01:13:27	2026-10-03T01:13:44	mjolnircomp13fl	801792
45827308	merge_gene_annotations	cmag_729	74e05862-a704-4e35-b0df-b1fe07bc87d6	COMPLETED	19	19	00:14.773		1	8Gn	2026-10-03T01:13:27	2026-10-03T01:13:46	mjolnircomp01fl	835584
45827320	cazy	cmag_823	74e05862-a704-4e35-b0df-b1fe07bc87d6	COMPLETED	29	29	00:23.659		1	8Gn	2026-10-03T01:14:27	2026-10-03T01:14:56	mjolnircomp05fl	848896
45827321	merge_gene_annotations	cmag_469	74e05862-a704-4e35-b0df-b1fe07bc87d6	COMPLETED	46	46	00:22.206		1	8Gn	2026-10-03T01:14:27	2026-10-03T01:15:13	mjolnircomp11fl	278111232
45827322	merge_gene_annotations	cmag_613	74e05862-a704-4e35-b0df-b1fe07bc87d6	COMPLETED	17	17	00:10.548		1	8Gn	2026-10-03T01:14:27	2026-10-03T01:14:44	mjolnircomp13fl	804864
45827323	merge_gene_annotations	cmag_574	74e05862-a704-4e35-b0df-b1fe07bc87d6	COMPLETED	18	18	00:11.403		1	8Gn	2026-10-03T01:14:27	2026-10-03T01:14:45	mjolnircomp10fl	799744
45827324	merge_gene_annotations	cmag_634	74e05862-a704-4e35-b0df-b1fe07bc87d6	COMPLETED	17	17	00:11.157		1	8Gn	2026-10-03T01:14:27	2026-10-03T01:14:44	mjolnircomp01fl	836608
45827325	merge_gene_annotations	cmag_381	74e05862-a704-4e35-b0df-b1fe07bc87d6	COMPLETED	32	32	00:12.559		1	8Gn	2026-10-03T01:14:27	2026-10-03T01:14:59	mjolnircomp08fl	78870528
45827326	pfam	cmag_058	74e05862-a704-4e35-b0df-b1fe07bc87d6	COMPLETED	891	891	24:50.568		1	8Gn	2026-10-03T01:14:27	2026-10-03T01:29:18	mjolnirgpu02fl	253632512
45827327	tigrfam	cmag_304	74e05862-a704-4e35-b0df-b1fe07bc87d6	COMPLETED	392	392	09:35.434		1	16Gn	2026-10-03T01:14:27	2026-10-03T01:20:59	mjolnircomp05fl	366986240
45827328	merge_gene_annotations	cmag_007	74e05862-a704-4e35-b0df-b1fe07bc87d6	COMPLETED	33	33	00:15.853		1	8Gn	2026-10-03T01:14:27	2026-10-03T01:15:00	mjolnircomp04fl	78134272
45827329	merge_gene_annotations	cmag_266	74e05862-a704-4e35-b0df-b1fe07bc87d6	COMPLETED	33	33	00:13.286		1	8Gn	2026-10-03T01:14:27	2026-10-03T01:15:00	mjolnircomp08fl	78947328
45827341	cazy	cmag_058	74e05862-a704-4e35-b0df-b1fe07bc87d6	COMPLETED	15	15	00:10.234		1	8Gn	2026-10-03T01:14:57	2026-10-03T01:15:12	mjolnircomp13fl	804864
45827342	ncbifam	cmag_364	74e05862-a704-4e35-b0df-b1fe07bc87d6	COMPLETED	1094	1094	29:23.281		1	16Gn	2026-10-03T01:14:57	2026-10-03T01:33:11	mjolnircomp11fl	417206272
45827343	merge_gene_annotations	cmag_671	74e05862-a704-4e35-b0df-b1fe07bc87d6	COMPLETED	16	16	00:11.214		1	8Gn	2026-10-03T01:14:57	2026-10-03T01:15:13	mjolnircomp01fl	836608
45827344	tigrfam	cmag_191	74e05862-a704-4e35-b0df-b1fe07bc87d6	COMPLETED	107	107	02:49.733		1	16Gn	2026-10-03T01:14:57	2026-10-03T01:16:44	mjolnircomp09fl	335730688
45827345	tigrfam	cmag_523	74e05862-a704-4e35-b0df-b1fe07bc87d6	COMPLETED	75	75	01:57.685		1	16Gn	2026-10-03T01:14:57	2026-10-03T01:16:12	mjolnircomp09fl	346883072
45827346	tigrfam	cmag_436	74e05862-a704-4e35-b0df-b1fe07bc87d6	COMPLETED	259	259	06:37.024		1	16Gn	2026-10-03T01:14:57	2026-10-03T01:19:16	mjolnircomp06fl	428289024
45827360	merge_gene_annotations	cmag_762	74e05862-a704-4e35-b0df-b1fe07bc87d6	COMPLETED	37	37	00:12.009		1	8Gn	2026-10-03T01:15:27	2026-10-03T01:16:04	mjolnircomp11fl	77433856
45827361	merge_gene_annotations	cmag_227	74e05862-a704-4e35-b0df-b1fe07bc87d6	COMPLETED	24	24	00:16.508		1	8Gn	2026-10-03T01:15:27	2026-10-03T01:15:51	mjolnircomp01fl	832512
45827362	merge_gene_annotations	cmag_433	74e05862-a704-4e35-b0df-b1fe07bc87d6	COMPLETED	21	21	00:12.828		1	8Gn	2026-10-03T01:15:27	2026-10-03T01:15:48	mjolnircomp02fl	835584
45827363	pfam	cmag_147	74e05862-a704-4e35-b0df-b1fe07bc87d6	COMPLETED	1077	1077	29:12.253		1	8Gn	2026-10-03T01:15:27	2026-10-03T01:33:24	mjolnircomp16fl	220123136
45827364	cazy	cmag_219	74e05862-a704-4e35-b0df-b1fe07bc87d6	COMPLETED	26	26	00:20.847		1	8Gn	2026-10-03T01:15:27	2026-10-03T01:15:53	mjolnircomp16fl	827392
45827365	pfam	cmag_538	74e05862-a704-4e35-b0df-b1fe07bc87d6	COMPLETED	992	992	27:04.776		1	8Gn	2026-10-03T01:15:27	2026-10-03T01:31:59	mjolnircomp13fl	192114688
45827366	merge_gene_annotations	cmag_457	74e05862-a704-4e35-b0df-b1fe07bc87d6	COMPLETED	30	30	00:12.647		1	8Gn	2026-10-03T01:15:27	2026-10-03T01:15:57	mjolnircomp08fl	842752
45827367	tigrfam	cmag_152	74e05862-a704-4e35-b0df-b1fe07bc87d6	COMPLETED	310	310	07:39.107		1	16Gn	2026-10-03T01:15:27	2026-10-03T01:20:37	mjolnircomp05fl	395346944
45827368	pfam	cmag_489	74e05862-a704-4e35-b0df-b1fe07bc87d6	COMPLETED	748	748	19:56.964		1	8Gn	2026-10-03T01:15:27	2026-10-03T01:27:55	mjolnircomp13fl	187958272
45827369	cazy	cmag_733	74e05862-a704-4e35-b0df-b1fe07bc87d6	COMPLETED	21	21	00:13.429		1	8Gn	2026-10-03T01:15:27	2026-10-03T01:15:48	mjolnircomp15fl	834560
45827370	prodigal	cmag_014	74e05862-a704-4e35-b0df-b1fe07bc87d6	COMPLETED	6	6	00:02.719		1	1137Mn	2026-10-03T01:15:27	2026-10-03T01:15:33	mjolnircomp13fl	805888
45827371	merge_gene_annotations	cmag_396	74e05862-a704-4e35-b0df-b1fe07bc87d6	COMPLETED	29	29	00:10.881		1	8Gn	2026-10-03T01:15:27	2026-10-03T01:15:56	mjolnircomp08fl	838656
45827384	ncbifam	cmag_678	74e05862-a704-4e35-b0df-b1fe07bc87d6	COMPLETED	777	777	20:47.211		1	16Gn	2026-10-03T01:16:27	2026-10-03T01:29:24	mjolnircomp11fl	442694656
45827385	cazy	cmag_642	74e05862-a704-4e35-b0df-b1fe07bc87d6	COMPLETED	23	23	00:11.138		1	8Gn	2026-10-03T01:16:27	2026-10-03T01:16:50	mjolnircomp03fl	806912
45827386	ncbifam	cmag_058	74e05862-a704-4e35-b0df-b1fe07bc87d6	COMPLETED	613	613	16:19.657		1	16Gn	2026-10-03T01:16:27	2026-10-03T01:26:40	mjolnircomp11fl	324526080
45827387	merge_gene_annotations	cmag_024	74e05862-a704-4e35-b0df-b1fe07bc87d6	COMPLETED	36	36	00:17.652		1	8Gn	2026-10-03T01:16:27	2026-10-03T01:17:03	mjolnircomp11fl	77333504
45827388	tigrfam	cmag_014	74e05862-a704-4e35-b0df-b1fe07bc87d6	COMPLETED	78	78	01:59.183		1	16Gn	2026-10-03T01:16:27	2026-10-03T01:17:45	mjolnircomp10fl	298330112
45827389	pfam	cmag_426	74e05862-a704-4e35-b0df-b1fe07bc87d6	COMPLETED	1507	1507	41:06.124		1	8319Mn	2026-10-03T01:16:27	2026-10-03T01:41:34	mjolnircomp09fl	291841024
45827390	pfam	cmag_014	74e05862-a704-4e35-b0df-b1fe07bc87d6	COMPLETED	390	390	11:03.385		1	8Gn	2026-10-03T01:16:27	2026-10-03T01:22:57	mjolnircomp04fl	209508352
45827391	kegg	cmag_014	74e05862-a704-4e35-b0df-b1fe07bc87d6	COMPLETED	1096	1096	26:14.148		1	8Gn	2026-10-03T01:16:27	2026-10-03T01:34:43	mjolnircomp10fl	805747712
45827412	tigrfam	cmag_782	74e05862-a704-4e35-b0df-b1fe07bc87d6	COMPLETED	177	177	04:46.925		1	16Gn	2026-10-03T01:16:57	2026-10-03T01:19:54	mjolnircomp09fl	413688832
45827413	kegg	cmag_522	74e05862-a704-4e35-b0df-b1fe07bc87d6	COMPLETED	802	802	22:27.314		1	8Gn	2026-10-03T01:16:57	2026-10-03T01:30:19	mjolnircomp03fl	657039360
45827414	ncbifam	cmag_522	74e05862-a704-4e35-b0df-b1fe07bc87d6	COMPLETED	385	385	10:04.811		1	16Gn	2026-10-03T01:16:57	2026-10-03T01:23:22	mjolnircomp11fl	417402880
45827415	kegg	cmag_385	74e05862-a704-4e35-b0df-b1fe07bc87d6	COMPLETED	1200	1200	28:16.106		1	8Gn	2026-10-03T01:16:57	2026-10-03T01:36:57	mjolnircomp10fl	661380096
45827434	merge_gene_annotations	cmag_569	74e05862-a704-4e35-b0df-b1fe07bc87d6	COMPLETED	42	42	00:17.792		1	8Gn	2026-10-03T01:17:27	2026-10-03T01:18:09	mjolnircomp11fl	77317120
45827435	cazy	cmag_438	74e05862-a704-4e35-b0df-b1fe07bc87d6	COMPLETED	20	20	00:14.392		1	8Gn	2026-10-03T01:17:27	2026-10-03T01:17:47	mjolnircomp15fl	841728
45827436	merge_gene_annotations	cmag_191	74e05862-a704-4e35-b0df-b1fe07bc87d6	COMPLETED	38	38	00:14.075		1	8Gn	2026-10-03T01:17:27	2026-10-03T01:18:05	mjolnircomp11fl	77326336
45827437	cazy	cmag_669	74e05862-a704-4e35-b0df-b1fe07bc87d6	COMPLETED	22	22	00:16.312		1	8Gn	2026-10-03T01:17:27	2026-10-03T01:17:49	mjolnircomp15fl	835584
45827438	ncbifam	cmag_640	74e05862-a704-4e35-b0df-b1fe07bc87d6	COMPLETED	1483	1483	40:59.824		1	16Gn	2026-10-03T01:17:27	2026-10-03T01:42:10	mjolnircomp17fl	377221120
45827439	ncbifam	cmag_120	74e05862-a704-4e35-b0df-b1fe07bc87d6	COMPLETED	812	812	23:55.727		1	16Gn	2026-10-03T01:17:57	2026-10-03T01:31:29	mjolnircomp09fl	357798912
45827440	merge_gene_annotations	cmag_203	74e05862-a704-4e35-b0df-b1fe07bc87d6	COMPLETED	18	18	00:12.358		1	8Gn	2026-10-03T01:17:27	2026-10-03T01:17:45	mjolnircomp14fl	882688
45827441	merge_gene_annotations	cmag_447	74e05862-a704-4e35-b0df-b1fe07bc87d6	COMPLETED	31	31	00:14.882		1	8Gn	2026-10-03T01:17:27	2026-10-03T01:17:58	mjolnircomp04fl	74072064
45827460	merge_gene_annotations	cmag_680	74e05862-a704-4e35-b0df-b1fe07bc87d6	COMPLETED	18	18	00:12.013		1	8Gn	2026-10-03T01:18:28	2026-10-03T01:18:46	mjolnircomp16fl	826368
45827461	kegg	cmag_785	74e05862-a704-4e35-b0df-b1fe07bc87d6	COMPLETED	1229	1229	36:01.037		1	8Gn	2026-10-03T01:18:28	2026-10-03T01:38:57	mjolnircomp16fl	770988032
45827462	pfam	cmag_015	74e05862-a704-4e35-b0df-b1fe07bc87d6	COMPLETED	389	389	10:43.542		1	8Gn	2026-10-03T01:18:28	2026-10-03T01:24:57	mjolnircomp15fl	249051136
45827463	pfam	cmag_520	74e05862-a704-4e35-b0df-b1fe07bc87d6	COMPLETED	202	202	05:13.477		1	8Gn	2026-10-03T01:18:28	2026-10-03T01:21:50	mjolnircomp15fl	223563776
45827464	tigrfam	cmag_195	74e05862-a704-4e35-b0df-b1fe07bc87d6	COMPLETED	93	93	02:21.064		1	16Gn	2026-10-03T01:18:28	2026-10-03T01:20:01	mjolnircomp16fl	364538880
45827465	kegg	cmag_167	74e05862-a704-4e35-b0df-b1fe07bc87d6	COMPLETED	3812	3812	01:51:03		1	8878Mn	2026-10-03T01:19:28	2026-10-03T02:23:00	mjolnircomp02fl	1355923456
45827466	kegg	cmag_248	74e05862-a704-4e35-b0df-b1fe07bc87d6	COMPLETED	2711	2711	01:16:12		1	8Gn	2026-10-03T01:18:28	2026-10-03T02:03:39	mjolnircomp12fl	782915584
45827467	merge_gene_annotations	cmag_055	74e05862-a704-4e35-b0df-b1fe07bc87d6	COMPLETED	39	39	00:12.186		1	8Gn	2026-10-03T01:18:28	2026-10-03T01:19:07	mjolnircomp11fl	77309952
45827468	merge_gene_annotations	cmag_687	74e05862-a704-4e35-b0df-b1fe07bc87d6	COMPLETED	39	39	00:11.432		1	8Gn	2026-10-03T01:18:28	2026-10-03T01:19:07	mjolnircomp11fl	77240320
45827484	ncbifam	cmag_823	74e05862-a704-4e35-b0df-b1fe07bc87d6	COMPLETED	771	771	22:01.183		1	16Gn	2026-10-03T01:18:58	2026-10-03T01:31:49	mjolnircomp16fl	471043072
45827485	cazy	cmag_318	74e05862-a704-4e35-b0df-b1fe07bc87d6	COMPLETED	14	14	00:09.207		1	8Gn	2026-10-03T01:18:58	2026-10-03T01:19:12	mjolnircomp10fl	795648
45827486	merge_gene_annotations	cmag_375	74e05862-a704-4e35-b0df-b1fe07bc87d6	COMPLETED	28	28	00:12.561		1	8Gn	2026-10-03T01:18:58	2026-10-03T01:19:26	mjolnircomp04fl	811008
45827487	tigrfam	cmag_510	74e05862-a704-4e35-b0df-b1fe07bc87d6	COMPLETED	713	713	18:39.401		1	16499Mn	2026-10-03T01:18:58	2026-10-03T01:30:51	mjolnirgpu02fl	426736640
45827488	merge_gene_annotations	cmag_667	74e05862-a704-4e35-b0df-b1fe07bc87d6	COMPLETED	35	35	00:13.991		1	8Gn	2026-10-03T01:18:58	2026-10-03T01:19:33	mjolnircomp08fl	78934016
45827502	tigrfam	cmag_226	74e05862-a704-4e35-b0df-b1fe07bc87d6	COMPLETED	135	135	03:32.373		1	16Gn	2026-10-03T01:19:28	2026-10-03T01:21:43	mjolnircomp12fl	278958080
45827503	prodigal	cmag_761	74e05862-a704-4e35-b0df-b1fe07bc87d6	COMPLETED	5	5	00:02.692		1	1586Mn	2026-10-03T01:19:28	2026-10-03T01:19:33	mjolnircomp10fl	798720
45827504	pfam	cmag_642	74e05862-a704-4e35-b0df-b1fe07bc87d6	COMPLETED	493	493	12:47.931		1	8Gn	2026-10-03T01:19:28	2026-10-03T01:27:41	mjolnircomp10fl	176863232
45827505	merge_gene_annotations	cmag_733	74e05862-a704-4e35-b0df-b1fe07bc87d6	COMPLETED	18	18	00:13.336		1	8Gn	2026-10-03T01:19:28	2026-10-03T01:19:46	mjolnircomp02fl	851968
45827506	ncbifam	cmag_391	74e05862-a704-4e35-b0df-b1fe07bc87d6	COMPLETED	640	640	17:18.072		1	16Gn	2026-10-03T01:19:28	2026-10-03T01:30:08	mjolnircomp11fl	403042304
45827507	merge_gene_annotations	cmag_321	74e05862-a704-4e35-b0df-b1fe07bc87d6	COMPLETED	34	34	00:14.887		1	8Gn	2026-10-03T01:19:28	2026-10-03T01:20:02	mjolnircomp11fl	77246464
45827508	merge_gene_annotations	cmag_669	74e05862-a704-4e35-b0df-b1fe07bc87d6	COMPLETED	38	38	00:18.468		1	8Gn	2026-10-03T01:19:28	2026-10-03T01:20:06	mjolnircomp11fl	77258752
45827509	merge_gene_annotations	cmag_098	74e05862-a704-4e35-b0df-b1fe07bc87d6	COMPLETED	42	42	00:36.190		1	8Gn	2026-10-03T01:19:28	2026-10-03T01:20:10	mjolnircomp06fl	273894400
45827528	merge_gene_annotations	cmag_573	74e05862-a704-4e35-b0df-b1fe07bc87d6	COMPLETED	37	37	00:17.269		1	8Gn	2026-10-03T01:20:28	2026-10-03T01:21:05	mjolnircomp11fl	77244416
45827529	kegg	cmag_130	74e05862-a704-4e35-b0df-b1fe07bc87d6	COMPLETED	2130	2130	01:02:29		1	8Gn	2026-10-03T01:20:28	2026-10-03T01:55:58	mjolnircomp11fl	837585920
45827530	cazy	cmag_761	74e05862-a704-4e35-b0df-b1fe07bc87d6	COMPLETED	14	14	00:09.595		1	8Gn	2026-10-03T01:20:28	2026-10-03T01:20:42	mjolnircomp01fl	839680
45827531	cazy	cmag_632	74e05862-a704-4e35-b0df-b1fe07bc87d6	COMPLETED	28	28	00:24.051		1	8224Mn	2026-10-03T01:20:28	2026-10-03T01:20:56	mjolnircomp01fl	841728
45827532	cazy	cmag_280	74e05862-a704-4e35-b0df-b1fe07bc87d6	COMPLETED	14	14	00:09.216		1	8Gn	2026-10-03T01:20:28	2026-10-03T01:20:42	mjolnircomp12fl	845824
45827533	pfam	cmag_761	74e05862-a704-4e35-b0df-b1fe07bc87d6	COMPLETED	595	595	16:30.481		1	8Gn	2026-10-03T01:20:28	2026-10-03T01:30:23	mjolnircomp10fl	206383104
45827534	merge_gene_annotations	cmag_738	74e05862-a704-4e35-b0df-b1fe07bc87d6	COMPLETED	39	39	00:19.814		1	8Gn	2026-10-03T01:20:28	2026-10-03T01:21:07	mjolnircomp11fl	77262848
45827535	merge_gene_annotations	cmag_438	74e05862-a704-4e35-b0df-b1fe07bc87d6	COMPLETED	18	18	00:12.785		1	8Gn	2026-10-03T01:20:28	2026-10-03T01:20:46	mjolnircomp12fl	833536
45827536	tigrfam	cmag_761	74e05862-a704-4e35-b0df-b1fe07bc87d6	COMPLETED	135	135	03:35.564		1	16Gn	2026-10-03T01:20:28	2026-10-03T01:22:43	mjolnircomp09fl	398746624
45827551	merge_gene_annotations	cmag_562	74e05862-a704-4e35-b0df-b1fe07bc87d6	COMPLETED	19	19	00:14.118		1	8Gn	2026-10-03T01:20:58	2026-10-03T01:21:17	mjolnircomp12fl	824320
45827552	merge_gene_annotations	cmag_263	74e05862-a704-4e35-b0df-b1fe07bc87d6	COMPLETED	15	15	00:10.044		1	8Gn	2026-10-03T01:20:58	2026-10-03T01:21:13	mjolnircomp13fl	805888
45827553	merge_gene_annotations	cmag_816	74e05862-a704-4e35-b0df-b1fe07bc87d6	COMPLETED	19	19	00:15.323		1	8Gn	2026-10-03T01:20:58	2026-10-03T01:21:17	mjolnircomp12fl	832512
45827554	merge_gene_annotations	cmag_559	74e05862-a704-4e35-b0df-b1fe07bc87d6	COMPLETED	19	19	00:14.552		1	8Gn	2026-10-03T01:20:58	2026-10-03T01:21:17	mjolnircomp02fl	839680
45827555	pfam	cmag_712	74e05862-a704-4e35-b0df-b1fe07bc87d6	COMPLETED	1014	1014	27:24.651		1	8Gn	2026-10-03T01:20:58	2026-10-03T01:37:52	mjolnircomp13fl	253369344
45827556	tigrfam	cmag_207	74e05862-a704-4e35-b0df-b1fe07bc87d6	COMPLETED	193	193	05:15.554		1	16Gn	2026-10-03T01:20:58	2026-10-03T01:24:11	mjolnircomp01fl	334909440
45827557	cazy	cmag_209	74e05862-a704-4e35-b0df-b1fe07bc87d6	COMPLETED	30	30	00:15.739		1	8Gn	2026-10-03T01:20:58	2026-10-03T01:21:28	mjolnircomp04fl	78175232
45827558	kegg	cmag_761	74e05862-a704-4e35-b0df-b1fe07bc87d6	COMPLETED	1243	1243	34:20.573		1	8Gn	2026-10-03T01:20:58	2026-10-03T01:41:41	mjolnirgpu03fl	769772544
45827559	cazy	cmag_548	74e05862-a704-4e35-b0df-b1fe07bc87d6	COMPLETED	28	28	00:13.282		1	8Gn	2026-10-03T01:20:58	2026-10-03T01:21:26	mjolnircomp04fl	814080
45827580	merge_gene_annotations	cmag_343	74e05862-a704-4e35-b0df-b1fe07bc87d6	COMPLETED	18	18	00:13.100		1	8Gn	2026-10-03T01:21:28	2026-10-03T01:21:46	mjolnircomp12fl	836608
45827581	merge_gene_annotations	cmag_412	74e05862-a704-4e35-b0df-b1fe07bc87d6	COMPLETED	19	19	00:15.061		1	8Gn	2026-10-03T01:21:28	2026-10-03T01:21:47	mjolnircomp12fl	834560
45827582	ncbifam	cmag_336	74e05862-a704-4e35-b0df-b1fe07bc87d6	COMPLETED	963	963	25:19.667		1	16Gn	2026-10-03T01:21:28	2026-10-03T01:37:31	mjolnircomp11fl	405144576
45827583	merge_gene_annotations	cmag_280	74e05862-a704-4e35-b0df-b1fe07bc87d6	COMPLETED	14	14	00:09.411		1	8Gn	2026-10-03T01:21:28	2026-10-03T01:21:42	mjolnircomp13fl	801792
45827584	kegg	cmag_333	74e05862-a704-4e35-b0df-b1fe07bc87d6	COMPLETED	1485	1485	43:06.106		1	8Gn	2026-10-03T01:21:28	2026-10-03T01:46:13	mjolnircomp11fl	1045691392
45827585	tigrfam	cmag_614	74e05862-a704-4e35-b0df-b1fe07bc87d6	COMPLETED	142	142	03:12.076		1	16Gn	2026-10-03T01:21:28	2026-10-03T01:23:50	mjolnircomp11fl	365087744
45827586	merge_gene_annotations	cmag_231	74e05862-a704-4e35-b0df-b1fe07bc87d6	COMPLETED	18	18	00:13.586		1	8Gn	2026-10-03T01:21:28	2026-10-03T01:21:46	mjolnircomp02fl	851968
45827587	merge_gene_annotations	cmag_342	74e05862-a704-4e35-b0df-b1fe07bc87d6	COMPLETED	17	17	00:12.691		1	8Gn	2026-10-03T01:21:28	2026-10-03T01:21:45	mjolnircomp01fl	837632
45827588	merge_gene_annotations	cmag_354	74e05862-a704-4e35-b0df-b1fe07bc87d6	COMPLETED	46	46	00:15.943		1	8Gn	2026-10-03T01:21:58	2026-10-03T01:22:44	mjolnircomp11fl	77263872
45827589	tigrfam	cmag_308	74e05862-a704-4e35-b0df-b1fe07bc87d6	COMPLETED	319	319	06:46.130		1	16Gn	2026-10-03T01:21:28	2026-10-03T01:26:47	mjolnircomp17fl	363489280
45827590	tigrfam	cmag_798	74e05862-a704-4e35-b0df-b1fe07bc87d6	COMPLETED	237	237	06:04.606		1	16Gn	2026-10-03T01:21:58	2026-10-03T01:25:55	mjolnircomp12fl	316782592
45827591	tigrfam	cmag_604	74e05862-a704-4e35-b0df-b1fe07bc87d6	COMPLETED	313	313	08:15.972		1	16Gn	2026-10-03T01:21:58	2026-10-03T01:27:11	mjolnircomp12fl	375094272
45827592	kegg	cmag_779	74e05862-a704-4e35-b0df-b1fe07bc87d6	COMPLETED	1071	1071	29:40.676		1	16Gn	2026-10-03T01:21:28	2026-10-03T01:39:19	mjolnirgpu01fl	688550912
45827602	tigrfam	cmag_204	74e05862-a704-4e35-b0df-b1fe07bc87d6	COMPLETED	130	130	03:20.011		1	16Gn	2026-10-03T01:22:28	2026-10-03T01:24:38	mjolnircomp16fl	395631616
45827603	tigrfam	cmag_621	74e05862-a704-4e35-b0df-b1fe07bc87d6	COMPLETED	374	374	09:39.227		1	16Gn	2026-10-03T01:22:28	2026-10-03T01:28:42	mjolnircomp06fl	415976448
45827604	merge_gene_annotations	cmag_318	74e05862-a704-4e35-b0df-b1fe07bc87d6	COMPLETED	16	16	00:11.109		1	8Gn	2026-10-03T01:22:28	2026-10-03T01:22:44	mjolnircomp01fl	842752
45827605	kegg	cmag_118	74e05862-a704-4e35-b0df-b1fe07bc87d6	COMPLETED	1217	1217	35:40.147		1	8Gn	2026-10-03T01:22:28	2026-10-03T01:42:45	mjolnircomp04fl	760244224
45827606	merge_gene_annotations	cmag_319	74e05862-a704-4e35-b0df-b1fe07bc87d6	COMPLETED	96	96	00:11.008		1	8Gn	2026-10-03T01:22:28	2026-10-03T01:24:04	mjolnircomp17fl	92129280
45827607	merge_gene_annotations	cmag_445	74e05862-a704-4e35-b0df-b1fe07bc87d6	COMPLETED	38	38	00:31.862		1	8Gn	2026-10-03T01:22:28	2026-10-03T01:23:06	mjolnircomp06fl	271731712
45827608	ncbifam	cmag_464	74e05862-a704-4e35-b0df-b1fe07bc87d6	COMPLETED	882	882	25:14.782		1	16Gn	2026-10-03T01:22:28	2026-10-03T01:37:10	mjolnircomp04fl	371279872
45827609	ncbifam	cmag_014	74e05862-a704-4e35-b0df-b1fe07bc87d6	COMPLETED	391	391	09:54.864		1	16Gn	2026-10-03T01:23:28	2026-10-03T01:29:59	mjolnircomp11fl	339444736
45827610	tigrfam	cmag_124	74e05862-a704-4e35-b0df-b1fe07bc87d6	COMPLETED	147	147	03:39.083		1	16Gn	2026-10-03T01:22:28	2026-10-03T01:24:55	mjolnircomp05fl	342929408
45827611	pfam	cmag_027	74e05862-a704-4e35-b0df-b1fe07bc87d6	COMPLETED	428	428	11:35.265		1	8Gn	2026-10-03T01:22:28	2026-10-03T01:29:36	mjolnircomp15fl	219293696
45827620	pfam	cmag_594	74e05862-a704-4e35-b0df-b1fe07bc87d6	COMPLETED	1060	1060	30:16.916		1	8Gn	2026-10-03T01:22:58	2026-10-03T01:40:38	mjolnircomp01fl	280933376
45827621	merge_gene_annotations	cmag_750	74e05862-a704-4e35-b0df-b1fe07bc87d6	COMPLETED	23	23	00:17.731		1	8Gn	2026-10-03T01:22:58	2026-10-03T01:23:21	mjolnircomp09fl	841728
45827622	merge_gene_annotations	cmag_514	74e05862-a704-4e35-b0df-b1fe07bc87d6	COMPLETED	41	41	00:15.514		1	8Gn	2026-10-03T01:22:58	2026-10-03T01:23:39	mjolnircomp11fl	77484032
45827630	merge_gene_annotations	cmag_491	74e05862-a704-4e35-b0df-b1fe07bc87d6	COMPLETED	16	16	00:11.366		1	8Gn	2026-10-03T01:23:28	2026-10-03T01:23:44	mjolnircomp09fl	824320
45827631	merge_gene_annotations	cmag_696	74e05862-a704-4e35-b0df-b1fe07bc87d6	COMPLETED	33	33	00:11.951		1	8Gn	2026-10-03T01:23:28	2026-10-03T01:24:01	mjolnircomp11fl	77259776
45827632	ncbifam	cmag_761	74e05862-a704-4e35-b0df-b1fe07bc87d6	COMPLETED	621	621	16:11.662		1	16Gn	2026-10-03T01:23:28	2026-10-03T01:33:49	mjolnircomp11fl	283579392
45827633	merge_gene_annotations	cmag_799	74e05862-a704-4e35-b0df-b1fe07bc87d6	COMPLETED	35	35	00:13.975		1	8Gn	2026-10-03T01:23:28	2026-10-03T01:24:03	mjolnircomp11fl	77228032
45827634	ncbifam	cmag_691	74e05862-a704-4e35-b0df-b1fe07bc87d6	COMPLETED	1220	1220	32:24.767		1	16Gn	2026-10-03T01:23:28	2026-10-03T01:43:48	mjolnircomp11fl	348499968
45827635	merge_gene_annotations	cmag_706	74e05862-a704-4e35-b0df-b1fe07bc87d6	COMPLETED	41	41	00:19.724		1	8Gn	2026-10-03T01:23:28	2026-10-03T01:24:09	mjolnircomp11fl	77218816
45827636	cazy	cmag_732	74e05862-a704-4e35-b0df-b1fe07bc87d6	COMPLETED	20	20	00:15.225		1	8Gn	2026-10-03T01:23:28	2026-10-03T01:23:48	mjolnircomp15fl	804864
45827654	merge_gene_annotations	cmag_487	74e05862-a704-4e35-b0df-b1fe07bc87d6	COMPLETED	35	35	00:13.106		1	8Gn	2026-10-03T01:24:28	2026-10-03T01:25:03	mjolnircomp11fl	77187072
45827655	ncbifam	cmag_808	74e05862-a704-4e35-b0df-b1fe07bc87d6	COMPLETED	501	501	12:50.273		1	16Gn	2026-10-03T01:24:28	2026-10-03T01:32:49	mjolnircomp11fl	374639616
45827656	merge_gene_annotations	cmag_455	74e05862-a704-4e35-b0df-b1fe07bc87d6	COMPLETED	41	41	00:17.893		1	8Gn	2026-10-03T01:24:28	2026-10-03T01:25:09	mjolnircomp11fl	77179904
45827657	ncbifam	cmag_209	74e05862-a704-4e35-b0df-b1fe07bc87d6	COMPLETED	707	707	20:50.935		1	16Gn	2026-10-03T01:24:28	2026-10-03T01:36:15	mjolnircomp01fl	438358016
45827658	kegg	cmag_015	74e05862-a704-4e35-b0df-b1fe07bc87d6	COMPLETED	841	841	25:14.388		1	16Gn	2026-10-03T01:24:28	2026-10-03T01:38:29	mjolnircomp07fl	964580352
45827659	merge_gene_annotations	cmag_518	74e05862-a704-4e35-b0df-b1fe07bc87d6	COMPLETED	29	29	00:22.656		1	8Gn	2026-10-03T01:24:28	2026-10-03T01:24:57	mjolnircomp06fl	836608
45827660	ncbifam	cmag_526	74e05862-a704-4e35-b0df-b1fe07bc87d6	COMPLETED	1048	1048	29:02.646		1	16Gn	2026-10-03T01:24:28	2026-10-03T01:41:56	mjolnircomp05fl	413575168
45827661	ncbifam	cmag_621	74e05862-a704-4e35-b0df-b1fe07bc87d6	COMPLETED	1051	1051	27:13.780		1	16Gn	2026-10-03T01:24:28	2026-10-03T01:41:59	mjolnircomp17fl	384146432
45827662	merge_gene_annotations	cmag_515	74e05862-a704-4e35-b0df-b1fe07bc87d6	COMPLETED	32	32	00:26.423		1	8Gn	2026-10-03T01:24:28	2026-10-03T01:25:00	mjolnircomp06fl	79221760
45827663	merge_gene_annotations	cmag_547	74e05862-a704-4e35-b0df-b1fe07bc87d6	COMPLETED	30	30	00:13.658		1	8Gn	2026-10-03T01:24:28	2026-10-03T01:24:58	mjolnircomp04fl	74198016
45827664	tigrfam	cmag_808	74e05862-a704-4e35-b0df-b1fe07bc87d6	COMPLETED	185	185	04:30.935		1	16Gn	2026-10-03T01:24:28	2026-10-03T01:27:33	mjolnircomp05fl	410435584
45827673	ncbifam	cmag_428	74e05862-a704-4e35-b0df-b1fe07bc87d6	COMPLETED	464	464	11:44.716		1	16Gn	2026-10-03T01:24:58	2026-10-03T01:32:42	mjolnircomp11fl	356012032
45827674	merge_gene_annotations	cmag_736	74e05862-a704-4e35-b0df-b1fe07bc87d6	COMPLETED	36	36	00:18.720		1	8Gn	2026-10-03T01:24:58	2026-10-03T01:25:34	mjolnircomp04fl	78211072
45827675	tigrfam	cmag_805	74e05862-a704-4e35-b0df-b1fe07bc87d6	COMPLETED	407	407	10:31.121		1	16Gn	2026-10-03T01:25:28	2026-10-03T01:32:15	mjolnircomp06fl	397213696
45827676	tigrfam	cmag_066	74e05862-a704-4e35-b0df-b1fe07bc87d6	COMPLETED	182	182	04:48.002		1	16Gn	2026-10-03T01:24:58	2026-10-03T01:28:00	mjolnircomp16fl	326090752
45827677	tigrfam	cmag_058	74e05862-a704-4e35-b0df-b1fe07bc87d6	COMPLETED	230	230	05:42.961		1	16Gn	2026-10-03T01:24:58	2026-10-03T01:28:48	mjolnircomp05fl	387085312
45827678	tigrfam	cmag_218	74e05862-a704-4e35-b0df-b1fe07bc87d6	COMPLETED	235	235	06:05.725		1	16Gn	2026-10-03T01:25:58	2026-10-03T01:29:53	mjolnircomp12fl	338235392
45827690	merge_gene_annotations	cmag_548	74e05862-a704-4e35-b0df-b1fe07bc87d6	COMPLETED	18	18	00:12.181		1	8Gn	2026-10-03T01:25:28	2026-10-03T01:25:46	mjolnircomp16fl	827392
45827691	merge_gene_annotations	cmag_330	74e05862-a704-4e35-b0df-b1fe07bc87d6	COMPLETED	25	25	00:19.515		1	8Gn	2026-10-03T01:25:28	2026-10-03T01:25:53	mjolnirgpu02fl	827392
45827692	merge_gene_annotations	cmag_586	74e05862-a704-4e35-b0df-b1fe07bc87d6	COMPLETED	25	25	00:19.056		1	8Gn	2026-10-03T01:25:28	2026-10-03T01:25:53	mjolnirgpu02fl	824320
45827694	merge_gene_annotations	cmag_468	74e05862-a704-4e35-b0df-b1fe07bc87d6	COMPLETED	33	33	00:14.155		1	8Gn	2026-10-03T01:25:28	2026-10-03T01:26:01	mjolnircomp04fl	78195712
45827695	merge_gene_annotations	cmag_658	74e05862-a704-4e35-b0df-b1fe07bc87d6	COMPLETED	27	27	00:21.284		1	8Gn	2026-10-03T01:25:28	2026-10-03T01:25:55	mjolnircomp05fl	833536
45827696	kegg	cmag_538	74e05862-a704-4e35-b0df-b1fe07bc87d6	COMPLETED	2985	2985	01:24:47		1	8Gn	2026-10-03T01:25:28	2026-10-03T02:15:13	mjolnircomp05fl	854979584
45827697	kegg	cmag_066	74e05862-a704-4e35-b0df-b1fe07bc87d6	COMPLETED	1548	1548	46:03.511		1	8Gn	2026-10-03T01:25:58	2026-10-03T01:51:46	mjolnircomp16fl	778631168
45827698	merge_gene_annotations	cmag_013	74e05862-a704-4e35-b0df-b1fe07bc87d6	COMPLETED	22	22	00:16.578		1	8Gn	2026-10-03T01:25:58	2026-10-03T01:26:20	mjolnirgpu01fl	837632
45827699	pfam	cmag_584	74e05862-a704-4e35-b0df-b1fe07bc87d6	COMPLETED	957	957	24:19.360		1	8Gn	2026-10-03T01:25:28	2026-10-03T01:41:25	mjolnircomp13fl	190172160
45827700	merge_gene_annotations	cmag_360	74e05862-a704-4e35-b0df-b1fe07bc87d6	COMPLETED	21	21	00:16.573		1	8Gn	2026-10-03T01:25:58	2026-10-03T01:26:19	mjolnirgpu02fl	827392
45827701	tigrfam	cmag_538	74e05862-a704-4e35-b0df-b1fe07bc87d6	COMPLETED	352	352	09:10.329		1	16Gn	2026-10-03T01:25:58	2026-10-03T01:31:50	mjolnirgpu02fl	352696320
45827702	tigrfam	cmag_652	74e05862-a704-4e35-b0df-b1fe07bc87d6	COMPLETED	141	141	03:08.256		1	16Gn	2026-10-03T01:25:58	2026-10-03T01:28:19	mjolnircomp03fl	374020096
45827713	tigrfam	cmag_421	74e05862-a704-4e35-b0df-b1fe07bc87d6	COMPLETED	390	390	07:52.829		1	16Gn	2026-10-03T01:26:28	2026-10-03T01:32:58	mjolnircomp17fl	376869888
45827714	tigrfam	cmag_261	74e05862-a704-4e35-b0df-b1fe07bc87d6	COMPLETED	205	205	03:10.604		1	16Gn	2026-10-03T01:26:28	2026-10-03T01:29:53	mjolnircomp17fl	372099072
45827715	ncbifam	cmag_066	74e05862-a704-4e35-b0df-b1fe07bc87d6	COMPLETED	849	849	23:16.406		1	16Gn	2026-10-03T01:26:58	2026-10-03T01:41:07	mjolnircomp07fl	426040320
45827716	cazy	cmag_805	74e05862-a704-4e35-b0df-b1fe07bc87d6	COMPLETED	20	20	00:15.085		1	8Gn	2026-10-03T01:26:28	2026-10-03T01:26:48	mjolnircomp15fl	819200
45827717	pfam	cmag_391	74e05862-a704-4e35-b0df-b1fe07bc87d6	COMPLETED	617	617	16:54.476		1	8Gn	2026-10-03T01:26:28	2026-10-03T01:36:45	mjolnircomp13fl	190462976
45827718	tigrfam	cmag_464	74e05862-a704-4e35-b0df-b1fe07bc87d6	COMPLETED	215	215	05:28.105		1	16Gn	2026-10-03T01:26:58	2026-10-03T01:30:33	mjolnircomp04fl	329085952
45827719	cazy	cmag_434	74e05862-a704-4e35-b0df-b1fe07bc87d6	COMPLETED	15	15	00:10.335		1	8Gn	2026-10-03T01:26:28	2026-10-03T01:26:43	mjolnircomp15fl	821248
45827720	cazy	cmag_594	74e05862-a704-4e35-b0df-b1fe07bc87d6	COMPLETED	23	23	00:17.421		1	8Gn	2026-10-03T01:26:28	2026-10-03T01:26:51	mjolnircomp10fl	799744
45827721	tigrfam	cmag_525	74e05862-a704-4e35-b0df-b1fe07bc87d6	COMPLETED	292	292	06:09.677		1	16Gn	2026-10-03T01:26:58	2026-10-03T01:31:50	mjolnircomp17fl	316087296
45827722	pfam	cmag_707	74e05862-a704-4e35-b0df-b1fe07bc87d6	COMPLETED	1127	1127	31:02.042		1	8Gn	2026-10-03T01:26:28	2026-10-03T01:45:15	mjolnirgpu01fl	240871424
45827732	merge_gene_annotations	cmag_663	74e05862-a704-4e35-b0df-b1fe07bc87d6	COMPLETED	35	35	00:28.060		1	8Gn	2026-10-03T01:26:58	2026-10-03T01:27:33	mjolnircomp06fl	79414272
45827733	merge_gene_annotations	cmag_056	74e05862-a704-4e35-b0df-b1fe07bc87d6	COMPLETED	64	64	00:11.250		1	8Gn	2026-10-03T01:26:58	2026-10-03T01:28:02	mjolnircomp17fl	99857408
45827734	kegg	cmag_030	74e05862-a704-4e35-b0df-b1fe07bc87d6	COMPLETED	1802	1802	52:37.741		1	8Gn	2026-10-03T01:27:28	2026-10-03T01:57:30	mjolnircomp12fl	1070061568
45827735	merge_gene_annotations	cmag_297	74e05862-a704-4e35-b0df-b1fe07bc87d6	COMPLETED	40	40	00:15.961		1	8Gn	2026-10-03T01:27:28	2026-10-03T01:28:08	mjolnircomp11fl	77213696
45827736	merge_gene_annotations	cmag_326	74e05862-a704-4e35-b0df-b1fe07bc87d6	COMPLETED	42	42	00:16.883		1	8Gn	2026-10-03T01:27:28	2026-10-03T01:28:10	mjolnircomp11fl	77159424
45827737	merge_gene_annotations	cmag_393	74e05862-a704-4e35-b0df-b1fe07bc87d6	COMPLETED	33	33	00:27.177		1	8Gn	2026-10-03T01:27:28	2026-10-03T01:28:01	mjolnircomp06fl	79424512
45827750	cazy	cmag_464	74e05862-a704-4e35-b0df-b1fe07bc87d6	COMPLETED	18	18	00:12.231		1	8Gn	2026-10-03T01:27:28	2026-10-03T01:27:46	mjolnircomp10fl	800768
45827751	prodigal	cmag_370	74e05862-a704-4e35-b0df-b1fe07bc87d6	COMPLETED	8	8	00:04.270		1	3097Mn	2026-10-03T01:27:58	2026-10-03T01:28:06	mjolnircomp10fl	792576
45827752	merge_gene_annotations	cmag_596	74e05862-a704-4e35-b0df-b1fe07bc87d6	COMPLETED	33	33	00:27.060		1	8Gn	2026-10-03T01:27:58	2026-10-03T01:28:31	mjolnircomp06fl	79420416
45827753	merge_gene_annotations	cmag_091	74e05862-a704-4e35-b0df-b1fe07bc87d6	COMPLETED	36	36	00:16.655		1	8Gn	2026-10-03T01:27:58	2026-10-03T01:28:34	mjolnircomp04fl	78139392
45827767	merge_gene_annotations	cmag_619	74e05862-a704-4e35-b0df-b1fe07bc87d6	COMPLETED	34	34	00:10.255		1	8Gn	2026-10-03T01:28:28	2026-10-03T01:29:02	mjolnircomp08fl	78737408
45827768	tigrfam	cmag_526	74e05862-a704-4e35-b0df-b1fe07bc87d6	COMPLETED	164	164	03:59.800		1	16Gn	2026-10-03T01:28:28	2026-10-03T01:31:12	mjolnircomp11fl	383262720
45827769	merge_gene_annotations	cmag_489	74e05862-a704-4e35-b0df-b1fe07bc87d6	COMPLETED	33	33	00:14.558		1	8Gn	2026-10-03T01:28:28	2026-10-03T01:29:01	mjolnircomp11fl	77083648
45827770	merge_gene_annotations	cmag_806	74e05862-a704-4e35-b0df-b1fe07bc87d6	COMPLETED	33	33	00:14.915		1	8Gn	2026-10-03T01:28:28	2026-10-03T01:29:01	mjolnircomp11fl	77140992
45827771	ncbifam	cmag_782	74e05862-a704-4e35-b0df-b1fe07bc87d6	COMPLETED	974	974	25:20.073		1	16Gn	2026-10-03T01:28:28	2026-10-03T01:44:42	mjolnircomp11fl	379692032
45827772	merge_gene_annotations	cmag_093	74e05862-a704-4e35-b0df-b1fe07bc87d6	COMPLETED	32	32	00:13.065		1	8Gn	2026-10-03T01:28:28	2026-10-03T01:29:00	mjolnircomp11fl	79194112
45827773	merge_gene_annotations	cmag_461	74e05862-a704-4e35-b0df-b1fe07bc87d6	COMPLETED	32	32	00:13.527		1	8Gn	2026-10-03T01:28:28	2026-10-03T01:29:00	mjolnircomp11fl	77069312
45827774	kegg	cmag_525	74e05862-a704-4e35-b0df-b1fe07bc87d6	COMPLETED	1767	1767	51:37.300		1	8Gn	2026-10-03T01:28:28	2026-10-03T01:57:55	mjolnircomp03fl	969768960
45827775	kegg	cmag_261	74e05862-a704-4e35-b0df-b1fe07bc87d6	COMPLETED	989	989	28:55.421		1	8Gn	2026-10-03T01:28:28	2026-10-03T01:44:57	mjolnircomp13fl	1425694720
45827776	merge_gene_annotations	cmag_075	74e05862-a704-4e35-b0df-b1fe07bc87d6	COMPLETED	35	35	00:15.967		1	8Gn	2026-10-03T01:28:28	2026-10-03T01:29:03	mjolnircomp11fl	77142016
45827777	merge_gene_annotations	cmag_604	74e05862-a704-4e35-b0df-b1fe07bc87d6	COMPLETED	41	41	00:35.318		1	8Gn	2026-10-03T01:28:28	2026-10-03T01:29:09	mjolnircomp06fl	274528256
45827778	merge_gene_annotations	cmag_065	74e05862-a704-4e35-b0df-b1fe07bc87d6	COMPLETED	41	41	00:17.679		1	8Gn	2026-10-03T01:28:28	2026-10-03T01:29:09	mjolnircomp08fl	78688256
45827779	cazy	cmag_309	74e05862-a704-4e35-b0df-b1fe07bc87d6	COMPLETED	51	51	00:17.144		1	8Gn	2026-10-03T01:28:28	2026-10-03T01:29:19	mjolnirgpu03fl	255831040
45827792	merge_gene_annotations	cmag_304	74e05862-a704-4e35-b0df-b1fe07bc87d6	COMPLETED	41	41	00:15.593		1	8Gn	2026-10-03T01:28:58	2026-10-03T01:29:39	mjolnircomp11fl	77259776
45827793	cazy	cmag_699	74e05862-a704-4e35-b0df-b1fe07bc87d6	COMPLETED	20	20	00:14.107		1	8Gn	2026-10-03T01:28:58	2026-10-03T01:29:18	mjolnircomp10fl	803840
45827794	pfam	cmag_644	74e05862-a704-4e35-b0df-b1fe07bc87d6	COMPLETED	828	828	21:26.841		1	8Gn	2026-10-03T01:29:28	2026-10-03T01:43:16	mjolnircomp11fl	202972160
45827795	cazy	cmag_308	74e05862-a704-4e35-b0df-b1fe07bc87d6	COMPLETED	41	41	00:16.895		1	8Gn	2026-10-03T01:28:58	2026-10-03T01:29:39	mjolnirgpu03fl	77847552
45827796	pfam	cmag_714	74e05862-a704-4e35-b0df-b1fe07bc87d6	COMPLETED	896	896	24:19.063		1	8Gn	2026-10-03T01:28:58	2026-10-03T01:43:54	mjolnircomp13fl	204527616
45827797	pfam	cmag_111	74e05862-a704-4e35-b0df-b1fe07bc87d6	COMPLETED	789	789	21:13.440		1	8Gn	2026-10-03T01:28:58	2026-10-03T01:42:07	mjolnircomp13fl	187608064
45827798	merge_gene_annotations	cmag_124	74e05862-a704-4e35-b0df-b1fe07bc87d6	COMPLETED	31	31	00:12.032		1	8Gn	2026-10-03T01:28:58	2026-10-03T01:29:29	mjolnircomp04fl	74235904
45827799	tigrfam	cmag_691	74e05862-a704-4e35-b0df-b1fe07bc87d6	COMPLETED	362	362	09:22.476		1	16Gn	2026-10-03T01:28:58	2026-10-03T01:35:00	mjolnircomp06fl	375277568
45827800	pfam	cmag_428	74e05862-a704-4e35-b0df-b1fe07bc87d6	COMPLETED	547	547	13:50.559		1	8Gn	2026-10-03T01:28:58	2026-10-03T01:38:05	mjolnirgpu03fl	190202880
45827801	ncbifam	cmag_313	74e05862-a704-4e35-b0df-b1fe07bc87d6	COMPLETED	977	977	26:49.863		1	16Gn	2026-10-03T01:28:58	2026-10-03T01:45:15	mjolnircomp05fl	407624704
45827815	kegg	cmag_168	74e05862-a704-4e35-b0df-b1fe07bc87d6	COMPLETED	1917	1917	53:45.563		1	8Gn	2026-10-03T01:29:58	2026-10-03T02:01:55	mjolnircomp12fl	876852224
45827816	tigrfam	cmag_217	74e05862-a704-4e35-b0df-b1fe07bc87d6	COMPLETED	88	88	02:11.610		1	16Gn	2026-10-03T01:29:58	2026-10-03T01:31:26	mjolnircomp15fl	447994880
45827817	pfam	cmag_477	74e05862-a704-4e35-b0df-b1fe07bc87d6	COMPLETED	1104	1104	28:27.200		1	8Gn	2026-10-03T01:29:58	2026-10-03T01:48:22	mjolnircomp03fl	218850304
45827818	pfam	cmag_608	74e05862-a704-4e35-b0df-b1fe07bc87d6	COMPLETED	618	618	16:19.641		1	8Gn	2026-10-03T01:29:58	2026-10-03T01:40:16	mjolnircomp13fl	253638656
45827819	merge_gene_annotations	cmag_226	74e05862-a704-4e35-b0df-b1fe07bc87d6	COMPLETED	19	19	00:12.970		1	8Gn	2026-10-03T01:29:58	2026-10-03T01:30:17	mjolnircomp12fl	838656
45827820	merge_gene_annotations	cmag_359	74e05862-a704-4e35-b0df-b1fe07bc87d6	COMPLETED	35	35	00:15.362		1	8Gn	2026-10-03T01:29:58	2026-10-03T01:30:33	mjolnircomp11fl	77107200
45827821	merge_gene_annotations	cmag_444	74e05862-a704-4e35-b0df-b1fe07bc87d6	COMPLETED	33	33	00:12.944		1	8Gn	2026-10-03T01:29:58	2026-10-03T01:30:31	mjolnircomp11fl	77170688
45827822	ncbifam	cmag_753	74e05862-a704-4e35-b0df-b1fe07bc87d6	COMPLETED	581	581	14:40.808		1	16Gn	2026-10-03T01:29:58	2026-10-03T01:39:39	mjolnircomp11fl	315311104
45827823	merge_gene_annotations	cmag_327	74e05862-a704-4e35-b0df-b1fe07bc87d6	COMPLETED	34	34	00:13.061		1	8Gn	2026-10-03T01:29:58	2026-10-03T01:30:32	mjolnircomp11fl	77162496
45827824	merge_gene_annotations	cmag_221	74e05862-a704-4e35-b0df-b1fe07bc87d6	COMPLETED	36	36	00:15.846		1	8Gn	2026-10-03T01:29:58	2026-10-03T01:30:34	mjolnircomp11fl	77188096
45827825	tigrfam	cmag_594	74e05862-a704-4e35-b0df-b1fe07bc87d6	COMPLETED	469	469	12:01.964		1	16Gn	2026-10-03T01:29:58	2026-10-03T01:37:47	mjolnircomp06fl	323867648
45827826	merge_gene_annotations	cmag_348	74e05862-a704-4e35-b0df-b1fe07bc87d6	COMPLETED	17	17	00:10.249		1	8Gn	2026-10-03T01:29:58	2026-10-03T01:30:15	mjolnircomp14fl	863232
45827827	ncbifam	cmag_652	74e05862-a704-4e35-b0df-b1fe07bc87d6	COMPLETED	413	413	11:09.343		1	16Gn	2026-10-03T01:29:58	2026-10-03T01:36:51	mjolnircomp08fl	352661504
45827828	ncbifam	cmag_421	74e05862-a704-4e35-b0df-b1fe07bc87d6	COMPLETED	1060	1060	30:04.662		1	16Gn	2026-10-03T01:29:58	2026-10-03T01:47:38	mjolnircomp04fl	433644544
45827829	merge_gene_annotations	cmag_618	74e05862-a704-4e35-b0df-b1fe07bc87d6	COMPLETED	37	37	00:11.744		1	8Gn	2026-10-03T01:29:58	2026-10-03T01:30:35	mjolnircomp08fl	78920704
45827830	prodigal	cmag_589	74e05862-a704-4e35-b0df-b1fe07bc87d6	COMPLETED	31	31	00:05.397		1	2787Mn	2026-10-03T01:29:58	2026-10-03T01:30:29	mjolnirgpu03fl	78014464
45827841	merge_gene_annotations	cmag_732	74e05862-a704-4e35-b0df-b1fe07bc87d6	COMPLETED	22	22	00:17.839		1	8Gn	2026-10-03T01:30:29	2026-10-03T01:30:51	mjolnircomp12fl	833536
45827842	pfam	cmag_035	74e05862-a704-4e35-b0df-b1fe07bc87d6	COMPLETED	1171	1171	30:16.334		1	8Gn	2026-10-03T01:30:29	2026-10-03T01:50:00	mjolnircomp03fl	232625152
45827843	cazy	cmag_712	74e05862-a704-4e35-b0df-b1fe07bc87d6	COMPLETED	50	50	00:28.170		1	8Gn	2026-10-03T01:30:29	2026-10-03T01:31:19	mjolnirgpu03fl	292622336
45827844	pfam	cmag_224	74e05862-a704-4e35-b0df-b1fe07bc87d6	COMPLETED	698	698	19:01.130		1	8Gn	2026-10-03T01:30:29	2026-10-03T01:42:07	mjolnircomp13fl	272737280
45827845	cazy	cmag_520	74e05862-a704-4e35-b0df-b1fe07bc87d6	COMPLETED	34	34	00:12.927		1	8Gn	2026-10-03T01:30:29	2026-10-03T01:31:03	mjolnirgpu03fl	77756416
45827846	tigrfam	cmag_180	74e05862-a704-4e35-b0df-b1fe07bc87d6	COMPLETED	245	245	06:02.689		1	16Gn	2026-10-03T01:30:29	2026-10-03T01:34:34	mjolnircomp11fl	345006080
45827847	pfam	cmag_638	74e05862-a704-4e35-b0df-b1fe07bc87d6	COMPLETED	1424	1424	37:02.137		1	8Gn	2026-10-03T01:30:29	2026-10-03T01:54:13	mjolnircomp05fl	243621888
45827848	cazy	cmag_033	74e05862-a704-4e35-b0df-b1fe07bc87d6	COMPLETED	39	39	00:17.145		1	8Gn	2026-10-03T01:30:29	2026-10-03T01:31:08	mjolnirgpu03fl	77737984
45827849	tigrfam	cmag_332	74e05862-a704-4e35-b0df-b1fe07bc87d6	COMPLETED	172	172	04:02.149		1	16Gn	2026-10-03T01:30:29	2026-10-03T01:33:21	mjolnircomp11fl	375161856
45827868	merge_gene_annotations	cmag_010	74e05862-a704-4e35-b0df-b1fe07bc87d6	COMPLETED	20	20	00:14.331		1	8Gn	2026-10-03T01:30:59	2026-10-03T01:31:19	mjolnircomp16fl	818176
45827869	tigrfam	cmag_285	74e05862-a704-4e35-b0df-b1fe07bc87d6	COMPLETED	174	174	04:34.763		1	16Gn	2026-10-03T01:30:59	2026-10-03T01:33:53	mjolnircomp07fl	341003264
45827870	tigrfam	cmag_475	74e05862-a704-4e35-b0df-b1fe07bc87d6	COMPLETED	123	123	03:13.271		1	16Gn	2026-10-03T01:30:59	2026-10-03T01:33:02	mjolnircomp12fl	334567424
45827871	cazy	cmag_505	74e05862-a704-4e35-b0df-b1fe07bc87d6	COMPLETED	50	50	00:21.571		1	8Gn	2026-10-03T01:30:59	2026-10-03T01:31:49	mjolnirgpu03fl	77637632
45827872	merge_gene_annotations	cmag_152	74e05862-a704-4e35-b0df-b1fe07bc87d6	COMPLETED	36	36	00:14.293		1	8Gn	2026-10-03T01:30:59	2026-10-03T01:31:35	mjolnircomp11fl	77177856
45827873	merge_gene_annotations	cmag_436	74e05862-a704-4e35-b0df-b1fe07bc87d6	COMPLETED	36	36	00:14.339		1	8Gn	2026-10-03T01:30:59	2026-10-03T01:31:35	mjolnircomp11fl	77156352
45827874	ncbifam	cmag_195	74e05862-a704-4e35-b0df-b1fe07bc87d6	COMPLETED	516	516	14:33.117		1	16Gn	2026-10-03T01:30:59	2026-10-03T01:39:35	mjolnircomp04fl	411390976
45827875	merge_gene_annotations	cmag_570	74e05862-a704-4e35-b0df-b1fe07bc87d6	COMPLETED	44	44	00:18.298		1	8Gn	2026-10-03T01:30:59	2026-10-03T01:31:43	mjolnircomp08fl	79028224
45827876	merge_gene_annotations	cmag_202	74e05862-a704-4e35-b0df-b1fe07bc87d6	COMPLETED	20	20	00:14.939		1	8Gn	2026-10-03T01:31:29	2026-10-03T01:31:49	mjolnircomp15fl	883712
45827877	cazy	cmag_707	74e05862-a704-4e35-b0df-b1fe07bc87d6	COMPLETED	55	55	00:26.061		1	8Gn	2026-10-03T01:30:59	2026-10-03T01:31:54	mjolnirgpu03fl	255621120
45827878	merge_gene_annotations	cmag_666	74e05862-a704-4e35-b0df-b1fe07bc87d6	COMPLETED	21	21	00:16.105		1	8Gn	2026-10-03T01:30:59	2026-10-03T01:31:20	mjolnirgpu02fl	826368
45827879	merge_gene_annotations	cmag_765	74e05862-a704-4e35-b0df-b1fe07bc87d6	COMPLETED	21	21	00:16.359		1	8Gn	2026-10-03T01:30:59	2026-10-03T01:31:20	mjolnirgpu02fl	820224
45827880	ncbifam	cmag_207	74e05862-a704-4e35-b0df-b1fe07bc87d6	COMPLETED	896	896	24:38.385		1	16Gn	2026-10-03T01:31:29	2026-10-03T01:46:25	mjolnircomp16fl	394148864
45827891	merge_gene_annotations	cmag_675	74e05862-a704-4e35-b0df-b1fe07bc87d6	COMPLETED	20	20	00:15.499		1	8Gn	2026-10-03T01:31:59	2026-10-03T01:32:19	mjolnircomp15fl	882688
45827892	merge_gene_annotations	cmag_537	74e05862-a704-4e35-b0df-b1fe07bc87d6	COMPLETED	42	42	00:20.528		1	8Gn	2026-10-03T01:31:59	2026-10-03T01:32:41	mjolnircomp11fl	77153280
45827893	merge_gene_annotations	cmag_320	74e05862-a704-4e35-b0df-b1fe07bc87d6	COMPLETED	43	43	00:21.768		1	8Gn	2026-10-03T01:31:59	2026-10-03T01:32:42	mjolnircomp11fl	279164928
45827894	kegg	cmag_632	74e05862-a704-4e35-b0df-b1fe07bc87d6	COMPLETED	2600	2600	01:19:10		1	8224Mn	2026-10-03T01:31:59	2026-10-03T02:15:19	mjolnircomp09fl	745360384
45827895	ncbifam	cmag_389	74e05862-a704-4e35-b0df-b1fe07bc87d6	COMPLETED	537	537	13:47.232		1	16Gn	2026-10-03T01:31:59	2026-10-03T01:40:56	mjolnircomp11fl	650080256
45827896	merge_gene_annotations	cmag_115	74e05862-a704-4e35-b0df-b1fe07bc87d6	COMPLETED	40	40	00:18.209		1	8Gn	2026-10-03T01:31:59	2026-10-03T01:32:39	mjolnircomp11fl	77161472
45827897	tigrfam	cmag_448	74e05862-a704-4e35-b0df-b1fe07bc87d6	COMPLETED	237	237	06:11.573		1	16Gn	2026-10-03T01:31:59	2026-10-03T01:35:56	mjolnircomp06fl	397191168
45827898	kegg	cmag_209	74e05862-a704-4e35-b0df-b1fe07bc87d6	COMPLETED	1372	1372	40:03.822		1	8Gn	2026-10-03T01:31:59	2026-10-03T01:54:51	mjolnircomp01fl	750790656
45827899	merge_gene_annotations	cmag_352	74e05862-a704-4e35-b0df-b1fe07bc87d6	COMPLETED	41	41	00:14.697		1	8Gn	2026-10-03T01:31:59	2026-10-03T01:32:40	mjolnircomp08fl	78955520
45827910	merge_gene_annotations	cmag_254	74e05862-a704-4e35-b0df-b1fe07bc87d6	COMPLETED	20	20	00:15.588		1	8Gn	2026-10-03T01:32:29	2026-10-03T01:32:49	mjolnircomp15fl	886784
45827911	cazy	cmag_066	74e05862-a704-4e35-b0df-b1fe07bc87d6	COMPLETED	27	27	00:21.252		1	8Gn	2026-10-03T01:32:29	2026-10-03T01:32:56	mjolnirgpu02fl	824320
45827912	cazy	cmag_538	74e05862-a704-4e35-b0df-b1fe07bc87d6	COMPLETED	27	27	00:21.768		1	8Gn	2026-10-03T01:32:29	2026-10-03T01:32:56	mjolnirgpu02fl	827392
45827913	cazy	cmag_808	74e05862-a704-4e35-b0df-b1fe07bc87d6	COMPLETED	82	82	00:10.973		1	8Gn	2026-10-03T01:32:29	2026-10-03T01:33:51	mjolnircomp17fl	102461440
45827914	merge_gene_annotations	cmag_599	74e05862-a704-4e35-b0df-b1fe07bc87d6	COMPLETED	37	37	00:16.131		1	8Gn	2026-10-03T01:32:29	2026-10-03T01:33:06	mjolnircomp11fl	77083648
45827915	merge_gene_annotations	cmag_543	74e05862-a704-4e35-b0df-b1fe07bc87d6	COMPLETED	36	36	00:15.232		1	8Gn	2026-10-03T01:32:29	2026-10-03T01:33:05	mjolnircomp11fl	77107200
45827916	kegg	cmag_219	74e05862-a704-4e35-b0df-b1fe07bc87d6	COMPLETED	2944	2944	01:25:05		1	8Gn	2026-10-03T01:32:29	2026-10-03T02:21:33	mjolnircomp11fl	808839168
45827917	cazy	cmag_388	74e05862-a704-4e35-b0df-b1fe07bc87d6	COMPLETED	81	81	00:09.137		1	8Gn	2026-10-03T01:32:29	2026-10-03T01:33:50	mjolnircomp17fl	102170624
45827918	merge_gene_annotations	cmag_662	74e05862-a704-4e35-b0df-b1fe07bc87d6	COMPLETED	26	26	00:20.673		1	8Gn	2026-10-03T01:32:29	2026-10-03T01:32:55	mjolnircomp06fl	822272
45827919	merge_gene_annotations	cmag_353	74e05862-a704-4e35-b0df-b1fe07bc87d6	COMPLETED	31	31	00:10.793		1	8Gn	2026-10-03T01:32:29	2026-10-03T01:33:00	mjolnircomp11fl	77101056
45827920	merge_gene_annotations	cmag_287	74e05862-a704-4e35-b0df-b1fe07bc87d6	COMPLETED	31	31	00:10.343		1	8Gn	2026-10-03T01:32:29	2026-10-03T01:33:00	mjolnircomp11fl	77134848
45827935	merge_gene_annotations	cmag_769	74e05862-a704-4e35-b0df-b1fe07bc87d6	COMPLETED	20	20	00:13.704		1	8Gn	2026-10-03T01:32:59	2026-10-03T01:33:19	mjolnircomp15fl	880640
45827936	cazy	cmag_261	74e05862-a704-4e35-b0df-b1fe07bc87d6	COMPLETED	24	24	00:19.280		1	8Gn	2026-10-03T01:32:59	2026-10-03T01:33:23	mjolnircomp06fl	820224
45827937	pfam	cmag_385	74e05862-a704-4e35-b0df-b1fe07bc87d6	COMPLETED	555	555	14:39.597		1	8Gn	2026-10-03T01:32:59	2026-10-03T01:42:14	mjolnircomp06fl	223646720
45827938	cazy	cmag_525	74e05862-a704-4e35-b0df-b1fe07bc87d6	COMPLETED	45	45	00:17.420		1	8Gn	2026-10-03T01:32:59	2026-10-03T01:33:44	mjolnirgpu03fl	270558208
45827939	pfam	cmag_333	74e05862-a704-4e35-b0df-b1fe07bc87d6	COMPLETED	1064	1064	27:34.393		1	8Gn	2026-10-03T01:32:59	2026-10-03T01:50:43	mjolnircomp11fl	189184000
45827940	pfam	cmag_756	74e05862-a704-4e35-b0df-b1fe07bc87d6	COMPLETED	669	669	17:05.581		1	8Gn	2026-10-03T01:32:59	2026-10-03T01:44:08	mjolnircomp11fl	203517952
45827941	pfam	cmag_249	74e05862-a704-4e35-b0df-b1fe07bc87d6	COMPLETED	469	469	12:37.986		1	8Gn	2026-10-03T01:32:59	2026-10-03T01:40:48	mjolnircomp13fl	204087296
45827942	pfam	cmag_012	74e05862-a704-4e35-b0df-b1fe07bc87d6	COMPLETED	1003	1003	26:07.214		1	8Gn	2026-10-03T01:32:59	2026-10-03T01:49:42	mjolnircomp11fl	229771264
45827943	ncbifam	cmag_045	74e05862-a704-4e35-b0df-b1fe07bc87d6	COMPLETED	1124	1124	29:51.740		1	16Gn	2026-10-03T01:32:59	2026-10-03T01:51:43	mjolnircomp11fl	366843904
45827944	kegg	cmag_698	74e05862-a704-4e35-b0df-b1fe07bc87d6	COMPLETED	2246	2246	01:05:15		1	8Gn	2026-10-03T01:32:59	2026-10-03T02:10:25	mjolnircomp02fl	965498880
45827945	pfam	cmag_395	74e05862-a704-4e35-b0df-b1fe07bc87d6	COMPLETED	675	675	18:27.285		1	8Gn	2026-10-03T01:32:59	2026-10-03T01:44:14	mjolnircomp13fl	235239424
45827960	merge_gene_annotations	cmag_296	74e05862-a704-4e35-b0df-b1fe07bc87d6	COMPLETED	36	36	00:15.367		1	8Gn	2026-10-03T01:33:59	2026-10-03T01:34:35	mjolnircomp11fl	77077504
45827961	ncbifam	cmag_644	74e05862-a704-4e35-b0df-b1fe07bc87d6	COMPLETED	735	735	19:36.855		1	16Gn	2026-10-03T01:33:59	2026-10-03T01:46:14	mjolnircomp11fl	378914816
45827962	ncbifam	cmag_451	74e05862-a704-4e35-b0df-b1fe07bc87d6	COMPLETED	1039	1039	28:03.081		1	16Gn	2026-10-03T01:33:59	2026-10-03T01:51:18	mjolnircomp11fl	346976256
45827963	ncbifam	cmag_714	74e05862-a704-4e35-b0df-b1fe07bc87d6	COMPLETED	878	878	23:41.518		1	16Gn	2026-10-03T01:33:59	2026-10-03T01:48:37	mjolnircomp11fl	403561472
45827964	kegg	cmag_782	74e05862-a704-4e35-b0df-b1fe07bc87d6	COMPLETED	1397	1397	40:36.710		1	8Gn	2026-10-03T01:33:59	2026-10-03T01:57:16	mjolnircomp07fl	893795328
45827965	ncbifam	cmag_273	74e05862-a704-4e35-b0df-b1fe07bc87d6	COMPLETED	797	797	21:07.855		1	16Gn	2026-10-03T01:33:59	2026-10-03T01:47:16	mjolnirgpu03fl	398818304
45827966	merge_gene_annotations	cmag_405	74e05862-a704-4e35-b0df-b1fe07bc87d6	COMPLETED	42	42	00:14.076		1	8Gn	2026-10-03T01:33:59	2026-10-03T01:34:41	mjolnircomp08fl	79062016
45827967	merge_gene_annotations	cmag_572	74e05862-a704-4e35-b0df-b1fe07bc87d6	COMPLETED	33	33	00:27.801		1	8Gn	2026-10-03T01:33:59	2026-10-03T01:34:32	mjolnircomp06fl	77683712
45827968	ncbifam	cmag_388	74e05862-a704-4e35-b0df-b1fe07bc87d6	COMPLETED	321	321	08:56.424		1	16Gn	2026-10-03T01:33:59	2026-10-03T01:39:20	mjolnirgpu02fl	291749888
45827969	cazy	cmag_084	74e05862-a704-4e35-b0df-b1fe07bc87d6	COMPLETED	89	89	00:16.661		1	8Gn	2026-10-03T01:33:59	2026-10-03T01:35:28	mjolnircomp17fl	160932864
45827970	merge_gene_annotations	cmag_645	74e05862-a704-4e35-b0df-b1fe07bc87d6	COMPLETED	16	16	00:10.661		1	8Gn	2026-10-03T01:33:59	2026-10-03T01:34:15	mjolnircomp10fl	805888
45827971	merge_gene_annotations	cmag_813	74e05862-a704-4e35-b0df-b1fe07bc87d6	COMPLETED	33	33	00:28.155		1	8Gn	2026-10-03T01:33:59	2026-10-03T01:34:32	mjolnircomp06fl	77715456
45827972	merge_gene_annotations	cmag_511	74e05862-a704-4e35-b0df-b1fe07bc87d6	COMPLETED	34	34	00:28.253		1	8Gn	2026-10-03T01:33:59	2026-10-03T01:34:33	mjolnircomp06fl	77737984
45827973	pfam	cmag_798	74e05862-a704-4e35-b0df-b1fe07bc87d6	COMPLETED	1035	1035	26:29.910		1	8Gn	2026-10-03T01:33:59	2026-10-03T01:51:14	mjolnircomp17fl	317266944
45827974	merge_gene_annotations	cmag_688	74e05862-a704-4e35-b0df-b1fe07bc87d6	COMPLETED	20	20	00:12.382		1	8Gn	2026-10-03T01:33:59	2026-10-03T01:34:19	mjolnircomp16fl	817152
45827984	merge_gene_annotations	cmag_628	74e05862-a704-4e35-b0df-b1fe07bc87d6	COMPLETED	40	40	00:17.873		1	8Gn	2026-10-03T01:34:29	2026-10-03T01:35:09	mjolnircomp11fl	77059072
45827985	pfam	cmag_699	74e05862-a704-4e35-b0df-b1fe07bc87d6	COMPLETED	750	750	20:55.726		1	8Gn	2026-10-03T01:34:29	2026-10-03T01:46:59	mjolnircomp10fl	220208128
45827986	merge_gene_annotations	cmag_328	74e05862-a704-4e35-b0df-b1fe07bc87d6	COMPLETED	17	17	00:11.879		1	8Gn	2026-10-03T01:34:29	2026-10-03T01:34:46	mjolnircomp16fl	821248
45827987	tigrfam	cmag_711	74e05862-a704-4e35-b0df-b1fe07bc87d6	COMPLETED	175	175	04:31.489		1	16Gn	2026-10-03T01:34:59	2026-10-03T01:37:54	mjolnircomp15fl	406463488
45827988	merge_gene_annotations	cmag_678	74e05862-a704-4e35-b0df-b1fe07bc87d6	COMPLETED	17	17	00:11.522		1	8Gn	2026-10-03T01:34:59	2026-10-03T01:35:16	mjolnircomp16fl	820224
45827996	tigrfam	cmag_336	74e05862-a704-4e35-b0df-b1fe07bc87d6	COMPLETED	294	294	07:40.680		1	16Gn	2026-10-03T01:34:59	2026-10-03T01:39:53	mjolnircomp06fl	381454336
45827997	tigrfam	cmag_665	74e05862-a704-4e35-b0df-b1fe07bc87d6	COMPLETED	227	227	05:38.996		1	16Gn	2026-10-03T01:35:29	2026-10-03T01:39:16	mjolnircomp11fl	354467840
45827998	tigrfam	cmag_313	74e05862-a704-4e35-b0df-b1fe07bc87d6	COMPLETED	179	179	04:14.121		1	16Gn	2026-10-03T01:35:29	2026-10-03T01:38:28	mjolnircomp11fl	315124736
45827999	tigrfam	cmag_753	74e05862-a704-4e35-b0df-b1fe07bc87d6	COMPLETED	162	162	04:05.901		1	16Gn	2026-10-03T01:34:59	2026-10-03T01:37:41	mjolnirgpu02fl	345161728
45828000	pfam	cmag_308	74e05862-a704-4e35-b0df-b1fe07bc87d6	COMPLETED	1000	1000	27:30.932		1	8Gn	2026-10-03T01:34:59	2026-10-03T01:51:39	mjolnircomp10fl	236248064
45828001	merge_gene_annotations	cmag_823	74e05862-a704-4e35-b0df-b1fe07bc87d6	COMPLETED	37	37	00:13.960		1	8Gn	2026-10-03T01:34:59	2026-10-03T01:35:36	mjolnircomp08fl	79035392
45828002	merge_gene_annotations	cmag_810	74e05862-a704-4e35-b0df-b1fe07bc87d6	COMPLETED	30	30	00:13.105		1	8Gn	2026-10-03T01:35:29	2026-10-03T01:35:59	mjolnircomp11fl	797696
45828003	kegg	cmag_370	74e05862-a704-4e35-b0df-b1fe07bc87d6	COMPLETED	2178	2178	01:00:42		1	8Gn	2026-10-03T01:35:29	2026-10-03T02:11:47	mjolnircomp11fl	769988608
45828004	merge_gene_annotations	cmag_773	74e05862-a704-4e35-b0df-b1fe07bc87d6	COMPLETED	29	29	00:12.969		1	8Gn	2026-10-03T01:35:29	2026-10-03T01:35:58	mjolnircomp11fl	794624
45828005	merge_gene_annotations	cmag_246	74e05862-a704-4e35-b0df-b1fe07bc87d6	COMPLETED	17	17	00:11.487		1	8Gn	2026-10-03T01:35:29	2026-10-03T01:35:46	mjolnircomp02fl	845824
45828006	tigrfam	cmag_383	74e05862-a704-4e35-b0df-b1fe07bc87d6	COMPLETED	167	167	04:16.735		1	16Gn	2026-10-03T01:35:29	2026-10-03T01:38:16	mjolnircomp07fl	430908416
45828015	merge_gene_annotations	cmag_031	74e05862-a704-4e35-b0df-b1fe07bc87d6	COMPLETED	41	41	00:13.923		1	8Gn	2026-10-03T01:35:59	2026-10-03T01:36:40	mjolnircomp11fl	77015040
45828016	merge_gene_annotations	cmag_519	74e05862-a704-4e35-b0df-b1fe07bc87d6	COMPLETED	18	18	00:13.069		1	8Gn	2026-10-03T01:35:59	2026-10-03T01:36:17	mjolnircomp02fl	839680
45828017	tigrfam	cmag_249	74e05862-a704-4e35-b0df-b1fe07bc87d6	COMPLETED	128	128	02:46.928		1	16Gn	2026-10-03T01:35:59	2026-10-03T01:38:07	mjolnircomp08fl	369882112
45828018	tigrfam	cmag_716	74e05862-a704-4e35-b0df-b1fe07bc87d6	COMPLETED	181	181	04:35.184		1	16Gn	2026-10-03T01:35:59	2026-10-03T01:39:00	mjolnircomp06fl	334515200
45828019	tigrfam	cmag_370	74e05862-a704-4e35-b0df-b1fe07bc87d6	COMPLETED	192	192	04:57.281		1	16Gn	2026-10-03T01:35:59	2026-10-03T01:39:11	mjolnircomp16fl	351580160
45828028	merge_gene_annotations	cmag_105	74e05862-a704-4e35-b0df-b1fe07bc87d6	COMPLETED	38	38	00:17.687		1	8Gn	2026-10-03T01:36:29	2026-10-03T01:37:07	mjolnircomp11fl	76973056
45828029	tigrfam	cmag_632	74e05862-a704-4e35-b0df-b1fe07bc87d6	COMPLETED	452	452	11:30.968		1	16448Mn	2026-10-03T01:36:29	2026-10-03T01:44:01	mjolnircomp11fl	362790912
45828030	ncbifam	cmag_683	74e05862-a704-4e35-b0df-b1fe07bc87d6	COMPLETED	827	827	21:39.492		1	16Gn	2026-10-03T01:36:29	2026-10-03T01:50:16	mjolnircomp11fl	377835520
45828031	merge_gene_annotations	cmag_084	74e05862-a704-4e35-b0df-b1fe07bc87d6	COMPLETED	18	18	00:13.710		1	8Gn	2026-10-03T01:36:29	2026-10-03T01:36:47	mjolnircomp01fl	843776
45828032	merge_gene_annotations	cmag_367	74e05862-a704-4e35-b0df-b1fe07bc87d6	COMPLETED	16	16	00:11.002		1	8Gn	2026-10-03T01:36:29	2026-10-03T01:36:45	mjolnircomp01fl	837632
45828033	merge_gene_annotations	cmag_510	74e05862-a704-4e35-b0df-b1fe07bc87d6	COMPLETED	31	31	00:26.054		1	8Gn	2026-10-03T01:36:29	2026-10-03T01:37:00	mjolnircomp02fl	80101376
45828051	merge_gene_annotations	cmag_223	74e05862-a704-4e35-b0df-b1fe07bc87d6	COMPLETED	18	18	00:13.489		1	8Gn	2026-10-03T01:36:59	2026-10-03T01:37:17	mjolnircomp01fl	839680
45828052	tigrfam	cmag_209	74e05862-a704-4e35-b0df-b1fe07bc87d6	COMPLETED	188	188	04:25.662		1	16Gn	2026-10-03T01:36:59	2026-10-03T01:40:07	mjolnircomp08fl	345380864
45828053	merge_gene_annotations	cmag_578	74e05862-a704-4e35-b0df-b1fe07bc87d6	COMPLETED	17	17	00:12.161		1	8Gn	2026-10-03T01:36:59	2026-10-03T01:37:16	mjolnircomp01fl	841728
45828054	cazy	cmag_218	74e05862-a704-4e35-b0df-b1fe07bc87d6	COMPLETED	25	25	00:18.988		1	8Gn	2026-10-03T01:36:59	2026-10-03T01:37:24	mjolnircomp10fl	801792
45828055	ncbifam	cmag_224	74e05862-a704-4e35-b0df-b1fe07bc87d6	COMPLETED	718	718	21:00.118		1	16Gn	2026-10-03T01:37:29	2026-10-03T01:49:27	mjolnircomp01fl	349316096
45828056	pfam	cmag_370	74e05862-a704-4e35-b0df-b1fe07bc87d6	COMPLETED	1133	1133	28:16.491		1	8Gn	2026-10-03T01:36:59	2026-10-03T01:55:52	mjolnircomp03fl	207694848
45828057	ncbifam	cmag_638	74e05862-a704-4e35-b0df-b1fe07bc87d6	COMPLETED	802	802	22:25.149		1	16Gn	2026-10-03T01:37:29	2026-10-03T01:50:51	mjolnircomp04fl	335875072
45828068	merge_gene_annotations	cmag_134	74e05862-a704-4e35-b0df-b1fe07bc87d6	COMPLETED	40	40	00:15.617		1	8Gn	2026-10-03T01:37:59	2026-10-03T01:38:39	mjolnircomp11fl	76948480
45828069	tigrfam	cmag_589	74e05862-a704-4e35-b0df-b1fe07bc87d6	COMPLETED	189	189	04:51.537		1	16Gn	2026-10-03T01:37:59	2026-10-03T01:41:08	mjolnircomp15fl	359310336
45828070	ncbifam	cmag_035	74e05862-a704-4e35-b0df-b1fe07bc87d6	COMPLETED	1197	1197	32:51.912		1	16Gn	2026-10-03T01:37:59	2026-10-03T01:57:56	mjolnirgpu03fl	394560512
45828071	pfam	cmag_683	74e05862-a704-4e35-b0df-b1fe07bc87d6	COMPLETED	818	818	21:08.672		1	8Gn	2026-10-03T01:37:59	2026-10-03T01:51:37	mjolnircomp03fl	213207040
45828072	ncbifam	cmag_370	74e05862-a704-4e35-b0df-b1fe07bc87d6	COMPLETED	1073	1073	28:35.768		1	16Gn	2026-10-03T01:37:59	2026-10-03T01:55:52	mjolnirgpu03fl	335656960
45828073	merge_gene_annotations	cmag_501	74e05862-a704-4e35-b0df-b1fe07bc87d6	COMPLETED	19	19	00:13.989		1	8Gn	2026-10-03T01:37:59	2026-10-03T01:38:18	mjolnircomp02fl	840704
45828074	merge_gene_annotations	cmag_768	74e05862-a704-4e35-b0df-b1fe07bc87d6	COMPLETED	37	37	00:14.439		1	8Gn	2026-10-03T01:37:59	2026-10-03T01:38:36	mjolnircomp08fl	82089984
45828075	ncbifam	cmag_632	74e05862-a704-4e35-b0df-b1fe07bc87d6	COMPLETED	1660	1660	45:03.096		1	16448Mn	2026-10-03T01:38:29	2026-10-03T02:06:09	mjolnircomp11fl	407711744
45828076	merge_gene_annotations	cmag_027	74e05862-a704-4e35-b0df-b1fe07bc87d6	COMPLETED	29	29	00:23.491		1	8Gn	2026-10-03T01:37:59	2026-10-03T01:38:28	mjolnircomp06fl	808960
45828090	merge_gene_annotations	cmag_204	74e05862-a704-4e35-b0df-b1fe07bc87d6	COMPLETED	16	16	00:11.059		1	8Gn	2026-10-03T01:38:29	2026-10-03T01:38:45	mjolnircomp02fl	836608
45828091	pfam	cmag_273	74e05862-a704-4e35-b0df-b1fe07bc87d6	COMPLETED	896	896	23:22.557		1	8Gn	2026-10-03T01:38:29	2026-10-03T01:53:25	mjolnirgpu03fl	241819648
45828092	ncbifam	cmag_218	74e05862-a704-4e35-b0df-b1fe07bc87d6	COMPLETED	853	853	24:08.096		1	16Gn	2026-10-03T01:38:29	2026-10-03T01:52:42	mjolnircomp08fl	365409280
45828093	pfam	cmag_522	74e05862-a704-4e35-b0df-b1fe07bc87d6	COMPLETED	404	404	11:06.362		1	8Gn	2026-10-03T01:38:29	2026-10-03T01:45:13	mjolnircomp13fl	240185344
45828094	merge_gene_annotations	cmag_364	74e05862-a704-4e35-b0df-b1fe07bc87d6	COMPLETED	35	35	00:14.860		1	8Gn	2026-10-03T01:38:29	2026-10-03T01:39:04	mjolnircomp08fl	79943680
45828095	merge_gene_annotations	cmag_711	74e05862-a704-4e35-b0df-b1fe07bc87d6	COMPLETED	24	24	00:14.335		1	8Gn	2026-10-03T01:38:29	2026-10-03T01:38:53	mjolnircomp07fl	826368
45828096	merge_gene_annotations	cmag_448	74e05862-a704-4e35-b0df-b1fe07bc87d6	COMPLETED	30	30	00:25.112		1	8Gn	2026-10-03T01:38:29	2026-10-03T01:38:59	mjolnircomp06fl	74384384
45828097	prodigal	cmag_524	74e05862-a704-4e35-b0df-b1fe07bc87d6	COMPLETED	9	9	00:05.480		1	3757Mn	2026-10-03T01:38:29	2026-10-03T01:38:38	mjolnircomp13fl	806912
45828113	merge_gene_annotations	cmag_428	74e05862-a704-4e35-b0df-b1fe07bc87d6	COMPLETED	17	17	00:10.275		1	8Gn	2026-10-03T01:38:59	2026-10-03T01:39:16	mjolnircomp16fl	824320
45828114	merge_gene_annotations	cmag_383	74e05862-a704-4e35-b0df-b1fe07bc87d6	COMPLETED	17	17	00:11.662		1	8Gn	2026-10-03T01:38:59	2026-10-03T01:39:16	mjolnircomp02fl	839680
45828115	merge_gene_annotations	cmag_332	74e05862-a704-4e35-b0df-b1fe07bc87d6	COMPLETED	23	23	00:12.912		1	8Gn	2026-10-03T01:38:59	2026-10-03T01:39:22	mjolnircomp07fl	822272
45828116	cazy	cmag_370	74e05862-a704-4e35-b0df-b1fe07bc87d6	COMPLETED	20	20	00:14.310		1	8Gn	2026-10-03T01:38:59	2026-10-03T01:39:19	mjolnircomp13fl	813056
45828117	kegg	cmag_464	74e05862-a704-4e35-b0df-b1fe07bc87d6	COMPLETED	1743	1743	49:43.483		1	8Gn	2026-10-03T01:38:59	2026-10-03T02:08:02	mjolnirgpu01fl	1009513472
45828118	merge_gene_annotations	cmag_434	74e05862-a704-4e35-b0df-b1fe07bc87d6	COMPLETED	22	22	00:12.391		1	8Gn	2026-10-03T01:38:59	2026-10-03T01:39:21	mjolnircomp07fl	825344
45828119	merge_gene_annotations	cmag_309	74e05862-a704-4e35-b0df-b1fe07bc87d6	COMPLETED	38	38	00:32.426		1	8Gn	2026-10-03T01:38:59	2026-10-03T01:39:37	mjolnircomp06fl	252311552
45828120	merge_gene_annotations	cmag_120	74e05862-a704-4e35-b0df-b1fe07bc87d6	COMPLETED	46	46	00:16.529		1	8Gn	2026-10-03T01:38:59	2026-10-03T01:39:45	mjolnircomp08fl	80965632
45828121	tigrfam	cmag_015	74e05862-a704-4e35-b0df-b1fe07bc87d6	COMPLETED	131	131	03:27.080		1	16Gn	2026-10-03T01:38:59	2026-10-03T01:41:10	mjolnirgpu01fl	334311424
45828122	merge_gene_annotations	cmag_480	74e05862-a704-4e35-b0df-b1fe07bc87d6	COMPLETED	36	36	00:30.031		1	8Gn	2026-10-03T01:38:59	2026-10-03T01:39:35	mjolnircomp06fl	78047232
45828138	merge_gene_annotations	cmag_648	74e05862-a704-4e35-b0df-b1fe07bc87d6	COMPLETED	45	45	00:12.965		1	8Gn	2026-10-03T01:39:59	2026-10-03T01:40:44	mjolnircomp11fl	76956672
45828139	pfam	cmag_451	74e05862-a704-4e35-b0df-b1fe07bc87d6	COMPLETED	1771	1771	45:58.016		1	8Gn	2026-10-03T01:39:59	2026-10-03T02:09:30	mjolnircomp06fl	205521920
45828140	merge_gene_annotations	cmag_716	74e05862-a704-4e35-b0df-b1fe07bc87d6	COMPLETED	43	43	00:11.146		1	8Gn	2026-10-03T01:39:59	2026-10-03T01:40:42	mjolnircomp11fl	76948480
45828141	merge_gene_annotations	cmag_475	74e05862-a704-4e35-b0df-b1fe07bc87d6	COMPLETED	27	27	00:21.029		1	8Gn	2026-10-03T01:39:59	2026-10-03T01:40:26	mjolnircomp06fl	826368
45828142	merge_gene_annotations	cmag_388	74e05862-a704-4e35-b0df-b1fe07bc87d6	COMPLETED	29	29	00:09.386		1	8Gn	2026-10-03T01:39:59	2026-10-03T01:40:28	mjolnircomp03fl	815104
45828143	tigrfam	cmag_524	74e05862-a704-4e35-b0df-b1fe07bc87d6	COMPLETED	259	259	06:34.217		1	16Gn	2026-10-03T01:39:59	2026-10-03T01:44:18	mjolnircomp04fl	423713792
45828144	merge_gene_annotations	cmag_822	74e05862-a704-4e35-b0df-b1fe07bc87d6	COMPLETED	53	53	00:15.066		1	8Gn	2026-10-03T01:39:59	2026-10-03T01:40:52	mjolnircomp08fl	253064192
45828145	merge_gene_annotations	cmag_805	74e05862-a704-4e35-b0df-b1fe07bc87d6	COMPLETED	41	41	00:14.462		1	8Gn	2026-10-03T01:40:29	2026-10-03T01:41:10	mjolnircomp11fl	77160448
45828146	merge_gene_annotations	cmag_808	74e05862-a704-4e35-b0df-b1fe07bc87d6	COMPLETED	21	21	00:15.739		1	8Gn	2026-10-03T01:39:59	2026-10-03T01:40:20	mjolnirgpu01fl	819200
45828147	merge_gene_annotations	cmag_785	74e05862-a704-4e35-b0df-b1fe07bc87d6	COMPLETED	18	18	00:12.154		1	8Gn	2026-10-03T01:39:59	2026-10-03T01:40:17	mjolnircomp16fl	829440
45828148	merge_gene_annotations	cmag_523	74e05862-a704-4e35-b0df-b1fe07bc87d6	COMPLETED	25	25	00:19.649		1	8Gn	2026-10-03T01:40:29	2026-10-03T01:40:54	mjolnircomp06fl	829440
45828149	merge_gene_annotations	cmag_413	74e05862-a704-4e35-b0df-b1fe07bc87d6	COMPLETED	94	94	00:12.227		1	8Gn	2026-10-03T01:39:59	2026-10-03T01:41:33	mjolnircomp17fl	96521216
45828150	merge_gene_annotations	cmag_391	74e05862-a704-4e35-b0df-b1fe07bc87d6	COMPLETED	95	95	00:12.490		1	8Gn	2026-10-03T01:39:59	2026-10-03T01:41:34	mjolnircomp17fl	96032768
45828151	merge_gene_annotations	cmag_668	74e05862-a704-4e35-b0df-b1fe07bc87d6	COMPLETED	97	97	00:14.548		1	8Gn	2026-10-03T01:39:59	2026-10-03T01:41:36	mjolnircomp17fl	96032768
45828152	merge_gene_annotations	cmag_779	74e05862-a704-4e35-b0df-b1fe07bc87d6	COMPLETED	26	26	00:20.310		1	8Gn	2026-10-03T01:40:29	2026-10-03T01:40:55	mjolnircomp06fl	824320
45828153	merge_gene_annotations	cmag_195	74e05862-a704-4e35-b0df-b1fe07bc87d6	COMPLETED	22	22	00:16.673		1	8Gn	2026-10-03T01:39:59	2026-10-03T01:40:21	mjolnirgpu01fl	815104
45828167	merge_gene_annotations	cmag_642	74e05862-a704-4e35-b0df-b1fe07bc87d6	COMPLETED	22	22	00:16.872		1	8Gn	2026-10-03T01:40:29	2026-10-03T01:40:51	mjolnirgpu01fl	823296
45828168	tigrfam	cmag_395	74e05862-a704-4e35-b0df-b1fe07bc87d6	COMPLETED	132	132	03:26.655		1	16Gn	2026-10-03T01:40:59	2026-10-03T01:43:11	mjolnircomp16fl	341131264
45828169	cazy	cmag_589	74e05862-a704-4e35-b0df-b1fe07bc87d6	COMPLETED	18	18	00:12.436		1	8Gn	2026-10-03T01:40:29	2026-10-03T01:40:47	mjolnircomp13fl	812032
45828170	kegg	cmag_589	74e05862-a704-4e35-b0df-b1fe07bc87d6	COMPLETED	1960	1960	56:22.900		1	8Gn	2026-10-03T01:40:29	2026-10-03T02:13:09	mjolnirgpu01fl	1009122304
45828171	pfam	cmag_524	74e05862-a704-4e35-b0df-b1fe07bc87d6	COMPLETED	1662	1662	45:36.277		1	8Gn	2026-10-03T01:40:29	2026-10-03T02:08:11	mjolnirgpu02fl	213651456
45828172	kegg	cmag_524	74e05862-a704-4e35-b0df-b1fe07bc87d6	COMPLETED	2624	2624	01:13:44		1	8Gn	2026-10-03T01:40:59	2026-10-03T02:24:43	mjolnirgpu01fl	722613248
45828185	merge_gene_annotations	cmag_410	74e05862-a704-4e35-b0df-b1fe07bc87d6	COMPLETED	43	43	00:14.657		1	8Gn	2026-10-03T01:40:59	2026-10-03T01:41:42	mjolnircomp11fl	77018112
45828187	merge_gene_annotations	cmag_180	74e05862-a704-4e35-b0df-b1fe07bc87d6	COMPLETED	19	19	00:13.865		1	8Gn	2026-10-03T01:41:29	2026-10-03T01:41:48	mjolnircomp15fl	864256
45828188	merge_gene_annotations	cmag_376	74e05862-a704-4e35-b0df-b1fe07bc87d6	COMPLETED	32	32	00:10.705		1	8Gn	2026-10-03T01:41:30	2026-10-03T01:42:02	mjolnircomp11fl	76913664
45828189	kegg	cmag_336	74e05862-a704-4e35-b0df-b1fe07bc87d6	COMPLETED	1897	1897	53:02.648		1	8Gn	2026-10-03T01:41:30	2026-10-03T02:13:07	mjolnircomp11fl	805676032
45828190	merge_gene_annotations	cmag_311	74e05862-a704-4e35-b0df-b1fe07bc87d6	COMPLETED	32	32	00:11.336		1	8Gn	2026-10-03T01:41:30	2026-10-03T01:42:02	mjolnircomp11fl	76926976
45828191	merge_gene_annotations	cmag_249	74e05862-a704-4e35-b0df-b1fe07bc87d6	COMPLETED	32	32	00:11.107		1	8Gn	2026-10-03T01:41:30	2026-10-03T01:42:02	mjolnircomp11fl	76942336
45828192	ncbifam	cmag_589	74e05862-a704-4e35-b0df-b1fe07bc87d6	COMPLETED	964	964	25:13.045		1	16Gn	2026-10-03T01:41:30	2026-10-03T01:57:34	mjolnircomp11fl	356257792
45828193	cazy	cmag_524	74e05862-a704-4e35-b0df-b1fe07bc87d6	COMPLETED	23	23	00:16.746		1	8Gn	2026-10-03T01:41:30	2026-10-03T01:41:53	mjolnircomp10fl	795648
45828194	merge_gene_annotations	cmag_324	74e05862-a704-4e35-b0df-b1fe07bc87d6	COMPLETED	39	39	00:18.239		1	8Gn	2026-10-03T01:41:30	2026-10-03T01:42:09	mjolnircomp11fl	76879872
45828195	ncbifam	cmag_524	74e05862-a704-4e35-b0df-b1fe07bc87d6	COMPLETED	998	998	27:48.586		1	16Gn	2026-10-03T01:41:30	2026-10-03T01:58:08	mjolnircomp08fl	459016192
45828196	ncbifam	cmag_608	74e05862-a704-4e35-b0df-b1fe07bc87d6	COMPLETED	593	593	15:48.272		1	16Gn	2026-10-03T01:41:30	2026-10-03T01:51:23	mjolnircomp07fl	424358912
45828197	cazy	cmag_477	74e05862-a704-4e35-b0df-b1fe07bc87d6	COMPLETED	23	23	00:16.866		1	8Gn	2026-10-03T01:41:30	2026-10-03T01:41:53	mjolnircomp13fl	807936
45828198	pfam	cmag_589	74e05862-a704-4e35-b0df-b1fe07bc87d6	COMPLETED	1473	1473	39:15.658		1	8Gn	2026-10-03T01:41:30	2026-10-03T02:06:03	mjolnircomp06fl	225786880
45828199	merge_gene_annotations	cmag_389	74e05862-a704-4e35-b0df-b1fe07bc87d6	COMPLETED	20	20	00:15.531		1	8Gn	2026-10-03T01:41:30	2026-10-03T01:41:50	mjolnirgpu01fl	820224
45828215	cazy	cmag_147	74e05862-a704-4e35-b0df-b1fe07bc87d6	COMPLETED	23	23	00:19.030		1	8Gn	2026-10-03T01:42:00	2026-10-03T01:42:23	mjolnircomp10fl	803840
45828217	ncbifam	cmag_525	74e05862-a704-4e35-b0df-b1fe07bc87d6	COMPLETED	1071	1071	28:08.927		1	16Gn	2026-10-03T01:42:00	2026-10-03T01:59:51	mjolnircomp11fl	378970112
45828218	merge_gene_annotations	cmag_394	74e05862-a704-4e35-b0df-b1fe07bc87d6	COMPLETED	16	16	00:12.336		1	8Gn	2026-10-03T01:42:00	2026-10-03T01:42:16	mjolnircomp15fl	876544
45828219	merge_gene_annotations	cmag_520	74e05862-a704-4e35-b0df-b1fe07bc87d6	COMPLETED	25	25	00:09.083		1	8Gn	2026-10-03T01:42:00	2026-10-03T01:42:25	mjolnircomp03fl	811008
45828228	cazy	cmag_014	74e05862-a704-4e35-b0df-b1fe07bc87d6	COMPLETED	21	21	00:15.259		1	8Gn	2026-10-03T01:42:00	2026-10-03T01:42:21	mjolnircomp06fl	820224
45828229	merge_gene_annotations	cmag_625	74e05862-a704-4e35-b0df-b1fe07bc87d6	COMPLETED	50	50	00:22.576		1	8Gn	2026-10-03T01:42:00	2026-10-03T01:42:50	mjolnirgpu03fl	274912256
45828230	merge_gene_annotations	cmag_584	74e05862-a704-4e35-b0df-b1fe07bc87d6	COMPLETED	19	19	00:15.247		1	8Gn	2026-10-03T01:42:30	2026-10-03T01:42:49	mjolnircomp09fl	850944
45828231	pfam	cmag_119	74e05862-a704-4e35-b0df-b1fe07bc87d6	COMPLETED	704	704	17:32.847		1	16Gn	2026-10-03T01:42:30	2026-10-03T01:54:14	mjolnircomp11fl	220457984
45828232	merge_gene_annotations	cmag_712	74e05862-a704-4e35-b0df-b1fe07bc87d6	COMPLETED	19	19	00:14.592		1	8Gn	2026-10-03T01:42:30	2026-10-03T01:42:49	mjolnircomp15fl	848896
45828251	merge_gene_annotations	cmag_426	74e05862-a704-4e35-b0df-b1fe07bc87d6	COMPLETED	23	23	00:18.016		1	8Gn	2026-10-03T01:43:00	2026-10-03T01:43:23	mjolnircomp15fl	883712
45828253	ncbifam	cmag_538	74e05862-a704-4e35-b0df-b1fe07bc87d6	COMPLETED	808	808	23:02.264		1	16Gn	2026-10-03T01:43:00	2026-10-03T01:56:28	mjolnircomp04fl	421396480
45828254	merge_gene_annotations	cmag_621	74e05862-a704-4e35-b0df-b1fe07bc87d6	COMPLETED	36	36	00:30.590		1	8Gn	2026-10-03T01:43:00	2026-10-03T01:43:36	mjolnircomp05fl	78354432
45828255	merge_gene_annotations	cmag_526	74e05862-a704-4e35-b0df-b1fe07bc87d6	COMPLETED	29	29	00:23.093		1	8Gn	2026-10-03T01:43:00	2026-10-03T01:43:29	mjolnircomp05fl	829440
45828256	merge_gene_annotations	cmag_217	74e05862-a704-4e35-b0df-b1fe07bc87d6	COMPLETED	21	21	00:15.313		1	8Gn	2026-10-03T01:43:00	2026-10-03T01:43:21	mjolnirgpu01fl	818176
45828257	merge_gene_annotations	cmag_761	74e05862-a704-4e35-b0df-b1fe07bc87d6	COMPLETED	29	29	00:23.534		1	8Gn	2026-10-03T01:43:00	2026-10-03T01:43:29	mjolnircomp06fl	822272
45828258	merge_gene_annotations	cmag_453	74e05862-a704-4e35-b0df-b1fe07bc87d6	COMPLETED	50	50	00:18.957		1	8Gn	2026-10-03T01:43:00	2026-10-03T01:43:50	mjolnirgpu03fl	267113472
45828259	merge_gene_annotations	cmag_147	74e05862-a704-4e35-b0df-b1fe07bc87d6	COMPLETED	45	45	00:16.955		1	8Gn	2026-10-03T01:43:30	2026-10-03T01:44:15	mjolnircomp11fl	76936192
45828260	merge_gene_annotations	cmag_505	74e05862-a704-4e35-b0df-b1fe07bc87d6	COMPLETED	31	31	00:24.867		1	8Gn	2026-10-03T01:43:00	2026-10-03T01:43:31	mjolnircomp06fl	77853696
45828261	merge_gene_annotations	cmag_015	74e05862-a704-4e35-b0df-b1fe07bc87d6	COMPLETED	28	28	00:20.957		1	8Gn	2026-10-03T01:43:00	2026-10-03T01:43:28	mjolnircomp06fl	826368
45828262	kegg	cmag_058	74e05862-a704-4e35-b0df-b1fe07bc87d6	COMPLETED	1283	1283	37:34.673		1	8Gn	2026-10-03T01:43:00	2026-10-03T02:04:23	mjolnirgpu02fl	1017880576
45828263	merge_gene_annotations	cmag_300	74e05862-a704-4e35-b0df-b1fe07bc87d6	COMPLETED	19	19	00:14.309		1	8Gn	2026-10-03T01:43:30	2026-10-03T01:43:49	mjolnircomp15fl	878592
45828264	merge_gene_annotations	cmag_033	74e05862-a704-4e35-b0df-b1fe07bc87d6	COMPLETED	81	81	00:12.090		1	8Gn	2026-10-03T01:43:00	2026-10-03T01:44:21	mjolnircomp17fl	93205504
45828265	merge_gene_annotations	cmag_385	74e05862-a704-4e35-b0df-b1fe07bc87d6	COMPLETED	79	79	00:09.862		1	8Gn	2026-10-03T01:43:00	2026-10-03T01:44:19	mjolnircomp17fl	96459776
45828266	merge_gene_annotations	cmag_640	74e05862-a704-4e35-b0df-b1fe07bc87d6	COMPLETED	57	57	00:19.308		1	8Gn	2026-10-03T01:44:00	2026-10-03T01:44:57	mjolnircomp11fl	270983168
45828267	merge_gene_annotations	cmag_111	74e05862-a704-4e35-b0df-b1fe07bc87d6	COMPLETED	82	82	00:13.391		1	8Gn	2026-10-03T01:43:00	2026-10-03T01:44:22	mjolnircomp17fl	93961216
45828268	merge_gene_annotations	cmag_695	74e05862-a704-4e35-b0df-b1fe07bc87d6	COMPLETED	82	82	00:13.709		1	8Gn	2026-10-03T01:43:00	2026-10-03T01:44:22	mjolnircomp17fl	93532160
45828269	merge_gene_annotations	cmag_387	74e05862-a704-4e35-b0df-b1fe07bc87d6	COMPLETED	30	30	00:23.393		1	8Gn	2026-10-03T01:43:00	2026-10-03T01:43:30	mjolnircomp06fl	73850880
45828270	merge_gene_annotations	cmag_373	74e05862-a704-4e35-b0df-b1fe07bc87d6	COMPLETED	83	83	00:14.032		1	8Gn	2026-10-03T01:43:00	2026-10-03T01:44:23	mjolnircomp17fl	95421440
45828271	merge_gene_annotations	cmag_614	74e05862-a704-4e35-b0df-b1fe07bc87d6	COMPLETED	29	29	00:22.669		1	8Gn	2026-10-03T01:43:00	2026-10-03T01:43:29	mjolnircomp06fl	808960
45828272	merge_gene_annotations	cmag_753	74e05862-a704-4e35-b0df-b1fe07bc87d6	COMPLETED	23	23	00:16.735		1	8Gn	2026-10-03T01:43:00	2026-10-03T01:43:23	mjolnirgpu01fl	821248
45828283	merge_gene_annotations	cmag_665	74e05862-a704-4e35-b0df-b1fe07bc87d6	COMPLETED	19	19	00:14.429		1	8Gn	2026-10-03T01:44:00	2026-10-03T01:44:19	mjolnircomp15fl	867328
45828284	merge_gene_annotations	cmag_118	74e05862-a704-4e35-b0df-b1fe07bc87d6	COMPLETED	22	22	00:17.113		1	8Gn	2026-10-03T01:43:30	2026-10-03T01:43:52	mjolnirgpu01fl	819200
45828285	pfam	cmag_045	74e05862-a704-4e35-b0df-b1fe07bc87d6	COMPLETED	1205	1205	34:02.497		1	8Gn	2026-10-03T01:43:30	2026-10-03T02:03:35	mjolnirgpu01fl	205846528
45828286	merge_gene_annotations	cmag_652	74e05862-a704-4e35-b0df-b1fe07bc87d6	COMPLETED	20	20	00:15.897		1	8Gn	2026-10-03T01:43:30	2026-10-03T01:43:50	mjolnirgpu01fl	829440
45828287	merge_gene_annotations	cmag_014	74e05862-a704-4e35-b0df-b1fe07bc87d6	COMPLETED	24	24	00:19.148		1	8Gn	2026-10-03T01:43:30	2026-10-03T01:43:54	mjolnirgpu02fl	823296
45828300	merge_gene_annotations	cmag_490	74e05862-a704-4e35-b0df-b1fe07bc87d6	COMPLETED	43	43	00:16.194		1	8Gn	2026-10-03T01:44:30	2026-10-03T01:45:13	mjolnircomp11fl	248186880
45828301	merge_gene_annotations	cmag_691	74e05862-a704-4e35-b0df-b1fe07bc87d6	COMPLETED	18	18	00:13.888		1	8Gn	2026-10-03T01:44:30	2026-10-03T01:44:48	mjolnircomp15fl	876544
45828317	merge_gene_annotations	cmag_285	74e05862-a704-4e35-b0df-b1fe07bc87d6	COMPLETED	45	45	00:15.219		1	8Gn	2026-10-03T01:45:00	2026-10-03T01:45:45	mjolnircomp11fl	76942336
45828319	merge_gene_annotations	cmag_395	74e05862-a704-4e35-b0df-b1fe07bc87d6	COMPLETED	46	46	00:17.059		1	8Gn	2026-10-03T01:45:00	2026-10-03T01:45:46	mjolnirgpu03fl	79087616
45828320	merge_gene_annotations	cmag_756	74e05862-a704-4e35-b0df-b1fe07bc87d6	COMPLETED	20	20	00:10.557		1	8Gn	2026-10-03T01:45:00	2026-10-03T01:45:20	mjolnircomp07fl	828416
45828333	merge_gene_annotations	cmag_463	74e05862-a704-4e35-b0df-b1fe07bc87d6	COMPLETED	19	19	00:14.672		1	8Gn	2026-10-03T01:45:30	2026-10-03T01:45:49	mjolnircomp15fl	876544
45828334	merge_gene_annotations	cmag_707	74e05862-a704-4e35-b0df-b1fe07bc87d6	COMPLETED	44	44	00:16.632		1	8Gn	2026-10-03T01:45:30	2026-10-03T01:46:14	mjolnircomp11fl	76920832
45828335	merge_gene_annotations	cmag_261	74e05862-a704-4e35-b0df-b1fe07bc87d6	COMPLETED	39	39	00:11.672		1	8Gn	2026-10-03T01:45:30	2026-10-03T01:46:09	mjolnircomp11fl	76890112
45828336	merge_gene_annotations	cmag_522	74e05862-a704-4e35-b0df-b1fe07bc87d6	COMPLETED	14	14	00:09.980		1	8Gn	2026-10-03T01:45:30	2026-10-03T01:45:44	mjolnircomp13fl	856064
45828337	merge_gene_annotations	cmag_313	74e05862-a704-4e35-b0df-b1fe07bc87d6	COMPLETED	16	16	00:11.167		1	8Gn	2026-10-03T01:45:30	2026-10-03T01:45:46	mjolnircomp13fl	855040
45828355	merge_gene_annotations	cmag_472	74e05862-a704-4e35-b0df-b1fe07bc87d6	COMPLETED	21	21	00:15.878		1	8Gn	2026-10-03T01:46:30	2026-10-03T01:46:51	mjolnircomp15fl	881664
45828368	merge_gene_annotations	cmag_207	74e05862-a704-4e35-b0df-b1fe07bc87d6	COMPLETED	35	35	00:18.419		1	8Gn	2026-10-03T01:47:00	2026-10-03T01:47:35	mjolnircomp04fl	78479360
45828369	merge_gene_annotations	cmag_644	74e05862-a704-4e35-b0df-b1fe07bc87d6	COMPLETED	32	32	00:14.851		1	8Gn	2026-10-03T01:47:00	2026-10-03T01:47:32	mjolnircomp04fl	78401536
45828383	merge_gene_annotations	cmag_699	74e05862-a704-4e35-b0df-b1fe07bc87d6	COMPLETED	42	42	00:15.913		1	8Gn	2026-10-03T01:47:30	2026-10-03T01:48:12	mjolnircomp11fl	76968960
45828398	merge_gene_annotations	cmag_421	74e05862-a704-4e35-b0df-b1fe07bc87d6	COMPLETED	44	44	00:19.257		1	8Gn	2026-10-03T01:48:30	2026-10-03T01:49:14	mjolnircomp11fl	76997632
45828410	merge_gene_annotations	cmag_477	74e05862-a704-4e35-b0df-b1fe07bc87d6	COMPLETED	23	23	00:17.208		1	8Gn	2026-10-03T01:49:00	2026-10-03T01:49:23	mjolnircomp12fl	831488
45828411	merge_gene_annotations	cmag_714	74e05862-a704-4e35-b0df-b1fe07bc87d6	COMPLETED	23	23	00:13.380		1	8Gn	2026-10-03T01:49:00	2026-10-03T01:49:23	mjolnircomp07fl	824320
45828425	merge_gene_annotations	cmag_292	74e05862-a704-4e35-b0df-b1fe07bc87d6	COMPLETED	22	22	00:12.234		1	8Gn	2026-10-03T01:49:30	2026-10-03T01:49:52	mjolnircomp07fl	827392
45828440	merge_gene_annotations	cmag_594	74e05862-a704-4e35-b0df-b1fe07bc87d6	COMPLETED	22	22	00:17.247		1	8Gn	2026-10-03T01:50:30	2026-10-03T01:50:52	mjolnircomp01fl	844800
45828441	merge_gene_annotations	cmag_012	74e05862-a704-4e35-b0df-b1fe07bc87d6	COMPLETED	18	18	00:12.857		1	8Gn	2026-10-03T01:50:30	2026-10-03T01:50:48	mjolnircomp01fl	815104
45828442	merge_gene_annotations	cmag_224	74e05862-a704-4e35-b0df-b1fe07bc87d6	COMPLETED	20	20	00:15.186		1	8Gn	2026-10-03T01:50:30	2026-10-03T01:50:50	mjolnircomp12fl	836608
45828454	merge_gene_annotations	cmag_333	74e05862-a704-4e35-b0df-b1fe07bc87d6	COMPLETED	22	22	00:12.022		1	8Gn	2026-10-03T01:51:00	2026-10-03T01:51:22	mjolnircomp07fl	827392
45828470	merge_gene_annotations	cmag_798	74e05862-a704-4e35-b0df-b1fe07bc87d6	COMPLETED	41	41	00:16.112		1	8Gn	2026-10-03T01:51:30	2026-10-03T01:52:11	mjolnircomp11fl	77033472
45828471	merge_gene_annotations	cmag_608	74e05862-a704-4e35-b0df-b1fe07bc87d6	COMPLETED	21	21	00:11.596		1	8Gn	2026-10-03T01:51:30	2026-10-03T01:51:51	mjolnircomp07fl	825344
45828484	merge_gene_annotations	cmag_066	74e05862-a704-4e35-b0df-b1fe07bc87d6	COMPLETED	20	20	00:14.823		1	8Gn	2026-10-03T01:52:30	2026-10-03T01:52:50	mjolnircomp01fl	840704
45828485	merge_gene_annotations	cmag_683	74e05862-a704-4e35-b0df-b1fe07bc87d6	COMPLETED	47	47	00:12.574		1	8Gn	2026-10-03T01:52:30	2026-10-03T01:53:17	mjolnircomp11fl	76990464
45828486	merge_gene_annotations	cmag_308	74e05862-a704-4e35-b0df-b1fe07bc87d6	COMPLETED	49	49	00:14.458		1	8Gn	2026-10-03T01:52:30	2026-10-03T01:53:19	mjolnircomp11fl	76992512
45828490	merge_gene_annotations	cmag_218	74e05862-a704-4e35-b0df-b1fe07bc87d6	COMPLETED	21	21	00:15.482		1	8Gn	2026-10-03T01:53:00	2026-10-03T01:53:21	mjolnircomp01fl	839680
45828505	merge_gene_annotations	cmag_273	74e05862-a704-4e35-b0df-b1fe07bc87d6	COMPLETED	18	18	00:12.544		1	8Gn	2026-10-03T01:53:30	2026-10-03T01:53:48	mjolnircomp01fl	834560
45828528	merge_gene_annotations	cmag_638	74e05862-a704-4e35-b0df-b1fe07bc87d6	COMPLETED	41	41	00:13.234		1	8Gn	2026-10-03T01:55:01	2026-10-03T01:55:42	mjolnircomp11fl	77062144
45828529	merge_gene_annotations	cmag_119	74e05862-a704-4e35-b0df-b1fe07bc87d6	COMPLETED	39	39	00:11.104		1	8Gn	2026-10-03T01:55:01	2026-10-03T01:55:40	mjolnircomp11fl	77124608
45828538	merge_gene_annotations	cmag_415	74e05862-a704-4e35-b0df-b1fe07bc87d6	COMPLETED	20	20	00:14.587		1	8Gn	2026-10-03T01:55:31	2026-10-03T01:55:51	mjolnircomp01fl	833536
45828539	merge_gene_annotations	cmag_209	74e05862-a704-4e35-b0df-b1fe07bc87d6	COMPLETED	35	35	00:14.167		1	8Gn	2026-10-03T01:55:31	2026-10-03T01:56:06	mjolnircomp11fl	77143040
45828560	merge_gene_annotations	cmag_130	74e05862-a704-4e35-b0df-b1fe07bc87d6	COMPLETED	38	38	00:15.267		1	8Gn	2026-10-03T01:56:31	2026-10-03T01:57:09	mjolnircomp01fl	254652416
45828592	merge_gene_annotations	cmag_782	74e05862-a704-4e35-b0df-b1fe07bc87d6	COMPLETED	18	18	00:12.853		1	8Gn	2026-10-03T01:57:31	2026-10-03T01:57:49	mjolnircomp01fl	845824
45828609	merge_gene_annotations	cmag_030	74e05862-a704-4e35-b0df-b1fe07bc87d6	COMPLETED	18	18	00:13.272		1	8Gn	2026-10-03T01:58:31	2026-10-03T01:58:49	mjolnircomp01fl	834560
45828610	merge_gene_annotations	cmag_035	74e05862-a704-4e35-b0df-b1fe07bc87d6	COMPLETED	39	39	00:17.882		1	8Gn	2026-10-03T01:58:31	2026-10-03T01:59:10	mjolnircomp11fl	77076480
45828669	merge_gene_annotations	cmag_525	74e05862-a704-4e35-b0df-b1fe07bc87d6	COMPLETED	21	21	00:14.290		1	8Gn	2026-10-03T02:00:31	2026-10-03T02:00:52	mjolnircomp02fl	818176
45828704	merge_gene_annotations	cmag_168	74e05862-a704-4e35-b0df-b1fe07bc87d6	COMPLETED	19	19	00:14.550		1	8Gn	2026-10-03T02:02:31	2026-10-03T02:02:50	mjolnircomp12fl	826368
45828741	merge_gene_annotations	cmag_248	74e05862-a704-4e35-b0df-b1fe07bc87d6	COMPLETED	24	24	00:15.176		1	8Gn	2026-10-03T02:04:01	2026-10-03T02:04:25	mjolnircomp10fl	860160
45828742	merge_gene_annotations	cmag_045	74e05862-a704-4e35-b0df-b1fe07bc87d6	COMPLETED	28	28	00:15.541		1	8Gn	2026-10-03T02:04:01	2026-10-03T02:04:29	mjolnircomp12fl	817152
45828758	merge_gene_annotations	cmag_058	74e05862-a704-4e35-b0df-b1fe07bc87d6	COMPLETED	28	28	00:12.456		1	8Gn	2026-10-03T02:04:31	2026-10-03T02:04:59	mjolnircomp04fl	833536
45828776	merge_gene_annotations	cmag_175	74e05862-a704-4e35-b0df-b1fe07bc87d6	COMPLETED	51	51	00:16.690		1	8Gn	2026-10-03T02:05:31	2026-10-03T02:06:22	mjolnircomp11fl	274076672
45828826	merge_gene_annotations	cmag_464	74e05862-a704-4e35-b0df-b1fe07bc87d6	COMPLETED	22	22	00:13.012		1	8Gn	2026-10-03T02:08:32	2026-10-03T02:08:54	mjolnircomp10fl	859136
45828854	merge_gene_annotations	cmag_451	74e05862-a704-4e35-b0df-b1fe07bc87d6	COMPLETED	19	19	00:13.031		1	8Gn	2026-10-03T02:10:02	2026-10-03T02:10:21	mjolnircomp01fl	829440
45828882	merge_gene_annotations	cmag_698	74e05862-a704-4e35-b0df-b1fe07bc87d6	COMPLETED	19	19	00:14.398		1	8Gn	2026-10-03T02:11:32	2026-10-03T02:11:51	mjolnircomp12fl	825344
45828911	merge_gene_annotations	cmag_370	74e05862-a704-4e35-b0df-b1fe07bc87d6	COMPLETED	79	79	00:13.819		1	8Gn	2026-10-03T02:13:02	2026-10-03T02:14:21	mjolnircomp08fl	78858240
45828924	merge_gene_annotations	cmag_589	74e05862-a704-4e35-b0df-b1fe07bc87d6	COMPLETED	29	29	00:22.560		1	8Gn	2026-10-03T02:13:32	2026-10-03T02:14:01	mjolnirgpu01fl	850944
45828925	merge_gene_annotations	cmag_336	74e05862-a704-4e35-b0df-b1fe07bc87d6	COMPLETED	24	24	00:16.535		1	8Gn	2026-10-03T02:13:32	2026-10-03T02:13:56	mjolnirgpu02fl	847872
45828958	merge_gene_annotations	cmag_538	74e05862-a704-4e35-b0df-b1fe07bc87d6	COMPLETED	38	38	00:14.263		1	8Gn	2026-10-03T02:15:32	2026-10-03T02:16:10	mjolnircomp13fl	84913152
45828959	merge_gene_annotations	cmag_632	74e05862-a704-4e35-b0df-b1fe07bc87d6	COMPLETED	22	22	00:16.533		1	8Gn	2026-10-03T02:15:32	2026-10-03T02:15:54	mjolnircomp09fl	852992
45829071	merge_gene_annotations	cmag_219	74e05862-a704-4e35-b0df-b1fe07bc87d6	COMPLETED	24	24	00:17.252		1	8Gn	2026-10-03T02:22:03	2026-10-03T02:22:27	mjolnircomp02fl	832512
45829098	merge_gene_annotations	cmag_167	74e05862-a704-4e35-b0df-b1fe07bc87d6	COMPLETED	59	59	00:26.154		1	8Gn	2026-10-03T02:23:34	2026-10-03T02:24:33	mjolnircomp11fl	217890816
45829128	merge_gene_annotations	cmag_524	74e05862-a704-4e35-b0df-b1fe07bc87d6	COMPLETED	42	42	00:14.077		1	8Gn	2026-10-03T02:25:04	2026-10-03T02:25:46	mjolnircomp11fl	78433280
45829164	final_gene_annotation_table		74e05862-a704-4e35-b0df-b1fe07bc87d6	COMPLETED	398	1592	24:50.040		4	4Gn	2026-10-03T02:26:34	2026-10-03T02:33:12	mjolnircomp04fl	602124288
45829336	gifter_input		74e05862-a704-4e35-b0df-b1fe07bc87d6	COMPLETED	447	447	07:20.082		1	1Gn	2026-10-03T02:34:35	2026-10-03T02:42:02	mjolnircomp09fl	195859456
45829547	annotation_report		74e05862-a704-4e35-b0df-b1fe07bc87d6	COMPLETED	15	15	00:06.455		1	1Gn	2026-10-03T02:43:07	2026-10-03T02:43:22	mjolnirgpu02fl	838656
