accession	family_type	gene_symbol	product_name	ec_numbers	screen_class	refseq_hits	anchor_id	matched_term	anchor_rhea_degree	anchor_gifts	already_curated	excluded_because	comment
TIGR02995.1	equivalog	ehuB	ectoine/hydroxyectoine ABC transporter substrate-binding protein EhuB		no_ec	12313	HYDROXYECTOINE	hydroxyectoine	1	hydroxyectoine_biosynthesis	0		Members of this family are the extracellular solute-binding proteins of ABC transporters that closely resemble amino acid transporters. The member from Sinorhizobium meliloti is involved in ectoine uptake, both for osmoprotection and for catabolism. All other members of the seed alignment are found associated with ectoine catabolic genes.
TIGR03004.1	equivalog	ehuC	ectoine/hydroxyectoine ABC transporter permease subunit EhuC		no_ec	10785	HYDROXYECTOINE	hydroxyectoine	1	hydroxyectoine_biosynthesis	0		Members of this family are presumed to act as permease subunits of ectoine ABC transporters. Operons containing this gene also contain the other genes of the ABC transporter and typically are found next to either ectoine utilization or ectoine biosynthesis operons. Permease subunits EhuC and EhuD are homologous.
TIGR03005.1	equivalog	ehuA	ectoine/hydroxyectoine ABC transporter ATP-binding protein EhuA		no_ec	10663	HYDROXYECTOINE	hydroxyectoine	1	hydroxyectoine_biosynthesis	0		Members of this family are the ATP-binding protein of a conserved four gene ABC transporter operon found next to ectoine unilization operons and ectoine biosynthesis operons. Ectoine is a compatible solute that protects enzymes from high osmolarity. It is released by some species in response to hypoosmotic shock, and it is taken up by a number of bacteria as a compatible solute or for consumption. This family shows strong sequence similiarity to a number of amino acid ABC transporter ATP-binding proteins.
TIGR03003.1	equivalog	ehuD	ectoine/hydroxyectoine ABC transporter permease subunit EhuD		no_ec	10403	HYDROXYECTOINE	hydroxyectoine	1	hydroxyectoine_biosynthesis	0		Members of this family are presumed to act as permease subunits of ectoine ABC transporters. Operons containing this gene also contain the other genes of the ABC transporter and typically are found next to either ectoine utilization or ectoine biosynthesis operons.
NF005680.0	equivalog	eutB	hydroxyectoine utilization dehydratase EutB		no_ec	5040	HYDROXYECTOINE	hydroxyectoine	1	hydroxyectoine_biosynthesis	0		
NF011944.0	equivalog	pduB	propanediol utilization microcompartment protein PduB		no_ec	2573	PROPANEDIOL	propanediol	2	propanediol_formation;propionate_formation_propanediol	0		Carboxysome shell protein; may be involved in the formation of the polyhedral organelles involved in propanediol degradation
NF011971.0	equivalog	pduE	propanediol dehydratase small subunit PduE		no_ec	912	PROPANEDIOL	propanediol	2	propanediol_formation;propionate_formation_propanediol	0		
NF048010.1	equivalog	hpsH	(2S)-3-sulfopropanediol dehydratase activating enzyme	1.97.1.-	partial_ec_only	362	PROPANEDIOL	propanediol	2	propanediol_formation;propionate_formation_propanediol	0		
NF048008.1	equivalog	hpfH	(2S)-3-sulfopropanediol dehydratase activating enzyme	1.97.1.-	partial_ec_only	213	PROPANEDIOL	propanediol	2	propanediol_formation;propionate_formation_propanediol	0		
NF008476.1	equivalog	allW	allantoin permease		no_ec	3254	ALLANTOIN	allantoin	4	allantoin_degradation;urate_degradation	0		
NF047713.1	equivalog		allantoin transporter		no_ec	2347	ALLANTOIN	allantoin	4	allantoin_degradation;urate_degradation	0		
NF006731.0	equivalog		4-carboxy-4-hydroxy-2-oxoadipate aldolase/oxaloacetate decarboxylase		no_ec	15029	OXOADIPATE	oxoadipate	5	catechol_ortho_cleavage;oxoadipate_activation	0		
NF011705.0	equivalog	cof	HMP-PP phosphatase	3.6.1.-	partial_ec_only	3831	HMP_PP	hmp-pp	5	hmp_phosphate_biosynthesis;thiamine_phosphate_biosynthesis;thiamine_precursor_salvage	0		Catalyzes the hydrolysis of 4-amino-2-methyl-5-hydroxymethylpyrimidine pyrophosphate (HMP-PP) to 4-amino-2-methyl-5-hydroxymethylpyrimidine phosphate (HMP-P)
TIGR02992.1	equivalog	eutC	ectoine utilization protein EutC		no_ec	3725	ECTOINE	ectoine	5	ectoine_biosynthesis;ectoine_degradation;hydroxyectoine_biosynthesis	0		Members of this protein family are EutA, a predicted arylmalonate decarboxylase found in a conserved ectoine utilization operon of species that include Sinorhizobium meliloti 1021 (where it is known to be induced by ectoine), Mesorhizobium loti, Silicibacter pomeroyi, Agrobacterium tumefaciens, and Pseudomonas putida. This family belongs to the ornithine cyclodeaminase/mu-crystallin family (PF02423).
TIGR02990.1	equivalog	eutA	ectoine utilization protein EutA		no_ec	1521	ECTOINE	ectoine	5	ectoine_biosynthesis;ectoine_degradation;hydroxyectoine_biosynthesis	0		Members of this protein family are EutA, a predicted arylmalonate decarboxylase found in a conserved ectoine utilization operon of species that include Sinorhizobium meliloti 1021 (where it is known to be induced by ectoine), Mesorhizobium loti and Silicibacter pomeroyi. It is missing from two other species with the other ectoine transport and utilization genes: Pseudomonas putida and Agrobacterium tumefaciens.
NF008200.0	equivalog	fepB	Fe2+-enterobactin ABC transporter substrate-binding protein	7.2.2.-	partial_ec_only	8480	ENTEROBACTIN	enterobactin	6	enterobactin_biosynthesis	0		With FepCDG is involved in the transport of ferric enterobactin
NF007792.0	equivalog	entS	enterobactin transporter EntS		no_ec	8060	ENTEROBACTIN	enterobactin	6	enterobactin_biosynthesis	0		Inner membrane protein that exports enterobactin to the periplasmic space; member of the major facilitator superfamily (MFS) of transporters
NF011923.2	equivalog	arnD	4-deoxy-4-formamido-L-arabinose-phosphoundecaprenol deformylase	3.5.1.n3	partial_ec_only	6766	ARABINOSE_EX	l-arabinose	6	arabinose_uptake_abc;arabinoxylan_debranching	0		Catalyzes the formation of 4-amino-4-deoxy-L-arabinose-phosphoundecaprenol from 4-deoxy-4-formamido-L-arabinose-phosphoundecaprenol
NF011923.2	equivalog	arnD	4-deoxy-4-formamido-L-arabinose-phosphoundecaprenol deformylase	3.5.1.n3	partial_ec_only	6766	ARABINOSE_IN	l-arabinose	6	arabinose_degradation;arabinose_uptake_abc	0		Catalyzes the formation of 4-amino-4-deoxy-L-arabinose-phosphoundecaprenol from 4-deoxy-4-formamido-L-arabinose-phosphoundecaprenol
NF002816.2	equivalog	arnF	4-amino-4-deoxy-L-arabinose-phosphoundecaprenol flippase subunit ArnF		no_ec	5125	ARABINOSE_EX	l-arabinose	6	arabinose_uptake_abc;arabinoxylan_debranching	0		
NF002816.2	equivalog	arnF	4-amino-4-deoxy-L-arabinose-phosphoundecaprenol flippase subunit ArnF		no_ec	5125	ARABINOSE_IN	l-arabinose	6	arabinose_degradation;arabinose_uptake_abc	0		
NF007759.0	equivalog	fepG	iron-enterobactin ABC transporter permease	7.2.2.-	partial_ec_only	5062	ENTEROBACTIN	enterobactin	6	enterobactin_biosynthesis	0		With FepBCD is involved in the transport of ferric enterobactin
NF008215.0	equivalog	mglA	galactose/methyl galactoside ABC transporter ATP-binding protein MglA		no_ec	4651	GALACTOSE	galactose	6	galactose_degradation_leloir	0		With MglBC transports galactose or methyl galactoside into the cell; contains 2 ATP binding domains
NF007014.0	equivalog	mglC	galactose/methyl galactoside ABC transporter permease MglC		no_ec	3800	GALACTOSE	galactose	6	galactose_degradation_leloir	0		With MglAB transports galactose or methyl galactoside into the cell; contains 2 ATP binding domains
NF011625.2	equivalog	arnE	4-amino-4-deoxy-L-arabinose-phosphoundecaprenol flippase subunit ArnE		no_ec	3570	ARABINOSE_EX	l-arabinose	6	arabinose_uptake_abc;arabinoxylan_debranching	0		
NF011625.2	equivalog	arnE	4-amino-4-deoxy-L-arabinose-phosphoundecaprenol flippase subunit ArnE		no_ec	3570	ARABINOSE_IN	l-arabinose	6	arabinose_degradation;arabinose_uptake_abc	0		
NF011924.1	equivalog	mglB	galactose/glucose ABC transporter substrate-binding protein MglB		no_ec	3489	GALACTOSE	galactose	6	galactose_degradation_leloir	0		With MglAC is involved in the transport of beta-methylgalactoside
NF007860.0	equivalog	araC	arabinose operon transcriptional regulator AraC		no_ec	3486	ARABINOSE_EX	arabinose	6	arabinose_uptake_abc;arabinoxylan_debranching	0		Positive and negative regulator; regulates the araBAD and araFGH operons and other genes involved in the transport and catabolism of L-arabinose
NF007860.0	equivalog	araC	arabinose operon transcriptional regulator AraC		no_ec	3486	ARABINOSE_IN	arabinose	6	arabinose_degradation;arabinose_uptake_abc	0		Positive and negative regulator; regulates the araBAD and araFGH operons and other genes involved in the transport and catabolism of L-arabinose
NF007606.0	equivalog	fepC	iron-enterobactin ABC transporter ATP-binding protein	7.2.2.-	partial_ec_only	2525	ENTEROBACTIN	enterobactin	6	enterobactin_biosynthesis	0		With FepBDE is involved in the transport of ferric enterobactin
NF009258.0	equivalog	lacB	galactose-6-phosphate isomerase subunit LacB		no_ec	1061	GALACTOSE	galactose	6	galactose_degradation_leloir	0		Catalyzes the interconversion of galactose 6-phosphate to tagatose 6-phosphate
NF050067.1	equivalog	cfrA	TonB-dependent ferric enterobactin receptor CfrA		no_ec	902	ENTEROBACTIN	enterobactin	6	enterobactin_biosynthesis	0		
NF052601.1	equivalog		undecaprenyl-phosphate galactose phosphotransferase family protein	2.7.8.-	partial_ec_only	828	GALACTOSE	galactose	6	galactose_degradation_leloir	0		This HMM describes a cyanobacterial protein family homologous to the C-terminal galactosyl-1-phosphate transferase domain of the Salmonella bifunctional RfbP, which is involved in O-antigen biosynthesis rather than LPS core biosynthesis. While the homology of this family to undecaprenyl-phosphate galactose phosphotransferases is reflected in the protein name provided here, mirroring current usage in publications about cyanobacteria, that actual sugar transferred is unknown.
NF009257.0	equivalog	lacA	galactose-6-phosphate isomerase subunit LacA		no_ec	477	GALACTOSE	galactose	6	galactose_degradation_leloir	0		Catalyzes the interconversion of galactose 6-phosphate to tagatose 6-phosphate; tagatose pathway for galactose utilization
NF002276.0	equivalog		cobalamin biosynthesis protein		no_ec	14483	COBALAMIN	cobalamin	7	cobamide_nucleotide_loop_assembly	0		
TIGR02475.1	equivalog	cobW	cobalamin biosynthesis protein CobW		no_ec	14343	COBALAMIN	cobalamin	7	cobamide_nucleotide_loop_assembly	0		The family of proteins identified by this model is generally found proximal to the trimeric cobaltochelatase subunit CobN which is essential for vitamin B12 (cobalamin) biosynthesis [1]. The protein contains an P-loop nucleotide-binding loop in the N-terminal domain and a histidine-rich region in the C-terminal portion suggesting a role in metal binding, possibly as an intermediary between the cobalt transport and chelation systems. A broader CobW family is delineated by two PFAM models which identify the N- and C-terminal domains (PF02492 and PF07683).
TIGR02303.1	equivalog_domain	hpaG	4-hydroxyphenylacetate degradation bifunctional isomerase/decarboxylase, C-terminal subunit		no_ec	8393	PHENYLACETATE	phenylacetate	7	phenylacetate_degradation	0		This model represents one of two subunits/domains of the bifunctional isomerase/decarboxylase involved in 4-hydroxyphenylacetate degradation [1]. In E. coli and some other species this enzyme is encoded by a single polypeptide containing both this domain and the closely related N-terminal domain (TIGR02305). In other species such as Pasteurella multocida these domains are found as two separate proteins (usually as tandem genes). Together, these domains carry out the decarboxylation of 5-oxopent-3-ene-1,2,5-tricarboxylic acid (OPET) to 2-hydroxy-2,4-diene-1,7-dioate (HHDD) and the subsequent isomerization to 2-oxohept-3-ene-1,7-dioate (OHED).
TIGR02305.1	equivalog_domain	hpaG	4-hydroxyphenylacetate degradation bifunctional isomerase/decarboxylase, N-terminal subunit		no_ec	7399	PHENYLACETATE	phenylacetate	7	phenylacetate_degradation	0		This model represents one of two subunits/domains of the bifunctional isomerase/decarboxylase involved in 4-hydroxyphenylacetate degradation [1]. In E. coli and some other species this enzyme is encoded by a single polypeptide containing both this domain and the closely related C-terminal domain (TIGR02303). In other species such as Pasteurella multocida these domains are found as two separate proteins (usually as tandem genes). Together, these domains carry out the decarboxylation of 5-oxopent-3-ene-1,2,5-tricarboxylic acid (OPET) to 2-hydroxy-2,4-diene-1,7-dioate (HHDD) and the subsequent isomerization to 2-oxohept-3-ene-1,7-dioate (OHED).
TIGR02297.1	equivalog	hpaA	4-hydroxyphenylacetate catabolism regulatory protein HpaA		no_ec	3620	PHENYLACETATE	phenylacetate	7	phenylacetate_degradation	0		This putative transcriptional regulator, which contains both the substrate-binding, dimerization domain (PF02311) and the helix-turn-helix DNA-binding domain (PF00165) of the AraC famil, is located proximal to genes of the 4-hydroxyphenylacetate catabolism pathway [1].
TIGR02332.1	equivalog	hpaX	4-hydroxyphenylacetate permease		no_ec	3559	PHENYLACETATE	phenylacetate	7	phenylacetate_degradation	0		This protein is a part of the Major Facilitator Superfamily (Pfam family PF07690). Member of this family are found in a number of proteobacterial genomes, but only in the context of having genes for 4-hydroxyphenylacetate (4-HPA) degradation. The protein is characterized by Prieto, et al. (PMID:9315705) as 4-hydroxyphenylacetate permease in E. coli, where 3-HPA and 3,4-dihydroxyphenylacetate are shown to competitively inhibit 4-HPA transport and therefore also interact specificially.
NF011750.0	equivalog	hpaG	4-hydroxyphenylacetate degradation bifunctional isomerase/decarboxylase		no_ec	2393	PHENYLACETATE	phenylacetate	7	phenylacetate_degradation	0		
NF006476.0	equivalog		cobalamin biosynthesis family protein		no_ec	2121	COBALAMIN	cobalamin	7	cobamide_nucleotide_loop_assembly	0		
NF002281.0	equivalog		cobalamin biosynthesis protein		no_ec	943	COBALAMIN	cobalamin	7	cobamide_nucleotide_loop_assembly	0		
NF005438.0	equivalog		cobalamin biosynthesis protein CbiG		no_ec	489	COBALAMIN	cobalamin	7	cobamide_nucleotide_loop_assembly	0		
NF033717.2	equivalog	hpdA	4-hydroxyphenylacetate decarboxylase activase		no_ec	350	PHENYLACETATE	phenylacetate	7	phenylacetate_degradation	0		4-hydroxyphenylacetate decarboxylase activase is a radical SAM enzyme, found in anaerobic bacteria where 4-hydroxyphenylacetate decarboxylase occurs and required to prepare the glycyl radical active site of the enzyme.
NF005440.0	equivalog		cobalamin biosynthesis protein CbiG		no_ec	315	COBALAMIN	cobalamin	7	cobamide_nucleotide_loop_assembly	0		
NF005439.0	equivalog		cobalamin biosynthesis protein CbiG		no_ec	65	COBALAMIN	cobalamin	7	cobamide_nucleotide_loop_assembly	0		
NF005441.0	equivalog		cobalamin biosynthesis protein CbiG		no_ec	64	COBALAMIN	cobalamin	7	cobamide_nucleotide_loop_assembly	0		
NF040740.1	equivalog	ord	2,4-diaminopentanoate dehydrogenase	1.4.1.-	partial_ec_only	825	AMINOPENTANOATE	aminopentanoate	8	proline_reduction_stickland	0		This model does not distinguish between 1.4.1.26 (NAD-only) and 1.4.1.12 (NAD or NADP).
NF005425.0	equivalog	icd	NADP-dependent isocitrate dehydrogenase		no_ec	24566	ISOCITRATE	isocitrate	9	acetyl_coa_to_isocitrate;glyoxylate_bypass;isocitrate_to_oxoglutarate	0		
TIGR02119.1	equivalog	panF	sodium/pantothenate symporter		no_ec	10726	PANTOTHENATE	pantothenate	9	pantothenate_biosynthesis	0		Pantothenate (vitamin B5) is a precursor of coenzyme A and is made from aspartate and 2-oxoisovalerate in most bacteria with completed genome sequences. However, some pathogens must import pantothenate. This HMM describes PanF, a sodium/pantothenate symporter, from a larger family of Sodium/substrate symporters (PF00474). Several species that have this transporter appear to lack all enzymes of pantothenate biosynthesis, namely Haemophilus influenzae, Pasteurella multocida, Fusobacterium nucleatum, and Borrelia burgdorferi.
NF047939.1	equivalog	panS	ketopantoate/pantoate/pantothenate transporter PanS		no_ec	3234	PANTOTHENATE	pantothenate	9	pantothenate_biosynthesis	0		
TIGR02924.1	equivalog	icd	isocitrate dehydrogenase	1.1.1.-	partial_ec_only	2286	ISOCITRATE	isocitrate	9	acetyl_coa_to_isocitrate;glyoxylate_bypass;isocitrate_to_oxoglutarate	0		This family of mainly alphaproteobacterial enzymes is a member of the isocitrate/isopropylmalate dehydrogenase superfamily described by PF00180. Every member of the seed of this model appears to have a TCA cycle lacking only a determined isocitrate dehydrogenase. The precise identity of the cofactor (NADH -- 1.1.1.41 vs. NADPH -- 1.1.1.42) is unclear.
NF005610.0	equivalog		NADP-dependent isocitrate dehydrogenase		no_ec	1312	ISOCITRATE	isocitrate	9	acetyl_coa_to_isocitrate;glyoxylate_bypass;isocitrate_to_oxoglutarate	0		Catalyzes the formation of 2-oxoglutarate from isocitrate
NF009864.0	equivalog		type III pantothenate kinase		no_ec	761	PANTOTHENATE	pantothenate	9	pantothenate_biosynthesis	0		Catalyzes the formation of (R)-4'-phosphopantothenate from (R)-pantothenate in coenzyme A biosynthesis; type III pantothenate kinases are not subject to feedback inhibition from coenzyme A and have a high Km for ATP
NF010375.0	equivalog		bifunctional indole-3-glycerol phosphate synthase/tryptophan synthase subunit beta		no_ec	648	INDOLE	indole	9	tryptophan_degradation_indole	0		Catalyzes ring closure to form indole-3-glycerol phosphate; Catalyzes the formation of L-tryptophan from L-serine and 1-(indol-3-yl)glycerol 3-phosphate
NF009862.0	equivalog		bifunctional biotin--[acetyl-CoA-carboxylase] ligase/type III pantothenate kinase		no_ec	521	PANTOTHENATE	pantothenate	9	pantothenate_biosynthesis	0		Activates biotin to form biotinyl-5'-adenylate and transfers the biotin moiety to biotin-accepting proteins and catalyzes the formation of (R)-4'-phosphopantothenate from (R)-pantothenate in coenzyme A biosynthesis; type III; type III pantothenate kinases are not subject to feedback inhibition from coenzyme A and have a high Km for ATP
NF005036.0	equivalog		NADP-dependent isocitrate dehydrogenase		no_ec	405	ISOCITRATE	isocitrate	9	acetyl_coa_to_isocitrate;glyoxylate_bypass;isocitrate_to_oxoglutarate	0		Catalyzes the formation of 2-oxoglutarate from isocitrate
NF010562.0	equivalog		indole-3-glycerol-phosphate synthase		no_ec	106	INDOLE	indole	9	tryptophan_degradation_indole	0		Involved in tryptophan biosynthesis; amino acid biosynthesis; converts 1-(2-carboxyphenylamino)-1-deoxy-D-ribulose 5-phosphate to C(1)-(3-indolyl)-glycerol 3-phosphate
NF009863.0	equivalog		type III pantothenate kinase		no_ec	101	PANTOTHENATE	pantothenate	9	pantothenate_biosynthesis	0		Catalyzes the formation of (R)-4'-phosphopantothenate from (R)-pantothenate in coenzyme A biosynthesis; type III pantothenate kinases are not subject to feedback inhibition from coenzyme A and have a high Km for ATP
NF009861.0	equivalog		type III pantothenate kinase		no_ec	41	PANTOTHENATE	pantothenate	9	pantothenate_biosynthesis	0		Catalyzes the formation of (R)-4'-phosphopantothenate from (R)-pantothenate in coenzyme A biosynthesis; type III pantothenate kinases are not subject to feedback inhibition from coenzyme A and have a high Km for ATP
TIGR01818.1	equivalog	ntrC	nitrogen regulation protein NR(I)		no_ec	21022	NITROGEN	nitrogen	11	nitrogen_fixation	0		This HMM represents NtrC, a DNA-binding response regulator that is phosphorylated by NtrB and interacts with sigma-54. NtrC usually controls the expression of glutamine synthase, GlnA, and may be called GlnL, GlnG, etc.
NF008293.1	equivalog	glnL	nitrogen regulation protein NR(II)		no_ec	12996	NITROGEN	nitrogen	11	nitrogen_fixation	0		
NF008176.1	equivalog	glnG	nitrogen regulation protein NR(I)		no_ec	12945	NITROGEN	nitrogen	11	nitrogen_fixation	0		
NF008872.0	equivalog		bifunctional UDP-4-keto-pentose/UDP-xylose synthase		no_ec	12267	XYLOSE_EX	xylose	11	xylan_degradation;xylose_uptake_abc	0		
NF008872.0	equivalog		bifunctional UDP-4-keto-pentose/UDP-xylose synthase		no_ec	12267	XYLOSE_IN	xylose	11	xylose_degradation_isomerase;xylose_uptake_abc	0		
TIGR02637.1	equivalog	rhaS	rhamnose ABC transporter substrate-binding protein		no_ec	10463	RHAMNOSE	rhamnose	11	rhamnose_degradation	0		This sugar-binding component of ABC transporter complexes is found in rhamnose catabolism operon contexts. Mutation of this gene in Rhizobium leguminosarum [1] abolishes rhamnose transport and prevents growth on rhamnose as a carbon source.
TIGR01419.1	equivalog	ptsN	PTS IIA-like nitrogen regulatory protein PtsN		no_ec	9371	NITROGEN	nitrogen	11	nitrogen_fixation	0		This HMM describes a full-length protein of about 160 residues closely related to the fructose-specific phosphotransferase (PTS) system IIA component. It is a regulatory protein found only in species with a phosphoenolpyruvate-protein phosphotransferase (enzyme I of PTS systems) and an HPr-like phosphocarrier protein, but not all species have a IIC-like permease. Members of this family are found in Proteobacteria, Chlamydia, and the spirochete Treponema pallidum.
TIGR02634.1	equivalog	xylF	D-xylose ABC transporter substrate-binding protein		no_ec	9338	XYLOSE_EX	d-xylose	11	xylan_degradation;xylose_uptake_abc	0		Members of this family are periplasmic (when in Gram-negative bacteria) binding proteins for D-xylose import by a high-affinity ATP-binding cassette (ABC) transporter.
TIGR02634.1	equivalog	xylF	D-xylose ABC transporter substrate-binding protein		no_ec	9338	XYLOSE_IN	d-xylose	11	xylose_degradation_isomerase;xylose_uptake_abc	0		Members of this family are periplasmic (when in Gram-negative bacteria) binding proteins for D-xylose import by a high-affinity ATP-binding cassette (ABC) transporter.
NF010069.0	equivalog		xylose ABC transporter ATP-binding protein		no_ec	9046	XYLOSE_EX	xylose	11	xylan_degradation;xylose_uptake_abc	0		
NF010069.0	equivalog		xylose ABC transporter ATP-binding protein		no_ec	9046	XYLOSE_IN	xylose	11	xylose_degradation_isomerase;xylose_uptake_abc	0		
NF051870.1	equivalog	ntrX	nitrogen assimilation response regulator NtrX		no_ec	7913	NITROGEN	nitrogen	11	nitrogen_fixation	0		
TIGR04045.1	equivalog_domain		MSMEG_0567/Sll0786 family nitrogen starvation N-acetyltransferase		no_ec	5064	NITROGEN	nitrogen	11	nitrogen_fixation	0		Members of this family belong to the GNAT family (PF00583), in which numerous characterized examples, though not all, are are shown to be N-acetyltransferases or to interact with acetyl-CoA. This family occurs in a sparsely distributed biosynthetic cluster that occurs in Actinobacteria, Cyanobacteria, and Proteobacteria.
NF008410.0	equivalog	nac	nitrogen assimilation transcriptional regulator NAC		no_ec	4447	NITROGEN	nitrogen	11	nitrogen_fixation	0		NAC (nitrogen assimilation control protein) is a LysR family transcriptional activator for the hut, put and ure operons, and a repressor for the gdh and gltB operons in response to nitrogen limitation.
NF007484.0	equivalog	xylE	D-xylose transporter XylE		no_ec	3850	XYLOSE_EX	d-xylose	11	xylan_degradation;xylose_uptake_abc	0		Xylose/proton symporter; member of the major facilitator superfamily (MFS) of transporter
NF007484.0	equivalog	xylE	D-xylose transporter XylE		no_ec	3850	XYLOSE_IN	d-xylose	11	xylose_degradation_isomerase;xylose_uptake_abc	0		Xylose/proton symporter; member of the major facilitator superfamily (MFS) of transporter
TIGR02629.1	equivalog	rhaI	L-rhamnose catabolism isomerase		no_ec	3654	RHAMNOSE	rhamnose	11	rhamnose_degradation	0		Members of this family are isomerases in the pathway of L-rhamnose catabolism as found in Pseudomonas stutzeri and in a number of the Rhizobiales. This family differs from the L-rhamnose isomerases of Escherichia coli (see TIGR01748). This enzyme catalyzes the isomerization step in rhamnose catabolism. Genetic evidence in Rhizobium leguminosarum bv. trifolii suggests phosphorylation occurs first, then isomerization of the the phosphorylated sugar, but characterization of the recombinant enzyme from Pseudomonas stutzeri does show L-rhamnose isomerase activity. The name given is deliberately vague because the relative order of phosphorylation and isomerization is unclear.
NF007946.0	equivalog	glnK	P-II family nitrogen regulator		no_ec	3469	NITROGEN	nitrogen	11	nitrogen_fixation	0		
NF010023.0	equivalog	rhaT	L-rhamnose/proton symporter RhaT		no_ec	3414	RHAMNOSE	rhamnose	11	rhamnose_degradation	0		
NF010021.0	equivalog	rhaT	L-rhamnose/proton symporter RhaT		no_ec	3386	RHAMNOSE	rhamnose	11	rhamnose_degradation	0		
NF007680.0	equivalog	xylF	D-xylose ABC transporter substrate-binding protein		no_ec	3169	XYLOSE_EX	d-xylose	11	xylan_degradation;xylose_uptake_abc	0		
NF007680.0	equivalog	xylF	D-xylose ABC transporter substrate-binding protein		no_ec	3169	XYLOSE_IN	d-xylose	11	xylose_degradation_isomerase;xylose_uptake_abc	0		
TIGR04044.1	equivalog		MSMEG_0572/Sll0783 family nitrogen starvation response protein		no_ec	2849	NITROGEN	nitrogen	11	nitrogen_fixation	0		This model describes a family of proteins with remote similarity to the DsrE/DsrF-like family (see PF02635). All members are found in a context of at least seven genes that includes a radical SAM protein, suggesting biosynthesis. The system is sparsely but broadly distributed in bacteria, including Actinobacteria, Proteobacteria, and Cyanobacteria.
TIGR02663.1	equivalog	nifX	nitrogen fixation protein NifX		no_ec	2706	NITROGEN	nitrogen	11	nitrogen_fixation	0		Members of this family are NifX proteins encoded within operons for nitrogen fixation in a number of bacteria. NifX, NafY, and the C-terminal region of NifB all belong to the Pfam family PF02579 and are involved in MoFe cofactor biosynthesis. NifX is a nitrogenase accessory protein with a role in expression of the MoFe cofactor.
NF010024.0	equivalog	rhaT	L-rhamnose/proton symporter RhaT		no_ec	2488	RHAMNOSE	rhamnose	11	rhamnose_degradation	0		
TIGR02934.1	equivalog	nifT	putative nitrogen fixation protein NifT		no_ec	2342	NITROGEN	nitrogen	11	nitrogen_fixation	0		This largely uncharacterized protein family is assigned a role in nitrogen fixation by two criteria. First, its gene occurs, generally, among genes essential for expression of active nitrogenase. Second, its phylogenetic profile closely matches that of nitrogen-fixing bacteria. However, mutational studies in Klebsiella pneumoniae failed to demonstrate any phenotype for deletion or overexpression of the protein.
NF008145.0	equivalog	ptsN	PTS IIA-like nitrogen regulatory protein PtsN		no_ec	1449	NITROGEN	nitrogen	11	nitrogen_fixation	0		Involved in nitrogen metabolism; protein IIA is phosphorylated by enzyme I(Ntr)
TIGR02933.1	equivalog	nifM	nitrogen fixation protein NifM		no_ec	1364	NITROGEN	nitrogen	11	nitrogen_fixation	0		Members of this protein family, found in a subset of nitrogen-fixing bacteria, are the nitrogen fixation protein NifM. NifM, homologous to peptidyl-prolyl cis-trans isomerases, appears to be an accessory protein for NifH, the Fe protein, also called component II or dinitrogenase reductase, of nitrogenase.
NF008111.0	equivalog	glnB	nitrogen regulatory protein P-II		no_ec	1344	NITROGEN	nitrogen	11	nitrogen_fixation	0		Indirectly regulates nitrogen metabolism; at high nitrogen levels P-II prevents the phosphorylation of NR-I, the transcriptional activator of the glutamine synthetase gene (glnA); at low nitrogen levels P-II is uridylylated to form PII-UMP and interacts with an adenylyltransferase (GlnE) that activates GlnA
TIGR02938.1	equivalog	nifL	nitrogen fixation negative regulator NifL		no_ec	1156	NITROGEN	nitrogen	11	nitrogen_fixation	0		NifL is a modulator of the nitrogen fixation positive regulator protein NifA, and is therefore a negative regulator. It binds NifA. NifA and NifL are encoded by adjacent genes.
NF010022.0	equivalog	rhaT	L-rhamnose/proton symporter RhaT		no_ec	682	RHAMNOSE	rhamnose	11	rhamnose_degradation	0		
TIGR03697.1	equivalog	ntcA	global nitrogen regulator NtcA		no_ec	633	NITROGEN	nitrogen	11	nitrogen_fixation	0		Members of this protein family, found in the cyanobacteria, are the global nitrogen regulator NtcA. This DNA-binding transcriptional regulator is required for expressing many different ammonia-repressible genes. The consensus NtcA-binding site is G T A N(8)T A C.
NF052408.1	equivalog		NOVXTKCP family nitrogen cycling protein		no_ec	1	NITROGEN	nitrogen	11	nitrogen_fixation	0		
NF052404.1	equivalog		NOV2J9O6 family nitrogen cycling protein		no_ec	0	NITROGEN	nitrogen	11	nitrogen_fixation	0		
NF052405.1	equivalog		NOV5WD8W family nitrogen cycling protein		no_ec	0	NITROGEN	nitrogen	11	nitrogen_fixation	0		
NF052406.1	equivalog		NOVBLXIJ family nitrogen cycling protein		no_ec	0	NITROGEN	nitrogen	11	nitrogen_fixation	0		
NF052407.1	equivalog		NOVOEXAE family nitrogen cycling protein		no_ec	0	NITROGEN	nitrogen	11	nitrogen_fixation	0		
TIGR01325.1	equivalog	metZ	O-succinylhomoserine sulfhydrylase		no_ec	21633	HOMOSERINE	homoserine	12	homoserine_biosynthesis;methionine_biosynthesis_sulfhydrylation;methionine_biosynthesis_transsulfuration;threonine_biosynthesis	0		This HMM describes O-succinylhomoserine sulfhydrylase, one of several related pyridoxal phosphate-dependent enzymes of cysteine and methionine metabolism. This enzyme is part of an alternative pathway of homocysteine biosynthesis, a step in methionine biosynthesis.
NF006003.0	equivalog		O-succinylhomoserine sulfhydrylase	4.2.99.-	partial_ec_only	12772	HOMOSERINE	homoserine	12	homoserine_biosynthesis;methionine_biosynthesis_sulfhydrylation;methionine_biosynthesis_transsulfuration;threonine_biosynthesis	0		Catalyzes the conversion of O-succinylhomoserine into homocysteine
NF007823.0	equivalog	rhtA	threonine/homoserine exporter RhtA		no_ec	6720	HOMOSERINE	homoserine	12	homoserine_biosynthesis;methionine_biosynthesis_sulfhydrylation;methionine_biosynthesis_transsulfuration;threonine_biosynthesis	0		
NF007812.0	equivalog	rhtB	homoserine/homoserine lactone efflux protein		no_ec	4213	HOMOSERINE	homoserine	12	homoserine_biosynthesis;methionine_biosynthesis_sulfhydrylation;methionine_biosynthesis_transsulfuration;threonine_biosynthesis	0		
NF005870.0	equivalog		O-succinylhomoserine sulfhydrylase	4.2.99.-	partial_ec_only	3455	HOMOSERINE	homoserine	12	homoserine_biosynthesis;methionine_biosynthesis_sulfhydrylation;methionine_biosynthesis_transsulfuration;threonine_biosynthesis	0		
NF005696.0	equivalog		O-succinylhomoserine sulfhydrylase	4.2.99.-	partial_ec_only	3383	HOMOSERINE	homoserine	12	homoserine_biosynthesis;methionine_biosynthesis_sulfhydrylation;methionine_biosynthesis_transsulfuration;threonine_biosynthesis	0		Catalyzes the conversion of O-succinylhomoserine and sulfide to homocysteine; second step in methionine biosynthesis
NF006463.0	equivalog		O-succinylhomoserine (thiol)-lyase		no_ec	1610	HOMOSERINE	homoserine	12	homoserine_biosynthesis;methionine_biosynthesis_sulfhydrylation;methionine_biosynthesis_transsulfuration;threonine_biosynthesis	0		
NF006450.0	equivalog		O-succinylhomoserine (thiol)-lyase		no_ec	1094	HOMOSERINE	homoserine	12	homoserine_biosynthesis;methionine_biosynthesis_sulfhydrylation;methionine_biosynthesis_transsulfuration;threonine_biosynthesis	0		
TIGR01982.1	equivalog	ubiB	2-polyprenylphenol 6-hydroxylase		no_ec	30458	PHENOL	phenol	14	phenol_hydroxylation	0		This model represents the enzyme (UbiB) which catalyzes the first hydroxylation step in the ubiquinone biosynthetic pathway in bacteria [1,2]. It is believed that the reaction is 2-polyprenylphenol -> 6-hydroxy-2-polyprenylphenol. This model finds hits primarily in the proteobacteria. The gene is also known as AarF in certain species.
TIGR00885.1	equivalog	fucP	L-fucose:H+ symporter permease		no_ec	17436	FUCOSE	l-fucose	14	fucose_degradation_isomerase;mucin_fucose_release	0		This family describes the L-fucose permease in bacteria. L-fucose(6-deoxy-L-galactose) is a monosaccharide found in glycoproteins and cell wall polysaccharides. L-fucose is used in bacteria through an inducible pathway mediated by atleast four enzymes: a permease, isomerase, kinase and an aldolase which are encoded by fucP, fucI, fucK, fucA respectively. The fuc genes belong to a regulon comprising of four linked operons: fucO, fucA, fucPIK and fucR. The positive regulator is encoded by fucR, whose protein responds to fuculose-1-phosphate, which acts as an effector.
NF047922.1	equivalog	fcl	GDP-L-fucose synthase		no_ec	13286	FUCOSE	l-fucose	14	fucose_degradation_isomerase;mucin_fucose_release	0		
NF006461.0	equivalog		FAD-dependent 2-octaprenylphenol hydroxylase		no_ec	3347	PHENOL	phenol	14	phenol_hydroxylation	0		Catalyzes the formation of 2-octaprenyl-6-methoxy-1,4-benzoquinone from 2-octaprenyl-6-methoxyphenol
NF007524.0	equivalog	fucP	L-fucose:H+ symporter permease		no_ec	2214	FUCOSE	l-fucose	14	fucose_degradation_isomerase;mucin_fucose_release	0		
NF009948.0	equivalog		bifunctional fucokinase/fucose-1-phosphate guanylyltransferase		no_ec	1993	FUCOSE	fucose	14	fucose_degradation_isomerase;mucin_fucose_release	0		
NF007720.0	equivalog	fucR	L-fucose operon activator		no_ec	1886	FUCOSE	l-fucose	14	fucose_degradation_isomerase;mucin_fucose_release	0		Regulates expression of genes involved in L-fucose utilization
NF047560.1	equivalog	pmtB	phenol-soluble modulin export ABC transporter permease subunit PmtB		no_ec	936	PHENOL	phenol	14	phenol_hydroxylation	0		
NF047568.1	equivalog	pmtC	phenol-soluble modulin export ABC transporter ATP-binding protein PmtC		no_ec	887	PHENOL	phenol	14	phenol_hydroxylation	0		
NF047565.1	equivalog	pmtA	phenol-soluble modulin export ABC transporter ATP-binding protein PmtA		no_ec	850	PHENOL	phenol	14	phenol_hydroxylation	0		
NF047564.1	equivalog	pmtD	phenol-soluble modulin export ABC transporter permease subunit PmtD		no_ec	749	PHENOL	phenol	14	phenol_hydroxylation	0		
NF053717.1	equivalog	vprA	vinyl phenol reductase		no_ec	540	PHENOL	phenol	14	phenol_hydroxylation	0		
NF042426.1	equivalog	nolL	nodulation factor fucose acetyltransferase NolL	2.3.1.-	partial_ec_only	327	FUCOSE	fucose	14	fucose_degradation_isomerase;mucin_fucose_release	0		
NF009415.0	equivalog		putative bifunctional glutamate synthase subunit beta/2-polyprenylphenol hydroxylase		no_ec	280	PHENOL	phenol	14	phenol_hydroxylation	0		
NF052355.1	equivalog		fucose-binding lectin		no_ec	111	FUCOSE	fucose	14	fucose_degradation_isomerase;mucin_fucose_release	0		
NF005128.0	equivalog		putative bifunctional glutamate synthase subunit beta/2-polyprenylphenol hydroxylase		no_ec	100	PHENOL	phenol	14	phenol_hydroxylation	0		
NF033425.2	equivalog		alpha-1/alpha-2 family phenol-soluble modulin		no_ec	82	PHENOL	phenol	14	phenol_hydroxylation	0		Members of this family are extremely short proteins, about 21 amino acids long, that are known to retain an N-formyl-methionine (fMet) at the N-terminus. These proteins, phenol-soluble modulins of the alpha class, including alpha-1 and alpha-2 from Staphylococcus aureus, are exported by an ABC transporter, and affect the state of the host immune system in a number of ways.
NF033428.5	equivalog		epsilon family phenol-soluble modulin		no_ec	54	PHENOL	phenol	14	phenol_hydroxylation	0		Members of this family epsilon-family phenol-soluble modulins. Species with members include Staphylococcus epidermidis, Staphylococcus capitis, Staphylococcus lugdunensis, Staphylococcus pseudintermedius, and Staphylococcus schleiferi.
NF009413.0	equivalog		putative trifunctional 2-polyprenylphenol hydroxylase/glutamate synthase subunit beta/ferritin domain-containing protein		no_ec	37	PHENOL	phenol	14	phenol_hydroxylation	0		
NF011338.0	equivalog		delta-lysin family phenol-soluble modulin		no_ec	23	PHENOL	phenol	14	phenol_hydroxylation	0		
NF033426.1	equivalog		alpha-3 family phenol-soluble modulin		no_ec	23	PHENOL	phenol	14	phenol_hydroxylation	0		
NF011336.0	equivalog		delta-lysin family phenol-soluble modulin		no_ec	16	PHENOL	phenol	14	phenol_hydroxylation	0		
NF033392.1	equivalog		PSM-delta family phenol-soluble modulin		no_ec	7	PHENOL	phenol	14	phenol_hydroxylation	0		Members of this family are phenol-soluble modulins (short peptides, usually cytolysins) with an intact N-formyl-methionine at the N-terminus.
NF033427.2	equivalog		alpha family phenol-soluble modulin		no_ec	7	PHENOL	phenol	14	phenol_hydroxylation	0		This family is based on an alpha family Staphylococcus haemolyticus phenol-soluble modulin, somewhat similar to delta-lysin.
NF040810.1	equivalog	benC	benzoate 1,2-dioxygenase electron transfer component BenC		no_ec	10067	BENZOATE	benzoate	17	benzoate_degradation_catechol	0		
NF040811.1	equivalog	benD	benzoate diol dehydrogenase BenD		no_ec	9105	BENZOATE	benzoate	17	benzoate_degradation_catechol	0		
NF053776.1	equivalog		trimethylamine N-oxide demethylase		no_ec	3357	TRIMETHYLAMINE	trimethylamine	17	carnitine_degradation_trimethylamine	0		
NF053517.1	equivalog	pcaK	4-hydroxybenzoate transporter PcaK		no_ec	2969	BENZOATE	benzoate	17	benzoate_degradation_catechol	0		
NF053774.1	equivalog		trimethylamine N-oxide permease		no_ec	2657	TRIMETHYLAMINE	trimethylamine	17	carnitine_degradation_trimethylamine	0		
NF040746.1	equivalog	grdC	glycine/sarcosine/betaine reductase complex component C subunit beta	1.21.4.-	partial_ec_only	1908	SARCOSINE	sarcosine	17	betaine_demethylation;creatinine_degradation;sarcosine_demethylation	0		Protein C is the shared acetyl-phosphate-forming component of three types of selenoprotein-containing complexes, acting on glycine, sarcosine, or betaine. Protein C itself has a large subunit and a small subunit (sometimes fused), and does not contain selenocysteine. This HMM describes the large subunit, called beta.
NF040747.1	equivalog	grdD	glycine/sarcosine/betaine reductase complex component C subunit alpha	1.21.4.-	partial_ec_only	1865	SARCOSINE	sarcosine	17	betaine_demethylation;creatinine_degradation;sarcosine_demethylation	0		Protein C is the shared acetyl-phosphate-forming component of three types of selenoprotein-containing complexes, acting on glycine, sarcosine, or betaine. A different subunit, B, determines the substrate. Protein C itself has a large subunit and a small subunit (sometimes fused), and does not contain selenocysteine. This HMM describes the small subunit, called alpha.
NF040748.1	equivalog	grdA	glycine/sarcosine/betaine reductase complex selenoprotein A		no_ec	1303	SARCOSINE	sarcosine	17	betaine_demethylation;creatinine_degradation;sarcosine_demethylation	0		Selenoprotein A (GrdA) is the A subunit of a complex whose specificity is determined by a different subunit, B, in a glycine or sarcosine or betaine reductase complex. In some species, only one type of B subunit (also a selenoprotein) occurs. Protein C is usually a heterodimer of two subunits called beta (GrdC) and alpha (GrdD), and is not a selenoprotein.
TIGR00303.2	equivalog	cobT	nicotinate mononucleotide-dependent phosphoribosyltransferase CobT		no_ec	2484	NICOTINATE	nicotinate	18	namn_salvage_nicotinate	0		Members of this family, archaeal and cyanobacterial counterparts to the distantly related CobT of most bacteria (nicotinate-nucleotide--dimethylbenzimidazole phosphoribosyltransferase, EC 2.4.2.21), play a similar role if now identical role in cobamide biosynthesis and are likewise designated CobT.
NF007927.0	equivalog	proP	glycine betaine/L-proline transporter ProP		no_ec	14797	BETAINE	glycine betaine	21	betaine_demethylation;carnitine_to_betaine;choline_to_betaine	0		
NF008334.0	equivalog	proX	glycine betaine/L-proline ABC transporter substrate-binding protein ProX		no_ec	9545	BETAINE	glycine betaine	21	betaine_demethylation;carnitine_to_betaine;choline_to_betaine	0		With ProVW, part of the high-affinity transport system for the osmoprotectant glycine betaine
NF008196.0	equivalog	proW	glycine betaine/L-proline ABC transporter permease ProW		no_ec	7919	BETAINE	glycine betaine	21	betaine_demethylation;carnitine_to_betaine;choline_to_betaine	0		With ProVX is involved in the high-affinity uptake of glycine betaine
NF049931.1	equivalog	osmF	glycine betaine ABC transporter substrate-binding protein OsmF		no_ec	7762	BETAINE	glycine betaine	21	betaine_demethylation;carnitine_to_betaine;choline_to_betaine	0		
NF007480.0	equivalog	proV	glycine betaine/L-proline ABC transporter ATP-binding protein ProV		no_ec	7127	BETAINE	glycine betaine	21	betaine_demethylation;carnitine_to_betaine;choline_to_betaine	0		With ProWX is involved in the high-affinity uptake of glycine betaine
NF033625.1	equivalog	hpxZ	oxalurate catabolism protein HpxZ		no_ec	6293	URATE	urate	21	urate_degradation	0		HpxZ is not characterized, but it is encoded in the cluster hpxWXYZ, associated with oxalurate catabolism, within the larger hpx (hypoxanthine utilization) locus of species such as Klebsiella pneumoniae, where KPN_01771 is HpxZ.
NF047988.1	equivalog		glycine betaine uptake BCCT transporter		no_ec	5406	BETAINE	glycine betaine	21	betaine_demethylation;carnitine_to_betaine;choline_to_betaine	0		Members of this family are BCCT family transporters known or thought to be involved in the uptake of glycine betaine (known simply as betaine) for osmoprotection or metabolic utilization. Some members of the seed alignment were selected based on proximity to glycine betaine--corrinoid protein methyltransferase (EC 2.1.1.376) and are proposed to import betaine for utilization. The enzyme glycine betaine--corrinoid protein methyltransferase does not contain pyrrolysine, but is closely related to trimethylamine methyltransferase (EC 2.1.1.250), which does. Also included are OpuD from Bacillus subtilis, BetL from Listeria monocytogenes, and closely related proteins. Many members of the BCCT family transport multiple substrates, including also proline, choline, dimethylsulfoniopropionate, etc. This model was given fairly stringent cutoffs to enrich for family members whose primary role is betaine uptake.
NF033623.1	equivalog	hpxO	FAD-dependent urate hydroxylase HpxO		no_ec	4771	URATE	urate	21	urate_degradation	0		HpxO is an FAD-dependent urate hydroxylase (EC 1.14.13.113). Like the factor independent urate hydroxylase (EC 1.7.3.3), it consumes O2 and converts urate to 5-hydroxyisourate, which decomposes spontaneously to allantoin and CO2. However, HpxO oxidizes NADH to NAD(+), and produces H20, while EC 1.7.3.3 produces H202 as a byproduct.
NF040746.1	equivalog	grdC	glycine/sarcosine/betaine reductase complex component C subunit beta	1.21.4.-	partial_ec_only	1908	BETAINE	betaine	21	betaine_demethylation;carnitine_to_betaine;choline_to_betaine	0		Protein C is the shared acetyl-phosphate-forming component of three types of selenoprotein-containing complexes, acting on glycine, sarcosine, or betaine. Protein C itself has a large subunit and a small subunit (sometimes fused), and does not contain selenocysteine. This HMM describes the large subunit, called beta.
NF002887.1	equivalog	caiT	L-carnitine/gamma-butyrobetaine antiporter		no_ec	1898	BETAINE	betaine	21	betaine_demethylation;carnitine_to_betaine;choline_to_betaine	0		
NF040747.1	equivalog	grdD	glycine/sarcosine/betaine reductase complex component C subunit alpha	1.21.4.-	partial_ec_only	1865	BETAINE	betaine	21	betaine_demethylation;carnitine_to_betaine;choline_to_betaine	0		Protein C is the shared acetyl-phosphate-forming component of three types of selenoprotein-containing complexes, acting on glycine, sarcosine, or betaine. A different subunit, B, determines the substrate. Protein C itself has a large subunit and a small subunit (sometimes fused), and does not contain selenocysteine. This HMM describes the small subunit, called alpha.
NF040748.1	equivalog	grdA	glycine/sarcosine/betaine reductase complex selenoprotein A		no_ec	1303	BETAINE	betaine	21	betaine_demethylation;carnitine_to_betaine;choline_to_betaine	0		Selenoprotein A (GrdA) is the A subunit of a complex whose specificity is determined by a different subunit, B, in a glycine or sarcosine or betaine reductase complex. In some species, only one type of B subunit (also a selenoprotein) occurs. Protein C is usually a heterodimer of two subunits called beta (GrdC) and alpha (GrdD), and is not a selenoprotein.
NF033624.1	equivalog	hpxX	oxalurate catabolism protein HpxX		no_ec	1222	URATE	urate	21	urate_degradation	0		HpxX is a small protein of unknown function, about 60 residues in length, encoded in the set of four genes, hpxWXYZ, that belong to the oxalurate metabolism portion of a complete pathway for hypoxanthine (hpx) utilization, as in Klebsiella pneumoniae.
TIGR04467.1	equivalog		hydroxymethylcytosylglucuronate/cytosylglucuronate synthase		no_ec	476	GLUCURONATE	glucuronate	21	glucuronate_degradation	0		Members of this family synthesize cytosylglucuronate (or hydroxymethylcytosylglucuronate) from UDP-glucuronate and free cytosine (or hydroxymethylcytosine). This reaction is followed by a decarboxylation at C5 of the glucoside residue. The net reaction makes the pyranoside core moiety of a class of peptidyl nucleoside antibiotics.
NF053580.1	equivalog	vimE	UDP-2,3-diacetamido-2,3-dideoxy-alpha-D-glucuronate deacetylase VimE		no_ec	364	GLUCURONATE	d-glucuronate	21	glucuronate_degradation	0		VimE (virulence modulating gene E) acts in Porphyromonas gingivalis in a C-terminal glycosylation of type IX secretion system (T9SS) cargo proteins that is necessary for glycolipid anchoring to the outer surface of the outer membrane. The deacetylation it performs is followed by modifications at the same site by VimA, then WbpS.
TIGR04466.1	equivalog	blsE	cytosylglucuronate decarboxylase		no_ec	335	GLUCURONATE	glucuronate	21	glucuronate_degradation	0		BlsE, part of the blasticidin S biosynthetic pathway, is a radical SAM enzyme that performs a decarboxylation at C5 of the glucoside residue. MilG in mildiomycin biosynthesis is equivalent. This enzyme follows CGA synthase and makes the pyranoside core moiety of a class of peptidyl nucleoside antibiotics.
TIGR03945.1	equivalog	sbnA	2,3-diaminopropionate biosynthesis protein SbnA		no_ec	11746	PROPIONATE	propionate	22	propionate_formation_acrylate;propionate_formation_propanediol	0		Members of this family include SbnA, a protein of the staphyloferrin B biosynthesis operon of Staphylococcus aureus. SbnA and SbnB together appear to synthesize 2,3-diaminopropionate, a precursor of certain siderophores and other secondary metabolites. SbnA is a pyridoxal phosphate-dependent enzyme.
TIGR03944.1	equivalog	sbnB	2,3-diaminopropionate biosynthesis protein SbnB		no_ec	11216	PROPIONATE	propionate	22	propionate_formation_acrylate;propionate_formation_propanediol	0		Members of this protein family are probable NAD-dependent dehydrogenases related to the alanine dehydrogenase of Archaeoglobus fulgidus (see TIGR02371, PDB structure 1OMO and PMID:15313611) and more distantly to ornithine cyclodeaminase. Members include the staphylobactin biosynthesis protein SbnB and tend to occur in contexts suggesting non-ribosomal peptide synthesis, always adjacent to (occasionally fused with) a pyridoxal phosphate-dependent enzyme, SbnA. The pair appears to provide 2,3-diaminopropionate for biosynthesis of siderophores or other secondary metabolites.
NF008346.0	equivalog		3-phenylpropionate MFS transporter		no_ec	8980	PROPIONATE	propionate	22	propionate_formation_acrylate;propionate_formation_propanediol	0		Transporter of 3-phenylpropionate across the inner membrane; member of the major facilitator superfamily of transporters
TIGR02329.1	equivalog	prpR	propionate catabolism operon regulatory protein PrpR		no_ec	8960	PROPIONATE	propionate	22	propionate_formation_acrylate;propionate_formation_propanediol	0		At least five distinct pathways exists for the catabolism of propionate by way of propionyl-CoA. Members of this family represent the transcriptional regulatory protein PrpR, whose gene is found in most cases divergently transcribed from an operon for the methylcitric acid cycle of propionate catabolism. 2-methylcitric acid, a catabolite by this pathway, is a coactivator of PrpR.
NF008586.0	equivalog	mhpT	3-(3-hydroxy-phenyl)propionate transporter MhpT		no_ec	7418	PROPIONATE	propionate	22	propionate_formation_acrylate;propionate_formation_propanediol	0		
NF011953.0	equivalog	prpR	propionate catabolism operon regulatory protein PrpR		no_ec	5231	PROPIONATE	propionate	22	propionate_formation_acrylate;propionate_formation_propanediol	0		Sigma-54 dependent activator family protein; activates the prpBCDE operon
NF009063.0	equivalog		acetate/propionate family kinase		no_ec	1749	PROPIONATE	propionate	22	propionate_formation_acrylate;propionate_formation_propanediol	0		
NF058538.1	equivalog	ertD	hydantoin-5-propionate amidohydrolase		no_ec	1720	PROPIONATE	propionate	22	propionate_formation_acrylate;propionate_formation_propanediol	0		
NF005462.0	equivalog		acetate/propionate family kinase		no_ec	1616	PROPIONATE	propionate	22	propionate_formation_acrylate;propionate_formation_propanediol	0		
NF009133.0	equivalog		dimethylsulfoniopropionate demethylase		no_ec	1447	PROPIONATE	propionate	22	propionate_formation_acrylate;propionate_formation_propanediol	0		
NF009099.0	equivalog		acetate/propionate family kinase		no_ec	1284	PROPIONATE	propionate	22	propionate_formation_acrylate;propionate_formation_propanediol	0		
NF042948.2	equivalog	hcaC	3-phenylpropionate/cinnamic acid dioxygenase ferredoxin subunit		no_ec	709	PROPIONATE	propionate	22	propionate_formation_acrylate;propionate_formation_propanediol	0		
NF058539.1	equivalog		hydantoin-5-propionate amidohydrolase		no_ec	121	PROPIONATE	propionate	22	propionate_formation_acrylate;propionate_formation_propanediol	0		
NF045492.1	equivalog		3-hydroxypropionate--CoA ligase	6.2.1.-	partial_ec_only	63	PROPIONATE	propionate	22	propionate_formation_acrylate;propionate_formation_propanediol	0		
NF005849.0	equivalog		aminodeoxychorismate/anthranilate synthase component II		no_ec	10401	ANTHRANILATE	anthranilate	23	anthranilate_degradation_catechol	0		
NF011775.0	equivalog	yjeM	glutamate/gamma-aminobutyrate family transporter YjeM		no_ec	7600	BUTYRATE	butyrate	23	butyrate_formation	0		
NF006462.0	equivalog		aminodeoxychorismate/anthranilate synthase component II		no_ec	4115	ANTHRANILATE	anthranilate	23	anthranilate_degradation_catechol	0		
NF007308.0	equivalog	puuE	4-aminobutyrate transaminase		no_ec	3729	BUTYRATE	butyrate	23	butyrate_formation	0		
NF005799.0	equivalog	pabA	aminodeoxychorismate/anthranilate synthase component II		no_ec	3033	ANTHRANILATE	anthranilate	23	anthranilate_degradation_catechol	0		
NF011998.0	equivalog	eutG	ethanolamine utilization ethanol dehydrogenase EutG		no_ec	2881	ETHANOL	ethanol	23	ethanol_formation	0		Catalyzes the conversion of acetaldehyde to ethanol
NF008822.0	equivalog	antC	anthranilate 1,2-dioxygenase electron transfer component AntC		no_ec	2770	ANTHRANILATE	anthranilate	23	anthranilate_degradation_catechol	0		
NF053662.1	equivalog	gadC	glutamate/gamma-aminobutyrate antiporter GadC		no_ec	2740	BUTYRATE	butyrate	23	butyrate_formation	0		Members of this family are understood to be antiporters of glutamate (rather than glutamine) with gamma-aminobutyrate antiporter (GABA). The sequence of glutamate decarboxylation in the cytosol, then antiport to exchange the product (GABA) for a new glutamate from the extracellular milieu, provides for a cycle combats acid stress until the available extracellular glutamate is exhausted. Note that the gene symbol gadC is used for both glutamate/GABA antiporters such as this family and glutamine/GABA antiporters such as in model TIGR03813.
TIGR00910.1	equivalog	gadC	glutamate/gamma-aminobutyrate antiporter		no_ec	2208	BUTYRATE	butyrate	23	butyrate_formation	0		Members of this family are the antiporter GadC, which extrudes GABA, product of glutamate decarboxylation, in exchange for glutamate. About a quarter of genomic regions that encode both GadC and a glutamate decarboxylase (usually called GadB, because that paralog rather than its paralog GadA participates in acid resistance in Eschericha coli) also encode a glutaminase. The presence of a glutaminase, which converts Gln to Glu, suggests that members of this GadC family, in some or perhaps all species, may be able to substitute Gln for Glu as the substrate to exchange for GABA.
TIGR03874.1	equivalog		c-type cytochrome, methanol metabolism-related		no_ec	1955	ETHANOL	ethanol	23	ethanol_formation	0		This family represents a c-type cytochrome related to (but excluding) cytochrome c-555 of Methylococcus capsulatus. Members contain four invariant Cys residues, including two from a heme-binding motif shared with c-555, and two others. At least some members of this family are XoxG, associated with rare earth element-binding (rather than calcium-binding) types of PQQ-dependent methanol dehydrogenase.
TIGR03813.2	equivalog	gadC	glutamine/gamma-aminobutyrate antiporter GadC		no_ec	1794	BUTYRATE	butyrate	23	butyrate_formation	0		All members of the seed alignment of this HMM family of amino acid transporters are co-located with glutamate decarboxylase, suggesting these might be glutamate/gamma-aminobutyrate antiporters, part of a system for resistance to transient exposures to acid conditions when glutamate (Glu) is available for import and decarboxylation. However, the vast majority of the seed members also have a neighboring glutaminase, which converts glutamine (Gln) to Glu. This clue from context suggests the antiporter most likely imports Gln, although possibly both Gln and Glu (Glx). The gene symbol gadC is assigned here, as it is for sister model TIGR00910, and also for the glutamate/gamma-aminobutyrate antiporter described in model NF053662.
NF010082.0	equivalog		anthranilate synthase component I		no_ec	1592	ANTHRANILATE	anthranilate	23	anthranilate_degradation_catechol	0		With component II catalyzes the formation of anthranilate and glutamate from chorismate and glutamine
TIGR03870.1	equivalog	moxJ	methanol oxidation system protein MoxJ		no_ec	795	ETHANOL	ethanol	23	ethanol_formation	0		This predicted periplasmic protein, called MoxJ or MxaJ, is required for methanol oxidation in Methylobacterium extorquens. Two differing lines of evidence suggest two different roles. Forming one view, homology suggests it is the substrate-binding protein of an ABC transporter associated with methanol oxidation. The gene, furthermore, is found regular in genomes with, and only two or three genes away from, a corresponding permease and ATP-binding cassette gene pair. The other view is that this protein is an accessory factor or additional subunit of methanol dehydrogenase itself. Mutational studies show a dependence on this protein for expression of the PQQ-dependent, two-subunit methanol dehydrogenase (MxaF and MxaI) in Methylobacterium extorquens, as if it is a chaperone for enzyme assembly or a third subunit. A homologous N-terminal sequence was found in Paracoccus denitrificans as a 32Kd third subunit. This protein may, in fact, be both, a component of a periplasmic enzyme that converts methanol to formaldehyde and a component of an ABC transporter that delivers the resulting formaldehyde to the cell's interior.
NF041686.2	equivalog	andR	anthranilate 1,2-dioxygenase regulatory protein AndR		no_ec	783	ANTHRANILATE	anthranilate	23	anthranilate_degradation_catechol	0		
NF005367.0	equivalog		anthranilate synthase component II		no_ec	644	ANTHRANILATE	anthranilate	23	anthranilate_degradation_catechol	0		With component I catalyzes the formation of anthranilate and glutamate from chorismate and glutamine
TIGR02719.1	equivalog	phaQ	poly-beta-hydroxybutyrate-responsive repressor		no_ec	538	BUTYRATE	butyrate	23	butyrate_formation	0		Members of this family are transcriptional regulatory proteins found in the vicinity of poly-beta-hydroxybutyrate (PHB) operons in several species of Bacillus. This protein appears to have repressor activity modulated by PHB itself. This protein belongs to the larger PadR family (see PF03551).
NF004169.0	equivalog		anthranilate synthase component II		no_ec	498	ANTHRANILATE	anthranilate	23	anthranilate_degradation_catechol	0		With component I catalyzes the formation of anthranilate and glutamate from chorismate and glutamine
NF041683.1	equivalog	andAb	anthranilate 1,2-dioxygenase ferredoxin subunit AndAb		no_ec	457	ANTHRANILATE	anthranilate	23	anthranilate_degradation_catechol	0		
NF040655.1	equivalog	mtaC	methanol--corrinoid protein MtaC		no_ec	265	ETHANOL	ethanol	23	ethanol_formation	0		MtaABC catalyze the formation of methyl-coenzyme M from methanol and coenzyme M. MtaC is methylated by MtaB and provides the methyl group that is transfered to coenzyme M by MtaA
NF010087.0	equivalog		anthranilate synthase component I		no_ec	71	ANTHRANILATE	anthranilate	23	anthranilate_degradation_catechol	0		With component II catalyzes the formation of anthranilate and glutamate from chorismate and glutamine
NF040669.1	equivalog	mtaC	methanol--corrinoid protein MtaC		no_ec	66	ETHANOL	ethanol	23	ethanol_formation	0		
NF010089.0	equivalog		anthranilate synthase component I		no_ec	46	ANTHRANILATE	anthranilate	23	anthranilate_degradation_catechol	0		With component II catalyzes the formation of anthranilate and glutamate from chorismate and glutamine
TIGR00273.1	equivalog		LutB/LldF family L-lactate oxidation iron-sulfur protein		no_ec	29634	LACTATE	lactate	24	lactate_racemisation;propionate_formation_acrylate	0		Members of this family, including LutB from Bacillus subtilis and LldF from Shewanella oneidensis, have a perfect 4Fe-4S binding motif C-x(2)-C-x(2)-C-x(3)-CP followed by either a perfect or imperfect (the first Cys replaced by Ser) second copy. Members probably bind two 4fe-4S iron-sulfur clusters, and are involved in lactate utilization.
NF049980.1	equivalog		L-lactate MFS transporter		no_ec	22305	LACTATE	lactate	24	lactate_racemisation;propionate_formation_acrylate	0		
NF005860.0	equivalog		acetolactate synthase large subunit		no_ec	18047	LACTATE	lactate	24	lactate_racemisation;propionate_formation_acrylate	0		
TIGR03701.1	equivalog		menaquinone biosynthesis decarboxylase		no_ec	13265	MENAQUINONE	menaquinone	24	menaquinone_biosynthesis	0		Members of this protein family are putative decarboxylases involved in a late stage of the alternative pathway for menaquinone, via futalosine, as in Streptomyces coelicolor and Helicobacter pylori.
NF005058.0	equivalog		acetolactate synthase 3 large subunit		no_ec	12941	LACTATE	lactate	24	lactate_racemisation;propionate_formation_acrylate	0		
NF005760.0	equivalog		acetolactate synthase large subunit		no_ec	9649	LACTATE	lactate	24	lactate_racemisation;propionate_formation_acrylate	0		
NF007504.0	equivalog		malate/lactate/ureidoglycolate dehydrogenase		no_ec	7727	LACTATE	lactate	24	lactate_racemisation;propionate_formation_acrylate	0		
NF005810.0	equivalog		bifunctional cystathionine gamma-lyase/homocysteine desulfhydrase		no_ec	6121	HOMOCYSTEINE	homocysteine	24	cysteine_biosynthesis_homocysteine	0		Catalyzes the formation of L-homocysteine from cystathionine
NF006525.0	equivalog		acetolactate synthase 3 large subunit		no_ec	5844	LACTATE	lactate	24	lactate_racemisation;propionate_formation_acrylate	0		
NF006016.1	equivalog	ilvB	acetolactate synthase large subunit		no_ec	5778	LACTATE	lactate	24	lactate_racemisation;propionate_formation_acrylate	0		
NF007740.0	equivalog	lldP	L-lactate permease		no_ec	4860	LACTATE	lactate	24	lactate_racemisation;propionate_formation_acrylate	0		gene synonym: lctP
NF033504.2	equivalog	larA	nickel-dependent lactate racemase		no_ec	3940	LACTATE	lactate	24	lactate_racemisation;propionate_formation_acrylate	0		LarA from Lactobacillus plantarum is a nickel-dependent lactate racemase and the founding member of a family of isomerases that depend on a nicotinic acid-derived nickel pincer cofactor. While it is not yet clear which homologs of LarA act preferentially on lactate, this model identifies one clade of architecurally similar proteins from among a broader set of LarA homologs. Note that the crystal structure 4NAR, on deposit at PDB but not associated with any publication, represents a protein from Thermotoga maritima that falls outside the scope of this family and that is annotated in PDB as a putative uronate isomerase.
NF005409.0	equivalog		acetolactate synthase 3 catalytic subunit		no_ec	3682	LACTATE	lactate	24	lactate_racemisation;propionate_formation_acrylate	0		
NF005824.0	equivalog	ilvB	acetolactate synthase large subunit		no_ec	2942	LACTATE	lactate	24	lactate_racemisation;propionate_formation_acrylate	0		
NF006096.0	equivalog		homocysteine synthase		no_ec	2665	HOMOCYSTEINE	homocysteine	24	cysteine_biosynthesis_homocysteine	0		
NF005584.0	equivalog		acetolactate synthase large subunit		no_ec	1614	LACTATE	lactate	24	lactate_racemisation;propionate_formation_acrylate	0		
NF006319.0	equivalog		acetolactate synthase large subunit		no_ec	1498	LACTATE	lactate	24	lactate_racemisation;propionate_formation_acrylate	0		
NF045670.1	equivalog	ldhH	L-lactate dehydrogenase (quinone) large subunit LdhH	1.1.2.-	partial_ec_only	1018	LACTATE	lactate	24	lactate_racemisation;propionate_formation_acrylate	0		Members of this family, such as founding protein DVU3033 from Desulfovibrio vulgaris Hildenborough, contain an N-terminal lactate utilization (LUD) domain (see PF02589) as found in lactate utilization proteins LutB and LutC in Bacillus subtilis, but also a C-terminal GlpC-like domain. This enzyme differs from both NAD-dependent and cytochrome-dependent L-lactate dehydrogenases.
NF002056.0	equivalog		2-phosphosulfolactate phosphatase family protein		no_ec	935	LACTATE	lactate	24	lactate_racemisation;propionate_formation_acrylate	0		This bacterial enzyme is related to archaeal 2-phosphosulfolactate phosphatase, involved in biosynthesis of coenzyme M, a cofactor involved in methanogenesis in the archaea. It may differ in function.
NF005228.0	equivalog	ilvB	acetolactate synthase large subunit		no_ec	868	LACTATE	lactate	24	lactate_racemisation;propionate_formation_acrylate	0		
NF012037.0	equivalog		bifunctional S-methyl-5'-thioadenosine deaminase/S-adenosylhomocysteine deaminase		no_ec	806	HOMOCYSTEINE	homocysteine	24	cysteine_biosynthesis_homocysteine	0		
NF011286.0	equivalog		bifunctional 5'-methylthioadenosine/S-adenosylhomocysteine nucleosidase/phosphatase		no_ec	780	HOMOCYSTEINE	homocysteine	24	cysteine_biosynthesis_homocysteine	0		
TIGR02708.1	equivalog	lctO	L-lactate oxidase		no_ec	672	LACTATE	lactate	24	lactate_racemisation;propionate_formation_acrylate	0		Members of this protein oxidize L-lactate to pyruvate, reducing molecular oxygen to hydrogen peroxide. The enzyme is known in Aerococcus viridans, Streptococcus iniae, and some strains of Streptococcus pyogenes where it appears to contribute to virulence.
NF005364.0	equivalog		acetolactate synthase 3 large subunit		no_ec	664	LACTATE	lactate	24	lactate_racemisation;propionate_formation_acrylate	0		
NF002055.0	equivalog		2-phosphosulfolactate phosphatase family protein		no_ec	573	LACTATE	lactate	24	lactate_racemisation;propionate_formation_acrylate	0		This bacterial enzyme is related to archaeal 2-phosphosulfolactate phosphatase, involved in biosynthesis of coenzyme M, a cofactor involved in methanogenesis in the archaea. It may differ in function.
NF005221.0	equivalog		S-adenosylhomocysteine nucleosidase		no_ec	540	HOMOCYSTEINE	homocysteine	24	cysteine_biosynthesis_homocysteine	0		
NF001218.0	equivalog		mannosyl-3-phosphoglycerate phosphatase		no_ec	456	PG3	3-phosphoglycerate	24	serine_biosynthesis	0		
NF041783.2	equivalog	qrcB	menaquinone reductase molybdopterin-binding-like subunit QrcB		no_ec	325	MENAQUINONE	menaquinone	24	menaquinone_biosynthesis	0		
NF005213.0	equivalog		bifunctional 5'-methylthioadenosine/S-adenosylhomocysteine nucleosidase/phosphatase		no_ec	307	HOMOCYSTEINE	homocysteine	24	cysteine_biosynthesis_homocysteine	0		
NF004919.0	equivalog		acetolactate synthase large subunit		no_ec	297	LACTATE	lactate	24	lactate_racemisation;propionate_formation_acrylate	0		
NF041784.1	equivalog	qrcD	menaquinone reductase integral membrane subunit QrcD		no_ec	296	MENAQUINONE	menaquinone	24	menaquinone_biosynthesis	0		
NF041782.1	equivalog	qrcC	menaquinone reductase iron-sulfur cluster-binding subunit QrcC	1.97.-.-	partial_ec_only	267	MENAQUINONE	menaquinone	24	menaquinone_biosynthesis	0		
NF002053.0	equivalog		2-phosphosulfolactate phosphatase family protein		no_ec	258	LACTATE	lactate	24	lactate_racemisation;propionate_formation_acrylate	0		This bacterial enzyme is related to archaeal 2-phosphosulfolactate phosphatase, involved in biosynthesis of coenzyme M, a cofactor involved in methanogenesis in the archaea. It may differ in function.
NF041781.1	equivalog	qrcA	menaquinone reductase multiheme cytochrome c subunit QrcA	1.97.-.-	partial_ec_only	234	MENAQUINONE	menaquinone	24	menaquinone_biosynthesis	0		
NF010700.0	equivalog		2-phosphosulfolactate phosphatase		no_ec	210	LACTATE	lactate	24	lactate_racemisation;propionate_formation_acrylate	0		Catalyzes the formation of (2R)-3-sulfolactate from (2R)-2-phospho-3-sulfolactate
NF004710.0	equivalog		acetolactate synthase large subunit		no_ec	165	LACTATE	lactate	24	lactate_racemisation;propionate_formation_acrylate	0		
NF005522.0	equivalog		5'-methylthioadenosine/S-adenosylhomocysteine nucleosidase		no_ec	130	HOMOCYSTEINE	homocysteine	24	cysteine_biosynthesis_homocysteine	0		
NF001217.0	equivalog		mannosyl-3-phosphoglycerate phosphatase		no_ec	97	PG3	3-phosphoglycerate	24	serine_biosynthesis	0		
NF007202.0	equivalog		3-methyl-2-oxobutanoate dehydrogenase subunit delta		no_ec	87	OXOISOVALERATE	3-methyl-2-oxobutanoate	24	leucine_biosynthesis;oxoisovalerate_biosynthesis;pantothenate_biosynthesis;valine_biosynthesis	0		
NF001216.0	equivalog		mannosyl-3-phosphoglycerate phosphatase		no_ec	68	PG3	3-phosphoglycerate	24	serine_biosynthesis	0		
NF005039.0	equivalog		acetolactate synthase large subunit		no_ec	63	LACTATE	lactate	24	lactate_racemisation;propionate_formation_acrylate	0		
NF002054.0	equivalog		2-phosphosulfolactate phosphatase family protein		no_ec	61	LACTATE	lactate	24	lactate_racemisation;propionate_formation_acrylate	0		This bacterial enzyme is related to archaeal 2-phosphosulfolactate phosphatase, involved in biosynthesis of coenzyme M, a cofactor involved in methanogenesis in the archaea. It may differ in function.
NF006349.0	equivalog		5-methyltetrahydropteroyltriglutamate--homocysteine methyltransferase		no_ec	55	HOMOCYSTEINE	homocysteine	24	cysteine_biosynthesis_homocysteine	0		
NF038358.1	equivalog		CMP-5'-phosphonoformate--3-phosphoglycerate phosphonoformyl transferase		no_ec	49	PG3	3-phosphoglycerate	24	serine_biosynthesis	0		Members of this family, including founding member PhpG, are inferred to be the enzyme CMP-5'-phosphonoformate--3-phosphoglycerate phosphonoformyl transferase, conserved in a number of phosphonate natural product biosynthesis pathways.
NF002052.0	equivalog		2-phosphosulfolactate phosphatase family protein		no_ec	45	LACTATE	lactate	24	lactate_racemisation;propionate_formation_acrylate	0		This bacterial enzyme is related to archaeal 2-phosphosulfolactate phosphatase, involved in biosynthesis of coenzyme M, a cofactor involved in methanogenesis in the archaea. It may differ in function.
NF001215.0	equivalog		mannosyl-3-phosphoglycerate phosphatase		no_ec	42	PG3	3-phosphoglycerate	24	serine_biosynthesis	0		
NF002057.0	equivalog		2-phosphosulfolactate phosphatase family protein		no_ec	36	LACTATE	lactate	24	lactate_racemisation;propionate_formation_acrylate	0		This bacterial enzyme is related to archaeal 2-phosphosulfolactate phosphatase, involved in biosynthesis of coenzyme M, a cofactor involved in methanogenesis in the archaea. It may differ in function.
NF006350.0	equivalog		5-methyltetrahydropteroyltriglutamate--homocysteine methyltransferase		no_ec	26	HOMOCYSTEINE	homocysteine	24	cysteine_biosynthesis_homocysteine	0		
NF009342.0	equivalog		mannosyl-3-phosphoglycerate phosphatase		no_ec	26	PG3	3-phosphoglycerate	24	serine_biosynthesis	0		
NF006348.0	equivalog		5-methyltetrahydropteroyltriglutamate--homocysteine methyltransferase		no_ec	14	HOMOCYSTEINE	homocysteine	24	cysteine_biosynthesis_homocysteine	0		
TIGR03939.1	equivalog	pgaA	poly-beta-1,6 N-acetyl-D-glucosamine export porin PgaA		no_ec	14462	GLCNAC	n-acetyl-d-glucosamine	25	chitin_degradation;glcnac_degradation	0		Members of this protein family are the poly-beta-1,6 N-acetyl-D-glucosamine (PGA) export porin PgaA of Gram-negative bacteria. There is no counterpart in the poly-beta-1,6 N-acetyl-D-glucosamine biosynthesis systems of Gram-positive bacteria such as Staphylococcus epidermidis. The PGA polysaccharide adhesin is a critical determinant of biofilm formation. The conserved C-terminal domain of this outer membrane protein is preceded by a variable number of TPR repeats.
TIGR03938.2	equivalog	pgaB	poly-beta-1,6-N-acetyl-D-glucosamine N-deacetylase PgaB		no_ec	13494	GLCNAC	n-acetyl-d-glucosamine	25	chitin_degradation;glcnac_degradation	0		Two well-characterized systems produce polysaccharide based on N-acetyl-D-glucosamine in straight chains with beta-1,6 linkages. These are encoded by the icaADBC operon in Staphylococcus species, where the system is designated polysaccharide intercellular adhesin (PIA), and the pgaABCD operon in Gram-negative bacteria such as E. coli. Both systems include a putative polysaccharide deacetylase. The PgaB protein, described here, contains an additional domain lacking from its Gram-positive counterpart IcaB (TIGR03933). Deacetylation by this protein appears necessary to allow export through the porin PgaA
TIGR03937.1	equivalog	pgaC	poly-beta-1,6-N-acetyl-D-glucosamine synthase		no_ec	9005	GLCNAC	n-acetyl-d-glucosamine	25	chitin_degradation;glcnac_degradation	0		Members of this protein family are biofilm-forming enzymes that polymerize N-acetyl-D-glucosamine residues in beta(1,6) linkage. One named members is IcaA (intercellular adhesin protein A), an enzyme that acts (with aid of subunit IcaD) in Polysaccharide Intercellular Adhesin (PIA) biosynthesis in Staphylococcus epidermis). The homologous member in E. coli is designated PgaC. Members are often encoded next to a polysaccharide deacetylase and involved in biofilm formation. Note that chitin, although also made from N-acetylglucosamine, is formed with beta-1,4 linkages.
NF007468.0	equivalog	pgaA	poly-beta-1,6 N-acetyl-D-glucosamine export porin PgaA		no_ec	8037	GLCNAC	n-acetyl-d-glucosamine	25	chitin_degradation;glcnac_degradation	0		Outer membrane protein essential for the synthesis of poly-beta-1,6-N-acetyl-D-glucosamine (PGA); adhesin required for biofilm formation; PgaA (HmsH) seems to translocate and/or dock PGA to the cell surface
NF011177.0	equivalog	pgaB	poly-beta-1,6-N-acetyl-D-glucosamine N-deacetylase PgaB	3.5.1.-	partial_ec_only	5744	GLCNAC	n-acetyl-d-glucosamine	25	chitin_degradation;glcnac_degradation	0		
TIGR03940.1	equivalog	pgaD	poly-beta-1,6-N-acetyl-D-glucosamine biosynthesis protein PgaD		no_ec	5440	GLCNAC	n-acetyl-d-glucosamine	25	chitin_degradation;glcnac_degradation	0		Members of this protein family are PgaD, essential to the production of poly-beta-1,6-N-acetyl-D-glucosamine (PGA). This cytoplasmic membrane protein appears to be an auxiliary subunit to the PGA synthase, PgaC (TIGR03937).
NF011179.0	equivalog	pgaD	poly-beta-1,6-N-acetyl-D-glucosamine biosynthesis protein PgaD		no_ec	853	GLCNAC	n-acetyl-d-glucosamine	25	chitin_degradation;glcnac_degradation	0		
NF011176.0	equivalog	pgaB	poly-beta-1,6-N-acetyl-D-glucosamine N-deacetylase PgaB	3.5.1.-	partial_ec_only	387	GLCNAC	n-acetyl-d-glucosamine	25	chitin_degradation;glcnac_degradation	0		
NF011180.0	equivalog	pgaD	poly-beta-1,6-N-acetyl-D-glucosamine biosynthesis protein PgaD		no_ec	365	GLCNAC	n-acetyl-d-glucosamine	25	chitin_degradation;glcnac_degradation	0		
NF011172.0	equivalog	pgaA	poly-beta-1,6 N-acetyl-D-glucosamine export porin PgaA		no_ec	176	GLCNAC	n-acetyl-d-glucosamine	25	chitin_degradation;glcnac_degradation	0		
TIGR02465.1	equivalog		chlorocatechol 1,2-dioxygenase		no_ec	52	CATECHOL	catechol	25	anthranilate_degradation_catechol;benzoate_degradation_catechol;catechol_meta_cleavage;catechol_ortho_cleavage;phenol_hydroxylation	0		Members of this protein family are chlorocatechol 1,2-dioxygenase. This protein is closely related to catechol 1,2-dioxygenase, TIGR02439, EC 1.13.11.1. Note that annotated database entries have appeared for the present protein family with the EC number that refers to that of family TIGR02439. This protein acts in pathways of the biodegradation of chlorinated aromatic compounds.
NF009836.0	equivalog		N-acetyl-D-glucosamine kinase		no_ec	10	GLCNAC	n-acetyl-d-glucosamine	25	chitin_degradation;glcnac_degradation	0		
TIGR01580.1	equivalog		nitrate reductase subunit alpha	1.7.99.4	ec_without_rhea	46994	NITRATE	nitrate	26	nitrate_assimilation	0		The Nitrate reductase enzyme complex allows bacteria to use nitrate as an electron acceptor during anaerobic growth. The enzyme complex consists of a tetramer that has an alpha, beta and 2 gamma subunits. The alpha and beta subunits have catalytic activity and the gamma subunits attach the enzyme to the membrane and is a b-type cytochrome that receives electrons from the quinone pool and transfers them to the beta subunit. This model is specific for the alpha subunit for nitrate reductase I (narG) and nitrate reductase II (narZ) for gram positive and gram negative bacteria.A few thermophiles and archaea also match the model The seed members used to make the model include Nitrate reductases from Pseudomonas fluorescens (GP:11344601), E.coli (SP:P09152) and B.subtilis (SP:P42175). All seed members are experimentally characterized. Some unpublished nitrate reductases, that are shorter sequences, and probably fragments fall in between the noise and trusted cutoffs. Pfam models PF00384 (Molybdopterin oxidoreductase) and PF01568(Molydopterin dinucleotide binding domain) will also match the nitrate reductase, alpha subunit.
TIGR01660.1	equivalog	narH	nitrate reductase subunit beta	1.7.99.4	ec_without_rhea	29121	NITRATE	nitrate	26	nitrate_assimilation	0		The Nitrate reductase enzyme complex allows bacteria to use nitrate as an electron acceptor during anaerobic growth. The enzyme complex consists of a tetramer that has an alpha, beta and 2 gamma subunits. The alpha and beta subunits have catalytic activity and the gamma subunits attach the enzyme to the membrane and is a b-type cytochrome that receives electrons from the quinone pool and transfers them to the beta subunit. This model is specific for the beta subunit for nitrate reductase I (narH) and nitrate reductase II (narY) for gram positive and gram negative bacteria.A few thermophiles and archaea also match the model.The seed members used in this model are all experimentally characterized and include the following:SP:P11349, and SP:P19318, both E.Coli (NarH and NarY respectively), SP:P42176 from B. Subtilis, GP:11344602 from Psuedomonas fluorescens,GP:541762 from Paracoccus denitrificans, and GP:18413622 from Halomonas halodenitrificans. This HMM also matches PFAM PF00037 for 4Fe-4S binding domain.
TIGR00684.1	equivalog	narJ	nitrate reductase molybdenum cofactor assembly chaperone		no_ec	27938	NITRATE	nitrate	26	nitrate_assimilation	0		This protein is termed NarJ in most species that have a single copy, and has been called the delta subunit of nitrate reductase. However, although it is required for correct assembly of active enzyme, it dissociates and is not part of the enzyme. Two hits to this HMM are found each in E. coli and in Mycobacterium tuberculosis, but in each case duplication to create paralogs appears to be recent. The NarX protein of Mycobacterium tuberculosis includes one of these paralogs as a domain, fused to structural domains of nitrate reductases before and after the NarJ-homologous region.
TIGR00351.1	equivalog	narI	respiratory nitrate reductase subunit gamma	1.7.99.4	ec_without_rhea	23383	NITRATE	nitrate	26	nitrate_assimilation	0		Involved in anerobic respiration the gene product catalyzes the reaction (reduced acceptor + NO3- = Acceptor + nitrite). Another possible role_id for this gene product is in nitrogen fixation (Role_id:160).
NF010055.0	equivalog	napA	nitrate reductase catalytic subunit NapA		no_ec	14576	NITRATE	nitrate	26	nitrate_assimilation	0		With NapBC catalyzes the reduction of nitrate to nitrite; NapAB receives electrons from NapC
TIGR01706.1	equivalog	napA	periplasmic nitrate reductase subunit alpha	1.7.99.4	ec_without_rhea	14520	NITRATE	nitrate	26	nitrate_assimilation	0		This model represents the large subunit of a family of nitrate reductases found in proteobacteria which are localized to the periplasm. This subunit binds molybdopterin and contains a twin-arginine motif at the N-terminus. The protein associates with NapB, a soluble heme-containing protein and NapC, a membrane-bound cytochrome c. The periplasmic nitrate reductases are not involved in the assimilation of nitrogen, and are not directly involved in the formation of electrochemical gradients (i.e. respiration) either. Rather, the purpose of this enzyme is either dissimilatory (i.e. to dispose of excess reductive equivalents) or indirectly respiratory by virtue of the consumption of electrons derived from NADH via the proton translocating NADH dehydrogenase [4]. The enzymes from Alicagenes eutrophus [1] and Paracoccus pantotrophus [2] have been characterized. In E. coli [3] (as well as other organisms) this gene is part of a large nitrate reduction operon (napFDAGHBC).
TIGR01183.1	equivalog	ntrB	nitrate ABC transporter permease		no_ec	12813	NITRATE	nitrate	26	nitrate_assimilation	0		This model describes the nitrate transport permease in bacteria. This is gene product of ntrB. The nitrate transport permease is the integral membrane component of the nitrate transport system and belongs to the ATP-binding cassette (ABC) superfamily. At least in photosynthetic bacteria nitrate assimilation is aided by other proteins derived from the operon which among others include products of ntrA, ntrB, ntrC, ntrD, narB. Functionally ntrC and ntrD resemble the ATP binding components of the binding protein-dependent transport systems. Mutational studies have shown that ntrB and ntrC are mandatory for nitrate accumulation. Nitrate reductase is encoded by narB.
NF047855.1	equivalog	nasC	assimilatory nitrate reductase catalytic subunit NasC	1.7.-.-	partial_ec_only	2697	NITRATE	nitrate	26	nitrate_assimilation	0		
NF011628.0	equivalog	narW	nitrate reductase molybdenum cofactor assembly chaperone		no_ec	2696	NITRATE	nitrate	26	nitrate_assimilation	0		Involved in assembly of nitrate reductase 2
TIGR02973.1	equivalog	napE	periplasmic nitrate reductase, NapE protein		no_ec	1599	NITRATE	nitrate	26	nitrate_assimilation	0		NapE, homologous to TorE (TIGR02972), is a membrane protein of unknown function that is part of the periplasmic nitrate reductase system; it may be part of the enzyme complex. The periplasmic nitrate reductase allows for nitrate respiration in anaerobic conditions.
NF007708.0	equivalog	narP	nitrate/nitrite response regulator protein NarP		no_ec	857	NITRATE	nitrate	26	nitrate_assimilation	0		NarP is phosphorylated by NarX and NarQ and can activate fdnG and nitrite or nitrate reductase systems; represses expression of other anaerobic genes
NF038250.1	equivalog	nreA	nitrate respiration regulation accessory nitrate sensor NreA		no_ec	485	NITRATE	nitrate	26	nitrate_assimilation	0		NreA is a nitrate-binding, GAF domain-containing accessory protein to the two-component system NreBC. It is involved in the regulation of the the nitrate reductase operon narGHJI.
NF011623.0	equivalog	ansP	L-asparagine permease		no_ec	4265	ASPARAGINE	l-asparagine	29	asparagine_biosynthesis	0		Involved in the transport of L-asparagine
NF005052.0	equivalog		asparagine synthetase A		no_ec	1995	ASPARAGINE	asparagine	29	asparagine_biosynthesis	0		
TIGR02661.1	equivalog	mauD	methylamine dehydrogenase accessory protein MauD		no_ec	1536	METHYLAMINE	methylamine	29	methylamine_degradation	0		This protein, MauD, appears critical to proper formation of the small subunit of methylamine dehydrogenase, which has both an unusual tryptophan tryptophylquinone cofactor and multiple disulfide bonds. MauD shares sequence similarity, including a CPxC motif, with a number of thiol:disulfide interchange proteins. In MauD mutants, the small subunit apparently does not form properly and is rapidly degraded.
NF005054.0	equivalog		asparagine synthetase A		no_ec	390	ASPARAGINE	asparagine	29	asparagine_biosynthesis	0		
NF041607.1	equivalog	mtbC	dimethylamine corrinoid protein MtbC		no_ec	209	METHYLAMINE	methylamine	29	methylamine_degradation	0		
NF005053.0	equivalog		asparagine synthetase A		no_ec	105	ASPARAGINE	asparagine	29	asparagine_biosynthesis	0		
NF005055.0	equivalog		asparagine synthetase A		no_ec	49	ASPARAGINE	asparagine	29	asparagine_biosynthesis	0		
NF007711.0	equivalog	ygaH	L-valine transporter subunit YgaH		no_ec	1798	VALINE	l-valine	30	valine_biosynthesis	0		
TIGR02121.1	equivalog	putP	sodium/proline symporter PutP		no_ec	34521	PROLINE	proline	31	proline_biosynthesis;proline_reduction_stickland	0		This family consists of the sodium/proline symporter (proline permease) from a number of Gram-negative and Gram-positive bacteria and from the archaeal genus Methanosarcina. Using the related pantothenate permease as an outgroup, candidate sequences from Bifidobacterium longum and several from archaea are found to be outside the clade defined by known proline permeases. These sequences, scoring between 570 and -40, define the range between trusted and noise cutoff scores.
NF008772.0	equivalog	putA	trifunctional transcriptional regulator/proline dehydrogenase/L-glutamate gamma-semialdehyde dehydrogenase		no_ec	26449	PROLINE	proline	31	proline_biosynthesis;proline_reduction_stickland	0		
NF007927.0	equivalog	proP	glycine betaine/L-proline transporter ProP		no_ec	14797	PROLINE	l-proline	31	proline_biosynthesis;proline_reduction_stickland	0		
NF008334.0	equivalog	proX	glycine betaine/L-proline ABC transporter substrate-binding protein ProX		no_ec	9545	PROLINE	l-proline	31	proline_biosynthesis;proline_reduction_stickland	0		With ProVW, part of the high-affinity transport system for the osmoprotectant glycine betaine
NF008196.0	equivalog	proW	glycine betaine/L-proline ABC transporter permease ProW		no_ec	7919	PROLINE	l-proline	31	proline_biosynthesis;proline_reduction_stickland	0		With ProVX is involved in the high-affinity uptake of glycine betaine
NF007480.0	equivalog	proV	glycine betaine/L-proline ABC transporter ATP-binding protein ProV		no_ec	7127	PROLINE	l-proline	31	proline_biosynthesis;proline_reduction_stickland	0		With ProWX is involved in the high-affinity uptake of glycine betaine
NF011948.0	equivalog	putP	sodium/proline symporter PutP		no_ec	3583	PROLINE	proline	31	proline_biosynthesis;proline_reduction_stickland	0		Involved in the sodium dependent uptake of proline
NF007876.0	equivalog	proY	proline-specific permease ProY		no_ec	3128	PROLINE	proline	31	proline_biosynthesis;proline_reduction_stickland	0		
NF045945.1	equivalog	pepI	proline iminopeptidase	3.4.11.5	ec_without_rhea	1815	PROLINE	proline	31	proline_biosynthesis;proline_reduction_stickland	0		
TIGR04481.1	equivalog	prdC	proline reductase-associated electron transfer protein PrdC		no_ec	1229	PROLINE	proline	31	proline_biosynthesis;proline_reduction_stickland	0		Members of this family are encoded near the prdA and prdB genes for proteins of the proline reductase complex, are induced by proline, and are designated PrdC by Bouillaut, et al. Some members are selenoproteins (at two different positions), as is PrdB. Members are homologous to, but distinct from, electron transport protein RnfC.
NF053724.1	equivalog_domain		Rv3103c family proline-rich protein		no_ec	798	PROLINE	proline	31	proline_biosynthesis;proline_reduction_stickland	0		This HMM describes the highly conserved core domain, located toward the N-terminus, of a threonine and proline-rich protein that occurs in Mycobacterium tuberculosis and related species. Founding member Rv3103c (called MRA_3135 in a different strain) from M. tuberculosis is essential for growth as a pathogen in vivo. Members regularly are found encoded just upstream of the cell division protein FtsE, and some forms of ftsE transcript actually overlap that of Rv3103c.
TIGR04482.1	equivalog	prdD	proline reductase cluster protein PrdD		no_ec	768	PROLINE	proline	31	proline_biosynthesis;proline_reduction_stickland	0		Members of this family are PrdD, encoded in the proline reductase gene cluster. Members are closely homologous to PrdA, which cleaves during maturation to create two subunits of the subunits of the proline reductase complex, one of which has a Cys-derived pyruvoyl active site.
NF043069.1	equivalog		trans-4-hydroxy-L-proline dehydratase activase		no_ec	655	PROLINE	l-proline	31	proline_biosynthesis;proline_reduction_stickland	0		Members of this family are radical SAM enzymes that activate the glycyl radical enzyme HYPD (trans-4-hydroxy-L-proline dehydratase).
NF045948.1	equivalog	pip	proline iminopeptidase	3.4.11.5	ec_without_rhea	23	PROLINE	proline	31	proline_biosynthesis;proline_reduction_stickland	0		
TIGR00273.1	equivalog		LutB/LldF family L-lactate oxidation iron-sulfur protein		no_ec	29634	LACTATE_L	lactate	32	lactate_formation;lactate_formation_lactaldehyde;lactate_racemisation;malolactic_fermentation	0		Members of this family, including LutB from Bacillus subtilis and LldF from Shewanella oneidensis, have a perfect 4Fe-4S binding motif C-x(2)-C-x(2)-C-x(3)-CP followed by either a perfect or imperfect (the first Cys replaced by Ser) second copy. Members probably bind two 4fe-4S iron-sulfur clusters, and are involved in lactate utilization.
NF049980.1	equivalog		L-lactate MFS transporter		no_ec	22305	LACTATE_L	lactate	32	lactate_formation;lactate_formation_lactaldehyde;lactate_racemisation;malolactic_fermentation	0		
NF005860.0	equivalog		acetolactate synthase large subunit		no_ec	18047	LACTATE_L	lactate	32	lactate_formation;lactate_formation_lactaldehyde;lactate_racemisation;malolactic_fermentation	0		
NF005058.0	equivalog		acetolactate synthase 3 large subunit		no_ec	12941	LACTATE_L	lactate	32	lactate_formation;lactate_formation_lactaldehyde;lactate_racemisation;malolactic_fermentation	0		
NF005760.0	equivalog		acetolactate synthase large subunit		no_ec	9649	LACTATE_L	lactate	32	lactate_formation;lactate_formation_lactaldehyde;lactate_racemisation;malolactic_fermentation	0		
NF007504.0	equivalog		malate/lactate/ureidoglycolate dehydrogenase		no_ec	7727	LACTATE_L	lactate	32	lactate_formation;lactate_formation_lactaldehyde;lactate_racemisation;malolactic_fermentation	0		
NF006525.0	equivalog		acetolactate synthase 3 large subunit		no_ec	5844	LACTATE_L	lactate	32	lactate_formation;lactate_formation_lactaldehyde;lactate_racemisation;malolactic_fermentation	0		
NF006016.1	equivalog	ilvB	acetolactate synthase large subunit		no_ec	5778	LACTATE_L	lactate	32	lactate_formation;lactate_formation_lactaldehyde;lactate_racemisation;malolactic_fermentation	0		
NF007740.0	equivalog	lldP	L-lactate permease		no_ec	4860	LACTATE_L	lactate	32	lactate_formation;lactate_formation_lactaldehyde;lactate_racemisation;malolactic_fermentation	0		gene synonym: lctP
NF033504.2	equivalog	larA	nickel-dependent lactate racemase		no_ec	3940	LACTATE_L	lactate	32	lactate_formation;lactate_formation_lactaldehyde;lactate_racemisation;malolactic_fermentation	0		LarA from Lactobacillus plantarum is a nickel-dependent lactate racemase and the founding member of a family of isomerases that depend on a nicotinic acid-derived nickel pincer cofactor. While it is not yet clear which homologs of LarA act preferentially on lactate, this model identifies one clade of architecurally similar proteins from among a broader set of LarA homologs. Note that the crystal structure 4NAR, on deposit at PDB but not associated with any publication, represents a protein from Thermotoga maritima that falls outside the scope of this family and that is annotated in PDB as a putative uronate isomerase.
NF005409.0	equivalog		acetolactate synthase 3 catalytic subunit		no_ec	3682	LACTATE_L	lactate	32	lactate_formation;lactate_formation_lactaldehyde;lactate_racemisation;malolactic_fermentation	0		
NF005824.0	equivalog	ilvB	acetolactate synthase large subunit		no_ec	2942	LACTATE_L	lactate	32	lactate_formation;lactate_formation_lactaldehyde;lactate_racemisation;malolactic_fermentation	0		
NF005584.0	equivalog		acetolactate synthase large subunit		no_ec	1614	LACTATE_L	lactate	32	lactate_formation;lactate_formation_lactaldehyde;lactate_racemisation;malolactic_fermentation	0		
NF006319.0	equivalog		acetolactate synthase large subunit		no_ec	1498	LACTATE_L	lactate	32	lactate_formation;lactate_formation_lactaldehyde;lactate_racemisation;malolactic_fermentation	0		
NF045670.1	equivalog	ldhH	L-lactate dehydrogenase (quinone) large subunit LdhH	1.1.2.-	partial_ec_only	1018	LACTATE_L	lactate	32	lactate_formation;lactate_formation_lactaldehyde;lactate_racemisation;malolactic_fermentation	0		Members of this family, such as founding protein DVU3033 from Desulfovibrio vulgaris Hildenborough, contain an N-terminal lactate utilization (LUD) domain (see PF02589) as found in lactate utilization proteins LutB and LutC in Bacillus subtilis, but also a C-terminal GlpC-like domain. This enzyme differs from both NAD-dependent and cytochrome-dependent L-lactate dehydrogenases.
NF002056.0	equivalog		2-phosphosulfolactate phosphatase family protein		no_ec	935	LACTATE_L	lactate	32	lactate_formation;lactate_formation_lactaldehyde;lactate_racemisation;malolactic_fermentation	0		This bacterial enzyme is related to archaeal 2-phosphosulfolactate phosphatase, involved in biosynthesis of coenzyme M, a cofactor involved in methanogenesis in the archaea. It may differ in function.
NF005228.0	equivalog	ilvB	acetolactate synthase large subunit		no_ec	868	LACTATE_L	lactate	32	lactate_formation;lactate_formation_lactaldehyde;lactate_racemisation;malolactic_fermentation	0		
TIGR02708.1	equivalog	lctO	L-lactate oxidase		no_ec	672	LACTATE_L	lactate	32	lactate_formation;lactate_formation_lactaldehyde;lactate_racemisation;malolactic_fermentation	0		Members of this protein oxidize L-lactate to pyruvate, reducing molecular oxygen to hydrogen peroxide. The enzyme is known in Aerococcus viridans, Streptococcus iniae, and some strains of Streptococcus pyogenes where it appears to contribute to virulence.
NF005364.0	equivalog		acetolactate synthase 3 large subunit		no_ec	664	LACTATE_L	lactate	32	lactate_formation;lactate_formation_lactaldehyde;lactate_racemisation;malolactic_fermentation	0		
NF002055.0	equivalog		2-phosphosulfolactate phosphatase family protein		no_ec	573	LACTATE_L	lactate	32	lactate_formation;lactate_formation_lactaldehyde;lactate_racemisation;malolactic_fermentation	0		This bacterial enzyme is related to archaeal 2-phosphosulfolactate phosphatase, involved in biosynthesis of coenzyme M, a cofactor involved in methanogenesis in the archaea. It may differ in function.
NF004919.0	equivalog		acetolactate synthase large subunit		no_ec	297	LACTATE_L	lactate	32	lactate_formation;lactate_formation_lactaldehyde;lactate_racemisation;malolactic_fermentation	0		
NF002053.0	equivalog		2-phosphosulfolactate phosphatase family protein		no_ec	258	LACTATE_L	lactate	32	lactate_formation;lactate_formation_lactaldehyde;lactate_racemisation;malolactic_fermentation	0		This bacterial enzyme is related to archaeal 2-phosphosulfolactate phosphatase, involved in biosynthesis of coenzyme M, a cofactor involved in methanogenesis in the archaea. It may differ in function.
NF010700.0	equivalog		2-phosphosulfolactate phosphatase		no_ec	210	LACTATE_L	lactate	32	lactate_formation;lactate_formation_lactaldehyde;lactate_racemisation;malolactic_fermentation	0		Catalyzes the formation of (2R)-3-sulfolactate from (2R)-2-phospho-3-sulfolactate
NF004710.0	equivalog		acetolactate synthase large subunit		no_ec	165	LACTATE_L	lactate	32	lactate_formation;lactate_formation_lactaldehyde;lactate_racemisation;malolactic_fermentation	0		
NF005039.0	equivalog		acetolactate synthase large subunit		no_ec	63	LACTATE_L	lactate	32	lactate_formation;lactate_formation_lactaldehyde;lactate_racemisation;malolactic_fermentation	0		
NF002054.0	equivalog		2-phosphosulfolactate phosphatase family protein		no_ec	61	LACTATE_L	lactate	32	lactate_formation;lactate_formation_lactaldehyde;lactate_racemisation;malolactic_fermentation	0		This bacterial enzyme is related to archaeal 2-phosphosulfolactate phosphatase, involved in biosynthesis of coenzyme M, a cofactor involved in methanogenesis in the archaea. It may differ in function.
NF002052.0	equivalog		2-phosphosulfolactate phosphatase family protein		no_ec	45	LACTATE_L	lactate	32	lactate_formation;lactate_formation_lactaldehyde;lactate_racemisation;malolactic_fermentation	0		This bacterial enzyme is related to archaeal 2-phosphosulfolactate phosphatase, involved in biosynthesis of coenzyme M, a cofactor involved in methanogenesis in the archaea. It may differ in function.
NF002057.0	equivalog		2-phosphosulfolactate phosphatase family protein		no_ec	36	LACTATE_L	lactate	32	lactate_formation;lactate_formation_lactaldehyde;lactate_racemisation;malolactic_fermentation	0		This bacterial enzyme is related to archaeal 2-phosphosulfolactate phosphatase, involved in biosynthesis of coenzyme M, a cofactor involved in methanogenesis in the archaea. It may differ in function.
NF041676.1	equivalog	fecA	TonB-dependent Fe(3+) dicitrate receptor FecA		no_ec	6446	CITRATE	citrate	33	citrate_fermentation	0		
NF010638.0	equivalog		citrate synthase		no_ec	4009	CITRATE	citrate	33	citrate_fermentation	0		Forms citrate from oxaloacetate and acetyl-CoA; functions in TCA cycle, glyoxylate cycle and respiration
NF008409.0	equivalog	fecE	Fe(3+) dicitrate ABC transporter ATP-binding protein FecE	7.2.2.-	partial_ec_only	2573	CITRATE	citrate	33	citrate_fermentation	0		Part of the FecBCDE citrate-dependent iron (III) transport system
NF007296.1	equivalog	fecR	ferric citrate uptake sigma factor regulator FecR		no_ec	1973	CITRATE	citrate	33	citrate_fermentation	0		With FecA forms the FecAR signal transduction system; ferric citrate binds FecA and transmits a signal across the outer membrane to FecR. FecR undergoes multiple cleavages, including by the intramembrane protease RseP, to transmit signal across the cytoplasmic membrane and activate the ECF-type sigma factor FecI that directs the RNA polymerase to express the fecABCDE operon. Because FecR is reported to have anti-sigma factor activity as well as pro-sigma factor activity, it is given a more general name of sigma factor regulator.
NF008407.0	equivalog	fecC	iron-dicitrate ABC transporter permease FecC	7.2.2.-	partial_ec_only	1918	CITRATE	citrate	33	citrate_fermentation	0		Part of the FecBCDE citrate-dependent iron (III) transport system
NF009004.0	equivalog	mmgD	citrate synthase		no_ec	1845	CITRATE	citrate	33	citrate_fermentation	0		Forms citrate from oxaloacetate and acetyl-CoA; functions in TCA cycle, glyoxylate cycle and respiration
NF007299.0	equivalog	fecD	Fe(3+) dicitrate ABC transporter permease subunit FecD	7.2.2.-	partial_ec_only	1703	CITRATE	citrate	33	citrate_fermentation	0		Part of the FecBCDE citrate-dependent iron (III) transport system
NF047851.1	equivalog	tcp	methyl-accepting chemotaxis citrate transducer		no_ec	1473	CITRATE	citrate	33	citrate_fermentation	0		
NF010639.0	equivalog		citrate synthase		no_ec	1462	CITRATE	citrate	33	citrate_fermentation	0		Forms citrate from oxaloacetate and acetyl-CoA; functions in TCA cycle, glyoxylate cycle and respiration
NF047943.1	equivalog	citS	citrate/sodium symporter CitS		no_ec	1071	CITRATE	citrate	33	citrate_fermentation	0		
NF041727.1	equivalog	fecI	ferric citrate uptake sigma factor FecI		no_ec	997	CITRATE	citrate	33	citrate_fermentation	0		FecI is an RNA polymerase (RNAP) sigma factor, that is of the ECF (sigma-70) type that works specifically in enabling transcription of the fec (ferric citrate uptake) operon. Sigma factors are interchangeable adapter subunits of the RNAP holoenzyme. The activity of ECF (extracytoplasmic function) sigma factors may be modulated by membrane-spanning regulatory factors that undergo cleave in response to conditions sensed outside the plasma membrane. FecI is regulated by the sigma factor regulator FecR, which has pro-sigma but reportedly also anti-sigma factor activity.
TIGR03999.1	equivalog	bshA	N-acetyl-alpha-D-glucosaminyl L-malate synthase BshA		no_ec	11505	MALATE	malate	34	glyoxylate_bypass;malolactic_fermentation	0		Members of this protein family are BshA, a glycosyltransferase required for bacillithiol biosynthesis. This enzyme combines UDP-GlcNAc and L-malate to form N-acetyl-alpha-D-glucosaminyl L-malate synthase. Bacillithiol is a low-molecular-weight thiol, an analog of glutathione and mycothiol, and is found largely in the Firmicutes.
NF007504.0	equivalog		malate/lactate/ureidoglycolate dehydrogenase		no_ec	7727	MALATE	malate	34	glyoxylate_bypass;malolactic_fermentation	0		
NF007823.0	equivalog	rhtA	threonine/homoserine exporter RhtA		no_ec	6720	THREONINE	threonine	34	threonine_biosynthesis;threonine_deamination	0		
NF006389.0	equivalog	tdcB	bifunctional threonine ammonia-lyase/L-serine ammonia-lyase TdcB		no_ec	3674	THREONINE	threonine	34	threonine_biosynthesis;threonine_deamination	0		Catalyzes the formation of 2-oxobutanoate from L-threonine; catabolic
NF007591.0	equivalog	rhtC	threonine export protein RhtC		no_ec	2712	THREONINE	threonine	34	threonine_biosynthesis;threonine_deamination	0		
NF002520.0	equivalog	pdxA	4-hydroxythreonine-4-phosphate dehydrogenase PdxA		no_ec	2333	THREONINE	threonine	34	threonine_biosynthesis;threonine_deamination	0		Catalyzes oxidation of 4-(phosphohydroxy)-L-threonine into 2-amino-3-oxo-4-(phosphohydroxy)butyric acid which decarboxylates to form 1-amino-3-(phosphohydroxy)propan-2-one (3-amino-2-oxopropyl phosphate)
NF010152.0	equivalog	tdcC	threonine/serine transporter TdcC		no_ec	2313	THREONINE	threonine	34	threonine_biosynthesis;threonine_deamination	0		Involved in the import of threonine and serine in combination with the import of a proton
NF010647.0	equivalog		malate--CoA ligase subunit beta		no_ec	1754	MALATE	malate	34	glyoxylate_bypass;malolactic_fermentation	0		Catalyzes the formation of malyl-CoA from malate and CoA
NF002992.0	equivalog	pdxA	4-hydroxythreonine-4-phosphate dehydrogenase PdxA		no_ec	1717	THREONINE	threonine	34	threonine_biosynthesis;threonine_deamination	0		Catalyzes oxidation of 4-(phosphohydroxy)-L-threonine into 2-amino-3-oxo-4-(phosphohydroxy)butyric acid which decarboxylates to form 1-amino-3-(phosphohydroxy)propan-2-one (3-amino-2-oxopropyl phosphate)
NF007391.0	equivalog		threonine/serine exporter		no_ec	1538	THREONINE	threonine	34	threonine_biosynthesis;threonine_deamination	0		
NF002744.0	equivalog	pdxA	4-hydroxythreonine-4-phosphate dehydrogenase PdxA		no_ec	1468	THREONINE	threonine	34	threonine_biosynthesis;threonine_deamination	0		Catalyzes oxidation of 4-(phosphohydroxy)-L-threonine into 2-amino-3-oxo-4-(phosphohydroxy)butyric acid which decarboxylates to form 1-amino-3-(phosphohydroxy)propan-2-one (3-amino-2-oxopropyl phosphate)
NF005292.0	equivalog		threonine/serine dehydratase		no_ec	1462	THREONINE	threonine	34	threonine_biosynthesis;threonine_deamination	0		
NF047720.1	equivalog	thrE	threonine/serine exporter ThrE		no_ec	1012	THREONINE	threonine	34	threonine_biosynthesis;threonine_deamination	0		
NF052593.1	equivalog	larAH6	nickel-dependent malate racemase, LarAH6 family	5.1.2.-	partial_ec_only	663	MALATE	malate	34	glyoxylate_bypass;malolactic_fermentation	0		Members of this family are nickel-pincer nucleotide cofactor-dependent enzymes related to the lactate racemase LarA. This clade was of the LarA superfamily was designated LarAH6. Malate is a proven substrate for at least some members of this clade, but many branches of the superfamily are now understood to have considerable substrate promiscuity.
NF052433.1	equivalog	ospF	type III secretion system effector phosphothreonine lyase		no_ec	404	THREONINE	threonine	34	threonine_biosynthesis;threonine_deamination	0		
NF004996.0	equivalog		threonine synthase		no_ec	315	THREONINE	threonine	34	threonine_biosynthesis;threonine_deamination	0		
NF011781.0	equivalog		type III secretion system effector phosphothreonine lyase		no_ec	240	THREONINE	threonine	34	threonine_biosynthesis;threonine_deamination	0		
NF052595.1	equivalog	larAH5	nickel-dependent malate racemase, LarAH5 family	5.1.2.-	partial_ec_only	128	MALATE	malate	34	glyoxylate_bypass;malolactic_fermentation	0		Members of this family are nickel-pincer nucleotide cofactor-dependent enzymes related to the lactate racemase LarA. This clade was of the LarA superfamily was designated LarAH5. Malate is a proven substrate for at least some members of this clade, but many branches of the superfamily are now understood to have considerable substrate promiscuity.
NF006205.0	equivalog		threonine synthase		no_ec	105	THREONINE	threonine	34	threonine_biosynthesis;threonine_deamination	0		
TIGR01758.1	equivalog		malate dehydrogenase, NAD-dependent		no_ec	0	MALATE	malate	34	glyoxylate_bypass;malolactic_fermentation	0		This model represents the NAD-dependent cytosolic malate dehydrogenase from eukaryotes. The enzyme from pig has been studied by X-ray crystallography [1]
TIGR02018.2	equivalog	hutC	histidine utilization transcriptional repressor HutC		no_ec	22917	HISTIDINE	histidine	38	histidine_biosynthesis;histidine_degradation_glutamate	0		This HMM represents a proteobacterial histidine utilization repressor. It is usually found clustered with the enzymes HutUHIG so that it can regulate its own expression as well. A number of species have several paralogs and may fine-tune the regulation according to levels of degradation intermediates such as urocanate. This family belongs to the larger GntR family of transcriptional regulators.
NF008649.0	equivalog	uhpB	signal transduction histidine-protein kinase/phosphatase UhpB	2.7.13.3	ec_without_rhea	7482	HISTIDINE	histidine	38	histidine_biosynthesis;histidine_degradation_glutamate	0		Member of the two-component regulatory system UhpB/UhpA involved in the regulation of the uptake of hexose ph
TIGR04345.1	equivalog_domain		putative 4-mercaptohistidine N1-methyltransferase		no_ec	5557	HISTIDINE	histidine	38	histidine_biosynthesis;histidine_degradation_glutamate	0		Ovothiol A is N1-methyl-4-mercaptohistidine. In the absence of S-adenosylmethione, a methyl donor, the intermediate produced is 4-mercaptohistidine. In both Erwinia tasmaniensis and Trypanosoma cruzi, a protein occurs with 5-histidylcysteine sulfoxide synthase activity, but these two enzymes and most homologs share an additional C-terminal methyltransferase domain. Thus OvoA may be a bifunctional enzyme with 5-histidylcysteine sulfoxide synthase and 4-mercaptohistidine N1-methyltranferase activity. This model describes C-terminal putative 4-mercaptohistidine N1-methyltranferase domain.
NF011575.0	equivalog		histidine utilization repressor		no_ec	1326	HISTIDINE	histidine	38	histidine_biosynthesis;histidine_degradation_glutamate	0		
NF002838.1	equivalog	hutP	histidine utilization transcription antiterminator HutP		no_ec	1196	HISTIDINE	histidine	38	histidine_biosynthesis;histidine_degradation_glutamate	0		Regulates expression of hut operon by antitermination mechanism; forms a homohexamer; binds both magnesium and L-histidine and then binds RNA sequences within the terminator region and destabilizes the terminator structure
NF033599.1	equivalog	cntK	histidine racemase CntK		no_ec	676	HISTIDINE	histidine	38	histidine_biosynthesis;histidine_degradation_glutamate	0		CntK (cobalt and nickel transport system protein K) is a histidine racemase that performs the first step in the biosynthesis of staphylopine, a metallophore involved in the import of multiple divalent cations. It was first characterized in Staphylococcus aureus.
NF045961.1	equivalog		MAG5150 family histidine triad lipoprotein		no_ec	195	HISTIDINE	histidine	38	histidine_biosynthesis;histidine_degradation_glutamate	0		Members of this family, including founding member MAG5150 from Mycoplasma agalactiae, are lipoproteins from the Mycoplasmatota. The most conspicuous feature after the lipoprotein signal peptide is an invariant HxHSH motif.
TIGR04298.1	equivalog	hdcC	histidine-histamine antiporter		no_ec	162	HISTIDINE	histidine	38	histidine_biosynthesis;histidine_degradation_glutamate	0		Members of this protein family are antiporters that exchange histidine with histamine, product of histidine decarboxylation. A system consisting of this protein, and a histidine decarboxylase encoded by an adjacent gene, creates decarboxylation/antiport proton-motive cycle that provides a transient resistance to acidic conditions.
NF005866.0	equivalog		fumarate reductase/succinate dehydrogenase flavoprotein subunit		no_ec	11310	FUMARATE	fumarate	43	fumarate_oxaloacetate_interconversion;succinate_fumarate_interconversion	0		Part of four member succinate dehydrogenase enzyme complex that forms a trimeric complex (trimer of tetramers); SdhA/B are the catalytic subcomplex and can exhibit succinate dehydrogenase activity in the absence of SdhC/D which are the membrane components and form cytochrome b556; SdhC binds ubiquinone; oxidizes succinate to fumarate while reducing ubiquinone to ubiquinol
NF006131.0	equivalog		fumarate reductase/succinate dehydrogenase flavoprotein subunit		no_ec	11162	FUMARATE	fumarate	43	fumarate_oxaloacetate_interconversion;succinate_fumarate_interconversion	0		
NF009052.0	equivalog		succinate dehydrogenase/fumarate reductase iron-sulfur subunit		no_ec	9056	FUMARATE	fumarate	43	fumarate_oxaloacetate_interconversion;succinate_fumarate_interconversion	0		
NF010374.0	equivalog		fumarate reductase/succinate dehydrogenase flavoprotein subunit		no_ec	5845	FUMARATE	fumarate	43	fumarate_oxaloacetate_interconversion;succinate_fumarate_interconversion	0		
NF009051.0	equivalog		succinate dehydrogenase/fumarate reductase iron-sulfur subunit		no_ec	3665	FUMARATE	fumarate	43	fumarate_oxaloacetate_interconversion;succinate_fumarate_interconversion	0		
NF006383.0	equivalog		fumarate reductase flavoprotein subunit		no_ec	3644	FUMARATE	fumarate	43	fumarate_oxaloacetate_interconversion;succinate_fumarate_interconversion	0		Part of four member fumarate reductase enzyme complex FrdABCD which catalyzes the reduction of fumarate to succinate during anaerobic respiration; FrdAB are the catalytic subcomplex consisting of a flavoprotein subunit and an iron-sulfur subunit, respectively; FrdCD are the membrane components which interact with quinone and are involved in electron transfer; the catalytic subunits are similar to succinate dehydrogenase SdhAB
NF010072.0	equivalog		fumarate reductase cytochrome b subunit		no_ec	2086	FUMARATE	fumarate	43	fumarate_oxaloacetate_interconversion;succinate_fumarate_interconversion	0		Part of four member fumarate reductase enzyme complex FrdABCD which catalyzes the reduction of fumarate to succinate during anaerobic respiration; FrdAB are the catalytic subcomplex consisting of a flavoprotein subunit and an iron-sulfur subunit, respectively; FrdCD are the membrane components which interact with quinone and are involved in electron transfer; the catalytic subunits are similar to succinate dehydrogenase SdhAB
NF010071.0	equivalog		fumarate reductase iron-sulfur subunit		no_ec	2002	FUMARATE	fumarate	43	fumarate_oxaloacetate_interconversion;succinate_fumarate_interconversion	0		Part of four member fumarate reductase enzyme complex FrdABCD which catalyzes the reduction of fumarate to succinate during anaerobic respiration; FrdAB are the catalytic subcomplex consisting of a flavoprotein subunit and an iron-sulfur subunit, respectively; FrdCD are the membrane components which interact with quinone and are involved in electron transfer; the catalytic subunits are similar to succinate dehydrogenase SdhAB
NF004613.0	equivalog		succinate dehydrogenase/fumarate reductase flavoprotein subunit	1.3.5.-	partial_ec_only	992	FUMARATE	fumarate	43	fumarate_oxaloacetate_interconversion;succinate_fumarate_interconversion	0		
NF009227.0	equivalog		succinate dehydrogenase/fumarate reductase iron-sulfur subunit	1.3.5.-	partial_ec_only	950	FUMARATE	fumarate	43	fumarate_oxaloacetate_interconversion;succinate_fumarate_interconversion	0		
NF042982.1	equivalog	sdhA	8-methylmenaquinol:fumarate reductase flavoprotein subunit	1.3.5.-	partial_ec_only	621	FUMARATE	fumarate	43	fumarate_oxaloacetate_interconversion;succinate_fumarate_interconversion	0		
NF042952.1	equivalog	sdhB	8-methylmenaquinol:fumarate reductase iron-sulfur subunit	1.3.5.-	partial_ec_only	442	FUMARATE	fumarate	43	fumarate_oxaloacetate_interconversion;succinate_fumarate_interconversion	0		
NF042965.1	equivalog	sdhE	8-methylmenaquinol:fumarate reductase membrane anchor subunit	1.3.5.-	partial_ec_only	442	FUMARATE	fumarate	43	fumarate_oxaloacetate_interconversion;succinate_fumarate_interconversion	0		
NF004708.0	equivalog		fumarate hydratase		no_ec	125	FUMARATE	fumarate	43	fumarate_oxaloacetate_interconversion;succinate_fumarate_interconversion	0		
NF006253.0	equivalog		fumarate hydratase		no_ec	87	FUMARATE	fumarate	43	fumarate_oxaloacetate_interconversion;succinate_fumarate_interconversion	0		
NF009226.0	equivalog		succinate dehydrogenase/fumarate reductase iron-sulfur subunit		no_ec	75	FUMARATE	fumarate	43	fumarate_oxaloacetate_interconversion;succinate_fumarate_interconversion	0		
NF010126.0	equivalog		fumarate reductase subunit C		no_ec	36	FUMARATE	fumarate	43	fumarate_oxaloacetate_interconversion;succinate_fumarate_interconversion	0		Part of four member fumarate reductase enzyme complex FrdABCD which catalyzes the reduction of fumarate to succinate during anaerobic respiration; FrdCD are the membrane components which interact with quinone and are involved in electron transfer; FrdAB are the catalytic subcomplex consisting of a flavoprotein subunit and an iron-sulfur subunit, respectively; the catalytic subunits are similar to succinate dehydrogenase SdhAB
TIGR01729.1	equivalog	tauA	taurine ABC transporter substrate-binding protein		no_ec	13560	TAURINE_EX	taurine	45	taurine_uptake_abc	0		This HMM identifies a cluster of ABC transporter periplasmic substrate binding proteins, apparently specific for taurine. Transport systems for taurine (NH2-CH2-CH2-SO3H), sulfonates, and sulfate esters import sulfur when sulfate levels are low. The most closely related proteins outside this family are putative aliphatic sulfonate binding proteins (TIGR01728).
TIGR01729.1	equivalog	tauA	taurine ABC transporter substrate-binding protein		no_ec	13560	TAURINE_IN	taurine	45	taurine_degradation_sulfoacetaldehyde;taurine_desulfonation_aerobic;taurine_uptake_abc	0		This HMM identifies a cluster of ABC transporter periplasmic substrate binding proteins, apparently specific for taurine. Transport systems for taurine (NH2-CH2-CH2-SO3H), sulfonates, and sulfate esters import sulfur when sulfate levels are low. The most closely related proteins outside this family are putative aliphatic sulfonate binding proteins (TIGR01728).
NF007545.0	equivalog	tauC	taurine ABC transporter permease TauC	7.2.2.-	partial_ec_only	7544	TAURINE_EX	taurine	45	taurine_uptake_abc	0		
NF007545.0	equivalog	tauC	taurine ABC transporter permease TauC	7.2.2.-	partial_ec_only	7544	TAURINE_IN	taurine	45	taurine_degradation_sulfoacetaldehyde;taurine_desulfonation_aerobic;taurine_uptake_abc	0		
NF008421.0	equivalog	tauB	taurine ABC transporter ATP-binding subunit		no_ec	6248	TAURINE_EX	taurine	45	taurine_uptake_abc	0		
NF008421.0	equivalog	tauB	taurine ABC transporter ATP-binding subunit		no_ec	6248	TAURINE_IN	taurine	45	taurine_degradation_sulfoacetaldehyde;taurine_desulfonation_aerobic;taurine_uptake_abc	0		
NF008553.0	equivalog	tauA	taurine ABC transporter substrate-binding protein	7.2.2.-	partial_ec_only	3990	TAURINE_EX	taurine	45	taurine_uptake_abc	0		
NF008553.0	equivalog	tauA	taurine ABC transporter substrate-binding protein	7.2.2.-	partial_ec_only	3990	TAURINE_IN	taurine	45	taurine_degradation_sulfoacetaldehyde;taurine_desulfonation_aerobic;taurine_uptake_abc	0		
NF002887.1	equivalog	caiT	L-carnitine/gamma-butyrobetaine antiporter		no_ec	1898	CARNITINE	carnitine	48	carnitine_degradation_trimethylamine;carnitine_to_betaine	0		
NF010150.1	equivalog	caiE	carnitine operon protein CaiE		no_ec	1579	CARNITINE	carnitine	48	carnitine_degradation_trimethylamine;carnitine_to_betaine	0		Involved in the synthesis of a cofactor required for carnitine dehydratase and carnitine racemase activities
NF008549.2	equivalog	caiF	carnitine metabolism transcriptional regulator CaiF		no_ec	684	CARNITINE	carnitine	48	carnitine_degradation_trimethylamine;carnitine_to_betaine	0		Regulator of carnitine metabolism; induces the caiTABCDE and fixABCX operons
NF002598.0	equivalog		deoxyuridine 5'-triphosphate nucleotidohydrolase		no_ec	911	UTP	uridine 5'-triphosphate	55	cytidylate_biosynthesis	0		
TIGR03396.1	equivalog		phosphocholine-specific phospholipase C		no_ec	41202	CHOLINE	choline	56	choline_to_betaine	0		Members of this protein family are bacterial, phosphatidylcholine-hydrolyzing phospholipase C enzymes, with a characteristic domain architecture as found in hemolytyic (PlcH) and nonhemolytic (PlcN) secreted enzymes of Pseudomonas aeruginosa. PlcH hydrolyzes phosphatidylcholine to diacylglycerol and phosphocholine, but unlike PlcN can also hydrolyze sphingomyelin to ceramide ((N-acylsphingosine)) and phosphocholine. Members of this family share the twin-arginine signal sequence for Sec-independent transport across the plasma membrane. PlcH is secreted as a heterodimer with a small chaperone, PlcR, encoded immediately downstream.
TIGR03384.1	equivalog	betI	choline-binding transcriptional repressor BetI		no_ec	11552	CHOLINE	choline	56	choline_to_betaine	0		BetI is a DNA-binding transcriptional repressor of the bet (betaine) regulon. In sequence, it is related to TetR (PF00440). Choline, through BetI, induces the expression of the betaine biosynthesis genes betA and betB by derepression. The choline porter gene betT is also part of this regulon in Escherichia coli. Note that a different transcriptional regulator, ArcA, controls the expression of bet regulon genes in response to oxygen, as BetA is an oxygen-dependent enzyme.
TIGR03415.1	equivalog	choV	choline ABC transporter ATP-binding protein		no_ec	7574	CHOLINE	choline	56	choline_to_betaine	0		Members of this protein family are the ATP-binding subunit of a three-protein transporter. This family belongs, more broadly, to the family of proline and glycine-betaine transporters, but members have been identified by direct characterization and by bioinformatic means as choline transporters. Many species have several closely-related members of this family, probably with variable abilities to act additionally on related quaternary amines.
TIGR03416.1	equivalog	choW	choline ABC transporter permease subunit		no_ec	5883	CHOLINE	choline	56	choline_to_betaine	0		
TIGR03418.1	equivalog		choline sulfate utilization transcriptional regulator		no_ec	4986	CHOLINE	choline	56	choline_to_betaine	0		Members of this protein family are transcription factors of the LysR family. Their genes nearly always are divergently transcribed from choline-sulfatase genes, implying regulation of that enzyme's expression. That enzyme makes choline, a precursor to the osmoprotectant glycine-betaine, available by hydrolysis of choline sulfate.
NF052371.1	equivalog	gbdR	choline metabolism transcriptional regulator GbdR		no_ec	2582	CHOLINE	choline	56	choline_to_betaine	0		
TIGR04395.1	equivalog	cutD	choline TMA-lyase-activating enzyme		no_ec	1847	CHOLINE	choline	56	choline_to_betaine	0		Members of this family are CutD, a radical enzyme that serves as an activase for choline TMA-lyase, CutC. CutC is a glycyl radical enzyme related to pyruvate formate-lyase, and this enzyme, CutD, is related to pyruvate formate-lyase activase.
NF047500.1	equivalog	cudC	choline uptake/conversion transcriptional regulator CudC		no_ec	1734	CHOLINE	choline	56	choline_to_betaine	0		Members of this family are MarR family transcriptional regulators involved in the processes such as choline uptake and conversion of choline to the compatible solute glycine-betaine (often called simply betaine), which helps prevent damage from desiccation. All members of the seed alignment were chosen for being encoded in close proximity to betaine-aldehyde dehydrogenase, suggesting a role regulating the processes of choline uptake and conversion to betaine.
NF053866.1	equivalog	gbsB	choline dehydrogenase		no_ec	850	CHOLINE	choline	56	choline_to_betaine	0		
NF033840.1	equivalog		PspC-related protein choline-binding protein 1		no_ec	177	CHOLINE	choline	56	choline_to_betaine	0		Members of this family share C-terminal homology to the choline-binding form of the pneumococcal surface antigen PspC, but not to its allelic LPXTG-anchored forms because they lack the choline-binding repeat region. Members of this family should not be confused with PspC itself, whose identity and function reflect regions N-terminal to the choline-binding region. See Iannelli, et al. (PMID: 11891047) for information about the different allelic forms of PspC.
NF053782.1	equivalog		choline utilization transcriptional activator		no_ec	44	CHOLINE	choline	56	choline_to_betaine	0		
TIGR02225.1	equivalog	xerD	site-specific tyrosine recombinase XerD		no_ec	47022	TYROSINE	tyrosine	58	tyrosine_biosynthesis	0		The phage integrase family describes a number of recombinases with tyrosine active sites that transiently bind covalently to DNA. Many are associated with mobile DNA elements, including phage, transposons, and phase variation loci. This model represents XerD, one of two closely related chromosomal proteins along with XerC (TIGR02224). XerC and XerD are site-specific recombinases which help resolve chromosome dimers to monomers for cell division after DNA replication. In species with a large chromosome and with homologs of XerD on other replicons, the chomosomal copy was preferred for building this model. This model does not detect all XerD, as some apparent XerD examples score below the trusted and noise cutoff scores. XerC and XerD interact with cell division protein FtsK.
NF040815.2	equivalog	xerA	site-specific tyrosine recombinase/integron integrase		no_ec	32851	TYROSINE	tyrosine	58	tyrosine_biosynthesis	0		Proteins of this family are site-specific tyrosine recombinases in Archaea. The recent study (PMID: 36383678) reported that they were the key components of archaeal integrons and were involved in cross-domain gene transfer.
NF047646.1	equivalog		REP-associated tyrosine transposase		no_ec	28689	TYROSINE	tyrosine	58	tyrosine_biosynthesis	0		
TIGR02224.1	equivalog	xerC	tyrosine recombinase XerC		no_ec	25579	TYROSINE	tyrosine	58	tyrosine_biosynthesis	0		The phage integrase family describes a number of recombinases with tyrosine active sites that transiently bind covalently to DNA. Many are associated with mobile DNA elements, including phage, transposons, and phase variation loci. This model represents XerC, one of two closely related chromosomal proteins along with XerD (TIGR02225). XerC and XerD are site-specific recombinases which help resolve chromosome dimers to monomers for cell division after DNA replication. In species with a large chromosome and homologs of XerC on other replicons, the chomosomal copy was preferred for building this model. This model does not detect all XerC, as some apparent XerC examples score in the gray zone between trusted (450) and noise (410) cutoffs, along with some XerD examples. XerC and XerD interact with cell division protein FtsK.
TIGR03810.1	equivalog	arcD	arginine-ornithine antiporter		no_ec	8716	ORNITHINE	ornithine	58	arginine_biosynthesis;arginine_deiminase_pathway;ornithine_biosynthesis	0		Members of this protein family are the arginine/ornithine antiporter, ArcD. This exchanger of ornithine for arginine occurs in a system with arginine deiminase, ornithine carbamoyltransferase, and carbamate kinase, with together turn arginine to ornithine with the generation of ATP and release of CO2.
NF003462.0	equivalog	xerS	tyrosine recombinase XerS		no_ec	7102	TYROSINE	tyrosine	58	tyrosine_biosynthesis	0		Site-specific tyrosine recombinase which cuts and rejoins DNA molecules; binds cooperatively to specific DNA consensus sites; essential to convert chromosome dimers to monomers during cell division and functions during plasmid segregation; cell division protein FtsK may regulate the XerS;
NF007938.0	equivalog	potE	putrescine-ornithine antiporter		no_ec	6039	ORNITHINE	ornithine	58	arginine_biosynthesis;arginine_deiminase_pathway;ornithine_biosynthesis	0		Catalyzes the uptake of putrescine via a proton symport mechanism, as well as the efflux of putrescine by a putrescine/ornithine antiport system
NF003145.0	equivalog		ornithine--oxo-acid transaminase		no_ec	5549	ORNITHINE	ornithine	58	arginine_biosynthesis;arginine_deiminase_pathway;ornithine_biosynthesis	0		
NF008568.0	equivalog	wzc	tyrosine-protein kinase Wzc		no_ec	5407	TYROSINE	tyrosine	58	tyrosine_biosynthesis	0		Catalyzes the autophosphorylation on tyrosine residues which downregulates the biosynthesis of colonic acid
NF011711.0	equivalog	tyrP	tyrosine transporter TyrP		no_ec	5189	TYROSINE	tyrosine	58	tyrosine_biosynthesis	0		
TIGR04299.1	equivalog	potE	putrescine-ornithine antiporter		no_ec	4276	ORNITHINE	ornithine	58	arginine_biosynthesis;arginine_deiminase_pathway;ornithine_biosynthesis	0		Members of this protein family are putrescine-ornithine antiporter. They work together with an enzyme that decarboxylates ornithine to putrescine. This two-gene system has the net effect of removing a protein from the cytosol, providing transient resistance to acid conditions.
NF006379.0	equivalog		ornithine cyclodeaminase family protein		no_ec	2863	ORNITHINE	ornithine	58	arginine_biosynthesis;arginine_deiminase_pathway;ornithine_biosynthesis	0		
NF009558.0	equivalog		acetylornithine deacetylase/succinyl-diaminopimelate desuccinylase family protein		no_ec	2577	ORNITHINE	ornithine	58	arginine_biosynthesis;arginine_deiminase_pathway;ornithine_biosynthesis	0		
NF007350.0	equivalog	etk	tyrosine-protein kinase	2.7.10.-	partial_ec_only	2368	TYROSINE	tyrosine	58	tyrosine_biosynthesis	0		
NF011586.0	equivalog	argT	lysine/arginine/ornithine ABC transporter substrate-binding protein ArgT		no_ec	2253	ORNITHINE	ornithine	58	arginine_biosynthesis;arginine_deiminase_pathway;ornithine_biosynthesis	0		
NF002685.0	equivalog	xerD	site-specific tyrosine recombinase XerD		no_ec	2043	TYROSINE	tyrosine	58	tyrosine_biosynthesis	0		Site-specific tyrosine recombinase which cuts and rejoins DNA molecules; binds cooperatively to specific DNA consensus sites; essential to convert chromosome dimers to monomers during cell division and functions during plasmid segregation
NF004426.0	equivalog		acetyl ornithine aminotransferase family protein		no_ec	1290	ORNITHINE	ornithine	58	arginine_biosynthesis;arginine_deiminase_pathway;ornithine_biosynthesis	0		
NF052526.1	equivalog		putative NPN-dependent ornithine cyclodeaminase		no_ec	1248	ORNITHINE	ornithine	58	arginine_biosynthesis;arginine_deiminase_pathway;ornithine_biosynthesis	0		Members of this family represent an out group to the nickel-pincer nucleotide cofactor (NPN)-dependent ornithine cyclodeaminase described in HMM TIGR00300. The NPN in several members of TIGR00300 was shown to contain adenine, rather than the cytosine of the NPN in lactate racemase and related isomerases. As several members of this family are located near arginase enzymes, which produce ornithine from arginine, it seems possible that this family likewise behaves as an ornithine cyclodeaminase. This family is unrelated to the ornithine cyclodeaminases of family NF005762.
NF005296.0	equivalog		ornithine cyclodeaminase family protein		no_ec	1177	ORNITHINE	ornithine	58	arginine_biosynthesis;arginine_deiminase_pathway;ornithine_biosynthesis	0		
NF038067.1	equivalog	carO	ornithine uptake porin CarO		no_ec	1033	ORNITHINE	ornithine	58	arginine_biosynthesis;arginine_deiminase_pathway;ornithine_biosynthesis	0		The outer membrane porin CarO (carbapenem resistance-associated outer membrane protein), found in Acinetobacter, is of clinical interest because of its role in allowing entry of carbapenem antibiotics and its variability from strain to strain. CarO should not be confused with Omp33-36, an essentially unrelated outer membrane protein that is similar in size and that also affects carbapenem susceptibility.
TIGR03029.1	equivalog	epsG	chain length determinant protein tyrosine kinase EpsG		no_ec	921	TYROSINE	tyrosine	58	tyrosine_biosynthesis	0		The proteins in this family are homologs of the EpsG protein found in Methylobacillus strain 12S and are generally found in operons with other Eps homologs. The protein is believed to function as the protein tyrosine kinase component of the chain length regulator (along with the transmembrane component EpsF).
NF003273.0	equivalog		acetylornithine transaminase		no_ec	840	ORNITHINE	ornithine	58	arginine_biosynthesis;arginine_deiminase_pathway;ornithine_biosynthesis	0		
NF010681.0	equivalog		triple tyrosine motif-containing protein		no_ec	781	TYROSINE	tyrosine	58	tyrosine_biosynthesis	0		
NF040744.1	equivalog		GlmL-related ornithine degradation protein		no_ec	734	ORNITHINE	ornithine	58	arginine_biosynthesis;arginine_deiminase_pathway;ornithine_biosynthesis	0		Members of this uncharacterized protein family, given the temporary name Or-4, occur as a part of a conserved gene cluster for anaerobic oxidative degradation of L-ornithine. That cluster includes a B-12-dependent enzyme, D-ornithine 4,5-aminomutase. Or-4 is related to but distinct from GlmL, a protein of unknown function encoded next to subunits of a coenzyme B12-dependent glutamate mutase.
NF040513.1	equivalog	tyrP	tyrosine-tyramine antiporter		no_ec	599	TYROSINE	tyrosine	58	tyrosine_biosynthesis	0		
NF052307.1	equivalog	arcD	arginine/ornithine antiporter ArcD		no_ec	586	ORNITHINE	ornithine	58	arginine_biosynthesis;arginine_deiminase_pathway;ornithine_biosynthesis	0		
NF052566.1	equivalog	olsE	ornithine lipid hydroxylase OlsE		no_ec	472	ORNITHINE	ornithine	58	arginine_biosynthesis;arginine_deiminase_pathway;ornithine_biosynthesis	0		
NF052544.1	equivalog	dokD	ornithine/lysine decarboxylase DokD		no_ec	408	ORNITHINE	ornithine	58	arginine_biosynthesis;arginine_deiminase_pathway;ornithine_biosynthesis	0		
TIGR03910.1	equivalog	pylB	methylornithine synthase PylB		no_ec	374	ORNITHINE	ornithine	58	arginine_biosynthesis;arginine_deiminase_pathway;ornithine_biosynthesis	0		This model describes a radical SAM protein, PylB, that is part of the three-gene cassette sufficient for the biosynthesis of pyrrolysine (the twenty-second amino acid) when expressed heterologously in E. coli. The pyrrolysine next is ligated to its own tRNA and incorporated at special UAG codons.
NF008486.0	equivalog		phosphotyrosine-protein phosphatase		no_ec	263	TYROSINE	tyrosine	58	tyrosine_biosynthesis	0		
NF052223.1	equivalog		N-acetyl-ornithine deacetylase		no_ec	176	ORNITHINE	l-ornithine	58	arginine_biosynthesis;arginine_deiminase_pathway;ornithine_biosynthesis	0		
NF006403.0	equivalog		acetylornithine deacetylase		no_ec	118	ORNITHINE	ornithine	58	arginine_biosynthesis;arginine_deiminase_pathway;ornithine_biosynthesis	0		
NF052613.1	equivalog	olsH	lyso-ornithine lipid synthetase OlsH		no_ec	37	ORNITHINE	ornithine	58	arginine_biosynthesis;arginine_deiminase_pathway;ornithine_biosynthesis	0		
NF052614.1	equivalog	olsI	ornithine lipid biosynthesis O-acyltransferase OlsI		no_ec	36	ORNITHINE	ornithine	58	arginine_biosynthesis;arginine_deiminase_pathway;ornithine_biosynthesis	0		OlsI, a member of the alpha/beta fold hydrolase family, is an O-acyltransferase that completes the OlsHI pathway, a third pathway for ornithine lipid biosynthesis, found in planctomycetes.
NF003087.0	equivalog		acetylornithine/acetyl-lysine aminotransferase		no_ec	25	ORNITHINE	ornithine	58	arginine_biosynthesis;arginine_deiminase_pathway;ornithine_biosynthesis	0		
NF052616.1	equivalog		ornithine lipid biosynthesis acyl carrier protein		no_ec	22	ORNITHINE	ornithine	58	arginine_biosynthesis;arginine_deiminase_pathway;ornithine_biosynthesis	0		
NF006404.0	equivalog		acetylornithine deacetylase		no_ec	20	ORNITHINE	ornithine	58	arginine_biosynthesis;arginine_deiminase_pathway;ornithine_biosynthesis	0		
NF006405.0	equivalog		acetylornithine deacetylase		no_ec	9	ORNITHINE	ornithine	58	arginine_biosynthesis;arginine_deiminase_pathway;ornithine_biosynthesis	0		
NF008731.0	equivalog	yghU	glutathione-dependent disulfide-bond oxidoreductase		no_ec	21349	SULFIDE	sulfide	60	assimilatory_sulfate_reduction;cysteine_biosynthesis_sulfide;cysteine_degradation_sulfide;methionine_biosynthesis_sulfhydrylation	0		
NF008657.0	equivalog	dsbG	thiol:disulfide interchange protein DsbG	1.8.4.-	partial_ec_only	9541	SULFIDE	sulfide	60	assimilatory_sulfate_reduction;cysteine_biosynthesis_sulfide;cysteine_degradation_sulfide;methionine_biosynthesis_sulfhydrylation	0		
NF008129.0	equivalog	dsbC	bifunctional protein-disulfide isomerase/oxidoreductase DsbC	5.3.4.1	ec_without_rhea	6511	SULFIDE	sulfide	60	assimilatory_sulfate_reduction;cysteine_biosynthesis_sulfide;cysteine_degradation_sulfide;methionine_biosynthesis_sulfhydrylation	0		
NF002485.0	equivalog	dsbB	disulfide bond formation protein DsbB	1.8.5.-	partial_ec_only	6114	SULFIDE	sulfide	60	assimilatory_sulfate_reduction;cysteine_biosynthesis_sulfide;cysteine_degradation_sulfide;methionine_biosynthesis_sulfhydrylation	0		Disulfide oxidoreductase; integral membrane protein; required for perioplasmic disulfide bond formation; oxidizes DsbA protein
NF047696.1	equivalog	tlpA	thiol:disulfide interchange protein TlpA		no_ec	3749	SULFIDE	sulfide	60	assimilatory_sulfate_reduction;cysteine_biosynthesis_sulfide;cysteine_degradation_sulfide;methionine_biosynthesis_sulfhydrylation	0		
TIGR02738.1	equivalog	trbB	type-F conjugative transfer system pilin assembly thiol-disulfide isomerase TrbB		no_ec	3564	SULFIDE	sulfide	60	assimilatory_sulfate_reduction;cysteine_biosynthesis_sulfide;cysteine_degradation_sulfide;methionine_biosynthesis_sulfhydrylation	0		This protein is part of a large group of proteins involved in conjugative transfer of plasmid DNA, specifically the F-type system. This protein has been predicted to contain a thioredoxin fold, contains a conserved pair of cysteines and has been shown to function as a thiol disulfide isomerase by complementation of an Ecoli DsbA defect [1]. The protein is believed to be involved in pilin assembly [2]. The protein is closely related to TraF (TIGR02739) which is somewhat longer, lacks the cysteine motif and is apparently not functional as a disulfide bond isomerase.
NF002552.0	equivalog		disulfide bond formation protein B		no_ec	2858	SULFIDE	sulfide	60	assimilatory_sulfate_reduction;cysteine_biosynthesis_sulfide;cysteine_degradation_sulfide;methionine_biosynthesis_sulfhydrylation	0		Disulfide oxidoreductase; integral membrane protein; required for perioplasmic disulfide bond formation; oxidizes DsbA protein
NF058629.1	equivalog		PA_0111/PP_0108 family redox-active disulfide protein		no_ec	2758	SULFIDE	sulfide	60	assimilatory_sulfate_reduction;cysteine_biosynthesis_sulfide;cysteine_degradation_sulfide;methionine_biosynthesis_sulfhydrylation	0		
NF010579.0	equivalog	yfcG	GSH-dependent disulfide bond oxidoreductase	1.8.4.-	partial_ec_only	2495	SULFIDE	sulfide	60	assimilatory_sulfate_reduction;cysteine_biosynthesis_sulfide;cysteine_degradation_sulfide;methionine_biosynthesis_sulfhydrylation	0		
NF008198.0	equivalog	dsbA	thiol:disulfide interchange protein DsbA		no_ec	2398	SULFIDE	sulfide	60	assimilatory_sulfate_reduction;cysteine_biosynthesis_sulfide;cysteine_degradation_sulfide;methionine_biosynthesis_sulfhydrylation	0		
NF003304.0	equivalog	dsbI	protein-disulfide oxidoreductase DsbI		no_ec	1453	SULFIDE	sulfide	60	assimilatory_sulfate_reduction;cysteine_biosynthesis_sulfide;cysteine_degradation_sulfide;methionine_biosynthesis_sulfhydrylation	0		
NF045663.1	equivalog		pyridine nucleotide-disulfide oxidoreductase/dicluster-binding protein		no_ec	1139	SULFIDE	sulfide	60	assimilatory_sulfate_reduction;cysteine_biosynthesis_sulfide;cysteine_degradation_sulfide;methionine_biosynthesis_sulfhydrylation	0		Founding members of this family include the short protein CLJU_RS11820 (WP_013239051.1) from Clostridium ljungdahlii and the C-terminal domain of the fusion protein DVU_1557 from FAD-binding pyridine nucleotide-disulfide oxidoreductase and CCG domain pair iron-sulfur cluster-binding oxidoreductase. Member proteins appear in a large conserved gene neighborhood with a molybdenum-dependent aldehyde dehydrogenase, and with the radical SAM enzyme TrsS, a few of whose members are encoded as selenoproteins.
NF003354.0	equivalog		disulfide bond formation protein B		no_ec	1057	SULFIDE	sulfide	60	assimilatory_sulfate_reduction;cysteine_biosynthesis_sulfide;cysteine_degradation_sulfide;methionine_biosynthesis_sulfhydrylation	0		Disulfide oxidoreductase; integral membrane protein; required for perioplasmic disulfide bond formation; oxidizes DsbA protein
NF011941.0	equivalog	dsbE	thiol:disulfide interchange protein DsbE		no_ec	944	SULFIDE	sulfide	60	assimilatory_sulfate_reduction;cysteine_biosynthesis_sulfide;cysteine_degradation_sulfide;methionine_biosynthesis_sulfhydrylation	0		
TIGR02187.2	equivalog	pdo	protein disulfide oxidoreductase		no_ec	824	SULFIDE	sulfide	60	assimilatory_sulfate_reduction;cysteine_biosynthesis_sulfide;cysteine_degradation_sulfide;methionine_biosynthesis_sulfhydrylation	0		This family of archaeal and bacterial proteins contains two domains with thioredoxin/glutaredoxin homology, including a C-terminal domain with a glutaredoxin-like CPYC motif. Many members of this family are selenoproteins. Member protein TON_0319 from Thermococcus onnurineus was shown modulate the redox state of the CxxC disulfide of SurR (ACJ15803.1), a transcription factor involved in the sulfur response.
NF004470.0	equivalog		sulfide/dihydroorotate dehydrogenase-like FAD/NAD-binding protein		no_ec	818	SULFIDE	sulfide	60	assimilatory_sulfate_reduction;cysteine_biosynthesis_sulfide;cysteine_degradation_sulfide;methionine_biosynthesis_sulfhydrylation	0		
NF050065.1	equivalog	dsbI	disulfide bond formation protein DsbI		no_ec	777	SULFIDE	sulfide	60	assimilatory_sulfate_reduction;cysteine_biosynthesis_sulfide;cysteine_degradation_sulfide;methionine_biosynthesis_sulfhydrylation	0		
NF047695.1	equivalog	dsbA	thiol:disulfide interchange protein DsbA		no_ec	487	SULFIDE	sulfide	60	assimilatory_sulfate_reduction;cysteine_biosynthesis_sulfide;cysteine_degradation_sulfide;methionine_biosynthesis_sulfhydrylation	0		
NF050061.1	equivalog	dba	disulfide bond formation protein Dba		no_ec	111	SULFIDE	sulfide	60	assimilatory_sulfate_reduction;cysteine_biosynthesis_sulfide;cysteine_degradation_sulfide;methionine_biosynthesis_sulfhydrylation	0		
TIGR01295.2	equivalog		PedC/BrcD family bacteriocin maturation disulfide isomerase		no_ec	101	SULFIDE	sulfide	60	assimilatory_sulfate_reduction;cysteine_biosynthesis_sulfide;cysteine_degradation_sulfide;methionine_biosynthesis_sulfhydrylation	0		This HMM describes a small family of thioredoxin-like proteins that aid in the export of various class II bacteriocins, which are ribosomally-synthesized, non-lantibiotic bacterial peptide antibiotics, in proper formations with correct disulfide bond patterns. Seed members of this family are found in operons for pediocin PA-1 from Pediococcus acidilactici (PedC) and brochocin-C from Brochothrix campestris (BrcD).
NF043050.1	equivalog	dsbH	disulfide reductase DsbH	1.8.-.-	partial_ec_only	68	SULFIDE	sulfide	60	assimilatory_sulfate_reduction;cysteine_biosynthesis_sulfide;cysteine_degradation_sulfide;methionine_biosynthesis_sulfhydrylation	0		
NF001863.0	equivalog		putative disulfide oxidoreductase		no_ec	38	SULFIDE	sulfide	60	assimilatory_sulfate_reduction;cysteine_biosynthesis_sulfide;cysteine_degradation_sulfide;methionine_biosynthesis_sulfhydrylation	0		
TIGR01126.1	equivalog_domain		protein disulfide-isomerase domain		no_ec	4	SULFIDE	sulfide	60	assimilatory_sulfate_reduction;cysteine_biosynthesis_sulfide;cysteine_degradation_sulfide;methionine_biosynthesis_sulfhydrylation	0		This HMM describes a domain of eukaryotic protein disulfide isomerases, generally found in two copies. The high cutoff for total score reflects the expectation of finding both copies. The domain is similar to thioredoxin but the redox-active disulfide region motif is APWCGHCK.
NF006731.0	equivalog		4-carboxy-4-hydroxy-2-oxoadipate aldolase/oxaloacetate decarboxylase		no_ec	15029	OXALOACETATE	oxaloacetate	61	acetyl_coa_to_isocitrate;aspartate_biosynthesis;fumarate_oxaloacetate_interconversion	0		
NF008201.0	equivalog	leuE	leucine efflux protein LeuE		no_ec	13103	LEUCINE	leucine	61	leucine_biosynthesis	0		
TIGR00346.1	equivalog	azlC	azaleucine resistance protein AzlC		no_ec	2373	LEUCINE	leucine	61	leucine_biosynthesis	0		Overexpression of this gene results in resistance to a leucine analog, 4-azaleucine. The protein has 5 potential transmembrane motifs. It has been inferred, but not experimentally demonstrated, to be part of a branched-chain amino acid transport system. Commonly found in association with azlD.
NF008370.0	equivalog	lrp	leucine-responsive transcriptional regulator Lrp		no_ec	1772	LEUCINE	leucine	61	leucine_biosynthesis	0		Mediates a global response to leucine; acts as a regulator for several genes involved in the high-affinity branched-chain amino acid transport system
NF047961.1	equivalog	hupY	leucine-rich repeat adhesin HupY/LrrG		no_ec	759	LEUCINE	leucine	61	leucine_biosynthesis	0		HupY (previously called LrrG) is leucine-rich repeat-containing streptococcal protein, shown to act as an adhesin, but also to bind heme and to play a role in obtaining iron from heme. HupY has an LPXT[GS] motif near the C-terminus, indicating surface anchoring to the cell wall, mediated by a sortase enzyme. SeseC_01411, studied as a surface antigen that can induce a protective response, is a member of this family.
NF003004.0	equivalog		oxaloacetate decarboxylase subunit gamma		no_ec	610	OXALOACETATE	oxaloacetate	61	acetyl_coa_to_isocitrate;aspartate_biosynthesis;fumarate_oxaloacetate_interconversion	0		
NF041351.1	equivalog	xopL	type III secretion system leucine-rich repeat domain-containing effector XopL		no_ec	255	LEUCINE	leucine	61	leucine_biosynthesis	0		
NF009231.0	equivalog		oxaloacetate decarboxylase		no_ec	196	OXALOACETATE	oxaloacetate	61	acetyl_coa_to_isocitrate;aspartate_biosynthesis;fumarate_oxaloacetate_interconversion	0		
NF053660.1	equivalog		ORF80 family leucine zipper DNA-binding protein		no_ec	61	LEUCINE	leucine	61	leucine_biosynthesis	0		
NF050126.1	equivalog	tmoA	pearlin 3-thiahomoleucine biosynthesis carrier peptide TmoA		no_ec	10	LEUCINE	leucine	61	leucine_biosynthesis	0		The RiPP-like peptide TmoA is used in Tistrella mobilis as a carrier peptide for the biosynthesis of 3-thiahomoleucine. Like its homolog TglA, used in 3-thiaglutamate biosynthesis, it is modified by amino acid addition at the C-terminal, processed through additional steps by several proteins related to RiPP biosynthesis proteins, and the separated from the product to made the carrier peptide ready for the next round of biosynthesis.
NF010029.0	equivalog		NADPH-dependent assimilatory sulfite reductase hemoprotein subunit		no_ec	21662	SULFITE	sulfite	64	taurine_degradation_sulfoacetaldehyde;taurine_desulfonation_aerobic	0		NADPH dependent; with the alpha subunit (a flavoprotein) catalyzes the reduction of sulfite to sulfide
TIGR02910.1	equivalog	asrA	anaerobic sulfite reductase subunit AsrA		no_ec	3774	SULFITE	sulfite	64	taurine_degradation_sulfoacetaldehyde;taurine_desulfonation_aerobic	0		Members of this protein family include the A subunit, one of three subunits, of the anaerobic sulfite reductase of Salmonella, and close homologs from various Clostridum species, where the three-gene neighborhood is preserved. Two such gene clusters are found in Clostridium perfringens, but it may be that these sets of genes correspond to the distinct assimilatory and dissimilatory forms as seen in Clostridium pasteurianum. Note that any one of these enzymes may have secondary substates such as NH2OH, SeO3(2-), and SO3(2-). Heterologous expression of the anaerobic sulfite reductase of Salmonella confers on Escherichia coli the ability to produce hydrogen sulfide gas from sulfite.
TIGR02911.1	equivalog	asrB	anaerobic sulfite reductase subunit AsrB		no_ec	3061	SULFITE	sulfite	64	taurine_degradation_sulfoacetaldehyde;taurine_desulfonation_aerobic	0		Members of this protein family include the B subunit, one of three subunits, of the anaerobic sulfite reductase of Salmonella, and close homologs from various Clostridum species, where the three-gene neighborhood is preserved. Two such gene clusters are found in Clostridium perfringens, but it may be that these sets of genes correspond to the distinct assimilatory and dissimilatory forms as seen in Clostridium pasteurianum.
TIGR02912.1	equivalog	asrC	sulfite reductase subunit C		no_ec	2856	SULFITE	sulfite	64	taurine_degradation_sulfoacetaldehyde;taurine_desulfonation_aerobic	0		Members of this protein family include the C subunit, one of three subunits, of the anaerobic sulfite reductase of Salmonella, and close homologs from various Clostridum species, where the three-gene neighborhood is preserved. Two such gene clusters are found in Clostridium perfringens, but it may be that these sets of genes correspond to the distinct assimilatory and dissimilatory forms as seen in Clostridium pasteurianum. Note that any one of these enzymes may have secondary substates such as NH2OH, SeO3(2-), and SO3(2-). Heterologous expression of the anaerobic sulfite reductase of Salmonella confers on Escherichia coli the ability to produce hydrogen sulfide gas from sulfite.
NF052245.1	equivalog	sorA	SorA family sulfite dehydrogenase catalytic subunit		no_ec	2142	SULFITE	sulfite	64	taurine_degradation_sulfoacetaldehyde;taurine_desulfonation_aerobic	0		
NF052246.1	equivalog	sorB	SorB family sulfite dehydrogenase c-type cytochrome subunit		no_ec	1807	SULFITE	sulfite	64	taurine_degradation_sulfoacetaldehyde;taurine_desulfonation_aerobic	0		
NF052247.1	equivalog	sorT	SorT family sulfite dehydrogenase catalytic subunit		no_ec	1097	SULFITE	sulfite	64	taurine_degradation_sulfoacetaldehyde;taurine_desulfonation_aerobic	0		
NF052248.1	equivalog	sorU	SorU family sulfite dehydrogenase c-type cytochrome subunit		no_ec	922	SULFITE	sulfite	64	taurine_degradation_sulfoacetaldehyde;taurine_desulfonation_aerobic	0		
NF040642.1	equivalog	bigR	sulfite-sensing transcriptional repressor BigR		no_ec	643	SULFITE	sulfite	64	taurine_degradation_sulfoacetaldehyde;taurine_desulfonation_aerobic	0		BigR (biofilm growth-associated repressor) is a winged-helix DNA-binding protein active as a transcriptional regulator for Blh, a bifunctional sulfur transferase/dioxygenase found in a number of plant-associated bacteria. Oxidative conditions that allow disulfide bond formation between the invariant residues Cys42 and Cys108 cause BigR to lose DNA-binding transcriptional repressor activity.
TIGR00462.1	equivalog	epmA	EF-P lysine aminoacylase EpmA		no_ec	19761	LYSINE	lysine	67	lysine_biosynthesis_dap	0		EpmA, a homolog of the C-terminal region of lysyl-tRNA synthetase (LysS), modifies elongation factor P by lysinylation of an amino acid side chain. EpmA has also been knows as GenX, YjeA, and PoxA.
NF038110.1	equivalog	fliB	flagellin lysine-N-methylase	2.1.1.-	partial_ec_only	10289	LYSINE	lysine	67	lysine_biosynthesis_dap	0		
NF007540.1	equivalog	cadC	lysine decarboxylation/transport transcriptional activator CadC		no_ec	5776	LYSINE	lysine	67	lysine_biosynthesis_dap	0		CadC, a transcriptional activator of the cadAB operon, is membrane-associated, with a single transmembrane span. In response to acid stress and the presence of sufficient lysine, it undergoes a cleavage and then activates expression of the lysine decarboxylase CadA and the lysine-cadaverine antiporter CadB.
TIGR03827.1	equivalog	ablB	putative beta-lysine N-acetyltransferase		no_ec	4381	LYSINE	lysine	67	lysine_biosynthesis_dap	0		Members of this protein family are GNAT family acetyltransferases, based on a seed alignment in which every member is associated with a lysine 2,3-aminomutase family protein, usually as the adjacent gene. This family includes AblB, the enzyme beta-lysine acetyltransferase that completes the two-step synthesis of the osmolyte (compatible solute) N-epsilon-acetyl-beta-lysine; all members of the family may have this function. Note that N-epsilon-acetyl-beta-lysine has been observed only in methanogenic archaea (e.g. Methanosarcina) but that this model, paired with TIGR03820, suggests a much broader distribution.
TIGR00948.1	equivalog	lysE	L-lysine exporter		no_ec	4281	LYSINE	l-lysine	67	lysine_biosynthesis_dap	0		
NF011586.0	equivalog	argT	lysine/arginine/ornithine ABC transporter substrate-binding protein ArgT		no_ec	2253	LYSINE	lysine	67	lysine_biosynthesis_dap	0		
NF007754.0	equivalog	cadB	cadaverine/lysine antiporter		no_ec	2034	LYSINE	lysine	67	lysine_biosynthesis_dap	0		Antiporter protein responsible for lysine import and cadaverine export; member of the lysine-dependent acid resistance system 4 (AR4)
TIGR02144.1	equivalog	lysX	lysine biosynthesis protein LysX		no_ec	1805	LYSINE	lysine	67	lysine_biosynthesis_dap	0		The family of proteins found in this equivalog include the characterized LysX from Thermus thermophilus [1] which is part of a well-organized lysine biosynthesis gene cluster [2]. LysX is believed to carry out an ATP-dependent acylation of the amino group of alpha-aminoadipate in the prokaryotic version of the fungal AAA lysine biosynthesis pathway. No species having a sequence in this equivalog contains the elements of the more common diaminopimelate lysine biosythesis pathway, and none has been shown to be a lysine auxotroph. These sequences have mainly recieved the name of the related enzyme, "ribosomal protein S6 modification protein RimK". RimK has been characterized in E. coli, and acts by ATP-dependent condensation of S6 with glutamate residues [3].
NF052386.1	equivalog	kamB	lysine 5,6-aminomutase reactivase subunit KamB		no_ec	1405	LYSINE	lysine	67	lysine_biosynthesis_dap	0		
NF052383.1	equivalog	kamC	lysine 5,6-aminomutase reactivase ATPase KamC		no_ec	1356	LYSINE	lysine	67	lysine_biosynthesis_dap	0		
NF003367.0	equivalog		[LysW]-lysine hydrolase		no_ec	1212	LYSINE	lysine	67	lysine_biosynthesis_dap	0		
NF008466.1	equivalog	frlA	fructoselysine/psicoselysine transporter FrlA		no_ec	1019	LYSINE	lysine	67	lysine_biosynthesis_dap	0		Fructoselysine is a Amadori compound that can form naturally when lysine (an amine) and glucose (an aldose sugar) form an alpha-hydroxyimine that rearranges into an alpha-ketoamine. Transporter FrlA belongs to system that enables utilization of fructoselysine and its C-3 epimer, psicoselysine, and that contains a fructoselysine 3-epimerase.
TIGR01206.1	equivalog	lysW	lysine biosynthesis protein LysW		no_ec	954	LYSINE	lysine	67	lysine_biosynthesis_dap	0		This very small, poorly characterized protein has been shown essential in Thermus thermophilus for an unusual pathway of Lys biosynthesis from aspartate by way of alpha-aminoadipate (AAA) rather than diaminopimelate. It is found also in Deinococcus radiodurans and Pyrococcus horikoshii, which appear to share the AAA pathway.
NF008481.0	equivalog	frlB	fructoselysine 6-phosphate deglycase		no_ec	677	LYSINE	lysine	67	lysine_biosynthesis_dap	0		Catalyzes the conversion of fructoselysine 6-phosphate to glucose 6-phosphate and lysine
NF052544.1	equivalog	dokD	ornithine/lysine decarboxylase DokD		no_ec	408	LYSINE	lysine	67	lysine_biosynthesis_dap	0		
TIGR03911.1	equivalog	pylD	3-methylornithyl-N6-L-lysine dehydrogenase PylD		no_ec	305	LYSINE	l-lysine	67	lysine_biosynthesis_dap	0		This protein is PylD, part of a three-gene cassette that is sufficient to direct the biosynthesis of pyrrolysine, the twenty-second amino acid, incorporated in some species at a UAG canonical stop codon.
NF038171.1	equivalog	lodB	lysine-epsilon-oxidase maturase LodB		no_ec	212	LYSINE	lysine	67	lysine_biosynthesis_dap	0		L-lysine-epsilon-oxidase (LodA), which acts on free lysine and produces hydrogen peroxide, contains a cysteine tryptophylquinone cofactor. LodB, usually encoded next to LodA, is the maturase required for formation of the quinone moiety. Note that a related system consists of cysteine tryptophylquinone-dependent glycine oxidase, GoxA, and its maturase, GoxB.
NF042920.1	equivalog	besD	L-lysine 4-chlorinase BesD	1.14.20.-	partial_ec_only	73	LYSINE	l-lysine	67	lysine_biosynthesis_dap	0		
NF001747.0	equivalog		N-acetyl-lysine deacetylase		no_ec	59	LYSINE	l-lysine	67	lysine_biosynthesis_dap	0		Catalyzes N(2)-acetyl-L-lysine + H(2)O = acetate + L-lysine
NF041081.1	equivalog		protein-lysine N-methyltransferase	2.1.1.-	partial_ec_only	54	LYSINE	lysine	67	lysine_biosynthesis_dap	0		
NF003087.0	equivalog		acetylornithine/acetyl-lysine aminotransferase		no_ec	25	LYSINE	l-lysine	67	lysine_biosynthesis_dap	0		
NF007789.0	equivalog	mtr	tryptophan permease		no_ec	5892	TRYPTOPHAN	tryptophan	68	indole_3_acetate_biosynthesis;tryptophan_biosynthesis;tryptophan_degradation_indole	0		
NF041285.1	equivalog	trpX	tryptophan ABC transporter substrate-binding protein		no_ec	5303	TRYPTOPHAN	tryptophan	68	indole_3_acetate_biosynthesis;tryptophan_biosynthesis;tryptophan_degradation_indole	0		
NF047334.1	equivalog	trpM	tryptophan biosynthesis modulator TrpM		no_ec	4814	TRYPTOPHAN	tryptophan	68	indole_3_acetate_biosynthesis;tryptophan_biosynthesis;tryptophan_degradation_indole	0		TrpM (tryptophan biosynthesis modulator) is a predicted small protein encoded between trpC and trpB in many Streptomyces genomes.
NF047825.1	equivalog	tspO	tryptophan-rich sensory protein TspO		no_ec	1677	TRYPTOPHAN	tryptophan	68	indole_3_acetate_biosynthesis;tryptophan_biosynthesis;tryptophan_degradation_indole	0		
NF007235.0	equivalog	tnaB	low affinity tryptophan permease TnaB		no_ec	1283	TRYPTOPHAN	tryptophan	68	indole_3_acetate_biosynthesis;tryptophan_biosynthesis;tryptophan_degradation_indole	0		
NF010375.0	equivalog		bifunctional indole-3-glycerol phosphate synthase/tryptophan synthase subunit beta		no_ec	648	TRYPTOPHAN	tryptophan	68	indole_3_acetate_biosynthesis;tryptophan_biosynthesis;tryptophan_degradation_indole	0		Catalyzes ring closure to form indole-3-glycerol phosphate; Catalyzes the formation of L-tryptophan from L-serine and 1-(indol-3-yl)glycerol 3-phosphate
NF053546.1	equivalog	vioA	flavin-dependent violacein biosynthesis tryptophan-2 monooxygenase VioA		no_ec	184	TRYPTOPHAN	tryptophan	68	indole_3_acetate_biosynthesis;tryptophan_biosynthesis;tryptophan_degradation_indole	0		
TIGR04458.1	equivalog	txtE	4-nitrotryptophan synthase		no_ec	112	TRYPTOPHAN	tryptophan	68	indole_3_acetate_biosynthesis;tryptophan_biosynthesis;tryptophan_degradation_indole	0		Members of this family are cytochrome P450 enzymes that convert L-tryptophan into L-4-nitrotryptophan. In thaxtomin gene clusters, this enzyme (TxtE) uses nitric acid (NO) derived from arginine by the nitric oxide synthase TxtD, and O2, to perform the tryptophan nitration. L-4-nitrotryptophan is then used as a non-proteinogenic amino acid by non-ribosomal peptide synthases (NRPS).
TIGR03791.1	equivalog	mauG	tryptophan tryptophylquinone biosynthesis enzyme MauG		no_ec	71	TRYPTOPHAN	tryptophan	68	indole_3_acetate_biosynthesis;tryptophan_biosynthesis;tryptophan_degradation_indole	0		Members of this protein family are the tryptophan tryptophylquinone biosynthesis (TTQ) enzyme MauG, as found in Methylobacterium extorquens and related species. This protein is required to complete the maturation of the TTQ cofactor in the methylamine dehydrogenase light (beta) chain.
TIGR00475.1	equivalog	selB	selenocysteine-specific translation elongation factor		no_ec	33541	CYSTEINE	cysteine	74	cysteine_biosynthesis_homocysteine;cysteine_biosynthesis_sulfide;cysteine_degradation_sulfide;methionine_biosynthesis_transsulfuration	0		In prokaryotes, the incorporation of selenocysteine as the 21st amino acid, encoded by TGA, requires several elements: SelC is the tRNA itself, SelD acts as a donor of reduced selenium, SelA modifies a serine residue on SelC into selenocysteine, and SelB is a selenocysteine-specific translation elongation factor. 3-prime or 5-prime non-coding elements of mRNA have been found as probable structures for directing selenocysteine incorporation. This HMM describes the elongation factor SelB, a close homolog rf EF-Tu. It may function by replacing EF-Tu. A C-terminal domain not found in EF-Tu is in all SelB sequences in the seed alignment except that from Methanococcus jannaschii. This model does not find an equivalent protein for eukaryotes.
NF003501.0	equivalog		YcgN family cysteine cluster protein		no_ec	17844	CYSTEINE	cysteine	74	cysteine_biosynthesis_homocysteine;cysteine_biosynthesis_sulfide;cysteine_degradation_sulfide;methionine_biosynthesis_transsulfuration	0		
NF003507.0	equivalog		YcgN family cysteine cluster protein		no_ec	17374	CYSTEINE	cysteine	74	cysteine_biosynthesis_homocysteine;cysteine_biosynthesis_sulfide;cysteine_degradation_sulfide;methionine_biosynthesis_transsulfuration	0		
TIGR03998.1	equivalog	bshC	bacillithiol biosynthesis cysteine-adding enzyme BshC		no_ec	15432	CYSTEINE	cysteine	74	cysteine_biosynthesis_homocysteine;cysteine_biosynthesis_sulfide;cysteine_degradation_sulfide;methionine_biosynthesis_transsulfuration	0		Members of this protein family are BshC, an enzyme required for bacillithiol biosynthesis and described as a cysteine-adding enzyme. Bacillithiol is a low-molecular-weight thiol, an analog of glutathione and mycothiol, and is found largely in the Firmicutes.
NF008126.0	equivalog	csdA	cysteine desulfurase CsdA	3.13.1.-	partial_ec_only	6734	CYSTEINE	cysteine	74	cysteine_biosynthesis_homocysteine;cysteine_biosynthesis_sulfide;cysteine_degradation_sulfide;methionine_biosynthesis_transsulfuration	0		
NF041461.1	equivalog	ycaC	isochorismate family cysteine hydrolase YcaC		no_ec	6548	CYSTEINE	cysteine	74	cysteine_biosynthesis_homocysteine;cysteine_biosynthesis_sulfide;cysteine_degradation_sulfide;methionine_biosynthesis_transsulfuration	0		YcaC is a well-conserved cysteine hydrolase of unknown function, found in both Pseudomonas aeruginosa and Escherichia coli K-12, with an isochorismate family crystal structure.
TIGR04344.1	equivalog_domain	ovoA	5-histidylcysteine sulfoxide synthase		no_ec	5787	CYSTEINE	cysteine	74	cysteine_biosynthesis_homocysteine;cysteine_biosynthesis_sulfide;cysteine_degradation_sulfide;methionine_biosynthesis_transsulfuration	0		Ovothiol A is N1-methyl-4-mercaptohistidine. In the absence of S-adenosylmethione, a methyl donor, the intermediate produced is 4-mercaptohistidine. In both Erwinia tasmaniensis and Trypanosoma cruzi, a protein occurs with 5-histidylcysteine sulfoxide synthase activity, but these two enzymes and most homologs share an additional C-terminal methyltransferase domain. Thus OvoA may be a bifunctional enzyme with 5-histidylcysteine sulfoxide synthase and 4-mercaptohistidine N1-methyltranferase activity. This model describes the 5-histidylcysteine sulfoxide synthase domain, a homolog of the ergothioneine biosynthesis protein EgtB.
NF008523.0	equivalog	eamA	O-acetylserine/cysteine exporter		no_ec	3281	CYSTEINE	cysteine	74	cysteine_biosynthesis_homocysteine;cysteine_biosynthesis_sulfide;cysteine_degradation_sulfide;methionine_biosynthesis_transsulfuration	0		
NF006792.0	equivalog	sufE	cysteine desulfuration protein SufE		no_ec	2878	CYSTEINE	cysteine	74	cysteine_biosynthesis_homocysteine;cysteine_biosynthesis_sulfide;cysteine_degradation_sulfide;methionine_biosynthesis_transsulfuration	0		Acts with SufS to catalyze the formation of L-alanine from L-cysteine
NF047409.1	equivalog	cymR	cysteine metabolism transcriptional regulator CymR		no_ec	2671	CYSTEINE	cysteine	74	cysteine_biosynthesis_homocysteine;cysteine_biosynthesis_sulfide;cysteine_degradation_sulfide;methionine_biosynthesis_transsulfuration	0		CymR, the master regulator of cysteine metabolism in Bacillus subtilis and Staphylococcus aureus, belongs to the Rrf2 family of transcriptional regulators. Most members of the family have no Cys residue, but the member from Staphylococcus aureus, with a lone Cys residue at position 25, is reported to use that residue to sense oxidative stress.
NF003503.0	equivalog		YcgN family cysteine cluster protein		no_ec	2635	CYSTEINE	cysteine	74	cysteine_biosynthesis_homocysteine;cysteine_biosynthesis_sulfide;cysteine_degradation_sulfide;methionine_biosynthesis_transsulfuration	0		
NF003498.0	equivalog		YcgN family cysteine cluster protein		no_ec	1919	CYSTEINE	cysteine	74	cysteine_biosynthesis_homocysteine;cysteine_biosynthesis_sulfide;cysteine_degradation_sulfide;methionine_biosynthesis_transsulfuration	0		
NF007653.0	equivalog	eamB	cysteine/O-acetylserine transporter		no_ec	1692	CYSTEINE	cysteine	74	cysteine_biosynthesis_homocysteine;cysteine_biosynthesis_sulfide;cysteine_degradation_sulfide;methionine_biosynthesis_transsulfuration	0		
NF003502.0	equivalog		YcgN family cysteine cluster protein		no_ec	1659	CYSTEINE	cysteine	74	cysteine_biosynthesis_homocysteine;cysteine_biosynthesis_sulfide;cysteine_degradation_sulfide;methionine_biosynthesis_transsulfuration	0		
NF011594.0	equivalog	csdE	cysteine desulfurase sulfur acceptor subunit CsdE		no_ec	1618	CYSTEINE	cysteine	74	cysteine_biosynthesis_homocysteine;cysteine_biosynthesis_sulfide;cysteine_degradation_sulfide;methionine_biosynthesis_transsulfuration	0		
TIGR03973.1	equivalog	scfA	six-cysteine ranthipeptide SCIFF		no_ec	1470	CYSTEINE	cysteine	74	cysteine_biosynthesis_homocysteine;cysteine_biosynthesis_sulfide;cysteine_degradation_sulfide;methionine_biosynthesis_transsulfuration	0		Members of this protein family are essentially universal in the class Clostidia and therefore highly abundant in the human gut microbiome. This short peptide is designated SCIFF, for Six Cysteines in Forty-Five residues. It is a presumed ribosomal natural product precursor, always found associated with an ScfB family radical SAM protein, family TIGR03974, designated SCIFF radical SAM maturase. The literature originally described the thioether cross-link introduced by ScfB from a Cys side chain as going to the alpha carbon (making SCIFF a "sactipeptide") of a Met residue, but more recently is was found to go elsewhere (making it a "ranthipeptide"), to the gamma carbon of a Thr residue. Note that lineage-specific names for SCIFF family members have been assigned, such as "thermocellin".
NF003500.0	equivalog		YcgN family cysteine cluster protein		no_ec	1411	CYSTEINE	cysteine	74	cysteine_biosynthesis_homocysteine;cysteine_biosynthesis_sulfide;cysteine_degradation_sulfide;methionine_biosynthesis_transsulfuration	0		
NF003505.0	equivalog		YcgN family cysteine cluster protein		no_ec	786	CYSTEINE	cysteine	74	cysteine_biosynthesis_homocysteine;cysteine_biosynthesis_sulfide;cysteine_degradation_sulfide;methionine_biosynthesis_transsulfuration	0		
NF003508.0	equivalog		YcgN family cysteine cluster protein		no_ec	541	CYSTEINE	cysteine	74	cysteine_biosynthesis_homocysteine;cysteine_biosynthesis_sulfide;cysteine_degradation_sulfide;methionine_biosynthesis_transsulfuration	0		
NF003499.0	equivalog		YcgN family cysteine cluster protein		no_ec	506	CYSTEINE	cysteine	74	cysteine_biosynthesis_homocysteine;cysteine_biosynthesis_sulfide;cysteine_degradation_sulfide;methionine_biosynthesis_transsulfuration	0		
NF003506.0	equivalog		YcgN family cysteine cluster protein		no_ec	347	CYSTEINE	cysteine	74	cysteine_biosynthesis_homocysteine;cysteine_biosynthesis_sulfide;cysteine_degradation_sulfide;methionine_biosynthesis_transsulfuration	0		
NF003022.0	equivalog		methylated-DNA--protein-cysteine methyltransferase		no_ec	115	CYSTEINE	cysteine	74	cysteine_biosynthesis_homocysteine;cysteine_biosynthesis_sulfide;cysteine_degradation_sulfide;methionine_biosynthesis_transsulfuration	0		
NF033753.1	equivalog		CypD family RiPP peptide-cysteine decarboxylase		no_ec	91	CYSTEINE	cysteine	74	cysteine_biosynthesis_homocysteine;cysteine_biosynthesis_sulfide;cysteine_degradation_sulfide;methionine_biosynthesis_transsulfuration	0		CypD, a Cys decarboxylase flavoprotein, oxidatively removes the carboxyl moiety from the C-terminal Cys residue of CypA, the precursor of the RiPP natural product cypemycin.
NF011786.0	equivalog	spvD	SPI-2 type III secretion system effector cysteine hydrolase SpvD		no_ec	64	CYSTEINE	cysteine	74	cysteine_biosynthesis_homocysteine;cysteine_biosynthesis_sulfide;cysteine_degradation_sulfide;methionine_biosynthesis_transsulfuration	0		
NF047871.1	equivalog	vcpD	ArsD-related vicinal cysteine protein VcpD		no_ec	54	CYSTEINE	cysteine	74	cysteine_biosynthesis_homocysteine;cysteine_biosynthesis_sulfide;cysteine_degradation_sulfide;methionine_biosynthesis_transsulfuration	0		
NF003504.0	equivalog		YcgN family cysteine cluster protein		no_ec	36	CYSTEINE	cysteine	74	cysteine_biosynthesis_homocysteine;cysteine_biosynthesis_sulfide;cysteine_degradation_sulfide;methionine_biosynthesis_transsulfuration	0		
NF045535.1	equivalog		putative selenocysteine system protein		no_ec	3	CYSTEINE	cysteine	74	cysteine_biosynthesis_homocysteine;cysteine_biosynthesis_sulfide;cysteine_degradation_sulfide;methionine_biosynthesis_transsulfuration	0		Huang, et al. studied the selenoproteome of Asgard archaea, nearly all of which are uncultured but known from microbiome-assembled genomes (MAGs). Members of this family, although not discussed in that paper, regularly form part of a conserved gene neighborhood with other proteins required for selenoprotein biosynthesis, such as O-phosphoseryl-tRNA(Sec) selenium transferase.
NF005102.0	equivalog		aspartate aminotransferase family protein		no_ec	11632	ASPARTATE	aspartate	77	asparagine_biosynthesis;aspartate_biosynthesis;aspartate_semialdehyde_biosynthesis;pantothenate_biosynthesis;quinolinate_biosynthesis_aspartate	0		
NF005685.0	equivalog		aspartate aminotransferase family protein		no_ec	10547	ASPARTATE	aspartate	77	asparagine_biosynthesis;aspartate_biosynthesis;aspartate_semialdehyde_biosynthesis;pantothenate_biosynthesis;quinolinate_biosynthesis_aspartate	0		
TIGR03802.1	equivalog	aspT	aspartate-alanine antiporter		no_ec	9822	ASPARTATE	aspartate	77	asparagine_biosynthesis;aspartate_biosynthesis;aspartate_semialdehyde_biosynthesis;pantothenate_biosynthesis;quinolinate_biosynthesis_aspartate	0		All members of the seed alignment for this model are asparate-alanine anti-transporters (AspT) encoded next to the gene for aspartate 4-decarboxylase (AspD), which converts asparate to alanine, releasing CO2. The exchange of Asp for Ala is electrogenic, so the AspD/AspT system confers a proton-motive force. This transporter contains two copies of the AspT/YidE/YbjL antiporter duplication domain (TIGR01625).
NF004755.0	equivalog		aspartate aminotransferase family protein		no_ec	5502	ASPARTATE	aspartate	77	asparagine_biosynthesis;aspartate_biosynthesis;aspartate_semialdehyde_biosynthesis;pantothenate_biosynthesis;quinolinate_biosynthesis_aspartate	0		
NF008440.0	equivalog	gltP	glutamate/aspartate:proton symporter GltP		no_ec	5344	ASPARTATE	aspartate	77	asparagine_biosynthesis;aspartate_biosynthesis;aspartate_semialdehyde_biosynthesis;pantothenate_biosynthesis;quinolinate_biosynthesis_aspartate	0		Carrier protein part of the Na(+)-independent, binding-protein-independent glutamate-aspartate transport system
TIGR03799.1	equivalog	panP	pyridoxal-dependent aspartate 1-decarboxylase PanP	4.1.1.-	partial_ec_only	4217	ASPARTATE	aspartate	77	asparagine_biosynthesis;aspartate_biosynthesis;aspartate_semialdehyde_biosynthesis;pantothenate_biosynthesis;quinolinate_biosynthesis_aspartate	0		This enzyme was proposed here to be a form of aspartate 1-decarboxylase, pyridoxal-dependent, that represents a non-orthologous displacement to the more widely distributed pyruvoyl-dependent form (TIGR00223). Aspartate 1-decarboxylase makes beta-alanine, used usually in pathothenate biosynthesis, by decarboxylation from asparatate. A number of species with the PanB and PanC enzymes, however, lack PanD. This protein family occurs in a number of Proteobacteria that lack PanD. This enzyme family appears to be a pyridoxal-dependent enzyme (see PF00282). The family was identified by Partial Phylogenetic Profiling; members in Geobacter sulfurreducens, G. metallireducens, and Pseudoalteromonas atlantica are clustered with the genes for PanB and PanC. We suggest the gene symbol panP (panthothenate biosynthesis enzyme, Pyridoxal-dependent). It has since been confirmed experimentally (PMID:28446608).
NF033213.1	equivalog	panM	aspartate 1-decarboxylase autocleavage activator PanM		no_ec	3441	ASPARTATE	aspartate	77	asparagine_biosynthesis;aspartate_biosynthesis;aspartate_semialdehyde_biosynthesis;pantothenate_biosynthesis;quinolinate_biosynthesis_aspartate	0		Members of this family, called PanM (or PanZ), although related to the GNAT family N-acetyltransferases, have a different function. Then enzyme PanD, aspartate 1-decarboxylase, has an active site modified Ser residue, created by cleavage of a precursor form. PanM promotes the maturation of the CoA biosynthesis enzyme PanD, but also inhibits its activity in the presence of CoA. Figure 6 in PMID:26276430 identifies residues considered critical to interaction with PanD; seed alignment sequences and cutoff scores were chosen to separate proposed PanM from functionally distinct relatives.
NF005375.0	equivalog		aspartate aminotransferase family protein		no_ec	3020	ASPARTATE	aspartate	77	asparagine_biosynthesis;aspartate_biosynthesis;aspartate_semialdehyde_biosynthesis;pantothenate_biosynthesis;quinolinate_biosynthesis_aspartate	0		
NF007569.0	equivalog		aspartate/glutamate racemase	5.1.1.-	partial_ec_only	2978	ASPARTATE	aspartate	77	asparagine_biosynthesis;aspartate_biosynthesis;aspartate_semialdehyde_biosynthesis;pantothenate_biosynthesis;quinolinate_biosynthesis_aspartate	0		
NF003440.0	equivalog		aspartate:alanine antiporter		no_ec	2969	ASPARTATE	aspartate	77	asparagine_biosynthesis;aspartate_biosynthesis;aspartate_semialdehyde_biosynthesis;pantothenate_biosynthesis;quinolinate_biosynthesis_aspartate	0		
NF006368.0	equivalog		aspartate aminotransferase family protein		no_ec	2311	ASPARTATE	aspartate	77	asparagine_biosynthesis;aspartate_biosynthesis;aspartate_semialdehyde_biosynthesis;pantothenate_biosynthesis;quinolinate_biosynthesis_aspartate	0		
NF009068.0	equivalog		aspartate aminotransferase family protein		no_ec	2306	ASPARTATE	aspartate	77	asparagine_biosynthesis;aspartate_biosynthesis;aspartate_semialdehyde_biosynthesis;pantothenate_biosynthesis;quinolinate_biosynthesis_aspartate	0		
NF040745.1	equivalog	glmL	methylaspartate mutase accessory protein GlmL		no_ec	2265	ASPARTATE	aspartate	77	asparagine_biosynthesis;aspartate_biosynthesis;aspartate_semialdehyde_biosynthesis;pantothenate_biosynthesis;quinolinate_biosynthesis_aspartate	0		GlmL (glutamate mutase operon protein L), a protein with unknown activity, occurs invariably as part of a locus that also includes the E (epsilon) and S (sigma) subunits of methylaspartate mutase (also called glutamate mutase. A related protein occurs exclusively in a locus the anaerobic degradation of ornithine, where a different cobalamin-dependent enzyme occurs. It seems likely that GlmL is an accessory protein for the methylaspartate mutase.
NF002063.0	equivalog		aspartate carbamoyltransferase regulatory subunit		no_ec	2038	ASPARTATE	aspartate	77	asparagine_biosynthesis;aspartate_biosynthesis;aspartate_semialdehyde_biosynthesis;pantothenate_biosynthesis;quinolinate_biosynthesis_aspartate	0		
NF045641.2	equivalog	bhcB	beta-hydroxyaspartate dehydratase BhcB	4.2.1.-	partial_ec_only	1732	ASPARTATE	aspartate	77	asparagine_biosynthesis;aspartate_biosynthesis;aspartate_semialdehyde_biosynthesis;pantothenate_biosynthesis;quinolinate_biosynthesis_aspartate	0		
NF009825.0	equivalog		aspartate dehydrogenase		no_ec	1672	ASPARTATE	aspartate	77	asparagine_biosynthesis;aspartate_biosynthesis;aspartate_semialdehyde_biosynthesis;pantothenate_biosynthesis;quinolinate_biosynthesis_aspartate	0		Catalyzes the formation of L-aspartate to iminoaspartate in NAD(+) biosynthesis
NF047900.1	equivalog	ldmS	L-aspartate--L-methionine ligase LdmS		no_ec	1639	ASPARTATE	l-aspartate	77	asparagine_biosynthesis;aspartate_biosynthesis;aspartate_semialdehyde_biosynthesis;pantothenate_biosynthesis;quinolinate_biosynthesis_aspartate	0		
NF004611.0	equivalog		aspartate aminotransferase		no_ec	992	ASPARTATE	aspartate	77	asparagine_biosynthesis;aspartate_biosynthesis;aspartate_semialdehyde_biosynthesis;pantothenate_biosynthesis;quinolinate_biosynthesis_aspartate	0		Catalyzes the formation of oxalozcetate and L-glutamate from L-aspartate and 2-oxoglutarate
NF050802.1	equivalog	ccaA	aspartate chemotaxis receptor CcaA		no_ec	356	ASPARTATE	aspartate	77	asparagine_biosynthesis;aspartate_biosynthesis;aspartate_semialdehyde_biosynthesis;pantothenate_biosynthesis;quinolinate_biosynthesis_aspartate	0		
NF008885.0	equivalog		bifunctional adhesin/ABC transporter aspartate/glutamate-binding protein		no_ec	230	ASPARTATE	aspartate	77	asparagine_biosynthesis;aspartate_biosynthesis;aspartate_semialdehyde_biosynthesis;pantothenate_biosynthesis;quinolinate_biosynthesis_aspartate	0		
NF006228.0	equivalog		aspartate aminotransferase family protein		no_ec	165	ASPARTATE	aspartate	77	asparagine_biosynthesis;aspartate_biosynthesis;aspartate_semialdehyde_biosynthesis;pantothenate_biosynthesis;quinolinate_biosynthesis_aspartate	0		
NF009916.0	equivalog		bifunctional aspartate carbamoyltransferase catalytic subunit/aspartate carbamoyltransferase regulatory subunit		no_ec	141	ASPARTATE	aspartate	77	asparagine_biosynthesis;aspartate_biosynthesis;aspartate_semialdehyde_biosynthesis;pantothenate_biosynthesis;quinolinate_biosynthesis_aspartate	0		Catalyzes the transfer of the carbamoyl moiety from carbamoyl phosphate to L- aspartate in pyrimidine biosynthesis
NF006229.0	equivalog		aspartate aminotransferase		no_ec	113	ASPARTATE	aspartate	77	asparagine_biosynthesis;aspartate_biosynthesis;aspartate_semialdehyde_biosynthesis;pantothenate_biosynthesis;quinolinate_biosynthesis_aspartate	0		
NF009824.0	equivalog		putative L-aspartate dehydrogenase		no_ec	10	ASPARTATE	l-aspartate	77	asparagine_biosynthesis;aspartate_biosynthesis;aspartate_semialdehyde_biosynthesis;pantothenate_biosynthesis;quinolinate_biosynthesis_aspartate	0		
NF007602.0	equivalog	pheP	phenylalanine transporter		no_ec	2747	PHENYLALANINE	phenylalanine	79	phenylalanine_biosynthesis	0		
TIGR03704.1	equivalog		putative protein N(5)-glutamine methyltransferase		no_ec	16297	GLUTAMINE	glutamine	80	glutamine_biosynthesis;histidine_biosynthesis;plp_biosynthesis_r5p;pyrimidine_core_biosynthesis;tryptophan_biosynthesis	0		This protein family is closely related to two different families of protein-(glutamine-N5) methyltransferase. The first is PrmB, which modifies ribosomal protein L3 in some bacteria. The second is PrmC (HemK), which modifies peptide chain release factors 1 and 2 in most bacteria and also in eukaryotes. The glutamine side chain-binding motif NPPY shared by PrmB and PrmC is N[VAT]PY in this family. The protein substrate is unknown.
TIGR03104.1	equivalog		N-acetylglutaminylglutamine amidotransferase		no_ec	12013	GLUTAMINE	glutamine	80	glutamine_biosynthesis;histidine_biosynthesis;plp_biosynthesis_r5p;pyrimidine_core_biosynthesis;tryptophan_biosynthesis	0		After N-acetylglutaminylglutamine synthetase (Ngg, TIGR03103) synthesizes N-acetylglutaminylglutamine, this amidotransferase completes the biosynthesis of N-acetylglutaminylglutamine amide (NAGGN), a dipeptide osmoprotectant. This enzyme could also be named N-acetylglutaminylglutamine amide synthase (glutamine-hydrolyzing).
TIGR03103.1	equivalog	ngg	N-acetylglutaminylglutamine synthetase		no_ec	6842	GLUTAMINE	glutamine	80	glutamine_biosynthesis;histidine_biosynthesis;plp_biosynthesis_r5p;pyrimidine_core_biosynthesis;tryptophan_biosynthesis	0		This bifunctional protein, with GNAT family acetyltranferase and ATP-grasp domains, catalyzes the first step in the biosynthesis of the osmoprotectant dipeptide N-acetylglutaminylglutamine amide (NAGGN). It N-acetylates one glutamine and attaches it through a peptide bond to a second glutamine.
NF005458.0	equivalog		glutamine amidotransferase		no_ec	6744	GLUTAMINE	glutamine	80	glutamine_biosynthesis;histidine_biosynthesis;plp_biosynthesis_r5p;pyrimidine_core_biosynthesis;tryptophan_biosynthesis	0		Catalyzes the transfer of the ammonia group from glutamine to a new carbon-nitrogen group
NF006562.0	equivalog		glutamine amidotransferase		no_ec	6626	GLUTAMINE	glutamine	80	glutamine_biosynthesis;histidine_biosynthesis;plp_biosynthesis_r5p;pyrimidine_core_biosynthesis;tryptophan_biosynthesis	0		Catalyzes the transfer of the ammonia group from glutamine to a new carbon-nitrogen group
NF006098.0	equivalog		glutamine amidotransferase		no_ec	5183	GLUTAMINE	glutamine	80	glutamine_biosynthesis;histidine_biosynthesis;plp_biosynthesis_r5p;pyrimidine_core_biosynthesis;tryptophan_biosynthesis	0		
NF005743.0	equivalog		glutamine amidotransferase		no_ec	4762	GLUTAMINE	glutamine	80	glutamine_biosynthesis;histidine_biosynthesis;plp_biosynthesis_r5p;pyrimidine_core_biosynthesis;tryptophan_biosynthesis	0		Catalyzes the transfer of the ammonia group from glutamine to a new carbon-nitrogen group
NF005072.0	equivalog		glutamine amidotransferase		no_ec	3520	GLUTAMINE	glutamine	80	glutamine_biosynthesis;histidine_biosynthesis;plp_biosynthesis_r5p;pyrimidine_core_biosynthesis;tryptophan_biosynthesis	0		Catalyzes the transfer of the ammonia group from glutamine to a new carbon-nitrogen group
TIGR03813.2	equivalog	gadC	glutamine/gamma-aminobutyrate antiporter GadC		no_ec	1794	GLUTAMINE	glutamine	80	glutamine_biosynthesis;histidine_biosynthesis;plp_biosynthesis_r5p;pyrimidine_core_biosynthesis;tryptophan_biosynthesis	0		All members of the seed alignment of this HMM family of amino acid transporters are co-located with glutamate decarboxylase, suggesting these might be glutamate/gamma-aminobutyrate antiporters, part of a system for resistance to transient exposures to acid conditions when glutamate (Glu) is available for import and decarboxylation. However, the vast majority of the seed members also have a neighboring glutaminase, which converts glutamine (Gln) to Glu. This clue from context suggests the antiporter most likely imports Gln, although possibly both Gln and Glu (Glx). The gene symbol gadC is assigned here, as it is for sister model TIGR00910, and also for the glutamate/gamma-aminobutyrate antiporter described in model NF053662.
NF052599.1	equivalog	gifA	glutamine synthetase inactivation factor IF7A		no_ec	713	GLUTAMINE	glutamine	80	glutamine_biosynthesis;histidine_biosynthesis;plp_biosynthesis_r5p;pyrimidine_core_biosynthesis;tryptophan_biosynthesis	0		Glutamine synthetase inactivation factor 7A (IF7A), encoded by gifA, derepressed by the presence of ammonium ion, suppresses glutamine synthatase activity post-translationally through protein-protein interaction.
NF010015.0	equivalog		chemoreceptor glutamine deamidase CheD		no_ec	294	GLUTAMINE	glutamine	80	glutamine_biosynthesis;histidine_biosynthesis;plp_biosynthesis_r5p;pyrimidine_core_biosynthesis;tryptophan_biosynthesis	0		
TIGR04014.1	equivalog		methyl-coenzyme M reductase glutamine C-methyltransferase		no_ec	229	GLUTAMINE	glutamine	80	glutamine_biosynthesis;histidine_biosynthesis;plp_biosynthesis_r5p;pyrimidine_core_biosynthesis;tryptophan_biosynthesis	0		Members of this family are radical SAM enzymes (see PF04055) with a B12 binding homology domain (PF02310). The enzyme performs a methylation of the alpha carbon of a glutamine residue in methyl-coenzyme M reductase.
NF041511.1	equivalog		PA2816 family glutamine-rich protein		no_ec	179	GLUTAMINE	glutamine	80	glutamine_biosynthesis;histidine_biosynthesis;plp_biosynthesis_r5p;pyrimidine_core_biosynthesis;tryptophan_biosynthesis	0		Members of this family, including PA2816 from Pseudomonas aeruginosa, average about 140 amino acids in length, with an N-terminal signal peptide. The last 100 amino acids are extremely glutamine-rich. The family appears restricted to the genus Pseudomonas. The function is unknown.
NF010050.0	equivalog		glutamine amidotransferase subunit PdxT		no_ec	77	GLUTAMINE	glutamine	80	glutamine_biosynthesis;histidine_biosynthesis;plp_biosynthesis_r5p;pyrimidine_core_biosynthesis;tryptophan_biosynthesis	0		
NF010017.0	equivalog		chemoreceptor glutamine deamidase CheD		no_ec	73	GLUTAMINE	glutamine	80	glutamine_biosynthesis;histidine_biosynthesis;plp_biosynthesis_r5p;pyrimidine_core_biosynthesis;tryptophan_biosynthesis	0		
NF010018.0	equivalog		chemoreceptor glutamine deamidase CheD		no_ec	48	GLUTAMINE	glutamine	80	glutamine_biosynthesis;histidine_biosynthesis;plp_biosynthesis_r5p;pyrimidine_core_biosynthesis;tryptophan_biosynthesis	0		
TIGR01529.1	equivalog	argR	arginine repressor		no_ec	19046	ARGININE	arginine	81	arginine_biosynthesis;arginine_deiminase_pathway	0		This HMM includes most members of the arginine-responsive transcriptional regulator family ArgR. This hexameric protein binds DNA at its amino end to repress arginine biosyntheis or activate arginine catabolism. Some species have several ArgR paralogs. In a neighbor-joining tree, some of these paralogous sequences show long branches and differ significantly in an otherwise well-conserved C-terminal region motif GT[VIL][AC]GDDT. These paralogs are excluded from the seed and score in the gray zone of this model, between trusted and noise cutoffs.
TIGR03837.1	equivalog	earP	elongation factor P maturation arginine rhamnosyltransferase EarP		no_ec	13796	ARGININE	arginine	81	arginine_biosynthesis;arginine_deiminase_pathway	0		Translation elongation factor P (EF-P) is universal in bacteria. It alleviates stalling at stretches of polyproline. Several alternative post-translational modifications occur in different lineages, and in most cases are essential for viability. This HMM describes the EF-P arginine sidechain-modifying rhamnosyltransferase EarP. Other modifications include beta-lysylation in Escherichia coli, 5-aminopentanolylation in Bacillus subtilis, and a hypusine modification in the related elongation factor of archaea (aIF5A) or eukaryotes (eIF5A).
NF002880.0	equivalog		arginine repressor		no_ec	9045	ARGININE	arginine	81	arginine_biosynthesis;arginine_deiminase_pathway	0		Regulates arginine biosynthesis when complexed with arginine by binding at site that overlap the promotors of the arginine biosynthesis genes
TIGR03810.1	equivalog	arcD	arginine-ornithine antiporter		no_ec	8716	ARGININE	arginine	81	arginine_biosynthesis;arginine_deiminase_pathway	0		Members of this protein family are the arginine/ornithine antiporter, ArcD. This exchanger of ornithine for arginine occurs in a system with arginine deiminase, ornithine carbamoyltransferase, and carbamate kinase, with together turn arginine to ornithine with the generation of ATP and release of CO2.
NF006801.0	equivalog	argO	arginine exporter ArgO		no_ec	3401	ARGININE	arginine	81	arginine_biosynthesis;arginine_deiminase_pathway	0		
NF053706.1	equivalog	mcsA	protein-arginine kinase activator protein McsA		no_ec	3224	ARGININE	arginine	81	arginine_biosynthesis;arginine_deiminase_pathway	0		
NF011586.0	equivalog	argT	lysine/arginine/ornithine ABC transporter substrate-binding protein ArgT		no_ec	2253	ARGININE	arginine	81	arginine_biosynthesis;arginine_deiminase_pathway	0		
NF007929.0	equivalog	adiC	arginine/agmatine antiporter		no_ec	2045	ARGININE	arginine	81	arginine_biosynthesis;arginine_deiminase_pathway	0		
NF041765.1	equivalog	artJ	arginine ABC transporter substrate-binding protein ArtJ		no_ec	1678	ARGININE	arginine	81	arginine_biosynthesis;arginine_deiminase_pathway	0		
NF041764.1	equivalog	artI	arginine ABC transporter substrate-binding protein ArtI		no_ec	1277	ARGININE	arginine	81	arginine_biosynthesis;arginine_deiminase_pathway	0		
NF050139.1	equivalog	pirA	arginine synthesis PII-interacting regulator PirA		no_ec	739	ARGININE	arginine	81	arginine_biosynthesis;arginine_deiminase_pathway	0		It has been shown that the small protein PirA regulates flux into the ornithine-ammonia cycle (OAC), the key hub of cyanobacterial nitrogen stockpiling and remobilization. PirA interacts with the central carbon/nitrogen control protein PII, which commonly controls entry into the OAC by activating the key enzyme of arginine synthesis, N-acetyl-l-glutamate kinase (NAGK).
NF001680.0	equivalog		arginine repressor		no_ec	727	ARGININE	arginine	81	arginine_biosynthesis;arginine_deiminase_pathway	0		Regulates arginine biosynthesis when complexed with arginine by binding at site that overlap the promotors of the arginine biosynthesis genes
TIGR03278.1	equivalog	mmp10	methyl coenzyme M reductase-arginine methyltransferase Mmp10	2.1.1.-	partial_ec_only	594	ARGININE	arginine	81	arginine_biosynthesis;arginine_deiminase_pathway	0		TIGR03278 protein belongs to the radical SAM family (see PF04055). Members of this family occur stricktly in and universally in methanogenic archaea. The family was named methanogenesis marker protein 10 based on this bioinformatics result. The protein typically is encoded near the gene for methyl coenzyme M reductase, whose product it modifies. The C-terminal region region contains an unusual form of cobalamin-binding domain. Mmp10 (methanogenesis marker protein 10) is a cobalamin-requiring radical SAM methyltransferase that creates the methylarginine modification to methyl coenzyme M reductase.
NF052307.1	equivalog	arcD	arginine/ornithine antiporter ArcD		no_ec	586	ARGININE	arginine	81	arginine_biosynthesis;arginine_deiminase_pathway	0		
TIGR04468.1	equivalog	blsG	arginine 2,3-aminomutase		no_ec	341	ARGININE	arginine	81	arginine_biosynthesis;arginine_deiminase_pathway	0		Members of this family are arginine 2,3-aminomutase, a radical SAM enzyme more closely related to lysine 2,3-aminomutase than to glutamate 2,3-aminomutase. The enzyme makes L-beta-arginine, sometimes in the context of antibiotic biosynthesis (blasticidin S, mildiomycin, etc). Activity is proven in Streptomyces griseochromogenes, which makes blasticidin S.
NF011910.0	equivalog	sseK	type III secretion system effector arginine glycosyltransferase		no_ec	289	ARGININE	arginine	81	arginine_biosynthesis;arginine_deiminase_pathway	0		
NF011911.0	equivalog		type III secretion system effector arginine glycosyltransferase SseK1		no_ec	257	ARGININE	arginine	81	arginine_biosynthesis;arginine_deiminase_pathway	0		
NF041365.1	equivalog	gntB	guanitoxin biosynthesis L-arginine gamma (S) hydroxylase		no_ec	226	ARGININE	l-arginine	81	arginine_biosynthesis;arginine_deiminase_pathway	0		
TIGR04544.1	equivalog		beta-methylarginine biosynthesis bifunctional aminotransferase		no_ec	167	ARGININE	arginine	81	arginine_biosynthesis;arginine_deiminase_pathway	0		Members of this family are the bifunctional aminotransferase that catalyzes the first and third steps in the three-step conversion of arginine to beta-methylarginine. It first converts arginine to 2-ketoarginine, then converts 3-methyl-2-ketoarginine to 3-methylarginine. All members of the seed alignment are encoded next to a 2-ketoarginine methyltransferase (EC 2.1.1.243).
NF009064.0	equivalog		pyruvoyl-dependent arginine decarboxylase		no_ec	141	ARGININE	arginine	81	arginine_biosynthesis;arginine_deiminase_pathway	0		
NF011780.0	equivalog	spvB	SPI-2 type III secretion system effector NAD(+)--protein-arginine ADP-ribosyltransferase SpvB		no_ec	87	ARGININE	arginine	81	arginine_biosynthesis;arginine_deiminase_pathway	0		
NF041364.1	equivalog	gntC	guanitoxin biosynthesis PLP-dependent (S)-gamma-hydroxy-L-arginine cyclodehydratase GntC		no_ec	43	ARGININE	l-arginine	81	arginine_biosynthesis;arginine_deiminase_pathway	0		
NF038068.1	equivalog	laoB	L-arginine responsive protein LaoB		no_ec	30	ARGININE	l-arginine	81	arginine_biosynthesis;arginine_deiminase_pathway	0		LaoB (L-arginine responsive overlapping gene) is a small, rare protein, encoded in an antisense frame to the gene for CadC in some strains of Escherichia coli. CadC, in response to acid stress and the presence of sufficient lysine, activates expression of a lysine decarboxlation and lysine/cadaverine antiport system, which provides resistance to the acidity. Note that the current version of NCBI's Prokaryotic Genome Annotation Pipeline may not predict this protein.
NF041874.1	equivalog	epsC	serine O-acetyltransferase EpsC		no_ec	59515	SERINE	serine	85	cysteine_biosynthesis_homocysteine;cysteine_biosynthesis_sulfide;enterobactin_biosynthesis;glycine_biosynthesis;serine_biosynthesis;serine_deamination	0		
NF011999.0	equivalog		PrkA family serine protein kinase		no_ec	11634	SERINE	serine	85	cysteine_biosynthesis_homocysteine;cysteine_biosynthesis_sulfide;enterobactin_biosynthesis;glycine_biosynthesis;serine_biosynthesis;serine_deamination	0		
NF008322.0	equivalog	dacB	serine-type D-Ala-D-Ala carboxypeptidase	3.4.16.4,3.4.21.-	ec_without_rhea	8310	SERINE	serine	85	cysteine_biosynthesis_homocysteine;cysteine_biosynthesis_sulfide;enterobactin_biosynthesis;glycine_biosynthesis;serine_biosynthesis;serine_deamination	0		
NF008272.0	equivalog	cycA	D-serine/D-alanine/glycine transporter		no_ec	6751	SERINE	serine	85	cysteine_biosynthesis_homocysteine;cysteine_biosynthesis_sulfide;enterobactin_biosynthesis;glycine_biosynthesis;serine_biosynthesis;serine_deamination	0		Involved in the transport across the cytoplasmic membrane of D-alanine, D-serine and glycine
TIGR04224.1	equivalog_domain		accessory Sec-dependent serine-rich glycoprotein adhesin		no_ec	5410	SERINE	serine	85	cysteine_biosynthesis_homocysteine;cysteine_biosynthesis_sulfide;enterobactin_biosynthesis;glycine_biosynthesis;serine_biosynthesis;serine_deamination	0		This HMM describes a definitive conserved N-terminal domain shared by Streptococcal serine-rich adhesion glycoproteins. These highly repetitive proteins may exceed 4000 amino acids in length, consisting largely of long regions in which every second amino acid is Ser. Members of this family, if sequenced completely and assigned the correct start site, begin with a KxYKxGKxW motif region (see TIGR03715) and end with an LPXTG motif region (see TIGR01167). Members are exported by the accessory secretory system (SecA2 and SecY2). They are highly variable among the Streptococci and may help determine host ranges for pathogenesis.
NF008489.0	equivalog	dacD	serine-type D-Ala-D-Ala carboxypeptidase DacD	3.4.16.4	ec_without_rhea	4673	SERINE	serine	85	cysteine_biosynthesis_homocysteine;cysteine_biosynthesis_sulfide;enterobactin_biosynthesis;glycine_biosynthesis;serine_biosynthesis;serine_deamination	0		
NF008624.1	equivalog	sseB	enhanced serine sensitivity protein SseB		no_ec	4253	SERINE	serine	85	cysteine_biosynthesis_homocysteine;cysteine_biosynthesis_sulfide;enterobactin_biosynthesis;glycine_biosynthesis;serine_biosynthesis;serine_deamination	0		Enhances serine sensitivity caused by inhibition of homoserine dehydrogenase I
NF007395.0	equivalog	dsdX	D-serine transporter DsdX		no_ec	4153	SERINE	serine	85	cysteine_biosynthesis_homocysteine;cysteine_biosynthesis_sulfide;enterobactin_biosynthesis;glycine_biosynthesis;serine_biosynthesis;serine_deamination	0		
NF006389.0	equivalog	tdcB	bifunctional threonine ammonia-lyase/L-serine ammonia-lyase TdcB		no_ec	3674	SERINE	l-serine	85	cysteine_biosynthesis_homocysteine;cysteine_biosynthesis_sulfide;enterobactin_biosynthesis;glycine_biosynthesis;serine_biosynthesis;serine_deamination	0		Catalyzes the formation of 2-oxobutanoate from L-threonine; catabolic
NF007526.1	equivalog	degQ	serine endoprotease DegQ	3.4.21.107	ec_without_rhea	3361	SERINE	serine	85	cysteine_biosynthesis_homocysteine;cysteine_biosynthesis_sulfide;enterobactin_biosynthesis;glycine_biosynthesis;serine_biosynthesis;serine_deamination	0		
NF008523.0	equivalog	eamA	O-acetylserine/cysteine exporter		no_ec	3281	SERINE	serine	85	cysteine_biosynthesis_homocysteine;cysteine_biosynthesis_sulfide;enterobactin_biosynthesis;glycine_biosynthesis;serine_biosynthesis;serine_deamination	0		
NF008189.1	equivalog	degP	serine endoprotease DegP	3.4.21.107	ec_without_rhea	2807	SERINE	serine	85	cysteine_biosynthesis_homocysteine;cysteine_biosynthesis_sulfide;enterobactin_biosynthesis;glycine_biosynthesis;serine_biosynthesis;serine_deamination	0		Protease Do; required at high temperature; degrades damaged proteins
NF010152.0	equivalog	tdcC	threonine/serine transporter TdcC		no_ec	2313	SERINE	serine	85	cysteine_biosynthesis_homocysteine;cysteine_biosynthesis_sulfide;enterobactin_biosynthesis;glycine_biosynthesis;serine_biosynthesis;serine_deamination	0		Involved in the import of threonine and serine in combination with the import of a proton
NF007445.0	equivalog	dacC	serine-type D-Ala-D-Ala carboxypeptidase	3.4.16.4	ec_without_rhea	2118	SERINE	serine	85	cysteine_biosynthesis_homocysteine;cysteine_biosynthesis_sulfide;enterobactin_biosynthesis;glycine_biosynthesis;serine_biosynthesis;serine_deamination	0		
NF047768.1	equivalog		SDH family Clp fold serine proteinase	3.4.21.-	partial_ec_only	1738	SERINE	serine	85	cysteine_biosynthesis_homocysteine;cysteine_biosynthesis_sulfide;enterobactin_biosynthesis;glycine_biosynthesis;serine_biosynthesis;serine_deamination	0		Members of this family show a distant relation to Clp family serine proteinases, and are expected to have a related fold, but differ in the order of catalytic triad residues, SDH (Ser, Asp, His) instead of SHD. Members are found in both archaea and bacteria.
NF007653.0	equivalog	eamB	cysteine/O-acetylserine transporter		no_ec	1692	SERINE	serine	85	cysteine_biosynthesis_homocysteine;cysteine_biosynthesis_sulfide;enterobactin_biosynthesis;glycine_biosynthesis;serine_biosynthesis;serine_deamination	0		
NF007391.0	equivalog		threonine/serine exporter		no_ec	1538	SERINE	serine	85	cysteine_biosynthesis_homocysteine;cysteine_biosynthesis_sulfide;enterobactin_biosynthesis;glycine_biosynthesis;serine_biosynthesis;serine_deamination	0		
NF005292.0	equivalog		threonine/serine dehydratase		no_ec	1462	SERINE	serine	85	cysteine_biosynthesis_homocysteine;cysteine_biosynthesis_sulfide;enterobactin_biosynthesis;glycine_biosynthesis;serine_biosynthesis;serine_deamination	0		
NF009949.0	equivalog		master DNA invertase Mpi family serine-type recombinase		no_ec	1262	SERINE	serine	85	cysteine_biosynthesis_homocysteine;cysteine_biosynthesis_sulfide;enterobactin_biosynthesis;glycine_biosynthesis;serine_biosynthesis;serine_deamination	0		
NF051463.1	equivalog		Rv1815 family serine proteinase	3.4.21.-	partial_ec_only	1194	SERINE	serine	85	cysteine_biosynthesis_homocysteine;cysteine_biosynthesis_sulfide;enterobactin_biosynthesis;glycine_biosynthesis;serine_biosynthesis;serine_deamination	0		Members of this family are apparent serine endopeptidases from Mycobacterium tuberculosis and related species. Rv1815 from Mycobacterium tuberculosis is expressed under control of the alternate sigma factor SigD. All members of this family have an N-terminal signal peptide to direct secretion through the plasma membrane.
NF047720.1	equivalog	thrE	threonine/serine exporter ThrE		no_ec	1012	SERINE	serine	85	cysteine_biosynthesis_homocysteine;cysteine_biosynthesis_sulfide;enterobactin_biosynthesis;glycine_biosynthesis;serine_biosynthesis;serine_deamination	0		
NF035936.1	equivalog	uasX	serine-rich aggregation substance UasX		no_ec	512	SERINE	serine	85	cysteine_biosynthesis_homocysteine;cysteine_biosynthesis_sulfide;enterobactin_biosynthesis;glycine_biosynthesis;serine_biosynthesis;serine_deamination	0		Members of this protein family are repetitive, serine-rich surface proteins of the Firmicutes, found primarily in the genus Leuconostoc. The variant form of sortase signal, LPXTH, is replaced by LPXTG in members from some lineages, such as Weissella oryzae, and therefore recognizable. Some members of this family have the KxYKxGKxW type signal peptide as seen in the glycoprotein adhesin GspB, a substrate of the accessory Sec system for secretion. WOSG25_050600 from Weissella oryzae SG25 is identified in a publication as an unnamed aggregation substance, a conclusion supported by the sorting signals and composition reported here. We assign the gene symbol uasX (unnamed aggregation substance X) based on our evaluation of the family.
NF033676.2	equivalog_domain		serine-rich glycoprotein adhesin		no_ec	395	SERINE	serine	85	cysteine_biosynthesis_homocysteine;cysteine_biosynthesis_sulfide;enterobactin_biosynthesis;glycine_biosynthesis;serine_biosynthesis;serine_deamination	0		Lacb_SerRich_Nt describes a Lactobacillus-restricted N-terminal non-repetitive sequence region shared by proteins with extensive serine-rich repeat regions, all likely to function as adhesins. This region contains a variant form of the KxYKxGKxW motif (see TIGR03715) followed by a region related to serine-rich glycoprotein adhesins of the Streptococci.
NF033589.0	equivalog	sbnI	bifunctional transcriptional regulator/O-phospho-L-serine synthase SbnI		no_ec	327	SERINE	l-serine	85	cysteine_biosynthesis_homocysteine;cysteine_biosynthesis_sulfide;enterobactin_biosynthesis;glycine_biosynthesis;serine_biosynthesis;serine_deamination	0		SbnI is a bifunctional protein involved in staphyloferrin B (staphylobactin) biosynthesis in Staphylococcus aureus and other members of the genus. It is a bifunctional protein. The N-terminal region is heme-binding, and loses the ability to bind DNA when heme is bound. Under low iron conditions, the biosynthesis operon for staphyloferrin B, a carboxylate-type siderophore, is derepressed. The C-terminal domain is a kinase that acts on free serine, producing O-phospho-L-serine, which is used as one of the precursors of staphyloferrin B.
NF033132.1	equivalog	vanT	membrane-bound serine racemase VanT		no_ec	261	SERINE	serine	85	cysteine_biosynthesis_homocysteine;cysteine_biosynthesis_sulfide;enterobactin_biosynthesis;glycine_biosynthesis;serine_biosynthesis;serine_deamination	0		This HMM describes full-length versions of VanT, the serine racemase involved in some forms of vancomycin (glycopeptide) resistance. This protein has both a membrane-binding N-terminal domain and a catalytic C-terminal domain responsible for serine racemase activity. The C-terminal domain is related to alanine racemases, which are much more widely distributed.
NF050173.1	equivalog		MXAN_2756 family trypsin-like serine endoprotease		no_ec	134	SERINE	serine	85	cysteine_biosynthesis_homocysteine;cysteine_biosynthesis_sulfide;enterobactin_biosynthesis;glycine_biosynthesis;serine_biosynthesis;serine_deamination	0		Members of this family are restricted to species that encode the MYXO-CTERM-recognizing protein-sorting enzyme myxosortase MrtX, and regularly are encoded just upstream, with its stop codon overlapping the start of mrtX. The family is named for its founding member, MXAN_2756 from Myxococcus xanthus. By homology, members are trypsin-like serine proteases. Despite the conserved overlap 4 bp overlap with mrtX, the biological role is unknown, and may have little or nothing to do with MrtX-mediated protein-sorting to the cell surface, as other genes conserved nearby appear to have housekeeping functions unrelated to protein-sorting.
NF033595.1	equivalog	prtP	dentilisin complex serine proteinase subunit PrtP		no_ec	91	SERINE	serine	85	cysteine_biosynthesis_homocysteine;cysteine_biosynthesis_sulfide;enterobactin_biosynthesis;glycine_biosynthesis;serine_biosynthesis;serine_deamination	0		PrtP, a chymotrypsin-like protease known as dentilisin, forms a complex with PrcB and PrcA. It is found in Treponema denticola and in numerous other Treponema species. Dentilisin from T. denticola plays a significant role in pathogen-host interactions in periodontal disease.
NF004171.0	equivalog		alanine/serine racemase family protein		no_ec	65	SERINE	serine	85	cysteine_biosynthesis_homocysteine;cysteine_biosynthesis_sulfide;enterobactin_biosynthesis;glycine_biosynthesis;serine_biosynthesis;serine_deamination	0		PH0782, the first characterized member of this family, acts as an amino acid racemase on Ala and Ser (and to a much lower extend on Thr and Val).
NF012013.0	equivalog	ghrA	glyoxylate/hydroxypyruvate reductase GhrA		no_ec	5744	GLYOXYLATE	glyoxylate	90	allantoin_degradation	0		Catalyzes the formation of glycolate and glycerate from glyoxylate and hydroxypyruvate, respectively
NF011938.0	equivalog	ghrB	glyoxylate/hydroxypyruvate reductase GhrB		no_ec	4661	GLYOXYLATE	glyoxylate	90	allantoin_degradation	0		Catalyzes the formation of glycolate from glyoxylate and glycerate from hydroxypyruvate
NF008601.2	equivalog	iclR	glyoxylate bypass operon transcriptional repressor IclR		no_ec	2310	GLYOXYLATE	glyoxylate	90	allantoin_degradation	0		IclR (isocitrate lysase repressor) acts as a transcriptional repressor of the operon containing genes for the glyoxylate bypass.
TIGR02140.1	equivalog	cysW	sulfate ABC transporter permease subunit CysW		no_ec	26580	SULFATE	sulfate	93	assimilatory_sulfate_reduction	0		This HMM represents CysW, one of two homologous, tandem permeases in the sulfate ABC transporter system; the other is CysT (TIGR02139). The sulfate transporter has been described in E. coli as transporting sulfate, thiosulfate, selenate, and selenite. Sulfate transporters may also transport molybdate ion if a specific molybdate transporter is not present.
TIGR02139.1	equivalog	cysT	sulfate ABC transporter permease subunit CysT		no_ec	26249	SULFATE	sulfate	93	assimilatory_sulfate_reduction	0		This HMM represents CysT, one of two homologous, tandem permeases in the sulfate ABC transporter system; the other is CysW (TIGR02140). The sulfate transporter has been described in E. coli as transporting sulfate, thiosulfate, selenate, and selenite. Sulfate transporters may also transport molybdate ion if a specific molybdate transporter is not present.
NF003433.0	equivalog	cysZ	sulfate transporter CysZ		no_ec	12419	SULFATE	sulfate	93	assimilatory_sulfate_reduction	0		
TIGR04490.1	equivalog	soxZ	thiosulfate oxidation carrier complex protein SoxZ		no_ec	6506	SULFATE	sulfate	93	assimilatory_sulfate_reduction	0		SoxZ forms a heterodimer with SoxY, the subunit that forms a covalent bond with a sulfur moiety during thiosulfate oxidation to sulfate. Note that virtually all proteins that have a SoxY domain fused to a SoxZ domain are functionally distinct and not involved in thiosulfate oxidation.
NF045797.1	equivalog	dsrO	sulfate reduction electron transfer complex DsrMKJOP subunit DsrO		no_ec	5351	SULFATE	sulfate	93	assimilatory_sulfate_reduction	0		Proteins of this family are members of the DsrMKJOP dissimilatory sulfate reduction complex.
TIGR03418.1	equivalog		choline sulfate utilization transcriptional regulator		no_ec	4986	SULFATE	sulfate	93	assimilatory_sulfate_reduction	0		Members of this protein family are transcription factors of the LysR family. Their genes nearly always are divergently transcribed from choline-sulfatase genes, implying regulation of that enzyme's expression. That enzyme makes choline, a precursor to the osmoprotectant glycine-betaine, available by hydrolysis of choline sulfate.
TIGR04488.1	equivalog	soxY	thiosulfate oxidation carrier protein SoxY		no_ec	4884	SULFATE	sulfate	93	assimilatory_sulfate_reduction	0		Members of this family are bona fide SoxY, the sulfate carrier protein with the GGCGG ir GGCG swinging arm C-terminal sequence. The Cys in the swinging arm is the residue to which the inorganic sulfate moiety becomes covalently attached. In some species, a closely related paralog occurs as well (TIGR04487), with a swinging arm sequence AACIE. More distantly related forms have an additional C-terminal SoxZ-related domain. All members are periplasmic and have an N-terminal twin-arginine translocation (TAT) signal sequence.
NF009407.0	equivalog		sulfate transporter family protein		no_ec	3727	SULFATE	sulfate	93	assimilatory_sulfate_reduction	0		
NF008105.0	equivalog	cysA	sulfate/thiosulfate ABC transporter ATP-binding protein CysA	7.3.2.-	partial_ec_only	3528	SULFATE	sulfate	93	assimilatory_sulfate_reduction	0		
NF008620.0	equivalog	cysW	sulfate/thiosulfate ABC transporter permease CysW	7.3.2.-	partial_ec_only	3213	SULFATE	sulfate	93	assimilatory_sulfate_reduction	0		
NF008208.0	equivalog	cysT	sulfate/thiosulfate ABC transporter permease CysT	7.3.2.-	partial_ec_only	2918	SULFATE	sulfate	93	assimilatory_sulfate_reduction	0		
NF004040.0	equivalog		bifunctional sulfate adenylyltransferase/adenylylsulfate kinase		no_ec	2652	SULFATE	sulfate	93	assimilatory_sulfate_reduction	0		Catalyzes formation of activated sulfate intermediate; converts ATP and sulfate to diphosphate and adenylylsulfate and then ATP and adenylyl sulfate to ADP and 3'-phosphoadenylyl sulfate
NF011582.1	equivalog	phsC	thiosulfate reductase cytochrome B subunit		no_ec	2215	SULFATE	sulfate	93	assimilatory_sulfate_reduction	0		
NF053884.1	equivalog	cysP	sulfate permease		no_ec	1712	SULFATE	sulfate	93	assimilatory_sulfate_reduction	0		
NF045798.1	equivalog	dsrP	sulfate reduction electron transfer complex DsrMKJOP subunit DsrP		no_ec	1238	SULFATE	sulfate	93	assimilatory_sulfate_reduction	0		Proteins of this family are members of the DsrMKJOP dissimilatory sulfate reduction complex.
NF045796.1	equivalog	dsrK	sulfate reduction electron transfer complex DsrMKJOP subunit DsrK		no_ec	1148	SULFATE	sulfate	93	assimilatory_sulfate_reduction	0		Proteins of this family are members of the DsrMKJOP dissimilatory sulfate reduction complex. DsrK is involved in the reduction of sulfate to sulfide.
NF045573.1	equivalog	hepC	heparin-sulfate lyase HepC	4.2.2.8	ec_without_rhea	946	SULFATE	sulfate	93	assimilatory_sulfate_reduction	0		
NF007627.0	equivalog	pspE	thiosulfate sulfurtransferase PspE		no_ec	740	SULFATE	sulfate	93	assimilatory_sulfate_reduction	0		
NF038037.1	equivalog	dsrM	sulfate reduction electron transfer complex DsrMKJOP subunit DsrM		no_ec	605	SULFATE	sulfate	93	assimilatory_sulfate_reduction	0		Proteins of this family are the DsrM subunit of the DsrMKJOP complex, which is a membrane-bound redox complex involved in sulfate reduction in Sulfate-reducing organisms (SROs). The dsrM gene encodes a cytochrome b reductase, which usually has six transmembrane helices and five conserved histidines.
NF038038.1	equivalog	dsrJ	sulfate reduction electron transfer complex DsrMKJOP subunit DsrJ		no_ec	588	SULFATE	sulfate	93	assimilatory_sulfate_reduction	0		Proteins of this family are the DsrJ subunit of the DsrMKJOP complex, which is a membrane-bound redox complex involved in sulfate reduction in Sulfate-reducing organisms (SROs). The dsrJ gene encodes a triheme periplasmic cytochrome c subunit, which contains three conserved heme c-binding sites (CXXCH) at the C terminal.
NF045572.1	equivalog	hepC	heparin-sulfate lyase HepC	4.2.2.8	ec_without_rhea	480	SULFATE	sulfate	93	assimilatory_sulfate_reduction	0		
NF045571.1	equivalog	hepB	heparin/heparin-sulfate lyase HepB	4.2.2.7,4.2.2.8	ec_without_rhea	391	SULFATE	sulfate	93	assimilatory_sulfate_reduction	0		heparinase II
NF045715.1	equivalog	hmcB	sulfate respiration complex iron-sulfur protein HmcB		no_ec	274	SULFATE	sulfate	93	assimilatory_sulfate_reduction	0		Members of this family are the periplasmic 4Fe-4S cluster-binding protein HmcB, part of the sulfate respiration complex Hmc.
NF045714.1	equivalog	hmcC	sulfate respiration complex protein HmcC		no_ec	255	SULFATE	sulfate	93	assimilatory_sulfate_reduction	0		
NF045711.1	equivalog	hmcF	sulfate respiration complex iron-sulfur protein HmcF		no_ec	234	SULFATE	sulfate	93	assimilatory_sulfate_reduction	0		HmcF is protein F of the high-molecular-weight cytochrome (Hmc) complex, which features the 16-heme protein HmcA. HmcF is predicted to bind two 4Fe-4S clusters. The complex is involved in sulfate respiration.
NF045713.1	equivalog	hmcA	sulfate respiration complex hexadecaheme cytochrome HmcA		no_ec	233	SULFATE	sulfate	93	assimilatory_sulfate_reduction	0		Members of this family are HmcA (high molecular weight cytochrome complex protein A), a periplasmic protein typically with 16 intact CxxCH motifs typical of c-type cytochromes. HmcA is encoded in a six-gene operon well-conserved in sulfur-reducing bacteria.
NF045716.1	equivalog	hmcE	sulfate respiration complex protein HmcE		no_ec	226	SULFATE	sulfate	93	assimilatory_sulfate_reduction	0		
NF045712.1	equivalog	hmcD	sulfate respiration complex protein HmcD		no_ec	157	SULFATE	sulfate	93	assimilatory_sulfate_reduction	0		
NF052577.1	equivalog	tsuA	thiosulfate transporter TsuA		no_ec	90	SULFATE	sulfate	93	assimilatory_sulfate_reduction	0		
TIGR00424.1	equivalog		5'-adenylylsulfate reductase, thioredoxin-independent		no_ec	0	SULFATE	sulfate	93	assimilatory_sulfate_reduction	0		This enzyme, involved in the assimilation of inorganic sulfate, is closely related to the thioredoxin-dependent PAPS reductase of Bacteria (CysH) and Saccharomyces cerevisiae. However, it has its own C-terminal thioredoxin-like domain and is not thioredoxin-dependent. Also, it has a substrate preference for 5'-adenylylsulfate (APS) over 3'-phosphoadenylylsulfate (PAPS) so the pathway does not require an APS kinase (CysC) to convert APS to PAPS. Arabidopsis thaliana appears to have three isozymes, all able to complement E. coli CysH mutants (even in backgrounds lacking thioredoxin or APS kinase) but likely localized to different compartments in Arabidopsis.
TIGR00534.1	equivalog	opcA	glucose-6-phosphate dehydrogenase assembly protein OpcA		no_ec	14576	GLUCOSE	glucose	117	starch_degradation	0		The opcA gene is found immediately downstream of zwf, the glucose-6-phosphate dehydrogenase (G6PDH) gene, in a number of species, including Mycobacterium tuberculosis, Streptomyces coelicolor, Nostoc punctiforme, and Synechococcus sp. PCC 7942. In the latter, disruption of opcA was shown to block assembly of G6PDH into active oligomeric forms.
NF047357.1	equivalog	glcT	glucose PTS transporter transcription antiterminator GlcT		no_ec	3817	GLUCOSE	glucose	117	starch_degradation	0		
NF011924.1	equivalog	mglB	galactose/glucose ABC transporter substrate-binding protein MglB		no_ec	3489	GLUCOSE	glucose	117	starch_degradation	0		With MglAC is involved in the transport of beta-methylgalactoside
NF009928.0	equivalog	galU	UTP--glucose-1-phosphate uridylyltransferase GalU		no_ec	2006	GLUCOSE	glucose	117	starch_degradation	0		With GalF catalyzes the formation of UDP-glucose from UTP and alpha-D-glucose 1-phosphate; regulates cellular levels of UDP-glucose
TIGR02128.1	equivalog		bifunctional phosphoglucose/phosphomannose isomerase		no_ec	747	GLUCOSE	glucose	117	starch_degradation	0		This bifunctional isomerase is a member of the larger PGI superfamily and only distantly related to other glucose-6-phosphate isomerases. The family is limited to the archaea.
NF049992.1	equivalog		UDP-glucose:protein N-beta-glucosyltransferase	2.4.1.-	partial_ec_only	643	GLUCOSE	glucose	117	starch_degradation	0		
NF052357.1	equivalog	glcP	glucose transporter GlcP		no_ec	622	GLUCOSE	glucose	117	starch_degradation	0		
NF005755.0	equivalog		dTDP-4-amino-4,6-dideoxyglucose formyltransferase		no_ec	271	GLUCOSE	glucose	117	starch_degradation	0		
TIGR04427.1	equivalog		dTDP-4-dehydro-6-deoxyglucose aminotransferase		no_ec	195	GLUCOSE	glucose	117	starch_degradation	0		Members of this family are pyridoxal phosphate-dependent aminotransferases that convert TDP-4-keto-6-deoxy-D-glucose to the 4-amino sugar form, TDP-4-amino-4,6-dideoxy-D-glucose. In Streptomyces venezuelae, this enzyme is designated DesI, catalyzing the third of six steps in the biosynthesis of TDP-D-desosamine, a component of a number of different macrolide antibiotics made by that organism. Related proteins, scoring below the trusted cutoff, include sugar aminotranferases in O-antigen biosynthesis regions.
NF040930.1	equivalog	glcS	glucose ABC transporter substrate-binding protein GlcS		no_ec	93	GLUCOSE	glucose	117	starch_degradation	0		
NF011497.0	equivalog		triosephosphate isomerase/PTS system glucose/sucrose-specific transporter subunit IIB		no_ec	90	GLUCOSE	glucose	117	starch_degradation	0		
NF040933.2	equivalog	glcV	glucose ABC transporter ATP-binding protein GlcV		no_ec	82	GLUCOSE	glucose	117	starch_degradation	0		
NF040932.1	equivalog	glcU	glucose ABC transporter permease GlcU		no_ec	61	GLUCOSE	glucose	117	starch_degradation	0		
NF040931.1	equivalog	glcT	glucose ABC transporter permease GlcT		no_ec	59	GLUCOSE	glucose	117	starch_degradation	0		
TIGR03802.1	equivalog	aspT	aspartate-alanine antiporter		no_ec	9822	ALANINE	alanine	129	alanine_biosynthesis	0		All members of the seed alignment for this model are asparate-alanine anti-transporters (AspT) encoded next to the gene for aspartate 4-decarboxylase (AspD), which converts asparate to alanine, releasing CO2. The exchange of Asp for Ala is electrogenic, so the AspD/AspT system confers a proton-motive force. This transporter contains two copies of the AspT/YidE/YbjL antiporter duplication domain (TIGR01625).
TIGR01734.1	equivalog	dltA	D-alanine--poly(phosphoribitol) ligase subunit DltA	6.1.1.13	ec_without_rhea	9265	ALANINE	alanine	129	alanine_biosynthesis	0		This model represents the enzyme (also called D-alanine-D-alanyl carrier protein ligase) which activates D-alanine as an adenylate via the reaction D-ala + ATP -> D-ala-AMP + PPi, and further catalyzes the condensation of the amino acid adenylate with the D-alanyl carrier protein (D-ala-ACP). The D-alanine is then further transferred to teichoic acid in the biosynthesis of lipoteichoic acid (LTA) and wall teichoic acid (WTA) in gram positive bacteria, both polysacchatides [1].
NF008272.0	equivalog	cycA	D-serine/D-alanine/glycine transporter		no_ec	6751	ALANINE	alanine	129	alanine_biosynthesis	0		Involved in the transport across the cytoplasmic membrane of D-alanine, D-serine and glycine
NF003440.0	equivalog		aspartate:alanine antiporter		no_ec	2969	ALANINE	alanine	129	alanine_biosynthesis	0		
TIGR01688.1	equivalog	dltC	D-alanine--poly(phosphoribitol) ligase subunit 2	6.1.1.13	ec_without_rhea	2535	ALANINE	alanine	129	alanine_biosynthesis	0		This protein is part of the teichoic acid operon in gram-positive organisms. Gram positive organisms incorporate teichoic acid in their cell walls, and in the fatty acid residues of the glycolipid component of the outer layer of the cytoplasmic membrane. This gene, dltC, encodes the alanyl carrier protein.
NF003464.0	equivalog	dltC	D-alanine--poly(phosphoribitol) ligase subunit DltC	6.1.1.13	ec_without_rhea	2491	ALANINE	alanine	129	alanine_biosynthesis	0		D-alanyl carrier protein subunit; involved in the incorporation of D-alanine into membrane-associated D-alanyl-lipoteichoic acid; D-alanyl carrier protein is the acceptor of activated D-alanine which it donates to a membrane acceptor(D-alanyl transferase) for incorporation into membrane lipoteichoic acid
NF006230.0	equivalog		alanine aminotransferase		no_ec	215	ALANINE	alanine	129	alanine_biosynthesis	0		
NF033494.1	equivalog	metS	methionine/alanine import NSS transporter subunit MetS		no_ec	213	ALANINE	alanine	129	alanine_biosynthesis	0		
NF004171.0	equivalog		alanine/serine racemase family protein		no_ec	65	ALANINE	alanine	129	alanine_biosynthesis	0		PH0782, the first characterized member of this family, acts as an amino acid racemase on Ala and Ser (and to a much lower extend on Thr and Val).
NF003767.0	equivalog	msrP	protein-methionine-sulfoxide reductase catalytic subunit MsrP	1.8.5.-	partial_ec_only	26379	METHIONINE	methionine	134	methionine_biosynthesis_sulfhydrylation;methionine_biosynthesis_transsulfuration;methionine_degradation_methanethiol	0		Encodes the periplasmic catalytic subunit of an oxidoreductase; requires inner membrane anchor protein YedZ
NF003831.1	equivalog	msrQ	protein-methionine-sulfoxide reductase heme-binding subunit MsrQ		no_ec	23430	METHIONINE	methionine	134	methionine_biosynthesis_sulfhydrylation;methionine_biosynthesis_transsulfuration;methionine_degradation_methanethiol	0		
TIGR00740.1	equivalog	cmoA	carboxy-S-adenosyl-L-methionine synthase CmoA		no_ec	14870	METHIONINE	l-methionine	134	methionine_biosynthesis_sulfhydrylation;methionine_biosynthesis_transsulfuration;methionine_degradation_methanethiol	0		This tRNA methyltransferase is involved, together with cmoB, in preparing the uridine-5-oxyacetic acid (cmo5U) at position 34.
TIGR02081.1	equivalog	metW	methionine biosynthesis protein MetW		no_ec	12433	METHIONINE	methionine	134	methionine_biosynthesis_sulfhydrylation;methionine_biosynthesis_transsulfuration;methionine_degradation_methanethiol	0		This protein is found alongside MetX, of the enzyme that acylates homoserine as a first step toward methionine biosynthesis, in many species. It appears to act in methionine biosynthesis but is not fully characterized.
NF011995.0	equivalog	cmoA	carboxy-S-adenosyl-L-methionine synthase CmoA	2.1.3.-	partial_ec_only	9187	METHIONINE	l-methionine	134	methionine_biosynthesis_sulfhydrylation;methionine_biosynthesis_transsulfuration;methionine_degradation_methanethiol	0		
NF008245.0	equivalog	yjeH	L-methionine/branched-chain amino acid transporter		no_ec	8739	METHIONINE	l-methionine	134	methionine_biosynthesis_sulfhydrylation;methionine_biosynthesis_transsulfuration;methionine_degradation_methanethiol	0		
NF008484.0	equivalog	mmuP	S-methylmethionine permease		no_ec	4455	METHIONINE	methionine	134	methionine_biosynthesis_sulfhydrylation;methionine_biosynthesis_transsulfuration;methionine_degradation_methanethiol	0		
NF006095.0	equivalog		methionine biosynthesis PLP-dependent protein		no_ec	3863	METHIONINE	methionine	134	methionine_biosynthesis_sulfhydrylation;methionine_biosynthesis_transsulfuration;methionine_degradation_methanethiol	0		
NF047900.1	equivalog	ldmS	L-aspartate--L-methionine ligase LdmS		no_ec	1639	METHIONINE	l-methionine	134	methionine_biosynthesis_sulfhydrylation;methionine_biosynthesis_transsulfuration;methionine_degradation_methanethiol	0		
NF010625.0	equivalog	msrAB	bifunctional peptide-methionine (S)-S-oxide reductase MsrA/peptide-methionine (R)-S-oxide reductase MsrB		no_ec	1594	METHIONINE	methionine	134	methionine_biosynthesis_sulfhydrylation;methionine_biosynthesis_transsulfuration;methionine_degradation_methanethiol	0		
NF004875.0	equivalog		vitamin B12 independent methionine synthase		no_ec	1288	METHIONINE	methionine	134	methionine_biosynthesis_sulfhydrylation;methionine_biosynthesis_transsulfuration;methionine_degradation_methanethiol	0		
NF033494.1	equivalog	metS	methionine/alanine import NSS transporter subunit MetS		no_ec	213	METHIONINE	methionine	134	methionine_biosynthesis_sulfhydrylation;methionine_biosynthesis_transsulfuration;methionine_degradation_methanethiol	0		
TIGR00527.1	equivalog	gcvH	glycine cleavage system protein GcvH		no_ec	53766	GLYCINE	glycine	152	glycine_biosynthesis;glycine_reduction_stickland;sarcosine_demethylation	0		This model represents the glycine cleavage system H protein, which shuttles the methylamine group of glycine from the P protein to the T protein. The mature protein is about 130 residues long and contains a lipoyl group covalently bound to a conserved Lys residue. The genome of Aquifex aeolicus contains one protein scoring above the trusted cutoff and clustering with other bacterial H proteins, and four more proteins clustering together and scoring below the trusted cutoff; it seems doubtful that all of these homologs are authentic H protein. The Chlamydial homolog of H protein is nearly as divergent as the Aquifex outgroup, is not accompanied by P and T proteins, is not included in the seed alignment, and consequently also scores below the trusted cutoff.
NF053611.1	equivalog		YiaD family glycine zipper/OmpA-like lipoprotein		no_ec	23919	GLYCINE	glycine	152	glycine_biosynthesis;glycine_reduction_stickland;sarcosine_demethylation	0		This HMM describes outer membrane lipoproteins with full-length homology to member proteins YiaD from Escherichia coli K-12 and PA0833 from Pseudomonas aeruginosa PAO1. The architecture includes a lipoprotein signal peptide, followed immediately by a predicted glyzine zipper region (see Pfam model PF13488). At the C-terminus is an OmpA C-terminal homology domain (see PF00691), which predicts peptidoglycan by outer membrane proteins.
NF007927.0	equivalog	proP	glycine betaine/L-proline transporter ProP		no_ec	14797	GLYCINE	glycine	152	glycine_biosynthesis;glycine_reduction_stickland;sarcosine_demethylation	0		
NF008334.0	equivalog	proX	glycine betaine/L-proline ABC transporter substrate-binding protein ProX		no_ec	9545	GLYCINE	glycine	152	glycine_biosynthesis;glycine_reduction_stickland;sarcosine_demethylation	0		With ProVW, part of the high-affinity transport system for the osmoprotectant glycine betaine
NF008196.0	equivalog	proW	glycine betaine/L-proline ABC transporter permease ProW		no_ec	7919	GLYCINE	glycine	152	glycine_biosynthesis;glycine_reduction_stickland;sarcosine_demethylation	0		With ProVX is involved in the high-affinity uptake of glycine betaine
NF049931.1	equivalog	osmF	glycine betaine ABC transporter substrate-binding protein OsmF		no_ec	7762	GLYCINE	glycine	152	glycine_biosynthesis;glycine_reduction_stickland;sarcosine_demethylation	0		
NF007480.0	equivalog	proV	glycine betaine/L-proline ABC transporter ATP-binding protein ProV		no_ec	7127	GLYCINE	glycine	152	glycine_biosynthesis;glycine_reduction_stickland;sarcosine_demethylation	0		With ProWX is involved in the high-affinity uptake of glycine betaine
NF008272.0	equivalog	cycA	D-serine/D-alanine/glycine transporter		no_ec	6751	GLYCINE	glycine	152	glycine_biosynthesis;glycine_reduction_stickland;sarcosine_demethylation	0		Involved in the transport across the cytoplasmic membrane of D-alanine, D-serine and glycine
NF047988.1	equivalog		glycine betaine uptake BCCT transporter		no_ec	5406	GLYCINE	glycine	152	glycine_biosynthesis;glycine_reduction_stickland;sarcosine_demethylation	0		Members of this family are BCCT family transporters known or thought to be involved in the uptake of glycine betaine (known simply as betaine) for osmoprotection or metabolic utilization. Some members of the seed alignment were selected based on proximity to glycine betaine--corrinoid protein methyltransferase (EC 2.1.1.376) and are proposed to import betaine for utilization. The enzyme glycine betaine--corrinoid protein methyltransferase does not contain pyrrolysine, but is closely related to trimethylamine methyltransferase (EC 2.1.1.250), which does. Also included are OpuD from Bacillus subtilis, BetL from Listeria monocytogenes, and closely related proteins. Many members of the BCCT family transport multiple substrates, including also proline, choline, dimethylsulfoniopropionate, etc. This model was given fairly stringent cutoffs to enrich for family members whose primary role is betaine uptake.
NF053696.1	equivalog	glsB	glycine N(alpha)-acyltransferase GlsB	2.3.2.-	partial_ec_only	2050	GLYCINE	glycine	152	glycine_biosynthesis;glycine_reduction_stickland;sarcosine_demethylation	0		
NF040746.1	equivalog	grdC	glycine/sarcosine/betaine reductase complex component C subunit beta	1.21.4.-	partial_ec_only	1908	GLYCINE	glycine	152	glycine_biosynthesis;glycine_reduction_stickland;sarcosine_demethylation	0		Protein C is the shared acetyl-phosphate-forming component of three types of selenoprotein-containing complexes, acting on glycine, sarcosine, or betaine. Protein C itself has a large subunit and a small subunit (sometimes fused), and does not contain selenocysteine. This HMM describes the large subunit, called beta.
NF053697.1	equivalog	glsA	lyso-glycine lipid O-acyltransferase GlsA	2.3.1.-	partial_ec_only	1869	GLYCINE	glycine	152	glycine_biosynthesis;glycine_reduction_stickland;sarcosine_demethylation	0		
NF040747.1	equivalog	grdD	glycine/sarcosine/betaine reductase complex component C subunit alpha	1.21.4.-	partial_ec_only	1865	GLYCINE	glycine	152	glycine_biosynthesis;glycine_reduction_stickland;sarcosine_demethylation	0		Protein C is the shared acetyl-phosphate-forming component of three types of selenoprotein-containing complexes, acting on glycine, sarcosine, or betaine. A different subunit, B, determines the substrate. Protein C itself has a large subunit and a small subunit (sometimes fused), and does not contain selenocysteine. This HMM describes the small subunit, called alpha.
NF008612.0	equivalog		glycine cleavage system transcriptional repressor		no_ec	1573	GLYCINE	glycine	152	glycine_biosynthesis;glycine_reduction_stickland;sarcosine_demethylation	0		Negative transcriptional regulator of the gcvTHP operon
NF040748.1	equivalog	grdA	glycine/sarcosine/betaine reductase complex selenoprotein A		no_ec	1303	GLYCINE	glycine	152	glycine_biosynthesis;glycine_reduction_stickland;sarcosine_demethylation	0		Selenoprotein A (GrdA) is the A subunit of a complex whose specificity is determined by a different subunit, B, in a glycine or sarcosine or betaine reductase complex. In some species, only one type of B subunit (also a selenoprotein) occurs. Protein C is usually a heterodimer of two subunits called beta (GrdC) and alpha (GrdD), and is not a selenoprotein.
TIGR03266.1	equivalog		YcaO-related McrA-glycine thioamidation protein		no_ec	691	GLYCINE	glycine	152	glycine_biosynthesis;glycine_reduction_stickland;sarcosine_demethylation	0		This protein, previously designated "methanogenesis marker protein 1", is universal in and restricted to methanogenic archaea. It shares homology with YcaO (ribosomal protein S12 methylthiotransferase) and its homologs involved in ATP-dependent formation of heterocycles in thiazole/oxazole-modified peptide antibiotics.
NF033432.0	equivalog		TfuA-related McrA-glycine thioamidation protein		no_ec	550	GLYCINE	glycine	152	glycine_biosynthesis;glycine_reduction_stickland;sarcosine_demethylation	0		
NF038173.1	equivalog	goxA	CTQ-dependent glycine oxidase GoxA		no_ec	204	GLYCINE	glycine	152	glycine_biosynthesis;glycine_reduction_stickland;sarcosine_demethylation	0		
NF038174.1	equivalog	goxB	glycine oxidase maturase GoxB		no_ec	105	GLYCINE	glycine	152	glycine_biosynthesis;glycine_reduction_stickland;sarcosine_demethylation	0		GoxB, a flavoprotein, is responsible for the post-translational modification that forms the cysteine tryptophylquinone (CTQ) cofactor of the quinone glycine oxidase GoxA.
NF042919.1	equivalog	besC	4-chloro-allylglycine synthase BesC	1.14.99.-	partial_ec_only	67	GLYCINE	glycine	152	glycine_biosynthesis;glycine_reduction_stickland;sarcosine_demethylation	0		
NF058584.1	equivalog	tglI	peptidyl (S)-2-mercaptoglycine synthase subunit TglI		no_ec	64	GLYCINE	glycine	152	glycine_biosynthesis;glycine_reduction_stickland;sarcosine_demethylation	0		The synthase holoenzyme TglHI acts in 3-thiaglutamate biosynthesis on the pearlin carrier peptide TglA.
TIGR03077.1	equivalog		glycine cleavage protein H-like protein		no_ec	38	GLYCINE	glycine	152	glycine_biosynthesis;glycine_reduction_stickland;sarcosine_demethylation	0		The H protein (GcvH) of the glycine cleavage system shuttles the methylamine group of glycine from the P protein to the T protein. Most Chlamydia but lack the P and T proteins, and have a single homolog of GcvH that appears deeply split from canonical GcvH in molecular phylogenetic trees. The protein family modeled here is observed the Chlamydial GcvH homolog, so far always seen as part of a two-gene operon, downstream of a member of the uncharacterized protein family TIGR03076. The function of this protein is unknown.
TIGR02351.2	equivalog	thiH	2-iminoacetate synthase ThiH		no_ec	20264	ACETATE	acetate	191	acetate_interconversion;butyrate_formation;citrate_fermentation	0		ThiH, a radical SAM enzyme involved in thiamine biosynthesis, acts on L-tyrosine and produces 2-iminoacetate. An alternate pathway for biosynthesis of the intermediate hydroxyethylthiazole relies instead on ThiO starting with glycine. Other proteins involved in hydroxyethylthiazole biosynthesis include ThiF, ThiS, and ThiG.
NF038013.1	equivalog		acetate uptake transporter		no_ec	11316	ACETATE	acetate	191	acetate_interconversion;butyrate_formation;citrate_fermentation	0		Proteins of this family are acetate transporters, which usually have 6 transmembrane regions. The homologue in E. coli is YaaH.
NF007967.0	equivalog		fumarylacetoacetate hydrolase family protein		no_ec	8290	ACETATE	acetate	191	acetate_interconversion;butyrate_formation;citrate_fermentation	0		
NF009399.0	equivalog		fumarylacetoacetate hydrolase family protein		no_ec	4645	ACETATE	acetate	191	acetate_interconversion;butyrate_formation;citrate_fermentation	0		
TIGR02711.1	equivalog	actP	cation/acetate symporter ActP		no_ec	3202	ACETATE	acetate	191	acetate_interconversion;butyrate_formation;citrate_fermentation	0		Members of this family belong to the Sodium:solute symporter family. Both members of this family and other close homologs tend to be encoded next to a member of Pfam family PF04341, a set of uncharacterized membrane proteins. The characterized member from E. coli is encoded near and cotranscribed with the acetyl coenzyme A synthetase (acs) gene. Proximity to an acs gene was used as one criterion for determining the trusted cutoff for this model. Closely related proteins may differ in function and are excluded by the high cutoffs of this model; members of the family of phenylacetic acid transporter PhaJ can score as high as 1011 bits.
NF007941.0	equivalog	satP	acetate uptake transporter		no_ec	2502	ACETATE	acetate	191	acetate_interconversion;butyrate_formation;citrate_fermentation	0		
NF038139.1	equivalog	ramB	acetate metabolism transcriptional regulator RamB		no_ec	2156	ACETATE	acetate	191	acetate_interconversion;butyrate_formation;citrate_fermentation	0		RamB (Regulator of Acetate Metabolism B), as described in Mycobacterium tuberculosis and Corynebacterium glutamicum, is a transcription factor with multiple targets connected to acetate metabolism. It features an N-terminal XRE (Xenobiotic Response Element) family DNA-binding domain and a DUF2083 (PF09856) domain-containing C-terminal region.
NF009063.0	equivalog		acetate/propionate family kinase		no_ec	1749	ACETATE	acetate	191	acetate_interconversion;butyrate_formation;citrate_fermentation	0		
NF053666.1	equivalog		butyryl-CoA:acetate CoA transferase		no_ec	1646	ACETATE	acetate	191	acetate_interconversion;butyrate_formation;citrate_fermentation	0		
NF005462.0	equivalog		acetate/propionate family kinase		no_ec	1616	ACETATE	acetate	191	acetate_interconversion;butyrate_formation;citrate_fermentation	0		
NF008469.0	equivalog	atoC	acetoacetate metabolism transcriptional regulator AtoC		no_ec	1344	ACETATE	acetate	191	acetate_interconversion;butyrate_formation;citrate_fermentation	0		
NF009099.0	equivalog		acetate/propionate family kinase		no_ec	1284	ACETATE	acetate	191	acetate_interconversion;butyrate_formation;citrate_fermentation	0		
TIGR02717.1	equivalog_domain	acs	acetate--CoA ligase alpha subunit		no_ec	901	ACETATE	acetate	191	acetate_interconversion;butyrate_formation;citrate_fermentation	0		Although technically reversible, it is believed that this group of ADP-dependent acetyl-CoA synthetases (ACS) act in the direction of acetate and ATP production in the organisms in which it has been characterized [1,2,3]. In most species this protein exists as a fused alpha-beta domain polypeptide. In Pyrococcus and related species, however the domains exist as separate polypeptides. This model represents the alpha (N-terminal) domain. In Pyrococcus and related species there appears to have been the development of a paralogous family such that four other proteins are close relatives. In reference [1], one of these (along with its beta-domain partner) was characterized as ACS-II showing specificity for phenylacetyl-CoA. This model has been constructed to exclude these non-ACS-I paralogs. This may result in new, authentic ACS-I sequences falling below the trusted cutoff.
TIGR03948.1	equivalog		butyryl-CoA:acetate CoA-transferase		no_ec	891	ACETATE	acetate	191	acetate_interconversion;butyrate_formation;citrate_fermentation	0		This enzyme represents one of at least two mechanisms for reclaiming CoA from butyryl-CoA at the end of butyrate biosynthesis (an important process performed by some colonic bacteria), namely transfer of CoA to acetate. An alternate mechanism transfers the butyrate onto inorganic phosphate, after which butyrate kinase transfers the phosphate onto ADP, creating ATP.
NF050174.1	equivalog		SMc00767 family acetate metabolism repressor		no_ec	840	ACETATE	acetate	191	acetate_interconversion;butyrate_formation;citrate_fermentation	0		Proteins of this family are conserved in alpha-proteobacteria. It has been reported that SMc00767 mutations affected acetate utilization in Sinorhizobium meliloti. Complementation experiments showed that SMc00767 restored S. melilotion growth on acetate. SMc00767 and aceA, which encoding an isocitrate lyase, constitute a functional two-gene operon in alpha-proteobacteria.
NF041673.1	equivalog	ramA	acetate metabolism transcriptional regulator RamA		no_ec	402	ACETATE	acetate	191	acetate_interconversion;butyrate_formation;citrate_fermentation	0		
NF005520.0	equivalog		acetate kinase		no_ec	307	ACETATE	acetate	191	acetate_interconversion;butyrate_formation;citrate_fermentation	0		
NF053623.1	equivalog	farE	fluoroacetate reductase subunit FarE		no_ec	52	ACETATE	acetate	191	acetate_interconversion;butyrate_formation;citrate_fermentation	0		FarE, and its adjacent, selenocysteine-containing paralog FarC, are glycine reductase selenoprotein B homologs from a fluoroacetate reductase system that enables use of monofluoroacetate as an electron acceptor for respiration. Two other proteins of the apparent operon are the putative fluoroacetate uptake MFS transporter FarA and the radical SAM enzyme FarC.
NF033718.1	equivalog		indoleacetate decarboxylase		no_ec	35	ACETATE	acetate	191	acetate_interconversion;butyrate_formation;citrate_fermentation	0		Indoleacetate decarboxylase is a single subunit glycyl radical enzyme that depends on a cognate radical SAM enzyme for its activation. It performs the final step in the anaerobic fermentation of tryptophan to skatole, a malodorous volatile compound.
NF033719.1	equivalog		indoleacetate decarboxylase activase		no_ec	34	ACETATE	acetate	191	acetate_interconversion;butyrate_formation;citrate_fermentation	0		
TIGR02176.1	equivalog	nifJ	pyruvate:ferredoxin (flavodoxin) oxidoreductase		no_ec	40835	PYRUVATE	pyruvate	221	acetoin_formation;alanine_biosynthesis;citrate_fermentation;cysteine_degradation_sulfide;kdg_degradation;lactate_formation;oxobutanoate_biosynthesis_citramalate;oxoisovalerate_biosynthesis;oxopentenoate_degradation;pyruvate_to_acetyl_coa;serine_deamination;tryptophan_degradation_indole	0		This model represents a single chain form of pyruvate:ferredoxin (or flavodoxin) oxidoreductase. This enzyme may transfer electrons to nitrogenase in nitrogen-fixing species. Portions of this protein are homologous to gamma subunit of the four subunit pyruvate:ferredoxin (flavodoxin) oxidoreductase.
TIGR03181.1	equivalog	pdhA	pyruvate dehydrogenase (acetyl-transferring) E1 component subunit alpha		no_ec	40415	PYRUVATE	pyruvate	221	acetoin_formation;alanine_biosynthesis;citrate_fermentation;cysteine_degradation_sulfide;kdg_degradation;lactate_formation;oxobutanoate_biosynthesis_citramalate;oxoisovalerate_biosynthesis;oxopentenoate_degradation;pyruvate_to_acetyl_coa;serine_deamination;tryptophan_degradation_indole	0		Members of this protein family are the alpha subunit of the E1 component of pyruvate dehydrogenase (PDH). This model represents one branch of a larger family that E1-alpha proteins from 2-oxoisovalerate dehydrogenase, acetoin dehydrogenase, another PDH clade, etc.
NF005114.0	equivalog		pyruvate dehydrogenase		no_ec	10600	PYRUVATE	pyruvate	221	acetoin_formation;alanine_biosynthesis;citrate_fermentation;cysteine_degradation_sulfide;kdg_degradation;lactate_formation;oxobutanoate_biosynthesis_citramalate;oxoisovalerate_biosynthesis;oxopentenoate_degradation;pyruvate_to_acetyl_coa;serine_deamination;tryptophan_degradation_indole	0		Catalyzes the formation of acetate from pyruvate
NF012013.0	equivalog	ghrA	glyoxylate/hydroxypyruvate reductase GhrA		no_ec	5744	PYRUVATE	pyruvate	221	acetoin_formation;alanine_biosynthesis;citrate_fermentation;cysteine_degradation_sulfide;kdg_degradation;lactate_formation;oxobutanoate_biosynthesis_citramalate;oxoisovalerate_biosynthesis;oxopentenoate_degradation;pyruvate_to_acetyl_coa;serine_deamination;tryptophan_degradation_indole	0		Catalyzes the formation of glycolate and glycerate from glyoxylate and hydroxypyruvate, respectively
NF011938.0	equivalog	ghrB	glyoxylate/hydroxypyruvate reductase GhrB		no_ec	4661	PYRUVATE	pyruvate	221	acetoin_formation;alanine_biosynthesis;citrate_fermentation;cysteine_degradation_sulfide;kdg_degradation;lactate_formation;oxobutanoate_biosynthesis_citramalate;oxoisovalerate_biosynthesis;oxopentenoate_degradation;pyruvate_to_acetyl_coa;serine_deamination;tryptophan_degradation_indole	0		Catalyzes the formation of glycolate from glyoxylate and glycerate from hydroxypyruvate
NF011590.0	equivalog	cstA	pyruvate/proton symporter CstA		no_ec	4032	PYRUVATE	pyruvate	221	acetoin_formation;alanine_biosynthesis;citrate_fermentation;cysteine_degradation_sulfide;kdg_degradation;lactate_formation;oxobutanoate_biosynthesis_citramalate;oxoisovalerate_biosynthesis;oxopentenoate_degradation;pyruvate_to_acetyl_coa;serine_deamination;tryptophan_degradation_indole	0		CstA (carbon starvation protein A), like its paralog BtsT (YjiY) that is also found in E. coli, is a pyruvate/proton symporter. It is regularly found encoded next to a small protein, YbdD, which appears to be another component of the transporter. Both YbdD and its paralog YjiX are notable for terminating with a Cys-Cys dipeptide, replaced by Cys-Sec in Epsilonproteobacteria such as Campylobacter and Helicobacter, where YbdD homologs are selenoproteins.
NF007001.0	equivalog	pdhR	pyruvate dehydrogenase complex transcriptional repressor PdhR		no_ec	2781	PYRUVATE	pyruvate	221	acetoin_formation;alanine_biosynthesis;citrate_fermentation;cysteine_degradation_sulfide;kdg_degradation;lactate_formation;oxobutanoate_biosynthesis_citramalate;oxoisovalerate_biosynthesis;oxopentenoate_degradation;pyruvate_to_acetyl_coa;serine_deamination;tryptophan_degradation_indole	0		Activates lctPRD operon; autoregulates itself through repression of pdhR-aceEF-lpdA operon
NF011314.0	equivalog		pyruvate kinase		no_ec	2110	PYRUVATE	pyruvate	221	acetoin_formation;alanine_biosynthesis;citrate_fermentation;cysteine_degradation_sulfide;kdg_degradation;lactate_formation;oxobutanoate_biosynthesis_citramalate;oxoisovalerate_biosynthesis;oxopentenoate_degradation;pyruvate_to_acetyl_coa;serine_deamination;tryptophan_degradation_indole	0		
NF005325.0	equivalog		indolepyruvate oxidoreductase subunit beta		no_ec	1901	PYRUVATE	pyruvate	221	acetoin_formation;alanine_biosynthesis;citrate_fermentation;cysteine_degradation_sulfide;kdg_degradation;lactate_formation;oxobutanoate_biosynthesis_citramalate;oxoisovalerate_biosynthesis;oxopentenoate_degradation;pyruvate_to_acetyl_coa;serine_deamination;tryptophan_degradation_indole	0		
NF005324.0	equivalog		indolepyruvate oxidoreductase subunit beta		no_ec	981	PYRUVATE	pyruvate	221	acetoin_formation;alanine_biosynthesis;citrate_fermentation;cysteine_degradation_sulfide;kdg_degradation;lactate_formation;oxobutanoate_biosynthesis_citramalate;oxoisovalerate_biosynthesis;oxopentenoate_degradation;pyruvate_to_acetyl_coa;serine_deamination;tryptophan_degradation_indole	0		
NF005322.0	equivalog		indolepyruvate oxidoreductase subunit beta		no_ec	869	PYRUVATE	pyruvate	221	acetoin_formation;alanine_biosynthesis;citrate_fermentation;cysteine_degradation_sulfide;kdg_degradation;lactate_formation;oxobutanoate_biosynthesis_citramalate;oxoisovalerate_biosynthesis;oxopentenoate_degradation;pyruvate_to_acetyl_coa;serine_deamination;tryptophan_degradation_indole	0		
NF006321.0	equivalog		pyruvate ferredoxin oxidoreductase subunit gamma		no_ec	680	PYRUVATE	pyruvate	221	acetoin_formation;alanine_biosynthesis;citrate_fermentation;cysteine_degradation_sulfide;kdg_degradation;lactate_formation;oxobutanoate_biosynthesis_citramalate;oxoisovalerate_biosynthesis;oxopentenoate_degradation;pyruvate_to_acetyl_coa;serine_deamination;tryptophan_degradation_indole	0		Catalyzes the ferredoxin-dependent oxidative decarboxylation of pyruvate to form acetyl-CoA
NF004497.0	equivalog		pyruvate flavodoxin oxidoreductase subunit gamma		no_ec	576	PYRUVATE	pyruvate	221	acetoin_formation;alanine_biosynthesis;citrate_fermentation;cysteine_degradation_sulfide;kdg_degradation;lactate_formation;oxobutanoate_biosynthesis_citramalate;oxoisovalerate_biosynthesis;oxopentenoate_degradation;pyruvate_to_acetyl_coa;serine_deamination;tryptophan_degradation_indole	0		
NF007204.0	equivalog		pyruvate flavodoxin oxidoreductase subunit delta		no_ec	444	PYRUVATE	pyruvate	221	acetoin_formation;alanine_biosynthesis;citrate_fermentation;cysteine_degradation_sulfide;kdg_degradation;lactate_formation;oxobutanoate_biosynthesis_citramalate;oxoisovalerate_biosynthesis;oxopentenoate_degradation;pyruvate_to_acetyl_coa;serine_deamination;tryptophan_degradation_indole	0		
NF005323.0	equivalog		indolepyruvate oxidoreductase subunit beta		no_ec	377	PYRUVATE	pyruvate	221	acetoin_formation;alanine_biosynthesis;citrate_fermentation;cysteine_degradation_sulfide;kdg_degradation;lactate_formation;oxobutanoate_biosynthesis_citramalate;oxoisovalerate_biosynthesis;oxopentenoate_degradation;pyruvate_to_acetyl_coa;serine_deamination;tryptophan_degradation_indole	0		
TIGR04492.1	equivalog	vioB	iminophenyl-pyruvate dimer synthase VioB		no_ec	252	PYRUVATE	pyruvate	221	acetoin_formation;alanine_biosynthesis;citrate_fermentation;cysteine_degradation_sulfide;kdg_degradation;lactate_formation;oxobutanoate_biosynthesis_citramalate;oxoisovalerate_biosynthesis;oxopentenoate_degradation;pyruvate_to_acetyl_coa;serine_deamination;tryptophan_degradation_indole	0		Following the action of a flavin-dependent L-amino acid oxidase that converts L-tryptophan to indole-3-pyruvate imine, the enzymes VioB (this family), RebD, and StaD can ligate two molecules, forming a coupled iminophenyl-pyruvate dimer. In the violacein biosynthesis pathway, this compound is acted on by VioE before it cyclizes spontaneously to chromopyrrolic acid. In the pathways of homolog StaD (staurosporine), chromopyrrolate is formed, and the enzyme is referred to as chromopyrrolate synthase. RebD is very similar to StaD, but acts on chlorinated Trp-derived molecules.
NF004915.0	equivalog		indolepyruvate oxidoreductase subunit beta		no_ec	112	PYRUVATE	pyruvate	221	acetoin_formation;alanine_biosynthesis;citrate_fermentation;cysteine_degradation_sulfide;kdg_degradation;lactate_formation;oxobutanoate_biosynthesis_citramalate;oxoisovalerate_biosynthesis;oxopentenoate_degradation;pyruvate_to_acetyl_coa;serine_deamination;tryptophan_degradation_indole	0		
NF005326.0	equivalog		indolepyruvate oxidoreductase subunit beta		no_ec	110	PYRUVATE	pyruvate	221	acetoin_formation;alanine_biosynthesis;citrate_fermentation;cysteine_degradation_sulfide;kdg_degradation;lactate_formation;oxobutanoate_biosynthesis_citramalate;oxoisovalerate_biosynthesis;oxopentenoate_degradation;pyruvate_to_acetyl_coa;serine_deamination;tryptophan_degradation_indole	0		
NF006233.0	equivalog		pyruvate ferredoxin oxidoreductase subunit alpha		no_ec	109	PYRUVATE	pyruvate	221	acetoin_formation;alanine_biosynthesis;citrate_fermentation;cysteine_degradation_sulfide;kdg_degradation;lactate_formation;oxobutanoate_biosynthesis_citramalate;oxoisovalerate_biosynthesis;oxopentenoate_degradation;pyruvate_to_acetyl_coa;serine_deamination;tryptophan_degradation_indole	0		
NF010632.0	equivalog		pyruvate/ketoisovalerate ferredoxin oxidoreductase subunit gamma		no_ec	97	PYRUVATE	pyruvate	221	acetoin_formation;alanine_biosynthesis;citrate_fermentation;cysteine_degradation_sulfide;kdg_degradation;lactate_formation;oxobutanoate_biosynthesis_citramalate;oxoisovalerate_biosynthesis;oxopentenoate_degradation;pyruvate_to_acetyl_coa;serine_deamination;tryptophan_degradation_indole	0		
NF004917.0	equivalog		indolepyruvate oxidoreductase subunit beta		no_ec	67	PYRUVATE	pyruvate	221	acetoin_formation;alanine_biosynthesis;citrate_fermentation;cysteine_degradation_sulfide;kdg_degradation;lactate_formation;oxobutanoate_biosynthesis_citramalate;oxoisovalerate_biosynthesis;oxopentenoate_degradation;pyruvate_to_acetyl_coa;serine_deamination;tryptophan_degradation_indole	0		
NF005040.0	equivalog		pyruvate dehydrogenase		no_ec	56	PYRUVATE	pyruvate	221	acetoin_formation;alanine_biosynthesis;citrate_fermentation;cysteine_degradation_sulfide;kdg_degradation;lactate_formation;oxobutanoate_biosynthesis_citramalate;oxoisovalerate_biosynthesis;oxopentenoate_degradation;pyruvate_to_acetyl_coa;serine_deamination;tryptophan_degradation_indole	0		
NF004916.0	equivalog		indolepyruvate oxidoreductase subunit beta		no_ec	38	PYRUVATE	pyruvate	221	acetoin_formation;alanine_biosynthesis;citrate_fermentation;cysteine_degradation_sulfide;kdg_degradation;lactate_formation;oxobutanoate_biosynthesis_citramalate;oxoisovalerate_biosynthesis;oxopentenoate_degradation;pyruvate_to_acetyl_coa;serine_deamination;tryptophan_degradation_indole	0		
NF010645.0	equivalog		pyruvate carboxylase subunit B		no_ec	38	PYRUVATE	pyruvate	221	acetoin_formation;alanine_biosynthesis;citrate_fermentation;cysteine_degradation_sulfide;kdg_degradation;lactate_formation;oxobutanoate_biosynthesis_citramalate;oxoisovalerate_biosynthesis;oxopentenoate_degradation;pyruvate_to_acetyl_coa;serine_deamination;tryptophan_degradation_indole	0		
NF004918.0	equivalog		indolepyruvate oxidoreductase subunit beta		no_ec	17	PYRUVATE	pyruvate	221	acetoin_formation;alanine_biosynthesis;citrate_fermentation;cysteine_degradation_sulfide;kdg_degradation;lactate_formation;oxobutanoate_biosynthesis_citramalate;oxoisovalerate_biosynthesis;oxopentenoate_degradation;pyruvate_to_acetyl_coa;serine_deamination;tryptophan_degradation_indole	0		
NF005327.0	equivalog		indolepyruvate oxidoreductase subunit beta		no_ec	14	PYRUVATE	pyruvate	221	acetoin_formation;alanine_biosynthesis;citrate_fermentation;cysteine_degradation_sulfide;kdg_degradation;lactate_formation;oxobutanoate_biosynthesis_citramalate;oxoisovalerate_biosynthesis;oxopentenoate_degradation;pyruvate_to_acetyl_coa;serine_deamination;tryptophan_degradation_indole	0		
NF005328.0	equivalog		indolepyruvate oxidoreductase subunit beta		no_ec	12	PYRUVATE	pyruvate	221	acetoin_formation;alanine_biosynthesis;citrate_fermentation;cysteine_degradation_sulfide;kdg_degradation;lactate_formation;oxobutanoate_biosynthesis_citramalate;oxoisovalerate_biosynthesis;oxopentenoate_degradation;pyruvate_to_acetyl_coa;serine_deamination;tryptophan_degradation_indole	0		
NF005329.0	equivalog		indolepyruvate oxidoreductase subunit beta		no_ec	1	PYRUVATE	pyruvate	221	acetoin_formation;alanine_biosynthesis;citrate_fermentation;cysteine_degradation_sulfide;kdg_degradation;lactate_formation;oxobutanoate_biosynthesis_citramalate;oxoisovalerate_biosynthesis;oxopentenoate_degradation;pyruvate_to_acetyl_coa;serine_deamination;tryptophan_degradation_indole	0		
NF008772.0	equivalog	putA	trifunctional transcriptional regulator/proline dehydrogenase/L-glutamate gamma-semialdehyde dehydrogenase		no_ec	26449	GLUTAMATE	l-glutamate	251	ammonium_assimilation;glutamate_decarboxylation_gaba;glutamine_biosynthesis;histidine_degradation_glutamate;ornithine_biosynthesis;proline_biosynthesis	0		
TIGR00210.1	equivalog	gltS	sodium/glutamate symporter		no_ec	19908	GLUTAMATE	glutamate	251	ammonium_assimilation;glutamate_decarboxylation_gaba;glutamine_biosynthesis;histidine_degradation_glutamate;ornithine_biosynthesis;proline_biosynthesis	0		
NF011775.0	equivalog	yjeM	glutamate/gamma-aminobutyrate family transporter YjeM		no_ec	7600	GLUTAMATE	glutamate	251	ammonium_assimilation;glutamate_decarboxylation_gaba;glutamine_biosynthesis;histidine_degradation_glutamate;ornithine_biosynthesis;proline_biosynthesis	0		
TIGR04012.1	equivalog	pgsB	poly-gamma-glutamate synthase PgsB		no_ec	5435	GLUTAMATE	glutamate	251	ammonium_assimilation;glutamate_decarboxylation_gaba;glutamine_biosynthesis;histidine_degradation_glutamate;ornithine_biosynthesis;proline_biosynthesis	0		Of four genes commonly found to be involved in biosynthesis and export of poly-gamma-glutamate, pgsB(capB) and pgsC(capC) are found to be involved in the synthesis per se. Members of this family are designated PgsB, a nomeclature that covers both cases in which the poly-gamma-glutamate is secreted and those in which it is retained to form capsular material.PgsB has been shown to have poly-gamma-glutamate activity by itself but is bound tightly by PgsC (TIGR04011).
NF008440.0	equivalog	gltP	glutamate/aspartate:proton symporter GltP		no_ec	5344	GLUTAMATE	glutamate	251	ammonium_assimilation;glutamate_decarboxylation_gaba;glutamine_biosynthesis;histidine_degradation_glutamate;ornithine_biosynthesis;proline_biosynthesis	0		Carrier protein part of the Na(+)-independent, binding-protein-independent glutamate-aspartate transport system
NF008459.0	equivalog	abgT	p-aminobenzoyl-glutamate transporter		no_ec	3441	GLUTAMATE	l-glutamate	251	ammonium_assimilation;glutamate_decarboxylation_gaba;glutamine_biosynthesis;histidine_degradation_glutamate;ornithine_biosynthesis;proline_biosynthesis	0		
NF053705.1	equivalog	gltC	glutamate biosynthesis transcriptional regulator GltC		no_ec	3075	GLUTAMATE	glutamate	251	ammonium_assimilation;glutamate_decarboxylation_gaba;glutamine_biosynthesis;histidine_degradation_glutamate;ornithine_biosynthesis;proline_biosynthesis	0		
NF007569.0	equivalog		aspartate/glutamate racemase	5.1.1.-	partial_ec_only	2978	GLUTAMATE	glutamate	251	ammonium_assimilation;glutamate_decarboxylation_gaba;glutamine_biosynthesis;histidine_degradation_glutamate;ornithine_biosynthesis;proline_biosynthesis	0		
NF053662.1	equivalog	gadC	glutamate/gamma-aminobutyrate antiporter GadC		no_ec	2740	GLUTAMATE	glutamate	251	ammonium_assimilation;glutamate_decarboxylation_gaba;glutamine_biosynthesis;histidine_degradation_glutamate;ornithine_biosynthesis;proline_biosynthesis	0		Members of this family are understood to be antiporters of glutamate (rather than glutamine) with gamma-aminobutyrate antiporter (GABA). The sequence of glutamate decarboxylation in the cytosol, then antiport to exchange the product (GABA) for a new glutamate from the extracellular milieu, provides for a cycle combats acid stress until the available extracellular glutamate is exhausted. Note that the gene symbol gadC is used for both glutamate/GABA antiporters such as this family and glutamine/GABA antiporters such as in model TIGR03813.
NF058540.1	equivalog	ertE	N-carbamyl-l-glutamate amidohydrolase ErtE	3.5.1.-	partial_ec_only	2577	GLUTAMATE	l-glutamate	251	ammonium_assimilation;glutamate_decarboxylation_gaba;glutamine_biosynthesis;histidine_degradation_glutamate;ornithine_biosynthesis;proline_biosynthesis	0		
TIGR00910.1	equivalog	gadC	glutamate/gamma-aminobutyrate antiporter		no_ec	2208	GLUTAMATE	glutamate	251	ammonium_assimilation;glutamate_decarboxylation_gaba;glutamine_biosynthesis;histidine_degradation_glutamate;ornithine_biosynthesis;proline_biosynthesis	0		Members of this family are the antiporter GadC, which extrudes GABA, product of glutamate decarboxylation, in exchange for glutamate. About a quarter of genomic regions that encode both GadC and a glutamate decarboxylase (usually called GadB, because that paralog rather than its paralog GadA participates in acid resistance in Eschericha coli) also encode a glutaminase. The presence of a glutaminase, which converts Gln to Glu, suggests that members of this GadC family, in some or perhaps all species, may be able to substitute Gln for Glu as the substrate to exchange for GABA.
NF009414.0	equivalog		bifunctional dihydroorotate dehydrogenase B NAD binding subunit/NADPH-dependent glutamate synthase		no_ec	1898	GLUTAMATE	glutamate	251	ammonium_assimilation;glutamate_decarboxylation_gaba;glutamine_biosynthesis;histidine_degradation_glutamate;ornithine_biosynthesis;proline_biosynthesis	0		
TIGR04011.1	equivalog	pgsC	poly-gamma-glutamate biosynthesis protein PgsC		no_ec	1021	GLUTAMATE	glutamate	251	ammonium_assimilation;glutamate_decarboxylation_gaba;glutamine_biosynthesis;histidine_degradation_glutamate;ornithine_biosynthesis;proline_biosynthesis	0		Of four genes commonly found to be involved in biosynthesis and export of poly-gamma-glutamate, pgsB(capB) and pgsC(capC) are found to be involved in the synthesis per se. Members of this family are designated PgsC, covering both cases in which the poly-gamma-glutamate is secreted and those in which it is retained to form capsular material. PgsC binds tightly to PgsB, which has been shown to have poly-gamma-glutamate activity.
NF010661.0	equivalog		acetylglutamate/acetylaminoadipate kinase		no_ec	987	GLUTAMATE	glutamate	251	ammonium_assimilation;glutamate_decarboxylation_gaba;glutamine_biosynthesis;histidine_degradation_glutamate;ornithine_biosynthesis;proline_biosynthesis	0		
NF047354.1	equivalog	gltC	glutamate biosynthesis transcriptional regulator GltC		no_ec	974	GLUTAMATE	glutamate	251	ammonium_assimilation;glutamate_decarboxylation_gaba;glutamine_biosynthesis;histidine_degradation_glutamate;ornithine_biosynthesis;proline_biosynthesis	0		Members of this family are the staphylococcal form of GltC, a LysR family transcriptional regulator found regularly seen encoded divergently from the glutamate synthase large subunit GltB. The particulars of its function in response to glucose and glutamate availability have not be described, although a transcriptional activator role in the presence of glucose and relative lack of glutamate is expected.
NF041398.1	equivalog	gdhB	glutamate dehydrogenase GdhB	1.4.1.-	partial_ec_only	937	GLUTAMATE	glutamate	251	ammonium_assimilation;glutamate_decarboxylation_gaba;glutamine_biosynthesis;histidine_degradation_glutamate;ornithine_biosynthesis;proline_biosynthesis	0		
NF010634.0	equivalog		NADP-specific glutamate dehydrogenase		no_ec	919	GLUTAMATE	glutamate	251	ammonium_assimilation;glutamate_decarboxylation_gaba;glutamine_biosynthesis;histidine_degradation_glutamate;ornithine_biosynthesis;proline_biosynthesis	0		Converts 2-oxoglutarate to glutamate
NF009415.0	equivalog		putative bifunctional glutamate synthase subunit beta/2-polyprenylphenol hydroxylase		no_ec	280	GLUTAMATE	glutamate	251	ammonium_assimilation;glutamate_decarboxylation_gaba;glutamine_biosynthesis;histidine_degradation_glutamate;ornithine_biosynthesis;proline_biosynthesis	0		
NF010662.0	equivalog		[LysW]-aminoadipate/[LysW]-glutamate kinase		no_ec	271	GLUTAMATE	glutamate	251	ammonium_assimilation;glutamate_decarboxylation_gaba;glutamine_biosynthesis;histidine_degradation_glutamate;ornithine_biosynthesis;proline_biosynthesis	0		
NF008885.0	equivalog		bifunctional adhesin/ABC transporter aspartate/glutamate-binding protein		no_ec	230	GLUTAMATE	glutamate	251	ammonium_assimilation;glutamate_decarboxylation_gaba;glutamine_biosynthesis;histidine_degradation_glutamate;ornithine_biosynthesis;proline_biosynthesis	0		
NF001662.0	equivalog		[protein ADP-ribosylglutamate] hydrolase		no_ec	140	GLUTAMATE	glutamate	251	ammonium_assimilation;glutamate_decarboxylation_gaba;glutamine_biosynthesis;histidine_degradation_glutamate;ornithine_biosynthesis;proline_biosynthesis	0		
NF005128.0	equivalog		putative bifunctional glutamate synthase subunit beta/2-polyprenylphenol hydroxylase		no_ec	100	GLUTAMATE	glutamate	251	ammonium_assimilation;glutamate_decarboxylation_gaba;glutamine_biosynthesis;histidine_degradation_glutamate;ornithine_biosynthesis;proline_biosynthesis	0		
NF003389.0	equivalog		acetylglutamate kinase		no_ec	83	GLUTAMATE	glutamate	251	ammonium_assimilation;glutamate_decarboxylation_gaba;glutamine_biosynthesis;histidine_degradation_glutamate;ornithine_biosynthesis;proline_biosynthesis	0		
NF038377.2	equivalog	tglA	3-thiaglutamate biosynthesis pearlin carrier peptide TglA		no_ec	66	GLUTAMATE	glutamate	251	ammonium_assimilation;glutamate_decarboxylation_gaba;glutamine_biosynthesis;histidine_degradation_glutamate;ornithine_biosynthesis;proline_biosynthesis	0		TglA is synthesized on the ribosome, then used repeatedly in a pathway in which 3-thiaglutamate is assembled on, then released from, the C-terminal amino acid. Cys is added by TglB to the C-terminus of TglA, then acted on by the multinuclear non-heme iron-dependent oxidative (MNIO) enzyme (Pfam family PF21900) TglH, with assistance by TglI. After further modifications, TglG releases 3-thiaglutamate and regenerates unmodified TglA. The term pearlin describes natural products synthesized on a RiPP-like carrier peptide, rather than actually deriving from a ribosomally synthesized peptide.
NF001864.0	equivalog		glutamate-1-semialdehyde aminotransferase		no_ec	60	GLUTAMATE	glutamate	251	ammonium_assimilation;glutamate_decarboxylation_gaba;glutamine_biosynthesis;histidine_degradation_glutamate;ornithine_biosynthesis;proline_biosynthesis	0		
NF006349.0	equivalog		5-methyltetrahydropteroyltriglutamate--homocysteine methyltransferase		no_ec	55	GLUTAMATE	glutamate	251	ammonium_assimilation;glutamate_decarboxylation_gaba;glutamine_biosynthesis;histidine_degradation_glutamate;ornithine_biosynthesis;proline_biosynthesis	0		
NF009413.0	equivalog		putative trifunctional 2-polyprenylphenol hydroxylase/glutamate synthase subunit beta/ferritin domain-containing protein		no_ec	37	GLUTAMATE	glutamate	251	ammonium_assimilation;glutamate_decarboxylation_gaba;glutamine_biosynthesis;histidine_degradation_glutamate;ornithine_biosynthesis;proline_biosynthesis	0		
NF009454.0	equivalog		putative NADPH-dependent glutamate synthase small subunit		no_ec	34	GLUTAMATE	glutamate	251	ammonium_assimilation;glutamate_decarboxylation_gaba;glutamine_biosynthesis;histidine_degradation_glutamate;ornithine_biosynthesis;proline_biosynthesis	0		
NF010660.0	equivalog		[LysW]-aminoadipate/[LysW]-glutamate kinase		no_ec	28	GLUTAMATE	glutamate	251	ammonium_assimilation;glutamate_decarboxylation_gaba;glutamine_biosynthesis;histidine_degradation_glutamate;ornithine_biosynthesis;proline_biosynthesis	0		
NF006350.0	equivalog		5-methyltetrahydropteroyltriglutamate--homocysteine methyltransferase		no_ec	26	GLUTAMATE	glutamate	251	ammonium_assimilation;glutamate_decarboxylation_gaba;glutamine_biosynthesis;histidine_degradation_glutamate;ornithine_biosynthesis;proline_biosynthesis	0		
NF006348.0	equivalog		5-methyltetrahydropteroyltriglutamate--homocysteine methyltransferase		no_ec	14	GLUTAMATE	glutamate	251	ammonium_assimilation;glutamate_decarboxylation_gaba;glutamine_biosynthesis;histidine_degradation_glutamate;ornithine_biosynthesis;proline_biosynthesis	0		
NF003388.0	equivalog		acetylglutamate kinase		no_ec	5	GLUTAMATE	glutamate	251	ammonium_assimilation;glutamate_decarboxylation_gaba;glutamine_biosynthesis;histidine_degradation_glutamate;ornithine_biosynthesis;proline_biosynthesis	0		
TIGR01816.1	equivalog	sdhA	succinate dehydrogenase flavoprotein subunit		no_ec	35631	SUCCINATE	succinate	357	dihydroxyphenylpropanoate_degradation;glyoxylate_bypass;oxoglutarate_to_succinate;succinate_fumarate_interconversion	0		Succinate dehydrogenase and fumarate reductase are homologous enzymes reversible in principle but favored under different circumstances. This HMM represents a narrowly defined clade of the succinate dehydrogenase flavoprotein subunit as found in mitochondria, in Rickettsia, in E. coli and other Proteobacteria, and in a few other lineages. However, this HMM excludes all known fumarate reductases. It also excludes putative succinate dehydrogenases that appear to diverged before the split between E. coli succinate dehydrogenase and fumarate reductase.
TIGR02970.1	equivalog	sdhC	succinate dehydrogenase, cytochrome b556 subunit		no_ec	27664	SUCCINATE	succinate	357	dihydroxyphenylpropanoate_degradation;glyoxylate_bypass;oxoglutarate_to_succinate;succinate_fumarate_interconversion	0		In E. coli and many other bacteria, two small, hydrophobic, mutually homologous subunits of succinate dehydrogenase, a TCA cycle enzyme, are SdhC and SdhD. This family is the SdhC, the cytochrome b subunit, called b556 in bacteria and b560 in mitochondria. SdhD (see TIGR02968) is called the hydrophobic membrane anchor subunit, although both SdhC and SdhD participate in anchoring the complex. In some bacteria, this cytochrome b subunit is replaced my a member of the cytochrome b558 family (see TIGR02046).
TIGR02968.1	equivalog	sdhD	succinate dehydrogenase, hydrophobic membrane anchor protein		no_ec	18981	SUCCINATE	succinate	357	dihydroxyphenylpropanoate_degradation;glyoxylate_bypass;oxoglutarate_to_succinate;succinate_fumarate_interconversion	0		In E. coli and many other bacteria, two small, hydrophobic, mutually homologous subunits of succinate dehydrogenase, a TCA cycle enzyme, are SdhC and SdhD. This family is the SdhD, the hydrophobic membrane anchor protein. SdhC is apocytochrome b558, which also plays a role in anchoring the complex.
NF005866.0	equivalog		fumarate reductase/succinate dehydrogenase flavoprotein subunit		no_ec	11310	SUCCINATE	succinate	357	dihydroxyphenylpropanoate_degradation;glyoxylate_bypass;oxoglutarate_to_succinate;succinate_fumarate_interconversion	0		Part of four member succinate dehydrogenase enzyme complex that forms a trimeric complex (trimer of tetramers); SdhA/B are the catalytic subcomplex and can exhibit succinate dehydrogenase activity in the absence of SdhC/D which are the membrane components and form cytochrome b556; SdhC binds ubiquinone; oxidizes succinate to fumarate while reducing ubiquinone to ubiquinol
NF006131.0	equivalog		fumarate reductase/succinate dehydrogenase flavoprotein subunit		no_ec	11162	SUCCINATE	succinate	357	dihydroxyphenylpropanoate_degradation;glyoxylate_bypass;oxoglutarate_to_succinate;succinate_fumarate_interconversion	0		
NF008415.0	equivalog	gabD	NADP-dependent succinate-semialdehyde dehydrogenase		no_ec	10189	SUCCINATE	succinate	357	dihydroxyphenylpropanoate_degradation;glyoxylate_bypass;oxoglutarate_to_succinate;succinate_fumarate_interconversion	0		Catalyzes the formation of succinate from succinate semialdehyde; NADP dependent
NF009052.0	equivalog		succinate dehydrogenase/fumarate reductase iron-sulfur subunit		no_ec	9056	SUCCINATE	succinate	357	dihydroxyphenylpropanoate_degradation;glyoxylate_bypass;oxoglutarate_to_succinate;succinate_fumarate_interconversion	0		
NF010374.0	equivalog		fumarate reductase/succinate dehydrogenase flavoprotein subunit		no_ec	5845	SUCCINATE	succinate	357	dihydroxyphenylpropanoate_degradation;glyoxylate_bypass;oxoglutarate_to_succinate;succinate_fumarate_interconversion	0		
NF006392.0	equivalog	sdhA	succinate dehydrogenase flavoprotein subunit		no_ec	5114	SUCCINATE	succinate	357	dihydroxyphenylpropanoate_degradation;glyoxylate_bypass;oxoglutarate_to_succinate;succinate_fumarate_interconversion	0		
NF006391.0	equivalog	sdhB	succinate dehydrogenase iron-sulfur subunit		no_ec	4366	SUCCINATE	succinate	357	dihydroxyphenylpropanoate_degradation;glyoxylate_bypass;oxoglutarate_to_succinate;succinate_fumarate_interconversion	0		
NF009051.0	equivalog		succinate dehydrogenase/fumarate reductase iron-sulfur subunit		no_ec	3665	SUCCINATE	succinate	357	dihydroxyphenylpropanoate_degradation;glyoxylate_bypass;oxoglutarate_to_succinate;succinate_fumarate_interconversion	0		
NF045643.1	equivalog	bhcD	iminosuccinate reductase BhcD	1.4.1.-	partial_ec_only	1753	SUCCINATE	succinate	357	dihydroxyphenylpropanoate_degradation;glyoxylate_bypass;oxoglutarate_to_succinate;succinate_fumarate_interconversion	0		
NF007022.0	equivalog	sdhD	succinate dehydrogenase membrane anchor subunit		no_ec	1253	SUCCINATE	succinate	357	dihydroxyphenylpropanoate_degradation;glyoxylate_bypass;oxoglutarate_to_succinate;succinate_fumarate_interconversion	0		
NF004613.0	equivalog		succinate dehydrogenase/fumarate reductase flavoprotein subunit	1.3.5.-	partial_ec_only	992	SUCCINATE	succinate	357	dihydroxyphenylpropanoate_degradation;glyoxylate_bypass;oxoglutarate_to_succinate;succinate_fumarate_interconversion	0		
NF009227.0	equivalog		succinate dehydrogenase/fumarate reductase iron-sulfur subunit	1.3.5.-	partial_ec_only	950	SUCCINATE	succinate	357	dihydroxyphenylpropanoate_degradation;glyoxylate_bypass;oxoglutarate_to_succinate;succinate_fumarate_interconversion	0		
NF052585.1	equivalog	caiB	succinate--glutarate CoA-transferase	2.8.3.-	partial_ec_only	918	SUCCINATE	succinate	357	dihydroxyphenylpropanoate_degradation;glyoxylate_bypass;oxoglutarate_to_succinate;succinate_fumarate_interconversion	0		
NF003295.0	equivalog		adenylosuccinate synthetase		no_ec	804	SUCCINATE	succinate	357	dihydroxyphenylpropanoate_degradation;glyoxylate_bypass;oxoglutarate_to_succinate;succinate_fumarate_interconversion	0		Catalyzes the formation of N6-(1,2,-dicarboxyethyl)-AMP from L-aspartate, inosine monophosphate and GTP in AMP biosynthesis
NF009226.0	equivalog		succinate dehydrogenase/fumarate reductase iron-sulfur subunit		no_ec	75	SUCCINATE	succinate	357	dihydroxyphenylpropanoate_degradation;glyoxylate_bypass;oxoglutarate_to_succinate;succinate_fumarate_interconversion	0		
NF005037.0	equivalog		succinate dehydrogenase flavoprotein subunit		no_ec	62	SUCCINATE	succinate	357	dihydroxyphenylpropanoate_degradation;glyoxylate_bypass;oxoglutarate_to_succinate;succinate_fumarate_interconversion	0		
NF005000.0	equivalog		argininosuccinate lyase		no_ec	18	SUCCINATE	succinate	357	dihydroxyphenylpropanoate_degradation;glyoxylate_bypass;oxoglutarate_to_succinate;succinate_fumarate_interconversion	0		
TIGR04003.1	equivalog	bssD	[benzylsuccinate synthase]-activating enzyme		no_ec	18	SUCCINATE	succinate	357	dihydroxyphenylpropanoate_degradation;glyoxylate_bypass;oxoglutarate_to_succinate;succinate_fumarate_interconversion	0		Members of this radical SAM protein family are [benzylsuccinate synthase]-activating enzyme, a glycyl radical active site-creating enzyme related to [pyruvate formate-lyase]-activating enzyme and additional uncharacterized homologs activating additional glycyl radical-containing enzymes.
TIGR02156.2	equivalog	paaA	1,2-phenylacetyl-CoA epoxidase subunit PaaA		no_ec	28200	ACETYL_COA	acetyl-coa	417	acetate_interconversion;acetyl_coa_to_isocitrate;butyrate_formation;ethanol_formation;glyoxylate_bypass;oxoadipyl_coa_thiolysis;oxopentenoate_degradation;pyruvate_to_acetyl_coa	0		Phenylacetate-CoA oxygenase is comprised of a five gene complex responsible for the hydroxylation of phenylacetate-CoA (PA-CoA) as the second catabolic step in phenylacetic acid (PA) degradation [1,2]. Although the exact function of this enzyme has not been determined, it has been shown to be required for phenylacetic acid degradation and has been proposed to function in a multicomponent oxygenase acting on phenylacetate-CoA [2].
TIGR02159.1	equivalog	paaD	1,2-phenylacetyl-CoA epoxidase subunit PaaD		no_ec	27933	ACETYL_COA	acetyl-coa	417	acetate_interconversion;acetyl_coa_to_isocitrate;butyrate_formation;ethanol_formation;glyoxylate_bypass;oxoadipyl_coa_thiolysis;oxopentenoate_degradation;pyruvate_to_acetyl_coa	0		Phenylacetate-CoA oxygenase is comprised of a five gene complex responsible for the hydroxylation of phenylacetate-CoA (PA-CoA) as the second catabolic step in phenylacetic acid (PA) degradation [1,2]. Although the exact function of this enzyme has not been determined, it has been shown to be required for phenylacetic acid degradation and has been proposed to function in a multicomponent oxygenase acting on phenylacetate-CoA [2].
TIGR02286.1	equivalog	paaI	hydroxyphenylacetyl-CoA thioesterase PaaI	3.1.2.-	partial_ec_only	14999	ACETYL_COA	acetyl-coa	417	acetate_interconversion;acetyl_coa_to_isocitrate;butyrate_formation;ethanol_formation;glyoxylate_bypass;oxoadipyl_coa_thiolysis;oxopentenoate_degradation;pyruvate_to_acetyl_coa	0		This member of the domain family TIGR00369 (which is, in turn, a member of the PF03061 thioesterase superfamily) is nearly always found adjacent to other genes of the phenylacetic acid degradation pathway [1]. Its function is currently unknown, but a role as a thioesterase is not inconsistent with the proposed overall pathway. Sequences scoring between trusted and noise include those from archaea and other species not known to catabolize phenylacetic acid and which are not adjacent to other genes potentially involved with such a pathway.
TIGR02157.1	equivalog	paaB	1,2-phenylacetyl-CoA epoxidase subunit PaaB		no_ec	14190	ACETYL_COA	acetyl-coa	417	acetate_interconversion;acetyl_coa_to_isocitrate;butyrate_formation;ethanol_formation;glyoxylate_bypass;oxoadipyl_coa_thiolysis;oxopentenoate_degradation;pyruvate_to_acetyl_coa	0		Phenylacetate-CoA oxygenase is comprised of a five gene complex responsible for the hydroxylation of phenylacetate-CoA (PA-CoA) as the second catabolic step in phenylacetic acid (PA) degradation. PaaB (the E. coli designation) is called a bridging subunit of the 1,2-phenylacetyl-CoA epoxidase.
NF005457.0	equivalog		acetyl-CoA carboxylase		no_ec	9381	ACETYL_COA	acetyl-coa	417	acetate_interconversion;acetyl_coa_to_isocitrate;butyrate_formation;ethanol_formation;glyoxylate_bypass;oxoadipyl_coa_thiolysis;oxopentenoate_degradation;pyruvate_to_acetyl_coa	0		
NF004085.0	equivalog		acetyl-CoA carboxylase biotin carboxylase subunit		no_ec	5038	ACETYL_COA	acetyl-coa	417	acetate_interconversion;acetyl_coa_to_isocitrate;butyrate_formation;ethanol_formation;glyoxylate_bypass;oxoadipyl_coa_thiolysis;oxopentenoate_degradation;pyruvate_to_acetyl_coa	0		
NF009471.0	equivalog		acetyl-CoA carboxylase biotin carboxylase subunit		no_ec	3558	ACETYL_COA	acetyl-coa	417	acetate_interconversion;acetyl_coa_to_isocitrate;butyrate_formation;ethanol_formation;glyoxylate_bypass;oxoadipyl_coa_thiolysis;oxopentenoate_degradation;pyruvate_to_acetyl_coa	0		Catalyzes the carboxylation of the carrier protein and then the transcarboxylase transfers the carboxyl group to form malonyl-CoA
NF004936.0	equivalog		acetyl-CoA acetyltransferase		no_ec	2596	ACETYL_COA	acetyl-coa	417	acetate_interconversion;acetyl_coa_to_isocitrate;butyrate_formation;ethanol_formation;glyoxylate_bypass;oxoadipyl_coa_thiolysis;oxopentenoate_degradation;pyruvate_to_acetyl_coa	0		
NF005212.0	equivalog		acetyl-CoA C-acyltransferase		no_ec	2399	ACETYL_COA	acetyl-coa	417	acetate_interconversion;acetyl_coa_to_isocitrate;butyrate_formation;ethanol_formation;glyoxylate_bypass;oxoadipyl_coa_thiolysis;oxopentenoate_degradation;pyruvate_to_acetyl_coa	0		
NF006286.0	equivalog		acetyl-CoA carboxylase biotin carboxylase subunit		no_ec	2369	ACETYL_COA	acetyl-coa	417	acetate_interconversion;acetyl_coa_to_isocitrate;butyrate_formation;ethanol_formation;glyoxylate_bypass;oxoadipyl_coa_thiolysis;oxopentenoate_degradation;pyruvate_to_acetyl_coa	0		Catalyzes the carboxylation of the carrier protein and then the transcarboxylase transfers the carboxyl group to form malonyl-CoA
NF004810.0	equivalog		acetyl-CoA acetyltransferase		no_ec	2209	ACETYL_COA	acetyl-coa	417	acetate_interconversion;acetyl_coa_to_isocitrate;butyrate_formation;ethanol_formation;glyoxylate_bypass;oxoadipyl_coa_thiolysis;oxopentenoate_degradation;pyruvate_to_acetyl_coa	0		
NF008971.0	equivalog		acetyl-CoA carboxylase carboxyl transferase subunit alpha		no_ec	2034	ACETYL_COA	acetyl-coa	417	acetate_interconversion;acetyl_coa_to_isocitrate;butyrate_formation;ethanol_formation;glyoxylate_bypass;oxoadipyl_coa_thiolysis;oxopentenoate_degradation;pyruvate_to_acetyl_coa	0		
NF006079.0	equivalog		acetyl-CoA carboxylase biotin carboxyl carrier protein subunit		no_ec	1786	ACETYL_COA	acetyl-coa	417	acetate_interconversion;acetyl_coa_to_isocitrate;butyrate_formation;ethanol_formation;glyoxylate_bypass;oxoadipyl_coa_thiolysis;oxopentenoate_degradation;pyruvate_to_acetyl_coa	0		Composes the biotin carboxyl carrier protein subunit of the acetyl-CoA carboxylase complex
NF006105.0	equivalog		acetyl-CoA acetyltransferase		no_ec	1565	ACETYL_COA	acetyl-coa	417	acetate_interconversion;acetyl_coa_to_isocitrate;butyrate_formation;ethanol_formation;glyoxylate_bypass;oxoadipyl_coa_thiolysis;oxopentenoate_degradation;pyruvate_to_acetyl_coa	0		
NF003195.0	equivalog	acsC	acetyl-CoA decarbonylase/synthase complex subunit gamma		no_ec	1307	ACETYL_COA	acetyl-coa	417	acetate_interconversion;acetyl_coa_to_isocitrate;butyrate_formation;ethanol_formation;glyoxylate_bypass;oxoadipyl_coa_thiolysis;oxopentenoate_degradation;pyruvate_to_acetyl_coa	0		AcsC is the corrinoid iron-sulfur protein large subunit.
NF006103.0	equivalog		acetyl-CoA acetyltransferase		no_ec	1259	ACETYL_COA	acetyl-coa	417	acetate_interconversion;acetyl_coa_to_isocitrate;butyrate_formation;ethanol_formation;glyoxylate_bypass;oxoadipyl_coa_thiolysis;oxopentenoate_degradation;pyruvate_to_acetyl_coa	0		
NF006106.0	equivalog		acetyl-CoA acetyltransferase		no_ec	1060	ACETYL_COA	acetyl-coa	417	acetate_interconversion;acetyl_coa_to_isocitrate;butyrate_formation;ethanol_formation;glyoxylate_bypass;oxoadipyl_coa_thiolysis;oxopentenoate_degradation;pyruvate_to_acetyl_coa	0		
NF005117.0	equivalog		acetyl-CoA carboxylase biotin carboxyl carrier protein subunit		no_ec	765	ACETYL_COA	acetyl-coa	417	acetate_interconversion;acetyl_coa_to_isocitrate;butyrate_formation;ethanol_formation;glyoxylate_bypass;oxoadipyl_coa_thiolysis;oxopentenoate_degradation;pyruvate_to_acetyl_coa	0		Composes the biotin carboxyl carrier protein subunit of the acetyl-CoA carboxylase complex
NF006406.0	equivalog		acetyl-CoA carboxylase biotin carboxylase subunit		no_ec	642	ACETYL_COA	acetyl-coa	417	acetate_interconversion;acetyl_coa_to_isocitrate;butyrate_formation;ethanol_formation;glyoxylate_bypass;oxoadipyl_coa_thiolysis;oxopentenoate_degradation;pyruvate_to_acetyl_coa	0		
NF006287.0	equivalog		acetyl-CoA carboxylase subunit A		no_ec	612	ACETYL_COA	acetyl-coa	417	acetate_interconversion;acetyl_coa_to_isocitrate;butyrate_formation;ethanol_formation;glyoxylate_bypass;oxoadipyl_coa_thiolysis;oxopentenoate_degradation;pyruvate_to_acetyl_coa	0		
NF009862.0	equivalog		bifunctional biotin--[acetyl-CoA-carboxylase] ligase/type III pantothenate kinase		no_ec	521	ACETYL_COA	acetyl-coa	417	acetate_interconversion;acetyl_coa_to_isocitrate;butyrate_formation;ethanol_formation;glyoxylate_bypass;oxoadipyl_coa_thiolysis;oxopentenoate_degradation;pyruvate_to_acetyl_coa	0		Activates biotin to form biotinyl-5'-adenylate and transfers the biotin moiety to biotin-accepting proteins and catalyzes the formation of (R)-4'-phosphopantothenate from (R)-pantothenate in coenzyme A biosynthesis; type III; type III pantothenate kinases are not subject to feedback inhibition from coenzyme A and have a high Km for ATP
TIGR00381.1	equivalog	cdhD	CO dehydrogenase/acetyl-CoA synthase subunit delta		no_ec	386	ACETYL_COA	acetyl-coa	417	acetate_interconversion;acetyl_coa_to_isocitrate;butyrate_formation;ethanol_formation;glyoxylate_bypass;oxoadipyl_coa_thiolysis;oxopentenoate_degradation;pyruvate_to_acetyl_coa	0		This is the small subunit of a heterodimer which catalyzes the reaction CO + H2O + Acceptor = CO2 + Reduced acceptor and is involved in the synthesis of acetyl-CoA from CO2 and H2.
TIGR00315.1	equivalog	cdhB	CO dehydrogenase/acetyl-CoA synthase complex subunit epsilon		no_ec	342	ACETYL_COA	acetyl-coa	417	acetate_interconversion;acetyl_coa_to_isocitrate;butyrate_formation;ethanol_formation;glyoxylate_bypass;oxoadipyl_coa_thiolysis;oxopentenoate_degradation;pyruvate_to_acetyl_coa	0		Anaerobic carbon-monoxide dehydrogenase (EC 1.2.7.4) is a nickel cofactor-containing enzyme that catalyzes the reversible reduction of CO(2) to CO (carbon monoxide). It typically occurs as part of a multienzyme complex with efficient transfer of CO. In methanogenic archaea, this subunit of EC 1.2.7.4, CdhB, is known as the epsilon subunit of the CO dehydrogenase/acetyl-CoA synthase complex.
NF006104.0	equivalog		acetyl-CoA acetyltransferase		no_ec	307	ACETYL_COA	acetyl-coa	417	acetate_interconversion;acetyl_coa_to_isocitrate;butyrate_formation;ethanol_formation;glyoxylate_bypass;oxoadipyl_coa_thiolysis;oxopentenoate_degradation;pyruvate_to_acetyl_coa	0		
NF009546.0	equivalog		acetoacetyl-CoA reductase		no_ec	279	ACETYL_COA	acetyl-coa	417	acetate_interconversion;acetyl_coa_to_isocitrate;butyrate_formation;ethanol_formation;glyoxylate_bypass;oxoadipyl_coa_thiolysis;oxopentenoate_degradation;pyruvate_to_acetyl_coa	0		
NF004173.0	equivalog		putative acetyl-CoA carboxylase biotin carboxyl carrier protein subunit		no_ec	109	ACETYL_COA	acetyl-coa	417	acetate_interconversion;acetyl_coa_to_isocitrate;butyrate_formation;ethanol_formation;glyoxylate_bypass;oxoadipyl_coa_thiolysis;oxopentenoate_degradation;pyruvate_to_acetyl_coa	0		
NF004983.0	equivalog		acetyl-CoA C-acetyltransferase		no_ec	18	ACETYL_COA	acetyl-coa	417	acetate_interconversion;acetyl_coa_to_isocitrate;butyrate_formation;ethanol_formation;glyoxylate_bypass;oxoadipyl_coa_thiolysis;oxopentenoate_degradation;pyruvate_to_acetyl_coa	0		Catalyzes the synthesis of acetoacetyl coenzyme A from two molecules of acetyl coenzyme A
TIGR02927.1	equivalog	sucB	2-oxoglutarate dehydrogenase, E2 component, dihydrolipoamide succinyltransferase		no_ec	26013	OXOGLUTARATE	2-oxoglutarate	456	ammonium_assimilation;isocitrate_to_oxoglutarate;oxoglutarate_to_succinate	0		This model represents an Actinobacterial clade of E2 enzyme, a component of the 2-oxoglutarate dehydrogenase complex involved in the TCA cycle. These proteins have multiple domains including the catalytic domain (PF00198), one or two biotin domains (PF00364) and an E3-component binding domain (PF02817).
NF009134.0	equivalog		putative 4-hydroxy-4-methyl-2-oxoglutarate aldolase		no_ec	5599	OXOGLUTARATE	2-oxoglutarate	456	ammonium_assimilation;isocitrate_to_oxoglutarate;oxoglutarate_to_succinate	0		
NF007206.0	equivalog		2-oxoglutarate synthase subunit alpha		no_ec	2706	OXOGLUTARATE	2-oxoglutarate	456	ammonium_assimilation;isocitrate_to_oxoglutarate;oxoglutarate_to_succinate	0		
NF041660.2	equivalog	odhI	oxoglutarate dehydrogenase inhibitor Odhl		no_ec	2098	OXOGLUTARATE	oxoglutarate	456	ammonium_assimilation;isocitrate_to_oxoglutarate;oxoglutarate_to_succinate	0		Odhl is an essential component of the PknG signaling pathway involved in the regulation of glutamate metabolism. It interacts with (phosphorylated) PknB via the FHA domain. When unphosphorylated, Odhl inhibits the activity of 2-oxoglutarate dehydrogenase.
NF007207.0	equivalog		2-oxoglutarate ferredoxin oxidoreductase subunit beta		no_ec	1264	OXOGLUTARATE	2-oxoglutarate	456	ammonium_assimilation;isocitrate_to_oxoglutarate;oxoglutarate_to_succinate	0		
NF006275.0	equivalog		2-oxoglutarate-acceptor oxidoreductase subunit OorC		no_ec	1249	OXOGLUTARATE	2-oxoglutarate	456	ammonium_assimilation;isocitrate_to_oxoglutarate;oxoglutarate_to_succinate	0		
NF007205.0	equivalog		2-oxoglutarate-acceptor oxidoreductase subunit OorD		no_ec	827	OXOGLUTARATE	2-oxoglutarate	456	ammonium_assimilation;isocitrate_to_oxoglutarate;oxoglutarate_to_succinate	0		
NF008512.1	equivalog	sugE	quaternary ammonium compound efflux SMR transporter SugE		no_ec	10016	AMMONIUM	ammonium	545	ammonium_assimilation;arginine_deiminase_pathway;cysteine_degradation_sulfide;glcnac_degradation;glutamine_biosynthesis;glycine_reduction_stickland;histidine_degradation_glutamate;methionine_degradation_methanethiol;methylamine_degradation;neuac_degradation;nitrate_assimilation;nitrogen_fixation;serine_deamination;threonine_deamination;tryptophan_degradation_indole;urea_hydrolysis	0		Member of the SMR family of proton-dependent drug efflux transporters; quaternary ammonium compound efflux pump; confers resistance to cetylpyridinium, cetyldimethylethyl ammonium and cetrimide cations
NF007947.0	equivalog	amtB	ammonium transporter AmtB		no_ec	3262	AMMONIUM	ammonium	545	ammonium_assimilation;arginine_deiminase_pathway;cysteine_degradation_sulfide;glcnac_degradation;glutamine_biosynthesis;glycine_reduction_stickland;histidine_degradation_glutamate;methionine_degradation_methanethiol;methylamine_degradation;neuac_degradation;nitrate_assimilation;nitrogen_fixation;serine_deamination;threonine_deamination;tryptophan_degradation_indole;urea_hydrolysis	0		
NF000384.1	equivalog	qac	QacCGHJ group quaternary ammonium compound efflux SMR transporter		no_ec	162	AMMONIUM	ammonium	545	ammonium_assimilation;arginine_deiminase_pathway;cysteine_degradation_sulfide;glcnac_degradation;glutamine_biosynthesis;glycine_reduction_stickland;histidine_degradation_glutamate;methionine_degradation_methanethiol;methylamine_degradation;neuac_degradation;nitrate_assimilation;nitrogen_fixation;serine_deamination;threonine_deamination;tryptophan_degradation_indole;urea_hydrolysis	0		
NF033137.0	equivalog		Qac family quaternary ammonium compound efflux SMR transporter		no_ec	140	AMMONIUM	ammonium	545	ammonium_assimilation;arginine_deiminase_pathway;cysteine_degradation_sulfide;glcnac_degradation;glutamine_biosynthesis;glycine_reduction_stickland;histidine_degradation_glutamate;methionine_degradation_methanethiol;methylamine_degradation;neuac_degradation;nitrate_assimilation;nitrogen_fixation;serine_deamination;threonine_deamination;tryptophan_degradation_indole;urea_hydrolysis	0		This model describes a fairly narrow clade of quaternary ammonium compound (QAC) resistance proteins. The majority of these are found in integrons, along with various genes encoding additional forms of antimicrobial resistance. Qac is a member of a broader family of Small Multidrug Resistance (SMR) efflux proteins.
NF009566.0	equivalog		riboflavin synthase subunit alpha		no_ec	43222	RIBOFLAVIN	riboflavin		riboflavin_biosynthesis	0		
TIGR02464.1	equivalog_domain	ybiA	riboflavin biosynthesis intermediates N-glycosidase	3.2.2.-	partial_ec_only	23936	RIBOFLAVIN	riboflavin		riboflavin_biosynthesis	0		This model describes a sequence region that occurs in at least three different polypeptide contexts. It is found fused to GTP cyclohydrolase II, the RibA of riboflavin biosynthesis (TIGR00505), as in Vibrio vulnificus. It is found fused to riboflavin biosynthesis protein RibD (TIGR00326) in rice and Arabidopsis. Member protein YbiA from Escherchicia coli was characterized as an overflow control protein that heads of toxicity from excesses of riboflavin biosynthesis intermediates.
NF003215.0	equivalog	pdxS	pyridoxal 5'-phosphate synthase lyase subunit PdxS		no_ec	23591	PLP	pyridoxal 5'-phosphate		plp_biosynthesis_dxp;plp_biosynthesis_r5p	0		PdxST is involved in the biosynthesis of pyridoxal 5'-phosphate; PdxT catalyzes the hydrolysis of glutamine to glutamate and ammonia; PdxS utilizes the ammonia to synthesize pyridoxal 5'-phosphate
NF009239.0	equivalog		bifunctional 3-deoxy-7-phosphoheptulonate synthase/chorismate mutase		no_ec	21755	CHORISMATE	chorismate		chorismate_biosynthesis;dihydroxybenzoate_biosynthesis;menaquinone_biosynthesis;paba_biosynthesis;phenylalanine_biosynthesis;salicylate_biosynthesis;tryptophan_biosynthesis;tyrosine_biosynthesis	0		Catalyzes the formation of 3-deoxy-D-aribino-hept-2-ulosonate 7-phosphate from phosphoenolpyruvate and D-erythrose 4-phosphate and the formation of prephenate from chorismate
NF004884.0	equivalog	cofG	7,8-didemethyl-8-hydroxy-5-deazariboflavin synthase subunit CofG		no_ec	20992	RIBOFLAVIN	riboflavin		riboflavin_biosynthesis	0		7,8-didemethyl-8-hydroxy-5-deazariboflavin synthase subunit 1; catalyzes radical-mediated transfer of hydroxybenzyl group from 4-hydroxyphenylpyruvate (HPP) to 5-amino-6-ribitylamino-2,4(1H,3H)-pyrimidinedione to form 7,8-didemethyl-8-hydroxy-5-deazariboflavin (FO); functions in F420 biosynthesis along with cofH
NF005609.0	equivalog	cofH	7,8-didemethyl-8-hydroxy-5-deazariboflavin synthase subunit CofH		no_ec	16334	RIBOFLAVIN	riboflavin		riboflavin_biosynthesis	0		7,8-didemethyl-8-hydroxy-5-deazariboflavin synthase subunit 2; catalyzes radical-mediated transfer of hydroxybenzyl group from 4-hydroxyphenylpyruvate (HPP) to 5-amino-6-ribitylamino-2,4(1H,3H)-pyrimidinedione to form 7,8-didemethyl-8-hydroxy-5-deazariboflavin (FO); functions in F420 biosynthesis along with cofG
NF005849.0	equivalog		aminodeoxychorismate/anthranilate synthase component II		no_ec	10401	CHORISMATE	chorismate		chorismate_biosynthesis;dihydroxybenzoate_biosynthesis;menaquinone_biosynthesis;paba_biosynthesis;phenylalanine_biosynthesis;salicylate_biosynthesis;tryptophan_biosynthesis;tyrosine_biosynthesis	0		
NF012009.0	equivalog	pabB	aminodeoxychorismate synthase component 1		no_ec	9458	CHORISMATE	chorismate		chorismate_biosynthesis;dihydroxybenzoate_biosynthesis;menaquinone_biosynthesis;paba_biosynthesis;phenylalanine_biosynthesis;salicylate_biosynthesis;tryptophan_biosynthesis;tyrosine_biosynthesis	0		Aminodeoxychorismate synthase subunit PabB; with PabA catalyzes the formation of 4-amino-4-deoxychorismate from chorismate and glutamine in para-aminobenzoate synthesis
NF041461.1	equivalog	ycaC	isochorismate family cysteine hydrolase YcaC		no_ec	6548	CHORISMATE	chorismate		chorismate_biosynthesis;dihydroxybenzoate_biosynthesis;menaquinone_biosynthesis;paba_biosynthesis;phenylalanine_biosynthesis;salicylate_biosynthesis;tryptophan_biosynthesis;tyrosine_biosynthesis	0		YcaC is a well-conserved cysteine hydrolase of unknown function, found in both Pseudomonas aeruginosa and Escherichia coli K-12, with an isochorismate family crystal structure.
NF004085.0	equivalog		acetyl-CoA carboxylase biotin carboxylase subunit		no_ec	5038	BIOTIN	biotin		biotin_biosynthesis	0		
NF004547.1	equivalog		biotin/lipoyl-binding carrier protein		no_ec	4967	BIOTIN	biotin		biotin_biosynthesis	0		This protein, averaging about 71 amino acids in length, likely binds either a lipoyl or biotin group at a conserved Lys residue, and that prosthetic group in turn likely allows this protein to act as a carrier subunit for some compound. However, the protein and any system to which it may belong has not yet been characterized.
TIGR00122.1	equivalog_domain		biotin operon repressor		no_ec	4929	BIOTIN	biotin		biotin_biosynthesis	0		This model represents the amino-terminal helix-turn-helix repressor region of the biotin--acetyl-CoA-carboxylase ligase/biotin operon repressor bifunctional protein BirA. In many species, the biotin--acetyl-CoA-carboxylase ligase ortholog lacks this DNA-binding repressor region and therefore is not equivalent to the well-characterized BirA of E. coli. This HMM may recognize some other putative repressor proteins, such as DnrO of Streptomyces peucetius with scores below the noise cutoff but with significance shown by low E-value.
NF010182.0	equivalog		ECF-type riboflavin transporter substrate-binding protein		no_ec	4361	RIBOFLAVIN	riboflavin		riboflavin_biosynthesis	0		
NF005380.0	equivalog	dhbC	isochorismate synthase DhbC		no_ec	4187	CHORISMATE	chorismate		chorismate_biosynthesis;dihydroxybenzoate_biosynthesis;menaquinone_biosynthesis;paba_biosynthesis;phenylalanine_biosynthesis;salicylate_biosynthesis;tryptophan_biosynthesis;tyrosine_biosynthesis	0		Synthesizes isochorismate from chorismate as part of the biosynthesis of the siderophore 2,3-dihydroxybenzoate
NF006462.0	equivalog		aminodeoxychorismate/anthranilate synthase component II		no_ec	4115	CHORISMATE	chorismate		chorismate_biosynthesis;dihydroxybenzoate_biosynthesis;menaquinone_biosynthesis;paba_biosynthesis;phenylalanine_biosynthesis;salicylate_biosynthesis;tryptophan_biosynthesis;tyrosine_biosynthesis	0		
NF052237.1	equivalog	bsaP	biotin synthase auxiliary protein BsaP		no_ec	4059	BIOTIN	biotin		biotin_biosynthesis	0		
NF007910.0	equivalog	pheA	bifunctional chorismate mutase/prephenate dehydratase		no_ec	3943	CHORISMATE	chorismate		chorismate_biosynthesis;dihydroxybenzoate_biosynthesis;menaquinone_biosynthesis;paba_biosynthesis;phenylalanine_biosynthesis;salicylate_biosynthesis;tryptophan_biosynthesis;tyrosine_biosynthesis	0		Catalyzes the formation of prephenate from chorismate and the formation of phenylpyruvate from prephenate in phenylalanine biosynthesis
NF005271.0	equivalog		aminodeoxychorismate synthase component II		no_ec	3917	CHORISMATE	chorismate		chorismate_biosynthesis;dihydroxybenzoate_biosynthesis;menaquinone_biosynthesis;paba_biosynthesis;phenylalanine_biosynthesis;salicylate_biosynthesis;tryptophan_biosynthesis;tyrosine_biosynthesis	0		Catalyzes the formation of 4-amino-4-deoxychorismate from chorismate and glutamine in para-aminobenzoate synthesis
NF009471.0	equivalog		acetyl-CoA carboxylase biotin carboxylase subunit		no_ec	3558	BIOTIN	biotin		biotin_biosynthesis	0		Catalyzes the carboxylation of the carrier protein and then the transcarboxylase transfers the carboxyl group to form malonyl-CoA
NF005946.0	equivalog	pabA	aminodeoxychorismate synthase component 2		no_ec	3133	CHORISMATE	chorismate		chorismate_biosynthesis;dihydroxybenzoate_biosynthesis;menaquinone_biosynthesis;paba_biosynthesis;phenylalanine_biosynthesis;salicylate_biosynthesis;tryptophan_biosynthesis;tyrosine_biosynthesis	0		Aminodeoxychorismate synthase subunit PabA; with PabB catalyzes the formation of 4-amino-4-deoxychorismate from chorismate and glutamine in para-aminobenzoate synthesis
NF005799.0	equivalog	pabA	aminodeoxychorismate/anthranilate synthase component II		no_ec	3033	CHORISMATE	chorismate		chorismate_biosynthesis;dihydroxybenzoate_biosynthesis;menaquinone_biosynthesis;paba_biosynthesis;phenylalanine_biosynthesis;salicylate_biosynthesis;tryptophan_biosynthesis;tyrosine_biosynthesis	0		
NF041776.1	equivalog	xyl3A	xylan 1,4-beta-xylosidase	3.2.1.37	ec_without_rhea	2446	XYLAN	xylan		arabinoxylan_debranching;xylan_degradation	0		
NF006286.0	equivalog		acetyl-CoA carboxylase biotin carboxylase subunit		no_ec	2369	BIOTIN	biotin		biotin_biosynthesis	0		Catalyzes the carboxylation of the carrier protein and then the transcarboxylase transfers the carboxyl group to form malonyl-CoA
NF052681.1	equivalog	xynC	glucuronoarabinoxylan endo-1,4-beta-xylanase XynC	3.2.1.136	ec_without_rhea	2187	ARABINOXYLAN	arabinoxylan		arabinoxylan_debranching	0		
NF005096.0	equivalog		biotin carboxylase		no_ec	1840	BIOTIN	biotin		biotin_biosynthesis	0		
NF006079.0	equivalog		acetyl-CoA carboxylase biotin carboxyl carrier protein subunit		no_ec	1786	BIOTIN	biotin		biotin_biosynthesis	0		Composes the biotin carboxyl carrier protein subunit of the acetyl-CoA carboxylase complex
NF038329.2	equivalog	slc2	LPXTG-anchored collagen-like adhesin Scl2/SclB		no_ec	1667	COLLAGEN	collagen		collagen_cleavage	0		SclB (or Scl2 - streptococcal collagen-like protein 2) is an LPXTG-anchored surface-anchored adhesin with a variable-length region of triple helix-forming collagen-like Gly-Xaa-Xaa repeats.
NF050821.1	equivalog	pclA	pneumococcal collagen-like adhesin PclA		no_ec	929	COLLAGEN	collagen		collagen_cleavage	0		This HMM describes a region from the start site to the start of a collagen-like region of PclA (pneumococcal collagen-like protein A), a virulence factor present in a subset of Streptococcus pneumoniae strains. It is encoded divergently from its transcriptional regulator PclR. Lengths are variable, but full-length PclA proteins have a crosswall-targeting YSIRK-type signal peptide at the N-terminus, the non-repetitive region described by this HMM, a collagen-like triple helix repeat region (see PF01391), repeats of the 40-residue collagen-flanked surface repeat (PF19079), and an LPXTG-containing C-terminal sorting signal for sortase-mediated cleavage and anchoring to the peptidoglycan cell wall.
NF005117.0	equivalog		acetyl-CoA carboxylase biotin carboxyl carrier protein subunit		no_ec	765	BIOTIN	biotin		biotin_biosynthesis	0		Composes the biotin carboxyl carrier protein subunit of the acetyl-CoA carboxylase complex
NF006406.0	equivalog		acetyl-CoA carboxylase biotin carboxylase subunit		no_ec	642	BIOTIN	biotin		biotin_biosynthesis	0		
NF010585.0	equivalog		ribose 5-phosphate isomerase A		no_ec	559	RIBOSE_5P	ribose 5-phosphate		plp_biosynthesis_r5p	0		Catalyzes D-ribose 5-phosphate --> D-ribulose 5-phosphate in the nonoxidative branch of the pentose phosphate pathway
NF009862.0	equivalog		bifunctional biotin--[acetyl-CoA-carboxylase] ligase/type III pantothenate kinase		no_ec	521	BIOTIN	biotin		biotin_biosynthesis	0		Activates biotin to form biotinyl-5'-adenylate and transfers the biotin moiety to biotin-accepting proteins and catalyzes the formation of (R)-4'-phosphopantothenate from (R)-pantothenate in coenzyme A biosynthesis; type III; type III pantothenate kinases are not subject to feedback inhibition from coenzyme A and have a high Km for ATP
NF045966.1	equivalog		YcsE-related riboflavin metabolism phosphatase		no_ec	361	RIBOFLAVIN	riboflavin		riboflavin_biosynthesis	0		Members of this family, restricted to the Mycoplasmatota, resemble 5-amino-6-(5-phospho-D-ribitylamino)uracil phosphatase YcsE from Bacillus subtilis, a HAD family phosphatase that can perform a dephosphorylation step to complete the bioysnthesis of riboflavin. Members are nearly always encoded next to an Mycoplasmatota-only enzyme involved in the biosynthesis of FAD from riboflavin and related to other FAD synthetases.
NF041897.1	equivalog	paeY	pectin acetylesterase PaeY		no_ec	349	PECTIN	pectin		pectate_lyase_degradation;pectin_degradation	0		
NF041902.1	equivalog	paeX	pectin acetylesterase PaeX		no_ec	323	PECTIN	pectin		pectate_lyase_degradation;pectin_degradation	0		
NF046116.1	equivalog	lcl	collagen-like adhesin Lcl		no_ec	231	COLLAGEN	collagen		collagen_cleavage	0		Lcl (Legionella collagen-like adhesin) is a virulence factor found in various species of Legionella, with a variable length central region of GPX tripeptide repeats and a conserved C-terminal DUF1566 (PF07603) domain. It binds sulfated glycosaminoglycans in host extracellular matrix.
NF004925.0	equivalog		chorismate mutase		no_ec	228	CHORISMATE	chorismate		chorismate_biosynthesis;dihydroxybenzoate_biosynthesis;menaquinone_biosynthesis;paba_biosynthesis;phenylalanine_biosynthesis;salicylate_biosynthesis;tryptophan_biosynthesis;tyrosine_biosynthesis	0		
NF042968.1	equivalog	axeA1	acetylxylan esterase AxeA1	3.1.1.72	ec_without_rhea	145	XYLAN	xylan		arabinoxylan_debranching;xylan_degradation	0		
NF010762.0	equivalog		winged helix-turn-helix domain-containing protein/riboflavin kinase		no_ec	140	RIBOFLAVIN	riboflavin		riboflavin_biosynthesis	0		
NF006206.0	equivalog		biotin--protein ligase		no_ec	112	BIOTIN	biotin		biotin_biosynthesis	0		
NF004173.0	equivalog		putative acetyl-CoA carboxylase biotin carboxyl carrier protein subunit		no_ec	109	BIOTIN	biotin		biotin_biosynthesis	0		
NF042969.1	equivalog	axe2C	bifunctional acetylxylan esterase/glucomannan deacetylase AxeC2	3.1.1.-,3.1.1.72	ec_without_rhea	108	XYLAN	xylan		arabinoxylan_debranching;xylan_degradation	0		
NF004607.0	equivalog		biotin--protein ligase		no_ec	54	BIOTIN	biotin		biotin_biosynthesis	0		
NF005031.0	equivalog		chorismate mutase		no_ec	5	CHORISMATE	chorismate		chorismate_biosynthesis;dihydroxybenzoate_biosynthesis;menaquinone_biosynthesis;paba_biosynthesis;phenylalanine_biosynthesis;salicylate_biosynthesis;tryptophan_biosynthesis;tyrosine_biosynthesis	0		
TIGR04546.1	equivalog	ahbC	12,18-didecarboxysiroheme deacetylase		no_ec	575	SIROHEME	siroheme	2	siroheme_biosynthesis;siroheme_to_heme_b	1	already a curated marker	This model describes one of a pair of radical SAM enzymes involved in the alternative heme biosynthesis (ahb) pathway for heme b biosynthesis from siroheme. This anaerobic pathway occurs in sulfate-reducing bacteria and methanogens. A very similar pair of radical SAM enzymes (TIGR04054, TIGR04055) is involved in heme d1 biosynthesis in species such as Heliobacillus mobilis and Heliophilum fasciatum.
NF010693.0	equivalog		UDP-N-acetylmuramoylalanyl-D-glutamyl-2,6-diaminopimelate--D-alanyl-D-alanine ligase		no_ec	4187	MESO_DAP	2,6-diaminopimelate	6	dap_biosynthesis;lysine_biosynthesis_dap	0	protein context, not the free metabolite	
NF008896.0	equivalog	murF	bifunctional UDP-N-acetylmuramoyl-L-alanyl-D-glutamate--2,6-diaminopimelate ligase MurE/UDP-N-acetylmuramoyl-tripeptide--D-alanyl-D-alanine ligase MurF		no_ec	836	MESO_DAP	2,6-diaminopimelate	6	dap_biosynthesis;lysine_biosynthesis_dap	0	protein context, not the free metabolite	
NF008184.0	equivalog	narQ	nitrate/nitrite two-component system sensor histidine kinase NarQ	2.7.13.3	ec_without_rhea	7726	NITRATE	nitrate	26	nitrate_assimilation	0	protein context, not the free metabolite	
NF007896.0	equivalog	narX	nitrate/nitrite two-component system sensor histidine kinase NarX	2.7.13.3	ec_without_rhea	6075	NITRATE	nitrate	26	nitrate_assimilation	0	protein context, not the free metabolite	
NF010151.0	equivalog	sstT	serine/threonine transporter SstT		no_ec	19221	THREONINE	threonine	34	threonine_biosynthesis;threonine_deamination	0	protein context, not the free metabolite	Involved in the import of serine and threonine coupled with the import of sodium
NF053615.1	equivalog	afsK	protein serine/threonine kinase AfsK		no_ec	6087	THREONINE	threonine	34	threonine_biosynthesis;threonine_deamination	0	protein context, not the free metabolite	part of the AfsK-AfsR-AfsS global regulation system
NF033442.0	equivalog	pglW	BREX system serine/threonine kinase PglW		no_ec	3678	THREONINE	threonine	34	threonine_biosynthesis;threonine_deamination	0	protein context, not the free metabolite	Members of this family are PglW, a predicted serine/threonine kinase of the Pgl (phage growth limitation) system (now called BREX type 2) and the BREX type 3 system.
NF007174.0	equivalog		bifunctional N(6)-L-threonylcarbamoyladenine synthase/serine/threonine protein kinase		no_ec	1568	THREONINE	threonine	34	threonine_biosynthesis;threonine_deamination	0	protein context, not the free metabolite	
NF011149.0	equivalog		serine/threonine phosphatase		no_ec	995	THREONINE	threonine	34	threonine_biosynthesis;threonine_deamination	0	protein context, not the free metabolite	
NF008910.0	equivalog		serine/threonine protein kinase		no_ec	948	THREONINE	threonine	34	threonine_biosynthesis;threonine_deamination	0	protein context, not the free metabolite	
NF006620.0	equivalog		serine/threonine protein kinase		no_ec	917	THREONINE	threonine	34	threonine_biosynthesis;threonine_deamination	0	protein context, not the free metabolite	
NF005147.0	equivalog		serine/threonine dehydratase		no_ec	604	THREONINE	threonine	34	threonine_biosynthesis;threonine_deamination	0	protein context, not the free metabolite	
NF009651.0	equivalog	pknD	serine/threonine-protein kinase PknD		no_ec	131	THREONINE	threonine	34	threonine_biosynthesis;threonine_deamination	0	protein context, not the free metabolite	Responsible for phosphorylation of proteins on serine and threonine residues; similar to eukaryotic Ser/Thr kinases
NF040632.1	equivalog	yopJ	YopJ/YopP family T3SS effector serine/threonine acetyltransferase		no_ec	15	THREONINE	threonine	34	threonine_biosynthesis;threonine_deamination	0	protein context, not the free metabolite	Members of this narrowly defined family of type III secretion system (T3SS) effector protein-modifying acetyltransferases are called YopJ in Yersinia pestis and some other species, but called YopP in Yersinia enterocolitica.
TIGR02966.1	equivalog	phoR	phosphate regulon sensor histidine kinase PhoR	2.7.13.3	ec_without_rhea	20995	HISTIDINE	histidine	38	histidine_biosynthesis;histidine_degradation_glutamate	0	protein context, not the free metabolite	Members of this protein family are the regulatory histidine kinase PhoR associated with the phosphate ABC transporter in most Proteobacteria. Related proteins from Gram-positive organisms are not included in this model. The phoR gene usually is adjacent to the response regulator phoB gene (TIGR02154).
NF040691.1	equivalog	mtrB	MtrAB system histidine kinase MtrB		no_ec	20638	HISTIDINE	histidine	38	histidine_biosynthesis;histidine_degradation_glutamate	0	protein context, not the free metabolite	
NF008312.0	equivalog	creC	two-component system sensor histidine kinase CreC	2.7.13.3	ec_without_rhea	14359	HISTIDINE	histidine	38	histidine_biosynthesis;histidine_degradation_glutamate	0	protein context, not the free metabolite	Part of a two-component regulatory system with CreB or PhoB; involved in catabolic regulation
TIGR00249.1	equivalog	sixA	phosphohistidine phosphatase SixA		no_ec	13194	HISTIDINE	histidine	38	histidine_biosynthesis;histidine_degradation_glutamate	0	protein context, not the free metabolite	
NF047322.1	equivalog	macS	MacS family sensor histidine kinase		no_ec	12926	HISTIDINE	histidine	38	histidine_biosynthesis;histidine_degradation_glutamate	0	protein context, not the free metabolite	Members of this family are histidine kinases with an amino-terminal DUF5931 (PF19354) domain. The family occurs in the Actinomycetes, including the genera Streptomyces, Micromonospora, Nocardia, Mycobacterium, etc. The best described example is MacS from Streptomyces coelicolor, a partner to the response regulator MacR, which directly regulates a number of morphogenic membrane proteins and indirectly regulates the biosynthesis of some secondary metabolites. Because members of this family appear limited to one per proteome, and the relationship to the response regulator is expected to be conserved, this family is designated equivalog-level, and the gene symbol macS is assigned to all members.
NF008235.0	equivalog	phoR	phosphate regulon sensor histidine kinase PhoR	2.7.13.3	ec_without_rhea	11689	HISTIDINE	histidine	38	histidine_biosynthesis;histidine_degradation_glutamate	0	protein context, not the free metabolite	Membrane-associated histidine protein kinase that phosphorylates phoB in response to environmental signals as part of the two-component phosphate regulatory system phoR/phoB
NF008318.0	equivalog	barA	two-component sensor histidine kinase BarA	2.7.13.3	ec_without_rhea	11345	HISTIDINE	histidine	38	histidine_biosynthesis;histidine_degradation_glutamate	0	protein context, not the free metabolite	
NF046044.1	equivalog	pnpS	two-component system histidine kinase PnpS		no_ec	9674	HISTIDINE	histidine	38	histidine_biosynthesis;histidine_degradation_glutamate	0	protein context, not the free metabolite	
NF007793.0	equivalog	kdpD	two-component system sensor histidine kinase KdpD	2.7.13.3	ec_without_rhea	9552	HISTIDINE	histidine	38	histidine_biosynthesis;histidine_degradation_glutamate	0	protein context, not the free metabolite	Sensory histidine kinase in two-component regulatory system with KdpE; signal sensing protein
NF008302.0	equivalog	arcB	aerobic respiration two-component sensor histidine kinase ArcB	2.7.13.3	ec_without_rhea	8539	HISTIDINE	histidine	38	histidine_biosynthesis;histidine_degradation_glutamate	0	protein context, not the free metabolite	Sensory histidine kinase in two-component regulatory system with ArcA; regulates the expression of many genes in response to respiratory growth conditions including anaerobic repression of the arc modulon
NF033092.0	equivalog	walK	cell wall metabolism sensor histidine kinase WalK	2.7.13.3	ec_without_rhea	8253	HISTIDINE	histidine	38	histidine_biosynthesis;histidine_degradation_glutamate	0	protein context, not the free metabolite	This model describes WalK as found in Staphylococcus aureus (sp|Q2G2U4.1|WALK_STAA8). A shorter version, as found in Streptococcus pneumoniae, called WalK(Spn) or VicK, is not included. WalK is part of a two-component system and works with partner protein WalR.
TIGR02956.1	equivalog	torS	TMAO reductase system sensor histidine kinase/response regulator TorS	2.7.13.3	ec_without_rhea	8136	HISTIDINE	histidine	38	histidine_biosynthesis;histidine_degradation_glutamate	0	protein context, not the free metabolite	This protein, TorS, is part of a regulatory system for the torCAD operon that encodes the pterin molybdenum cofactor-containing enzyme trimethylamine-N-oxide (TMAO) reductase (TorA), a cognate chaperone (TorD), and a penta-haem cytochrome (TorC). TorS works together with the inducer-binding protein TorT and the response regulator TorR. TorS contains histidine kinase ATPase (PF02518), HAMP (PF00672), phosphoacceptor (PF00512), and phosphotransfer (PF01627) domains and a response regulator receiver domain (PF00072).
NF008099.0	equivalog	rcsC	two-component system sensor histidine kinase RcsC	2.7.13.3	ec_without_rhea	7953	HISTIDINE	histidine	38	histidine_biosynthesis;histidine_degradation_glutamate	0	protein context, not the free metabolite	
NF008184.0	equivalog	narQ	nitrate/nitrite two-component system sensor histidine kinase NarQ	2.7.13.3	ec_without_rhea	7726	HISTIDINE	histidine	38	histidine_biosynthesis;histidine_degradation_glutamate	0	protein context, not the free metabolite	
NF012163.2	equivalog	baeS	sensor histidine kinase efflux regulator BaeS	2.7.13.3	ec_without_rhea	7658	HISTIDINE	histidine	38	histidine_biosynthesis;histidine_degradation_glutamate	0	protein context, not the free metabolite	
NF033792.0	equivalog		ActS/PrrB/RegB family redox-sensitive histidine kinase		no_ec	7321	HISTIDINE	histidine	38	histidine_biosynthesis;histidine_degradation_glutamate	0	protein context, not the free metabolite	This redox-responsive histidine kinase, found in alpha-proteobacteria, shows strong sequence conservation, including the notable motif [VA]AAAAHELGTPxTI. It always acts as a partner to an ActR/PrrA/RegA family global response regulator transcription factor in a two-component sensory transduction system. Lineage-specific names and gene symbols given to this histidine kinase reflect downstream regulator changes such as entry into stationary phase, anaerobic expression of photosynthesis genes, and survival of exposure to low pH.
NF007664.1	equivalog	qseC	quorum sensing histidine kinase QseC	2.7.13.3	ec_without_rhea	7229	HISTIDINE	histidine	38	histidine_biosynthesis;histidine_degradation_glutamate	0	protein context, not the free metabolite	
NF007004.0	equivalog	envZ	two-component system sensor histidine kinase EnvZ	2.7.13.3	ec_without_rhea	6503	HISTIDINE	histidine	38	histidine_biosynthesis;histidine_degradation_glutamate	0	protein context, not the free metabolite	Membrane-localized osmosensor; histidine kinase; in high osmolarity EnvZ autophosphorylates itself and transfers phosphoryl group to OmpR
NF007898.0	equivalog	rstB	two-component system sensor histidine kinase RstB	2.7.13.3	ec_without_rhea	6186	HISTIDINE	histidine	38	histidine_biosynthesis;histidine_degradation_glutamate	0	protein context, not the free metabolite	
NF041732.1	equivalog	cseC	two-component system sensor histidine kinase CseC	2.7.13.3	ec_without_rhea	6084	HISTIDINE	histidine	38	histidine_biosynthesis;histidine_degradation_glutamate	0	protein context, not the free metabolite	
NF007896.0	equivalog	narX	nitrate/nitrite two-component system sensor histidine kinase NarX	2.7.13.3	ec_without_rhea	6075	HISTIDINE	histidine	38	histidine_biosynthesis;histidine_degradation_glutamate	0	protein context, not the free metabolite	
NF038389.1	equivalog		ArsS family sensor histidine kinase		no_ec	5679	HISTIDINE	histidine	38	histidine_biosynthesis;histidine_degradation_glutamate	0	protein context, not the free metabolite	ArsS in Helicobacter pylori is a sensor histidine kinase participating in a two-component system that controls the response to acid conditiions encountered during the process of gastric colonization. This HMM identified ArsS itself but also a broader collection of apparent orthologs from closely related non-gastric colonizers such as Helicobacter hepaticus, Campylobacter jejuni and Wolinella succinogenes. See BlastRule NBR014349 for specific identification of ArsS itself, distinguished by a signature His residue that becomes protonated at low pH.
NF007837.0	equivalog	baeS	envelope stress sensor histidine kinase BaeS	2.7.13.3	ec_without_rhea	5400	HISTIDINE	histidine	38	histidine_biosynthesis;histidine_degradation_glutamate	0	protein context, not the free metabolite	
NF007007.0	equivalog	cpxA	envelope stress sensor histidine kinase CpxA	3.6.1.-	partial_ec_only	5271	HISTIDINE	histidine	38	histidine_biosynthesis;histidine_degradation_glutamate	0	protein context, not the free metabolite	Part of two-component CpxA/CpxR system; senses envelope stress; upregulates a number of periplasmic folding and trafficking factors
NF008025.0	equivalog	pmrB	two-component system sensor histidine kinase PmrB	2.7.13.3	ec_without_rhea	4836	HISTIDINE	histidine	38	histidine_biosynthesis;histidine_degradation_glutamate	0	protein context, not the free metabolite	
TIGR02916.1	equivalog	prsK	XrtA/PEP-CTERM system histidine kinase PrsK	2.7.13.3	ec_without_rhea	4720	HISTIDINE	histidine	38	histidine_biosynthesis;histidine_degradation_glutamate	0	protein context, not the free metabolite	Members of this protein family have a novel N-terminal domain, a single predicted membrane-spanning helix, and a predicted cystosolic histidine kinase domain. We designate this protein PrsK, and its companion DNA-binding response regulator protein (TIGR02915) PrsR. These predicted signal-transducing proteins appear to enable enhancer-dependent transcriptional activation. The prsK gene is often associated with exopolysaccharide biosynthesis genes.
NF008077.0	equivalog	phoQ	two-component system sensor histidine kinase PhoQ	2.7.13.3	ec_without_rhea	4472	HISTIDINE	histidine	38	histidine_biosynthesis;histidine_degradation_glutamate	0	protein context, not the free metabolite	
NF046020.1	equivalog	cckA	cell cycle histidine kinase CckA	2.7.13.3	ec_without_rhea	3951	HISTIDINE	histidine	38	histidine_biosynthesis;histidine_degradation_glutamate	0	protein context, not the free metabolite	
NF008543.0	equivalog	torS	TMAO reductase system sensor histidine kinase/response regulator TorS		no_ec	3850	HISTIDINE	histidine	38	histidine_biosynthesis;histidine_degradation_glutamate	0	protein context, not the free metabolite	
NF007688.0	equivalog	zraS	two-component system sensor histidine kinase ZraS	2.7.13.3	ec_without_rhea	3284	HISTIDINE	histidine	38	histidine_biosynthesis;histidine_degradation_glutamate	0	protein context, not the free metabolite	
NF007420.1	equivalog	evgS	acid-sensing system histidine kinase EvgS		no_ec	3230	HISTIDINE	histidine	38	histidine_biosynthesis;histidine_degradation_glutamate	0	protein context, not the free metabolite	EvgS, a outer membrane protein, is the sensor kinase in a two-component system EvgS/EvgA and is induced by acidic conditions.
NF046018.1	equivalog	chpT	histidine phosphotransferase ChpT	2.7.99.-	partial_ec_only	3059	HISTIDINE	histidine	38	histidine_biosynthesis;histidine_degradation_glutamate	0	protein context, not the free metabolite	
NF046015.1	equivalog	agrC	quorum-sensing sensor histidine kinase AgrC	2.7.13.3	ec_without_rhea	2715	HISTIDINE	histidine	38	histidine_biosynthesis;histidine_degradation_glutamate	0	protein context, not the free metabolite	
NF040750.1	equivalog	ttrS	tetrathionate respiration histidine kinase TtrS		no_ec	2634	HISTIDINE	histidine	38	histidine_biosynthesis;histidine_degradation_glutamate	0	protein context, not the free metabolite	
NF011627.0	equivalog	dpiB	sensor histidine kinase DpiB	2.7.13.3	ec_without_rhea	2197	HISTIDINE	histidine	38	histidine_biosynthesis;histidine_degradation_glutamate	0	protein context, not the free metabolite	
NF047794.1	equivalog	pgtB	two-component system sensor histidine kinase PgtB	2.7.13.3	ec_without_rhea	2097	HISTIDINE	histidine	38	histidine_biosynthesis;histidine_degradation_glutamate	0	protein context, not the free metabolite	
NF008468.0	equivalog	atoS	two-component system sensor histidine kinase AtoS	2.7.13.3	ec_without_rhea	2002	HISTIDINE	histidine	38	histidine_biosynthesis;histidine_degradation_glutamate	0	protein context, not the free metabolite	With AtoC is a member of a two-component regulatory system involved in the transcriptional regulation of the ato genes for acetoacetate metabolism
NF045988.1	equivalog	regB	sensor histidine kinase RegB	2.7.13.3	ec_without_rhea	1957	HISTIDINE	histidine	38	histidine_biosynthesis;histidine_degradation_glutamate	0	protein context, not the free metabolite	
NF052531.1	equivalog		envelope stress sensor histidine kinase LiaS		no_ec	1823	HISTIDINE	histidine	38	histidine_biosynthesis;histidine_degradation_glutamate	0	protein context, not the free metabolite	
TIGR03785.1	equivalog	pdsS	proteobacterial dedicated sortase system histidine kinase		no_ec	1603	HISTIDINE	histidine	38	histidine_biosynthesis;histidine_degradation_glutamate	0	protein context, not the free metabolite	This histidine kinase protein is paired with an adjacent response regulator (TIGR03787) gene. It co-occurs with a variant sortase enzyme (TIGR03784), usually in the same gene neighborhood, in proteobacterial species most of which are marine, and with an LPXTG motif-containing sortase target conserved protein (TIGR03788). Sortases and LPXTG proteins are far more common in Gram-positive bacteria, where sortase systems mediate attachment to the cell wall or cross-linking of pilin structures. We give this predicted sensor histidine kinase the gene symbol psdS, for Proteobacterial Dedicated Sortase system Sensor histidine kinase.
NF012226.0	equivalog	adeS	two-component sensor histidine kinase AdeS	2.7.13.3	ec_without_rhea	1391	HISTIDINE	histidine	38	histidine_biosynthesis;histidine_degradation_glutamate	0	protein context, not the free metabolite	Mutations in this component of the two-component regulatory system for the AdeABC efflux pump can confer adaptive resistance to certain antibiotics, including tigecycline.
NF006800.0	equivalog		histidine kinase		no_ec	1263	HISTIDINE	histidine	38	histidine_biosynthesis;histidine_degradation_glutamate	0	protein context, not the free metabolite	
NF041735.1	equivalog	rppB	two-component system sensor histidine kinase RppB	2.7.13.3	ec_without_rhea	1155	HISTIDINE	histidine	38	histidine_biosynthesis;histidine_degradation_glutamate	0	protein context, not the free metabolite	
NF041841.1	equivalog	vxrA	sensor histidine kinase VxrA		no_ec	1127	HISTIDINE	histidine	38	histidine_biosynthesis;histidine_degradation_glutamate	0	protein context, not the free metabolite	This family includes VxrA from Vibrio cholerae, a sensor histidine kinase that, together with response regulator VxrB, is responsible for the positive regulator of biofilm formation and for regulation of type 6 secretion. The model also includes full length homologs from closely related species, likely to act in a very similar way.
NF047786.1	equivalog		MadS family sensor histidine kinase		no_ec	1054	HISTIDINE	histidine	38	histidine_biosynthesis;histidine_degradation_glutamate	0	protein context, not the free metabolite	
NF053592.1	equivalog_domain		sensor histidine kinase, YfiR-like protein-associated		no_ec	979	HISTIDINE	histidine	38	histidine_biosynthesis;histidine_degradation_glutamate	0	protein context, not the free metabolite	This HMM represents the N-terminal sensor histidine kinase (HK) region of both hybrid histidine kinase/response regulator proteins and standalone HK. Most members of this family are encoded near to, and here are suggested to communicate with a periplasmic YfiR-like protein, described by model NF053591. That protein family, in turn, frequently associates with a family of TonB-dependent outer membrane proteins that include TOL_0244, whose expression increases greatly in the presence of C-28 alkanes.
NF033091.0	equivalog	vanS	vancomycin resistance histidine kinase VanS		no_ec	884	HISTIDINE	histidine	38	histidine_biosynthesis;histidine_degradation_glutamate	0	protein context, not the free metabolite	
NF045911.1	equivalog	nblS	two-component system sensor histidine kinase NblS		no_ec	860	HISTIDINE	histidine	38	histidine_biosynthesis;histidine_degradation_glutamate	0	protein context, not the free metabolite	
NF053855.1	equivalog	phoR	two-component system sensor histidine kinase PhoR	2.7.13.3	ec_without_rhea	778	HISTIDINE	histidine	38	histidine_biosynthesis;histidine_degradation_glutamate	0	protein context, not the free metabolite	
NF052443.1	equivalog	mctS	two-component system sensor histidine kinase MctS	2.7.13.3	ec_without_rhea	753	HISTIDINE	histidine	38	histidine_biosynthesis;histidine_degradation_glutamate	0	protein context, not the free metabolite	
NF046025.1	equivalog	chpT	histidine phosphotransferase ChpT	2.7.99.-	partial_ec_only	632	HISTIDINE	histidine	38	histidine_biosynthesis;histidine_degradation_glutamate	0	protein context, not the free metabolite	
NF058527.1	equivalog	chvG	two-component sensor histidine kinase ChvG	2.7.13.3	ec_without_rhea	577	HISTIDINE	histidine	38	histidine_biosynthesis;histidine_degradation_glutamate	0	protein context, not the free metabolite	
NF046026.1	equivalog	cckA	cell cycle histidine kinase CckA	2.7.13.3	ec_without_rhea	554	HISTIDINE	histidine	38	histidine_biosynthesis;histidine_degradation_glutamate	0	protein context, not the free metabolite	
NF047405.1	equivalog	sapS	two-component system sensor histidine kinase SapS		no_ec	512	HISTIDINE	histidine	38	histidine_biosynthesis;histidine_degradation_glutamate	0	protein context, not the free metabolite	
NF051872.1	equivalog	phyK	sensor histidine kinase PhyK	2.7.13.3	ec_without_rhea	511	HISTIDINE	histidine	38	histidine_biosynthesis;histidine_degradation_glutamate	0	protein context, not the free metabolite	
NF038297.2	equivalog	hrmK	hybrid histidine kinase/response regulator HrmK		no_ec	367	HISTIDINE	histidine	38	histidine_biosynthesis;histidine_degradation_glutamate	0	protein context, not the free metabolite	HrmK (hormogonium hybrid histidine kinase) is a regulator found in heterocyst-forming Cyanobacteria. It affects the formation of hormogonia, motility-conferring filaments produced only by heterocyst-forming cyanobacteria.
NF052306.1	equivalog	lov	blue-light-activated histidine kinase	2.7.13.3	ec_without_rhea	363	HISTIDINE	histidine	38	histidine_biosynthesis;histidine_degradation_glutamate	0	protein context, not the free metabolite	
NF049962.1	equivalog		fla regulon two-component system sensor histidine kinase FlgS		no_ec	285	HISTIDINE	histidine	38	histidine_biosynthesis;histidine_degradation_glutamate	0	protein context, not the free metabolite	
NF041210.1	equivalog	pieS	two component system sensor histidine kinase PieS		no_ec	230	HISTIDINE	histidine	38	histidine_biosynthesis;histidine_degradation_glutamate	0	protein context, not the free metabolite	
NF045595.1	equivalog		scytonemin biosynthesis sensor histidine kinase	2.7.13.3	ec_without_rhea	220	HISTIDINE	histidine	38	histidine_biosynthesis;histidine_degradation_glutamate	0	protein context, not the free metabolite	
NF047496.1	equivalog		LIC_11548 family sensor histidine kinase	2.7.13.3	ec_without_rhea	193	HISTIDINE	histidine	38	histidine_biosynthesis;histidine_degradation_glutamate	0	protein context, not the free metabolite	The two-component system of sensor histidine kinase LIC_11548 and response regulator LIC_11549 is conserved across the genus Leptospira. It resembles the system of nitrate sensor histitdine kinase NtrY and response regulator NtrX, but the actual role has not been established. A full-length homolog exists in Leptonema, but cutoffs are set such that it scores in the gray zone between the gathering threshold and the noise cutoff in case the specific function differs.
NF041593.1	equivalog	pdhS	cell-division control histidine kinase PdhS	2.7.13.3	ec_without_rhea	172	HISTIDINE	histidine	38	histidine_biosynthesis;histidine_degradation_glutamate	0	protein context, not the free metabolite	
NF045901.1	equivalog	letS	two-component system sensor histidine kinase LetS	2.7.13.3	ec_without_rhea	165	HISTIDINE	histidine	38	histidine_biosynthesis;histidine_degradation_glutamate	0	protein context, not the free metabolite	
NF052574.1	equivalog	espC	serine histidine kinase EspC		no_ec	128	HISTIDINE	histidine	38	histidine_biosynthesis;histidine_degradation_glutamate	0	protein context, not the free metabolite	
NF045900.1	equivalog	cpxA	two-component system sensor histidine kinase CpxA	2.7.13.3	ec_without_rhea	120	HISTIDINE	histidine	38	histidine_biosynthesis;histidine_degradation_glutamate	0	protein context, not the free metabolite	
NF047497.1	equivalog		LIC_12097 family sensor histidine kinase		no_ec	117	HISTIDINE	histidine	38	histidine_biosynthesis;histidine_degradation_glutamate	0	protein context, not the free metabolite	Members of this somewhat NtrB-like family of sensor histidine kinases are universal in and restricted to the genera Leptospira and Leptonema. Together with LIC_12098, its response regulator, it may have a role as a regulator of nitrogen metabolism, but this is not yet shown.
NF052573.1	equivalog		serine histidine kinase EspA		no_ec	117	HISTIDINE	histidine	38	histidine_biosynthesis;histidine_degradation_glutamate	0	protein context, not the free metabolite	
NF053520.1	equivalog	fimS	sensor histidine kinase FimS		no_ec	81	HISTIDINE	histidine	38	histidine_biosynthesis;histidine_degradation_glutamate	0	protein context, not the free metabolite	
NF050805.1	equivalog	divJ	cell cycle sensor histidine kinase DivJ	2.7.13.3	ec_without_rhea	52	HISTIDINE	histidine	38	histidine_biosynthesis;histidine_degradation_glutamate	0	protein context, not the free metabolite	
NF045903.1	equivalog	lciS	copper-responsive two-component system sensor histidine kinase LciS	2.7.13.3	ec_without_rhea	33	HISTIDINE	histidine	38	histidine_biosynthesis;histidine_degradation_glutamate	0	protein context, not the free metabolite	
TIGR03909.1	equivalog	pylC	3-methylornithine--L-lysine ligase PylC		no_ec	376	ORNITHINE	ornithine	58	arginine_biosynthesis;arginine_deiminase_pathway;ornithine_biosynthesis	0	protein context, not the free metabolite	This protein is PylC, part of a three-gene cassette that is sufficient to direct the biosynthesis of pyrrolysine, the twenty-second amino acid, incorporated in some species at a UAG canonical stop codon.
NF006828.0	equivalog	epmA	elongation factor P--(R)-beta-lysine ligase	6.3.1.-	partial_ec_only	17510	LYSINE	lysine	67	lysine_biosynthesis_dap	0	protein context, not the free metabolite	Catalyzes the activation of beta-lysine which is then transfered to L34 of EF-P
TIGR03909.1	equivalog	pylC	3-methylornithine--L-lysine ligase PylC		no_ec	376	LYSINE	l-lysine	67	lysine_biosynthesis_dap	0	protein context, not the free metabolite	This protein is PylC, part of a three-gene cassette that is sufficient to direct the biosynthesis of pyrrolysine, the twenty-second amino acid, incorporated in some species at a UAG canonical stop codon.
TIGR02367.1	equivalog_domain	pylSc	pyrrolysine--tRNA(Pyl) ligase large subunit		no_ec	331	LYSINE	lysine	67	lysine_biosynthesis_dap	0	protein context, not the free metabolite	PylS is the enzyme responsible for charging the pyrrolysine tRNA, PylT, by ligating a free molecule of pyrrolysine. Pyrrolysine is encoded at an in-frame UAG (amber) at least in several corrinoid-dependent methyltransferases of the archaeal genera Methanosarcina and Methanococcoides, such as trimethylamine methyltransferase. This protein occurs as a fusion protein in Methanosarcina but as split genes in Desulfitobacterium hafniense and other bacteria.
TIGR03912.1	equivalog_domain	pylSn	pyrrolysine--tRNA(Pyl) ligase small subunit		no_ec	329	LYSINE	lysine	67	lysine_biosynthesis_dap	0	protein context, not the free metabolite	PylS is the enzyme responsible for charging the pyrrolysine tRNA, PylT, by ligating a free molecule of pyrrolysine. Pyrrolysine is encoded at an in-frame UAG (amber) at least in several corrinoid-dependent methyltransferases of the archaeal genera Methanosarcina and Methanococcoides, such as trimethylamine methyltransferase. This protein occurs as a fusion protein in Methanosarcina but as split genes in Desulfitobacterium hafniense and other bacteria. This model describes the small, N-terminal region.
NF033920.0	equivalog		PA2778 family cysteine peptidase		no_ec	4008	CYSTEINE	cysteine	74	cysteine_biosynthesis_homocysteine;cysteine_biosynthesis_sulfide;cysteine_degradation_sulfide;methionine_biosynthesis_transsulfuration	0	protein context, not the free metabolite	Members of this family are MEROPS classification C39 family cysteine peptidases, a group that includes many processing enzyme for peptide natural products such as lantibiotics and other bacteriocins. This family, more specifically, includes PA2778 as found in Pseudomonas aeruginosa. All members of the defining seed alignment are encoded in the vicinity of a homolog of PA2779 (see HMM NF033919). Note that the C-terminal region consists largely of tetratricopeptide repeats (TPR), so classification using this HMM must be based on comparing the top domain score to the second gathering threshold (GA2).
NF045674.1	equivalog	lapG	cysteine protease LapG		no_ec	3162	CYSTEINE	cysteine	74	cysteine_biosynthesis_homocysteine;cysteine_biosynthesis_sulfide;cysteine_degradation_sulfide;methionine_biosynthesis_transsulfuration	0	protein context, not the free metabolite	
NF011126.0	equivalog		ribosomal-processing cysteine protease Prp		no_ec	1896	CYSTEINE	cysteine	74	cysteine_biosynthesis_homocysteine;cysteine_biosynthesis_sulfide;cysteine_degradation_sulfide;methionine_biosynthesis_transsulfuration	0	protein context, not the free metabolite	
NF041659.1	equivalog		cysteine/serine endopeptidase inhibitor		no_ec	705	CYSTEINE	cysteine	74	cysteine_biosynthesis_homocysteine;cysteine_biosynthesis_sulfide;cysteine_degradation_sulfide;methionine_biosynthesis_transsulfuration	0	protein context, not the free metabolite	
NF011127.0	equivalog		ribosomal-processing cysteine protease Prp		no_ec	272	CYSTEINE	cysteine	74	cysteine_biosynthesis_homocysteine;cysteine_biosynthesis_sulfide;cysteine_degradation_sulfide;methionine_biosynthesis_transsulfuration	0	protein context, not the free metabolite	
NF011124.0	equivalog		ribosomal-processing cysteine protease Prp		no_ec	117	CYSTEINE	cysteine	74	cysteine_biosynthesis_homocysteine;cysteine_biosynthesis_sulfide;cysteine_degradation_sulfide;methionine_biosynthesis_transsulfuration	0	protein context, not the free metabolite	
NF011123.0	equivalog		ribosomal-processing cysteine protease Prp		no_ec	87	CYSTEINE	cysteine	74	cysteine_biosynthesis_homocysteine;cysteine_biosynthesis_sulfide;cysteine_degradation_sulfide;methionine_biosynthesis_transsulfuration	0	protein context, not the free metabolite	
NF011122.0	equivalog		ribosomal-processing cysteine protease Prp		no_ec	81	CYSTEINE	cysteine	74	cysteine_biosynthesis_homocysteine;cysteine_biosynthesis_sulfide;cysteine_degradation_sulfide;methionine_biosynthesis_transsulfuration	0	protein context, not the free metabolite	
NF011134.0	equivalog		ribosomal-processing cysteine protease Prp		no_ec	79	CYSTEINE	cysteine	74	cysteine_biosynthesis_homocysteine;cysteine_biosynthesis_sulfide;cysteine_degradation_sulfide;methionine_biosynthesis_transsulfuration	0	protein context, not the free metabolite	
NF011125.0	equivalog		ribosomal-processing cysteine protease Prp		no_ec	59	CYSTEINE	cysteine	74	cysteine_biosynthesis_homocysteine;cysteine_biosynthesis_sulfide;cysteine_degradation_sulfide;methionine_biosynthesis_transsulfuration	0	protein context, not the free metabolite	
NF011128.0	equivalog		ribosomal-processing cysteine protease Prp		no_ec	54	CYSTEINE	cysteine	74	cysteine_biosynthesis_homocysteine;cysteine_biosynthesis_sulfide;cysteine_degradation_sulfide;methionine_biosynthesis_transsulfuration	0	protein context, not the free metabolite	
NF011130.0	equivalog		ribosomal-processing cysteine protease Prp		no_ec	34	CYSTEINE	cysteine	74	cysteine_biosynthesis_homocysteine;cysteine_biosynthesis_sulfide;cysteine_degradation_sulfide;methionine_biosynthesis_transsulfuration	0	protein context, not the free metabolite	
NF011132.0	equivalog		ribosomal-processing cysteine protease Prp		no_ec	28	CYSTEINE	cysteine	74	cysteine_biosynthesis_homocysteine;cysteine_biosynthesis_sulfide;cysteine_degradation_sulfide;methionine_biosynthesis_transsulfuration	0	protein context, not the free metabolite	
NF011129.0	equivalog		ribosomal-processing cysteine protease Prp		no_ec	24	CYSTEINE	cysteine	74	cysteine_biosynthesis_homocysteine;cysteine_biosynthesis_sulfide;cysteine_degradation_sulfide;methionine_biosynthesis_transsulfuration	0	protein context, not the free metabolite	
NF011131.0	equivalog		ribosomal-processing cysteine protease Prp		no_ec	11	CYSTEINE	cysteine	74	cysteine_biosynthesis_homocysteine;cysteine_biosynthesis_sulfide;cysteine_degradation_sulfide;methionine_biosynthesis_transsulfuration	0	protein context, not the free metabolite	
NF011133.0	equivalog		ribosomal-processing cysteine protease Prp		no_ec	10	CYSTEINE	cysteine	74	cysteine_biosynthesis_homocysteine;cysteine_biosynthesis_sulfide;cysteine_degradation_sulfide;methionine_biosynthesis_transsulfuration	0	protein context, not the free metabolite	
TIGR00459.1	equivalog	aspS	aspartate--tRNA ligase	6.1.1.-	partial_ec_only	91903	ASPARTATE	aspartate	77	asparagine_biosynthesis;aspartate_biosynthesis;aspartate_semialdehyde_biosynthesis;pantothenate_biosynthesis;quinolinate_biosynthesis_aspartate	0	protein context, not the free metabolite	Asparate--tRNA ligases in this family may be discriminating (6.1.1.12) or nondiscriminating (6.1.1.23). In a multiple sequence alignment of representative asparaginyl-tRNA synthetases (asnS), archaeal/eukaryotic type aspartyl-tRNA synthetases (aspS_arch), and bacterial type aspartyl-tRNA synthetases (aspS_bact), there is a striking similarity between asnS and aspS_arch in gap pattern and in sequence, and a striking divergence of aspS_bact. Consequently, a separate model was built for each of the three groups. This HMM, aspS_bact, represents aspartyl-tRNA synthetases from the Bacteria and from mitochondria. In some species, this enzyme aminoacylates tRNA for both Asp and Asn; Asp-tRNA(asn) is subsequently transamidated to Asn-tRNA(asn). This model generates very low scores for the archaeal type of aspS and for asnS; scores between the trusted and noise cutoffs represent fragmentary sequences.
NF011291.0	equivalog		glutamine--tRNA ligase/YqeY domain fusion protein		no_ec	42207	GLUTAMINE	glutamine	80	glutamine_biosynthesis;histidine_biosynthesis;plp_biosynthesis_r5p;pyrimidine_core_biosynthesis;tryptophan_biosynthesis	0	protein context, not the free metabolite	
TIGR00945.1	equivalog	tatC	twin-arginine translocase subunit TatC		no_ec	66263	ARGININE	arginine	81	arginine_biosynthesis;arginine_deiminase_pathway	0	protein context, not the free metabolite	This model represents the TatC translocase component of the Sec-independent protein translocation system. This system is responsible for translocation of folded proteins, often with bound cofactors across the periplasmic membrane [1]. A related model (TIGR01912) represents the archaeal clade of this family. TatC is often found in a gene cluster with the two other components of the system, TatA/E (TIGR01411) and TatB (TIGR01410). A model also exists for the Twin-arginine signal sequence (TIGR01409).
NF001940.0	equivalog		twin-arginine translocase TatA/TatE family subunit		no_ec	4010	ARGININE	arginine	81	arginine_biosynthesis;arginine_deiminase_pathway	0	protein context, not the free metabolite	
NF001681.0	equivalog		twin-arginine translocase TatA/TatE family subunit		no_ec	1190	ARGININE	arginine	81	arginine_biosynthesis;arginine_deiminase_pathway	0	protein context, not the free metabolite	
NF002960.0	equivalog	tatE	twin-arginine translocase subunit TatE		no_ec	1186	ARGININE	arginine	81	arginine_biosynthesis;arginine_deiminase_pathway	0	protein context, not the free metabolite	
NF011429.0	equivalog		TatA/E family twin arginine-targeting protein translocase		no_ec	1059	ARGININE	arginine	81	arginine_biosynthesis;arginine_deiminase_pathway	0	protein context, not the free metabolite	
NF003393.0	equivalog		twin arginine translocase protein A		no_ec	354	ARGININE	arginine	81	arginine_biosynthesis;arginine_deiminase_pathway	0	protein context, not the free metabolite	
NF002402.0	equivalog		twin arginine translocase protein A		no_ec	214	ARGININE	arginine	81	arginine_biosynthesis;arginine_deiminase_pathway	0	protein context, not the free metabolite	
TIGR03921.1	equivalog	mycP	type VII secretion-associated serine protease mycosin		no_ec	33776	SERINE	serine	85	cysteine_biosynthesis_homocysteine;cysteine_biosynthesis_sulfide;enterobactin_biosynthesis;glycine_biosynthesis;serine_biosynthesis;serine_deamination	0	protein context, not the free metabolite	Members of this family are subtilisin-related serine proteases, found strictly in the Actinobacteria and associated with type VII secretion operons. The designation mycosin is used for members from Mycobacterium.
NF010151.0	equivalog	sstT	serine/threonine transporter SstT		no_ec	19221	SERINE	serine	85	cysteine_biosynthesis_homocysteine;cysteine_biosynthesis_sulfide;enterobactin_biosynthesis;glycine_biosynthesis;serine_biosynthesis;serine_deamination	0	protein context, not the free metabolite	Involved in the import of serine and threonine coupled with the import of sodium
NF033740.0	equivalog		MarP family serine protease	3.4.21.-	partial_ec_only	18589	SERINE	serine	85	cysteine_biosynthesis_homocysteine;cysteine_biosynthesis_sulfide;enterobactin_biosynthesis;glycine_biosynthesis;serine_biosynthesis;serine_deamination	0	protein context, not the free metabolite	The founding member of this family of membrane-spanning serine proteases, which is restricted to Actinobacteria, is the acid resistance periplasmic serine protease MarP of Mycobacterium tuberculosis. Recent work shows that MarP is required to cleave and activate the peptidoglycan hydrolase RipA, and loss of RipA activity creates a defect in progeny separation during cell division. Therefore, the requirement for MarP in order to survive acidic conditions may be a consequence of peptidoglycan hydrolysis requirements, explaining why MarP family members are distributed more broadly in the Actinobacteria than the subset of species capable of surviving intracellularly as pathogens.
NF041438.1	equivalog		SepM family pheromone-processing serine protease	3.4.21.-	partial_ec_only	9682	SERINE	serine	85	cysteine_biosynthesis_homocysteine;cysteine_biosynthesis_sulfide;enterobactin_biosynthesis;glycine_biosynthesis;serine_biosynthesis;serine_deamination	0	protein context, not the free metabolite	This HMM describes a peptide pheromone-processing S16-type serine protease found broadly in Gram-positive bacteria, and named for the founding member from Streptococcus mutans (see BlastRule NBR014542). The Lon-like catalytic domain is located toward the C-terminus, and has a Ser-Lys active site dyad rather than the more common Ser-His-Asp triad found in large numbers of serine proteases. Members of this family also have a PDZ domain.
TIGR04239.1	equivalog	glpG	rhomboid family intramembrane serine protease GlpG	3.4.21.105	ec_without_rhea	7221	SERINE	serine	85	cysteine_biosynthesis_homocysteine;cysteine_biosynthesis_sulfide;enterobactin_biosynthesis;glycine_biosynthesis;serine_biosynthesis;serine_deamination	0	protein context, not the free metabolite	GlpG in E. coli is a rhomboid family intramembrane serine protease that has been extensively characterized as a proxy for rhomboid family proteases in animals. It efficiently cleaves eukaryote-derived model substrates. This multiple membrane-spanning protein excludes inappropriate substrates from access to its cleavage site, and shows activity against truncated versions, but not full-length versions, of the E. coli multidrug transporter MdfA. This finding suggests a housekeeping function in removing faulty proteins. In contrast, several eukaryotic rhomboid family proteases release peptide hormones for signaling functions, and the Shewanella and Vibrio protein rhombosortase appears to be part of a protein-sorting system, cleaving a C-terminal anchoring helix domain.
NF053615.1	equivalog	afsK	protein serine/threonine kinase AfsK		no_ec	6087	SERINE	serine	85	cysteine_biosynthesis_homocysteine;cysteine_biosynthesis_sulfide;enterobactin_biosynthesis;glycine_biosynthesis;serine_biosynthesis;serine_deamination	0	protein context, not the free metabolite	part of the AfsK-AfsR-AfsS global regulation system
NF002987.0	equivalog	eco	serine protease inhibitor ecotin		no_ec	6027	SERINE	serine	85	cysteine_biosynthesis_homocysteine;cysteine_biosynthesis_sulfide;enterobactin_biosynthesis;glycine_biosynthesis;serine_biosynthesis;serine_deamination	0	protein context, not the free metabolite	Serine protease inhibitor, inhibits trypsin and other proteases
TIGR02038.1	equivalog	degS	outer membrane-stress sensor serine endopeptidase DegS	3.4.21.107	ec_without_rhea	4977	SERINE	serine	85	cysteine_biosynthesis_homocysteine;cysteine_biosynthesis_sulfide;enterobactin_biosynthesis;glycine_biosynthesis;serine_biosynthesis;serine_deamination	0	protein context, not the free metabolite	This family consists of the periplasmic serine protease DegS (HhoB), a shorter paralog of protease DO (HtrA, DegP) and DegQ (HhoA). It is found in E. coli and several other Proteobacteria of the gamma subdivision. It contains a trypsin domain and a single copy of PDZ domain (in contrast to DegP with two copies). A critical role of this DegS is to sense stress in the periplasm and partially degrade an inhibitor of sigma(E).
NF008147.1	equivalog	degS	outer membrane-stress sensor serine endopeptidase DegS	3.4.21.107	ec_without_rhea	4703	SERINE	serine	85	cysteine_biosynthesis_homocysteine;cysteine_biosynthesis_sulfide;enterobactin_biosynthesis;glycine_biosynthesis;serine_biosynthesis;serine_deamination	0	protein context, not the free metabolite	
NF041521.1	equivalog		HhoA/HhoB/HtrA family serine endopeptidase	3.4.21.-	partial_ec_only	3833	SERINE	serine	85	cysteine_biosynthesis_homocysteine;cysteine_biosynthesis_sulfide;enterobactin_biosynthesis;glycine_biosynthesis;serine_biosynthesis;serine_deamination	0	protein context, not the free metabolite	Members of this family include the paralogous serine proteases HhoA, HhoB, and HtrA of the model cyanobacterial isolate Synechocystis sp. PCC 6803. They resemble the paralogous trio of serine proteases DegQ, DegP, and DegS of Escherichia coli.
NF033442.0	equivalog	pglW	BREX system serine/threonine kinase PglW		no_ec	3678	SERINE	serine	85	cysteine_biosynthesis_homocysteine;cysteine_biosynthesis_sulfide;enterobactin_biosynthesis;glycine_biosynthesis;serine_biosynthesis;serine_deamination	0	protein context, not the free metabolite	Members of this family are PglW, a predicted serine/threonine kinase of the Pgl (phage growth limitation) system (now called BREX type 2) and the BREX type 3 system.
NF008155.0	equivalog	glpG	rhomboid family intramembrane serine protease GlpG	3.4.21.105	ec_without_rhea	3538	SERINE	serine	85	cysteine_biosynthesis_homocysteine;cysteine_biosynthesis_sulfide;enterobactin_biosynthesis;glycine_biosynthesis;serine_biosynthesis;serine_deamination	0	protein context, not the free metabolite	
NF007539.0	equivalog	rimL	50S ribosomal protein L7/L12-serine acetyltransferase	2.3.1.-	partial_ec_only	3086	SERINE	serine	85	cysteine_biosynthesis_homocysteine;cysteine_biosynthesis_sulfide;enterobactin_biosynthesis;glycine_biosynthesis;serine_biosynthesis;serine_deamination	0	protein context, not the free metabolite	
NF051851.1	equivalog	eprS	autotransporter serine peptidase EprS		no_ec	2941	SERINE	serine	85	cysteine_biosynthesis_homocysteine;cysteine_biosynthesis_sulfide;enterobactin_biosynthesis;glycine_biosynthesis;serine_biosynthesis;serine_deamination	0	protein context, not the free metabolite	
NF045841.1	equivalog_domain		MIP family Ig-specific serine endopeptidase	3.4.21.-	partial_ec_only	2496	SERINE	serine	85	cysteine_biosynthesis_homocysteine;cysteine_biosynthesis_sulfide;enterobactin_biosynthesis;glycine_biosynthesis;serine_biosynthesis;serine_deamination	0	protein context, not the free metabolite	MIP (Mycoplasma immunoglobulin protease) is a serine protease that occurs on the surface of Mycoplasmas and related species. In the presence of MIB (Mycoplasma immunoglobulin binding protein), MIP is able to cleave IgG, IgA, and IgM heavy chains, contributing to evasion of immunity. This HMM identifies a subset of the much broader family of Mycoplasma serine protease family PF01732 (DUF31). Several paralogs of this family may be found in a single genome, usually including one encoded close to the gene for MIB, and therefore most likely to qualify as MIP itself (see the more specific model NF045842).
NF049966.1	equivalog	qhpE	subtilisin-like serine protease QhpE		no_ec	2045	SERINE	serine	85	cysteine_biosynthesis_homocysteine;cysteine_biosynthesis_sulfide;enterobactin_biosynthesis;glycine_biosynthesis;serine_biosynthesis;serine_deamination	0	protein context, not the free metabolite	QhpE is a subtilisin-like serine protease that removes the N-terminal leader peptide from the crosslinked QhpC (the gamma-subunit of quinohemoprotein amine dehydrogenase), facilitating its periplasmic translocation.
NF007174.0	equivalog		bifunctional N(6)-L-threonylcarbamoyladenine synthase/serine/threonine protein kinase		no_ec	1568	SERINE	serine	85	cysteine_biosynthesis_homocysteine;cysteine_biosynthesis_sulfide;enterobactin_biosynthesis;glycine_biosynthesis;serine_biosynthesis;serine_deamination	0	protein context, not the free metabolite	
NF011149.0	equivalog		serine/threonine phosphatase		no_ec	995	SERINE	serine	85	cysteine_biosynthesis_homocysteine;cysteine_biosynthesis_sulfide;enterobactin_biosynthesis;glycine_biosynthesis;serine_biosynthesis;serine_deamination	0	protein context, not the free metabolite	
NF008910.0	equivalog		serine/threonine protein kinase		no_ec	948	SERINE	serine	85	cysteine_biosynthesis_homocysteine;cysteine_biosynthesis_sulfide;enterobactin_biosynthesis;glycine_biosynthesis;serine_biosynthesis;serine_deamination	0	protein context, not the free metabolite	
NF006620.0	equivalog		serine/threonine protein kinase		no_ec	917	SERINE	serine	85	cysteine_biosynthesis_homocysteine;cysteine_biosynthesis_sulfide;enterobactin_biosynthesis;glycine_biosynthesis;serine_biosynthesis;serine_deamination	0	protein context, not the free metabolite	
NF050055.1	equivalog	htrA	serine protease HtrA	3.4.21.107	ec_without_rhea	844	SERINE	serine	85	cysteine_biosynthesis_homocysteine;cysteine_biosynthesis_sulfide;enterobactin_biosynthesis;glycine_biosynthesis;serine_biosynthesis;serine_deamination	0	protein context, not the free metabolite	
NF053637.1	equivalog	htrA	serine protease HtrA		no_ec	795	SERINE	serine	85	cysteine_biosynthesis_homocysteine;cysteine_biosynthesis_sulfide;enterobactin_biosynthesis;glycine_biosynthesis;serine_biosynthesis;serine_deamination	0	protein context, not the free metabolite	
NF041659.1	equivalog		cysteine/serine endopeptidase inhibitor		no_ec	705	SERINE	serine	85	cysteine_biosynthesis_homocysteine;cysteine_biosynthesis_sulfide;enterobactin_biosynthesis;glycine_biosynthesis;serine_biosynthesis;serine_deamination	0	protein context, not the free metabolite	
NF005147.0	equivalog		serine/threonine dehydratase		no_ec	604	SERINE	serine	85	cysteine_biosynthesis_homocysteine;cysteine_biosynthesis_sulfide;enterobactin_biosynthesis;glycine_biosynthesis;serine_biosynthesis;serine_deamination	0	protein context, not the free metabolite	
NF047968.1	equivalog	htrA	serine protease HtrA		no_ec	351	SERINE	serine	85	cysteine_biosynthesis_homocysteine;cysteine_biosynthesis_sulfide;enterobactin_biosynthesis;glycine_biosynthesis;serine_biosynthesis;serine_deamination	0	protein context, not the free metabolite	
NF033865.1	equivalog		fusolisin family autotransporter serine protease	3.4.21.-	partial_ec_only	333	SERINE	serine	85	cysteine_biosynthesis_homocysteine;cysteine_biosynthesis_sulfide;enterobactin_biosynthesis;glycine_biosynthesis;serine_biosynthesis;serine_deamination	0	protein context, not the free metabolite	Members of this family are autotransporter serine proteases of the genus Fusobacterium. Close homologs of AIC79906 (FN1426-like) found in Fusobacterium nucleatum are known as fusolisin, while FN1950 (a paralog from the same species) and additional homologs from other Fusobacterium species are named more generally as fusolisin family autotransporter serine protease.
NF009651.0	equivalog	pknD	serine/threonine-protein kinase PknD		no_ec	131	SERINE	serine	85	cysteine_biosynthesis_homocysteine;cysteine_biosynthesis_sulfide;enterobactin_biosynthesis;glycine_biosynthesis;serine_biosynthesis;serine_deamination	0	protein context, not the free metabolite	Responsible for phosphorylation of proteins on serine and threonine residues; similar to eukaryotic Ser/Thr kinases
NF052574.1	equivalog	espC	serine histidine kinase EspC		no_ec	128	SERINE	serine	85	cysteine_biosynthesis_homocysteine;cysteine_biosynthesis_sulfide;enterobactin_biosynthesis;glycine_biosynthesis;serine_biosynthesis;serine_deamination	0	protein context, not the free metabolite	
NF052573.1	equivalog		serine histidine kinase EspA		no_ec	117	SERINE	serine	85	cysteine_biosynthesis_homocysteine;cysteine_biosynthesis_sulfide;enterobactin_biosynthesis;glycine_biosynthesis;serine_biosynthesis;serine_deamination	0	protein context, not the free metabolite	
NF040632.1	equivalog	yopJ	YopJ/YopP family T3SS effector serine/threonine acetyltransferase		no_ec	15	SERINE	serine	85	cysteine_biosynthesis_homocysteine;cysteine_biosynthesis_sulfide;enterobactin_biosynthesis;glycine_biosynthesis;serine_biosynthesis;serine_deamination	0	protein context, not the free metabolite	Members of this narrowly defined family of type III secretion system (T3SS) effector protein-modifying acetyltransferases are called YopJ in Yersinia pestis and some other species, but called YopP in Yersinia enterocolitica.
TIGR00666.1	equivalog	dacB	D-alanyl-D-alanine carboxypeptidase/D-alanyl-D-alanine endopeptidase	3.4.16.4	ec_without_rhea	67138	ALANINE	alanine	129	alanine_biosynthesis	0	protein context, not the free metabolite	In E. coli, this protein is known as penicillin binding protein 4 (dacB). A signal sequence is cleaved from a precursor form. The protein is described as periplasmic in E. coli (Gram-negative) and extracellular in Actinomadura R39 (Gram-positive). Unlike some other proteins with similar activity, it does not form transpeptidation. It is not essential for viability. This family is related to class A beta-lactamases.
NF008758.0	equivalog	ampD	1,6-anhydro-N-acetylmuramyl-L-alanine amidase AmpD	3.5.1.28	ec_without_rhea	22341	ALANINE	l-alanine	129	alanine_biosynthesis	0	protein context, not the free metabolite	
NF008668.0	equivalog	pbpG	D-alanyl-D-alanine endopeptidase	3.4.21.-	partial_ec_only	10895	ALANINE	alanine	129	alanine_biosynthesis	0	protein context, not the free metabolite	
NF008897.0	equivalog		bifunctional UDP-N-acetylmuramoyl-tripeptide:D-alanyl-D-alanine ligase/alanine racemase		no_ec	6850	ALANINE	alanine	129	alanine_biosynthesis	0	protein context, not the free metabolite	
NF007751.0	equivalog	amiB	N-acetylmuramoyl-L-alanine amidase AmiB	3.5.1.28	ec_without_rhea	6078	ALANINE	l-alanine	129	alanine_biosynthesis	0	protein context, not the free metabolite	
NF007943.0	equivalog	ampH	D-alanyl-D-alanine-carboxypeptidase/endopeptidase AmpH	3.4.-.-	partial_ec_only	4746	ALANINE	alanine	129	alanine_biosynthesis	0	protein context, not the free metabolite	
TIGR02883.1	equivalog	cwlD	N-acetylmuramoyl-L-alanine amidase CwlD	3.5.1.28	ec_without_rhea	4226	ALANINE	l-alanine	129	alanine_biosynthesis	0	protein context, not the free metabolite	Members of this protein family are the CwlD family of N-acetylmuramoyl-L-alanine amidase. This family has been called the germination-specific N-acetylmuramoyl-L-alanine amidase. CwlD is required, along with the putative deactylase PdaA, to make muramic delta-lactam, a novel peptidoglycan constituent found only in spores. CwlD mutants show a germination defect.
NF010693.0	equivalog		UDP-N-acetylmuramoylalanyl-D-glutamyl-2,6-diaminopimelate--D-alanyl-D-alanine ligase		no_ec	4187	ALANINE	alanine	129	alanine_biosynthesis	0	protein context, not the free metabolite	
NF007652.1	equivalog	amiA	N-acetylmuramoyl-L-alanine amidase AmiA	3.5.1.28	ec_without_rhea	2457	ALANINE	l-alanine	129	alanine_biosynthesis	0	protein context, not the free metabolite	
NF008059.0	equivalog	dacA	D-alanyl-D-alanine carboxypeptidase DacA	3.4.16.4	ec_without_rhea	2352	ALANINE	alanine	129	alanine_biosynthesis	0	protein context, not the free metabolite	Removes C-terminal D-alanyl residues from sugar-peptide cell wall precursors
NF008896.0	equivalog	murF	bifunctional UDP-N-acetylmuramoyl-L-alanyl-D-glutamate--2,6-diaminopimelate ligase MurE/UDP-N-acetylmuramoyl-tripeptide--D-alanyl-D-alanine ligase MurF		no_ec	836	ALANINE	alanine	129	alanine_biosynthesis	0	protein context, not the free metabolite	
NF011168.0	equivalog		D-alanyl-alanine synthetase A		no_ec	120	ALANINE	l-alanine	129	alanine_biosynthesis	0	protein context, not the free metabolite	
NF011167.0	equivalog		D-alanyl-alanine synthetase A		no_ec	48	ALANINE	l-alanine	129	alanine_biosynthesis	0	protein context, not the free metabolite	
NF011169.0	equivalog		D-alanyl-alanine synthetase A		no_ec	43	ALANINE	l-alanine	129	alanine_biosynthesis	0	protein context, not the free metabolite	
NF002398.0	equivalog	queA	tRNA preQ1(34) S-adenosylmethionine ribosyltransferase-isomerase QueA		no_ec	56	METHIONINE	methionine	134	methionine_biosynthesis_sulfhydrylation;methionine_biosynthesis_transsulfuration;methionine_degradation_methanethiol	0	protein context, not the free metabolite	
NF042917.1	equivalog	besA	L-propargylglycine--L-glutamate ligase BesA	6.3.2.-	partial_ec_only	120	GLYCINE	glycine	152	glycine_biosynthesis;glycine_reduction_stickland;sarcosine_demethylation	0	protein context, not the free metabolite	
NF007764.0	equivalog	rimK	30S ribosomal protein S6--L-glutamate ligase	6.3.2.-	partial_ec_only	14341	GLUTAMATE	l-glutamate	251	ammonium_assimilation;glutamate_decarboxylation_gaba;glutamine_biosynthesis;histidine_degradation_glutamate;ornithine_biosynthesis;proline_biosynthesis	0	protein context, not the free metabolite	Responsible for the addition of glutamate residues to the C-terminus of ribosomal protein S6
NF008896.0	equivalog	murF	bifunctional UDP-N-acetylmuramoyl-L-alanyl-D-glutamate--2,6-diaminopimelate ligase MurE/UDP-N-acetylmuramoyl-tripeptide--D-alanyl-D-alanine ligase MurF		no_ec	836	GLUTAMATE	glutamate	251	ammonium_assimilation;glutamate_decarboxylation_gaba;glutamine_biosynthesis;histidine_degradation_glutamate;ornithine_biosynthesis;proline_biosynthesis	0	protein context, not the free metabolite	
NF042917.1	equivalog	besA	L-propargylglycine--L-glutamate ligase BesA	6.3.2.-	partial_ec_only	120	GLUTAMATE	l-glutamate	251	ammonium_assimilation;glutamate_decarboxylation_gaba;glutamine_biosynthesis;histidine_degradation_glutamate;ornithine_biosynthesis;proline_biosynthesis	0	protein context, not the free metabolite	
