block_mean	level	layer	context_id	target_id	gift_ids	pi	pi_lower	lift	pi_genus_lower	n_context_held	n_target_lost_in_context	n_trials	n_target_lost	d_conditional	d_marginal	posterior_assumed	posterior_measured
1	component	defense	defense:SYS_DF_CASCADE_I_E	defense:COMP_DF_CASC	type_i_e_crispr_cas_machinery	0.993710691823899	0.985362404308052	12.3463569165787	0.967172413336069	90	18	205	35	0.2	0.170731707317073	0.930860184218747	0.930860184218747
1	component	defense	defense:SYS_DF_CASCADE_I_E	defense:COMP_DF_CASE	type_i_e_crispr_cas_machinery	0.989974937343358	0.980343564867733	12.1969058772586	0.960506010404619	87	15	205	32	0.172413793103448	0.15609756097561	0.908882041315714	0.895821966289657
1	component	metabolic	metabolic:SYS_10532_TRPAB	metabolic:COMP_10532_TRPAB_BETA	tryptophan_biosynthesis	0.991519750055791	0.989399459039767	1.24240909256192	0.991017383375816	1284	183	1605	227	0.142523364485981	0.141433021806854	0.949153305087293	0.930081620184318
1	component	metabolic	metabolic:SYS_10676_LEUCD	metabolic:COMP_10676_LEUCD_LARGE	leucine_biosynthesis	0.985841516327929	0.983145567774246	1.32549551835384	0.988507572337421	1261	205	1535	261	0.162569389373513	0.170032573289902	0.921050438973525	0.904606808474379
1	component	metabolic	metabolic:SYS_10676_LEUCD	metabolic:COMP_10676_LEUCD_SMALL	leucine_biosynthesis	0.98663009941721	0.984001286920256	1.32549551835384	0.975365781634761	1274	218	1535	274	0.171114599686028	0.178501628664495	0.924817713897418	0.9132276480393
1	component	metabolic	metabolic:SYS_10760_CITLYASE	metabolic:COMP_10760_CITE	citrate_fermentation	0.996703296703297	0.990352467841503	2.90637199231995	0.975967068192559	105	10	195	25	0.0952380952380952	0.128205128205128	0.953554670449324	0.907205658111951
1	component	metabolic	metabolic:SYS_12048_PCAIJ	metabolic:COMP_12048_ALPHA	oxoadipate_activation	0.986593059936908	0.978634034633055	9.0831408006398	0.944449522896702	167	30	200	38	0.179640718562874	0.19	0.90158140622916	0.891636002589063
1	component	metabolic	metabolic:SYS_12633_BENAB	metabolic:COMP_12633_ALPHA	benzoate_degradation_catechol	0.988479262672811	0.978923598950335	13.3223906123806	0.871021551243799	99	22	125	29	0.222222222222222	0.232	0.902811527635508	0.911671927831865
1	component	metabolic	metabolic:SYS_12765_POR_FOUR_SUBUNIT	metabolic:COMP_12765_POR_ALPHA	pyruvate_to_acetyl_coa	0.99402390438247	0.982578830889482	12.4554688593867	0.969538089409661	101	14	145	23	0.138613861386139	0.158620689655172	0.918568670309163	0.886595855153595
1	component	metabolic	metabolic:SYS_12765_POR_FOUR_SUBUNIT	metabolic:COMP_12765_POR_BETA	pyruvate_to_acetyl_coa	0.99402390438247	0.982578830889482	14.4748579937675	0.961033733333152	98	11	145	18	0.112244897959184	0.124137931034483	0.918568670309163	0.863588730643357
1	component	metabolic	metabolic:SYS_13313_SOXABGD	metabolic:COMP_13313_SOXB	sarcosine_demethylation	0.996901626646011	0.992060433127117	8.22548705407922	0.969514049556767	103	15	165	20	0.145631067961165	0.121212121212121	0.961524093757998	0.947908022220768
1	component	metabolic	metabolic:SYS_13513_NAD	metabolic:COMP_13513_CATALYTIC	pyrimidine_core_biosynthesis	0.99297520661157	0.988778419782387	4.28904048494557	0.985919915995088	422	77	515	94	0.182464454976303	0.18252427184466	0.94630238719048	0.941444018447044
1	component	metabolic	metabolic:SYS_14613_TAUABC	metabolic:COMP_14613_SBP	taurine_uptake_abc	0.988505747126437	0.981669190603775	7.11796733212341	0.961240814111236	161	30	250	52	0.186335403726708	0.208	0.91460722756049	0.908915474658909
1	component	metabolic	metabolic:SYS_15341_COBNST	metabolic:COMP_15341_COBS_SUB	corrin_ring_biosynthesis	0.998774509803922	0.993091253942724	7.46606155168548	0.981337778588563	85	18	125	30	0.211764705882353	0.24	0.966385213800119	0.968193303294029
1	component	metabolic	metabolic:SYS_16293_LEUCD	metabolic:COMP_16293_LEUCD_LARGE	leucine_biosynthesis	0.985841516327929	0.983145567774246	1.32549551835384	0.988507572337421	1261	205	1535	261	0.162569389373513	0.170032573289902	0.921050438973525	0.904606808474379
1	component	metabolic	metabolic:SYS_16293_LEUCD	metabolic:COMP_16293_LEUCD_SMALL	leucine_biosynthesis	0.98663009941721	0.984001286920256	1.32549551835384	0.975365781634761	1274	218	1535	274	0.171114599686028	0.178501628664495	0.924817713897418	0.9132276480393
1	component	metabolic	metabolic:SYS_17129_TRIMER	metabolic:COMP_17129_TRI_A	purine_core_biosynthesis	0.983365323096609	0.979289048288171	2.42208004847283	0.977336353129849	519	123	805	173	0.236994219653179	0.214906832298137	0.9043677787098	0.918072728458632
1	component	metabolic	metabolic:SYS_17129_TRIMER	metabolic:COMP_17129_TRI_C	purine_core_biosynthesis	0.994607420189819	0.992051228372932	2.26048887501515	0.988598697702476	501	105	805	162	0.209580838323353	0.201242236024845	0.961480861214567	0.963176895248991
1	component	metabolic	metabolic:SYS_17297_KOR	metabolic:COMP_17297_BETA	oxoglutarate_to_succinate	0.992440278197762	0.988863680905478	3.48881156655957	0.991898080486369	539	87	635	101	0.161410018552876	0.159055118110236	0.946692980446302	0.934779526897005
1	component	metabolic	metabolic:SYS_17661_LSC	metabolic:COMP_17661_LSC_ALPHA	oxoglutarate_to_succinate	0.987301587301587	0.97947214889114	9.26362876889193	0.978944977166401	103	10	120	12	0.0970873786407767	0.1	0.905149086199818	0.822457581811324
1	component	metabolic	metabolic:SYS_17661_LSC	metabolic:COMP_17661_LSC_BETA	oxoglutarate_to_succinate	0.992025518341308	0.985383035073651	9.26362876889193	0.985921032917883	108	15	120	17	0.138888888888889	0.141666666666667	0.930952249554288	0.9035029181847
1	component	metabolic	metabolic:SYS_17661_SUCCD	metabolic:COMP_17661_ALPHA	oxoglutarate_to_succinate	0.996688335581994	0.995185887002241	1.42456692862703	0.993255892694609	1089	218	1340	262	0.200183654729109	0.195522388059701	0.976384191690153	0.976405346370421
1	component	metabolic	metabolic:SYS_17661_SUCCD	metabolic:COMP_17661_BETA	oxoglutarate_to_succinate	0.98712342079689	0.984450738803924	1.42456692862703	0.977683142146019	1078	207	1340	251	0.192022263450835	0.187313432835821	0.92680613605344	0.923996351397454
1	component	metabolic	metabolic:SYS_18136_CYSDN	metabolic:COMP_18136_CYSD	assimilatory_sulfate_reduction	0.990178796272979	0.986602996415237	2.1033478456306	0.988243857953583	544	76	675	104	0.139705882352941	0.154074074074074	0.936422000808507	0.911413785425058
1	component	metabolic	metabolic:SYS_18136_CYSD_CYSNC	metabolic:COMP_18136_CYSD_FUS	assimilatory_sulfate_reduction	0.991266375545852	0.98585982394365	2.10565809255687	0.970116382592929	249	40	310	50	0.160642570281124	0.161290322580645	0.933083939238888	0.9180333020449
1	component	metabolic	metabolic:SYS_18633_HETERODIMER	metabolic:COMP_18633_LARGE	pyrimidine_core_biosynthesis	0.987726296409942	0.985344291224972	1.17188540925274	0.984281507290565	1388	231	1745	294	0.1664265129683	0.168481375358166	0.930779365940836	0.917960968720865
1	component	metabolic	metabolic:SYS_20557_UREABC	metabolic:COMP_20557_ALPHA	urea_hydrolysis	0.9895751889497	0.985836296129162	2.96494567689895	0.981813975084066	458	80	660	125	0.174672489082969	0.189393939393939	0.932978567535515	0.92399904529188
1	component	metabolic	metabolic:SYS_20557_UREABC	metabolic:COMP_20557_GAMMA	urea_hydrolysis	0.997635312664214	0.995511683888289	2.95671966972472	0.989802241023399	449	71	660	120	0.158129175946548	0.181818181818182	0.977954213280362	0.972278560595229
1	component	metabolic	metabolic:SYS_21448_NIF	metabolic:COMP_21448_NIFD	nitrogen_fixation	0.991891891891892	0.982424342413185	11.7057171514544	0.97141792488371	66	10	165	35	0.151515151515152	0.212121212121212	0.917893981157868	0.894394720432077
1	component	metabolic	metabolic:SYS_21448_NIF	metabolic:COMP_21448_NIFK	nitrogen_fixation	0.994579945799458	0.986147461894587	11.8323838647891	0.965589778368713	69	13	165	34	0.188405797101449	0.206060606060606	0.934373674188996	0.93061534398781
1	component	metabolic	metabolic:SYS_22332_LEUCD	metabolic:COMP_22332_LARGE	oxobutanoate_biosynthesis_citramalate	0.985841516327929	0.983145567774246	1.32549551835384	0.988507572337421	1261	205	1535	261	0.162569389373513	0.170032573289902	0.921050438973525	0.904606808474379
1	component	metabolic	metabolic:SYS_22332_LEUCD	metabolic:COMP_22332_SMALL	oxobutanoate_biosynthesis_citramalate	0.98663009941721	0.984001286920256	1.32549551835384	0.975365781634761	1274	218	1535	274	0.171114599686028	0.178501628664495	0.924817713897418	0.9132276480393
1	component	metabolic	metabolic:SYS_24793_HISFH	metabolic:COMP_24793_HISFH_CYCLASE	histidine_biosynthesis	0.991780178487553	0.989628446041016	1.3343951492378	0.990333474027582	1210	240	1505	298	0.198347107438017	0.198006644518272	0.950207915374764	0.949813805296667
1	component	metabolic	metabolic:SYS_27786_ODH_COMPLEX	metabolic:COMP_27786_E2	oxoglutarate_to_succinate	0.987055947073206	0.984117298896504	1.63711591108871	0.976621356457882	753	116	1025	163	0.154050464807437	0.159024390243902	0.925330319358979	0.905170220339695
1	component	metabolic	metabolic:SYS_27786_ODH_COMPLEX	metabolic:COMP_27786_E3	oxoglutarate_to_succinate	0.995936729066899	0.994133657005369	1.09937063084728	0.991039244618442	699	62	1025	88	0.0886981402002861	0.0858536585365854	0.971340784186521	0.937621393494723
1	component	metabolic	metabolic:SYS_28042_PDH_E1	metabolic:COMP_28042_E1_E3	pyruvate_to_acetyl_coa	0.997511406055579	0.995654941118475	1.1011088473262	0.991834582762904	607	62	855	85	0.102141680395387	0.0994152046783626	0.978645845821459	0.9590254722559
1	component	metabolic	metabolic:SYS_28042_PDH_E1AB	metabolic:COMP_28042_AB_E1_ALPHA	pyruvate_to_acetyl_coa	0.991641901931649	0.988835298089719	2.08985466919717	0.990056759908746	506	84	765	127	0.16600790513834	0.166013071895425	0.946562926437718	0.936317851701908
1	component	metabolic	metabolic:SYS_28042_PDH_E1AB	metabolic:COMP_28042_AB_E1_BETA	pyruvate_to_acetyl_coa	0.991457753017642	0.988625460926731	2.08797063218285	0.987337260697943	501	79	765	118	0.157684630738523	0.154248366013072	0.945602299703719	0.931997132430762
1	component	metabolic	metabolic:SYS_28042_PDH_E1AB	metabolic:COMP_28042_AB_E3	pyruvate_to_acetyl_coa	0.995153774464119	0.992908392883298	1.09850636179237	0.989366764685063	461	39	765	65	0.0845986984815618	0.0849673202614379	0.965520037797836	0.922147560533648
1	component	metabolic	metabolic:SYS_29899_XYLFGH	metabolic:COMP_29899_SBP	xylose_uptake_abc	0.993218570683359	0.988431790796508	5.51236306729264	0.975520555602263	268	40	365	59	0.149253731343284	0.161643835616438	0.944717052777941	0.927287568280979
1	component	metabolic	metabolic:SYS_29899_XYLFGH	metabolic:COMP_29899_PERMEASE	xylose_uptake_abc	0.986017607457276	0.979732532444241	5.95864569560468	0.960413761588998	255	27	365	48	0.105882352941176	0.131506849315068	0.90626199048736	0.83655776002751
1	component	metabolic	metabolic:SYS_29899_XYLFGH	metabolic:COMP_29899_ATPASE	xylose_uptake_abc	0.986528497409326	0.980333858079742	5.7462843071872	0.967727180294689	266	38	365	63	0.142857142857143	0.172602739726027	0.908840326689616	0.87686638539773
1	component	metabolic	metabolic:SYS_30007_ARAFGH	metabolic:COMP_30007_SBP	arabinose_uptake_abc	0.990881458966565	0.982761269210756	11.5090930367232	0.941264036528255	140	21	205	34	0.15	0.165853658536585	0.919366427826852	0.895302611902308
1	component	metabolic	metabolic:SYS_30007_ARAFGH	metabolic:COMP_30007_ATPASE	arabinose_uptake_abc	0.991886409736308	0.984071821671186	11.5435563768125	0.941264036528255	141	22	205	32	0.156028368794326	0.15609756097561	0.92512932237516	0.906012532025259
1	component	metabolic	metabolic:SYS_31507_PDXST	metabolic:COMP_31507_PDXS	plp_biosynthesis_r5p	0.991891891891892	0.988448899855977	2.94117943548387	0.978989889150399	561	98	710	127	0.174688057040998	0.17887323943662	0.944795203797353	0.937297701086237
1	component	metabolic	metabolic:SYS_32171_PAAABCDE	metabolic:COMP_32171_PAAA	phenylacetate_degradation	0.992886178861789	0.98809421211722	4.91886264441592	0.983625771683657	114	24	285	63	0.210526315789474	0.221052631578947	0.943177144064736	0.945864480119141
1	component	metabolic	metabolic:SYS_32171_PAAABCDE	metabolic:COMP_32171_PAAB	phenylacetate_degradation	0.993896236012208	0.989361208505929	5.01465828169796	0.974677304655283	116	26	285	63	0.224137931034483	0.221052631578947	0.948977321098839	0.954220524358944
1	component	metabolic	metabolic:SYS_32171_PAAABCDE	metabolic:COMP_32171_PAAC	phenylacetate_degradation	0.995415180845644	0.991309132449945	5.11666885881601	0.983625771683657	115	25	285	65	0.217391304347826	0.228070175438596	0.958005535562763	0.961234859010969
1	component	metabolic	metabolic:SYS_32171_PAAABCDE	metabolic:COMP_32171_PAAD	phenylacetate_degradation	0.99440203562341	0.990003486358134	5.24199567703631	0.974677304655283	111	21	285	61	0.189189189189189	0.214035087719298	0.951939193809557	0.949332013129933
1	component	metabolic	metabolic:SYS_40523_FRD_DEDICATED	metabolic:COMP_40523_FRDB	succinate_fumarate_interconversion	0.995296331138288	0.989036507747344	10.8432005853455	0.95502675026699	135	29	185	40	0.214814814814815	0.216216216216216	0.947485507656558	0.95092947860991
1	component	metabolic	metabolic:SYS_40523_SDH_FRD_SHARED	metabolic:COMP_40523_FLAVOPROTEIN	succinate_fumarate_interconversion	0.982762836185819	0.979707284042873	1.42667335355489	0.97503672692281	1096	199	1300	239	0.181569343065693	0.183846153846154	0.906153982520076	0.897603342922085
1	component	metabolic	metabolic:SYS_40523_SDH_FRD_SHARED	metabolic:COMP_40523_IRON_SULFUR	succinate_fumarate_interconversion	0.99185687847008	0.989653949110766	1.42667335355489	0.981876475174666	1061	164	1300	204	0.154571159283695	0.156923076923077	0.950325485762622	0.936650887757612
1	component	metabolic	metabolic:SYS_40523_SDH_MITOCHONDRIAL	metabolic:COMP_40523_SDHA	succinate_fumarate_interconversion	0.990243902439024	0.98302475752353	9.27644088861271	0.982880042903022	110	17	125	19	0.154545454545455	0.152	0.920520521308422	0.899493671859663
1	component	metabolic	metabolic:SYS_42424_LEUCD	metabolic:COMP_42424_LARGE	oxobutanoate_biosynthesis_citramalate	0.985841516327929	0.983145567774246	1.32549551835384	0.988507572337421	1261	205	1535	261	0.162569389373513	0.170032573289902	0.921050438973525	0.904606808474379
1	component	metabolic	metabolic:SYS_42424_LEUCD	metabolic:COMP_42424_SMALL	oxobutanoate_biosynthesis_citramalate	0.98663009941721	0.984001286920256	1.32549551835384	0.975365781634761	1274	218	1535	274	0.171114599686028	0.178501628664495	0.924817713897418	0.9132276480393
1	component	metabolic	metabolic:SYS_57952_DMP	metabolic:COMP_57952_P2	phenol_hydroxylation	1	0.981693518040832	45.7821011673152	0.927302179716016	17	2	40	8	0.117647058823529	0.2	0.914712822881251	0.863180087760129
1	component	metabolic	metabolic:SYS_57952_DMP	metabolic:COMP_57952_P5	phenol_hydroxylation	1	0.981693518040832	46.8764940239044	0.927302179716016	17	2	40	4	0.117647058823529	0.1	0.914712822881251	0.863180087760129
1	component	metabolic	metabolic:SYS_74155_DGCAB	metabolic:COMP_74155_DGCA	sarcosine_demethylation	0.99822695035461	0.990025925436584	20.1115381812883	0.938870628567801	70	13	85	14	0.185714285714286	0.164705882352941	0.952042936492005	0.948543753949829
1	component	metabolic	metabolic:SYS_74167_DGCAB	metabolic:COMP_74167_DGCA	betaine_demethylation	0.99822695035461	0.990025925436584	20.1115381812883	0.938870628567801	70	13	85	14	0.185714285714286	0.164705882352941	0.952042936492005	0.948543753949829
1	component	regulatory	regulatory:SYS_RF_PST_PHOU	regulatory:COMP_RF_PSTS	phosphate_starvation_response	0.994664634146341	0.992796503001636	1.35516721692518	0.993263654782486	666	89	1390	189	0.133633633633634	0.135971223021583	0.964991256522409	0.948500284619623
1	component	regulatory	regulatory:SYS_RF_PST_PHOU	regulatory:COMP_RF_PSTC	phosphate_starvation_response	0.994033261393932	0.992075159823519	1.35792352880077	0.988708510173684	693	116	1390	262	0.167388167388167	0.188489208633094	0.961593267969758	0.954451403145201
1	component	regulatory	regulatory:SYS_RF_PST_PHOU	regulatory:COMP_RF_PSTA	phosphate_starvation_response	0.993024730500951	0.990932480772479	1.36001966931372	0.988708510173684	678	101	1390	226	0.148967551622419	0.162589928057554	0.956249247037229	0.942128733032789
1	component	regulatory	regulatory:SYS_RF_PST_PHOU	regulatory:COMP_RF_PSTB	phosphate_starvation_response	0.997325181505541	0.995914145857339	1.33498613032926	0.994916753375466	674	97	1390	223	0.143916913946588	0.160431654676259	0.979899244310316	0.972283273599438
1	component	structural	structural:SYS_SF_FLAGELLAR_C_RING	structural:COMP_SF_FLIG	flagellar_apparatus	0.989650175947009	0.986381971146474	2.33304427373122	0.98685145670657	627	107	925	156	0.170653907496013	0.168648648648649	0.935427268988625	0.925154267373847
1	component	structural	structural:SYS_SF_FLAGELLAR_C_RING	structural:COMP_SF_FLIM	flagellar_apparatus	0.983340189222542	0.97934211593483	2.35401437769938	0.967021919803652	664	144	925	190	0.216867469879518	0.205405405405405	0.904594114556645	0.911356799186293
1	component	structural	structural:SYS_SF_FLAGELLAR_C_RING	structural:COMP_SF_FLIN	flagellar_apparatus	0.984149855907781	0.980235827803487	2.28753599458928	0.976566632168783	606	86	925	132	0.141914191419142	0.142702702702703	0.908419212809162	0.875598093217131
1	component	structural	structural:SYS_SF_FLAGELLAR_EXPORT_ATPASE	structural:COMP_SF_FLII	flagellar_apparatus	0.991698451873458	0.988578948153362	2.30462650301069	0.986473790271188	724	142	880	166	0.196132596685083	0.188636363636364	0.945389574758988	0.944372650409203
1	component	structural	structural:SYS_SF_FLAGELLAR_EXPORT_GATE	structural:COMP_SF_FLHA	flagellar_apparatus	0.985510289794204	0.981703805712977	2.29887273388553	0.980925499883354	400	67	900	166	0.1675	0.184444444444444	0.914757483163134	0.899873934694767
1	component	structural	structural:SYS_SF_FLAGELLAR_EXPORT_GATE	structural:COMP_SF_FLHB	flagellar_apparatus	0.986131540239546	0.982395176099254	2.37860264503044	0.977562260257239	407	74	900	173	0.181818181818182	0.192222222222222	0.91776669211279	0.910281149112898
1	component	structural	structural:SYS_SF_FLAGELLAR_EXPORT_GATE	structural:COMP_SF_FLIP	flagellar_apparatus	0.993858534519272	0.991193765959311	2.34814046529192	0.990567940436991	388	55	900	153	0.141752577319588	0.17	0.957467050236778	0.941020666688084
1	component	structural	structural:SYS_SF_FLAGELLAR_EXPORT_GATE	structural:COMP_SF_FLIQ	flagellar_apparatus	0.996602251008707	0.994487509181951	2.3419257210642	0.99478830336736	410	77	900	175	0.18780487804878	0.194444444444444	0.973032185234857	0.971331231940146
1	component	structural	structural:SYS_SF_FLAGELLAR_EXPORT_GATE	structural:COMP_SF_FLIR	flagellar_apparatus	0.994701144552777	0.992189171895211	2.37252253533508	0.985584377245836	402	69	900	180	0.171641791044776	0.2	0.962129072689617	0.95614652524996
1	component	structural	structural:SYS_SF_FLAGELLAR_FILAMENT	structural:COMP_SF_FLIC	flagellar_apparatus	0.989695780176644	0.98610184283409	2.40594226230545	0.972130407496907	679	66	820	77	0.0972017673048601	0.0939024390243902	0.934168936062462	0.873364155586855
1	component	structural	structural:SYS_SF_FLAGELLAR_HOOK_FILAMENT_JUNCTION	structural:COMP_SF_FLGL	flagellar_apparatus	0.983603154836032	0.979612706534193	2.38964995246763	0.965900062018193	753	153	915	181	0.203187250996016	0.197814207650273	0.905749576817738	0.907090654119941
1	component	structural	structural:SYS_SF_FLAGELLAR_OUTER_RING	structural:COMP_SF_FLGI	flagellar_apparatus	0.989516129032258	0.985701072567461	3.07925066759946	0.98945271548292	572	121	670	140	0.211538461538462	0.208955223880597	0.932373318861705	0.93582532399554
1	component	structural	structural:SYS_SF_FLAGELLAR_ROD	structural:COMP_SF_FLIE	flagellar_apparatus	0.99358407079646	0.990800863179499	2.38484499734622	0.991520911374442	368	57	835	153	0.154891304347826	0.183233532934132	0.955636731022027	0.943447549808839
1	component	structural	structural:SYS_SF_FLAGELLAR_ROD	structural:COMP_SF_FLGB	flagellar_apparatus	0.99490474080638	0.992365573125812	2.38704102372102	0.990124199334467	366	55	835	154	0.150273224043716	0.184431137724551	0.962959012471593	0.951298753852578
1	component	structural	structural:SYS_SF_FLAGELLAR_ROD	structural:COMP_SF_FLGC	flagellar_apparatus	0.99866577718479	0.997091959192689	2.36329475751332	0.994542271086637	386	75	835	164	0.194300518134715	0.196407185628743	0.985626985217491	0.985211611693101
1	component	structural	structural:SYS_SF_FLAGELLAR_ROD	structural:COMP_SF_FLGG	flagellar_apparatus	0.995125193884334	0.992629733612128	2.44694734195258	0.981231798245943	379	68	835	165	0.179419525065963	0.197604790419162	0.964203973076844	0.960261126628198
1	component	structural	structural:SYS_SF_FLAGELLAR_STATOR_MOTAB	structural:COMP_SF_MOTA	flagellar_apparatus	0.994043951530088	0.991459227268007	2.35614849591116	0.983525618024676	809	74	925	97	0.0914709517923362	0.104864864864865	0.958706838375322	0.9139299567371
1	component	structural	structural:SYS_T4AP_ALIGNMENT_COMPLEX	structural:COMP_T4AP_PILM	type_iva_pilus	0.991277258566978	0.985411491149178	4.14918826904983	0.976052200616361	128	20	275	47	0.15625	0.170909090909091	0.931079259100368	0.913451645135917
1	component	structural	structural:SYS_T4AP_ALIGNMENT_COMPLEX	structural:COMP_T4AP_PILN	type_iva_pilus	0.992514036182158	0.986960628174312	4.52457192937593	0.972165259883599	148	40	275	71	0.27027027027027	0.258181818181818	0.938035075627723	0.953395110161213
1	component	structural	structural:SYS_T4AP_ALIGNMENT_COMPLEX	structural:COMP_T4AP_PILO	type_iva_pilus	0.993753903810119	0.988540327615054	5.14861665884186	0.984520616723561	133	25	275	56	0.18796992481203	0.203636363636364	0.945213002255688	0.941910318193084
1	unit	defense	defense:MECH_TYPE_I_RM	defense:DF_TYPE_I_RM_MODIFICATION	type_i_restriction_modification	0.983133038161501	0.979057967438125	2.01771207518022	0.975564899462114	643	67	845	97	0.104199066874028	0.114792899408284	0.903383242331123	0.829682743731998
1	unit	metabolic	metabolic:ADI_CANONICAL	metabolic:RHEA:19513	arginine_deiminase_pathway	0.995441595441595	0.9910306247976	1.24111113828185	0.974514200638538	285	26	405	36	0.0912280701754386	0.0888888888888889	0.95670639049796	0.909745938657811
1	unit	metabolic	metabolic:AMMONIUM_GS_GOGAT_FD	metabolic:RHEA:16169	ammonium_assimilation	1	0.995124071171945	1.0748150178131	0.990784364656036	84	7	100	9	0.0833333333333333	0.09	0.976086753020994	0.9444673593037
1	unit	metabolic	metabolic:AMP_ADENYLOSUCCINATE	metabolic:RHEA:15753	adenylate_biosynthesis	0.990148228488792	0.988130232946941	1.04899010052216	0.98285076712946	1488	270	1880	347	0.181451612903226	0.184574468085106	0.94334126851185	0.93790910397012
1	unit	metabolic	metabolic:AMP_ADENYLOSUCCINATE	metabolic:RHEA:16853	adenylate_biosynthesis	0.986403745723033	0.984075571866728	1.04899010052216	0.977326901644165	1533	315	1880	392	0.205479452054795	0.208510638297872	0.925145894620053	0.926996280680877
1	unit	metabolic	metabolic:ARA_ISOMERASE	metabolic:RHEA:22368	arabinose_degradation	0.986887508626639	0.979610682412755	4.17237456934999	0.943785901661889	188	32	285	41	0.170212765957447	0.143859649122807	0.905740924931945	0.891042871472523
1	unit	metabolic	metabolic:ARG_CANONICAL	metabolic:RHEA:10932	arginine_biosynthesis	0.99184505606524	0.989743433888678	1.15236979655017	0.985393676987736	1033	219	1535	304	0.212003872216844	0.198045602605863	0.950738197192425	0.953397463701058
1	unit	metabolic	metabolic:ARG_CANONICAL	metabolic:RHEA:24020	arginine_biosynthesis	0.988932806324111	0.98653197680118	1.16044513804822	0.984432255666218	996	182	1535	287	0.182730923694779	0.186970684039088	0.936102192614772	0.930483288868413
1	unit	metabolic	metabolic:ASA_CANONICAL	metabolic:RHEA:23776	aspartate_semialdehyde_biosynthesis	0.985232273838631	0.982705401195883	1.13951075729729	0.982481947489164	1501	190	1820	240	0.126582278481013	0.131868131868132	0.91912201517776	0.877938590843215
1	unit	metabolic	metabolic:ASA_CANONICAL	metabolic:RHEA:24284	aspartate_semialdehyde_biosynthesis	0.990268357416691	0.988167072923968	1.13951075729729	0.980543227711261	1580	269	1820	319	0.170253164556962	0.175274725274725	0.943509172012025	0.934287618061134
1	unit	metabolic	metabolic:BETAINE_CODA	metabolic:RHEA:13505	choline_to_betaine	1	0.986418331681325	42.1720430107527	0.908190130459022	47	0	55	8	0	0.145454545454545	0.935590796178518	0
1	unit	metabolic	metabolic:BETAINE_CODA	metabolic:RHEA:20369	choline_to_betaine	1	0.986418331681325	42.1720430107527	0.908190130459022	47	0	55	8	0	0.145454545454545	0.935590796178518	0
1	unit	metabolic	metabolic:BIOTIN_SAM	metabolic:RHEA:15805	biotin_biosynthesis	0.985239196158634	0.981739605163136	1.8107348300535	0.972459210207391	523	95	1030	195	0.181644359464627	0.189320388349515	0.914912920485483	0.907113312313675
1	unit	metabolic	metabolic:BIOTIN_SAM	metabolic:RHEA:22060	biotin_biosynthesis	0.991055456171735	0.988227999904269	1.55187097382441	0.982938577577698	538	110	1030	201	0.204460966542751	0.195145631067961	0.943786959207698	0.944945903555839
1	unit	metabolic	metabolic:CHOR_SHIKIMATE	metabolic:RHEA:21968	chorismate_biosynthesis	0.985022466300549	0.982120896887006	1.26387942622598	0.96819106141687	626	109	1520	319	0.174121405750799	0.209868421052632	0.916571025393438	0.90534516571257
1	unit	metabolic	metabolic:CHOR_SHIKIMATE	metabolic:RHEA:21096	chorismate_biosynthesis	0.989716578881364	0.98725449363657	1.20299641189237	0.971408943087847	590	73	1520	258	0.123728813559322	0.169736842105263	0.939363823287427	0.905516988151263
1	unit	metabolic	metabolic:CHOR_SHIKIMATE	metabolic:RHEA:21256	chorismate_biosynthesis	0.988105671716539	0.985482500617849	1.21205706144879	0.980720204738307	633	116	1520	282	0.183254344391785	0.185526315789474	0.931396318693185	0.925593810815105
1	unit	metabolic	metabolic:CHOR_SHIKIMATE	metabolic:RHEA:21020	chorismate_biosynthesis	0.993829492507241	0.991852286762579	1.1758067178321	0.990015639984152	636	119	1520	312	0.187106918238994	0.205263157894737	0.960547233136211	0.957942975093401
1	unit	metabolic	metabolic:CORRIN_AEROBIC	metabolic:RHEA:32459	corrin_ring_biosynthesis	1	0.990018074215645	1.46744824145672	0.951276156785991	3	0	45	0	0	0	0.952006635873629	0
1	unit	metabolic	metabolic:CORRIN_AEROBIC	metabolic:RHEA:16841	corrin_ring_biosynthesis	1	0.990018074215645	3.05293201868189	0.951276156785991	3	0	45	9	0	0.2	0.952006635873629	0
1	unit	metabolic	metabolic:CORRIN_AEROBIC	metabolic:RHEA:22012	corrin_ring_biosynthesis	1	0.990018074215645	3.06885758998435	0.951276156785991	4	1	45	10	0.25	0.222222222222222	0.952006635873629	0.961233198858261
1	unit	metabolic	metabolic:CORRIN_AEROBIC	metabolic:RHEA:22512	corrin_ring_biosynthesis	0.994778067885117	0.981162740354264	3.06081557184526	0.951276156785991	4	1	45	10	0.25	0.222222222222222	0.912413277132051	0.928681307596266
1	unit	metabolic	metabolic:CORRIN_ANAEROBIC	metabolic:RHEA:32459	corrin_ring_biosynthesis	0.998657718120805	0.992436323326374	1.46547851227356	0.979104501755633	8	0	150	19	0	0.126666666666667	0.963292200343867	0
1	unit	metabolic	metabolic:CORRIN_ANAEROBIC	metabolic:RHEA:26277	corrin_ring_biosynthesis	0.998657718120805	0.992436323326374	3.06473831805149	0.969373404312758	12	4	150	37	0.333333333333333	0.246666666666667	0.963292200343867	0.977647110043821
1	unit	metabolic	metabolic:CORRIN_ANAEROBIC	metabolic:RHEA:34591	corrin_ring_biosynthesis	0.998657718120805	0.992436323326374	3.02295001579866	0.969373404312758	8	0	150	30	0	0.2	0.963292200343867	0
1	unit	metabolic	metabolic:CORRIN_ANAEROBIC	metabolic:RHEA:16209	corrin_ring_biosynthesis	0.994652406417112	0.986331540024964	3.06042892623006	0.969373404312758	9	1	150	23	0.111111111111111	0.153333333333333	0.935200535663565	0.889109481170529
1	unit	metabolic	metabolic:DAP_ACETYL	metabolic:RHEA:34171	dap_biosynthesis	1	0.993305713935719	1.19512442864398	0.954181869774776	39	7	130	16	0.17948717948718	0.123076923076923	0.967401465343659	0.963810743295946
1	unit	metabolic	metabolic:DAP_ACETYL	metabolic:RHEA:35331	dap_biosynthesis	0.994764397905759	0.984721198985428	1.2209887237387	0.91536621538745	42	10	130	25	0.238095238095238	0.192307692307692	0.928005927367088	0.938820246246693
1	unit	metabolic	metabolic:DAP_AMINOTRANSFERASE	metabolic:RHEA:34171	dap_biosynthesis	0.991658488714426	0.986681563238744	1.18515528473478	0.977850821342132	219	35	395	61	0.159817351598174	0.154430379746835	0.936775995800612	0.922117716527408
1	unit	metabolic	metabolic:DAP_AMINOTRANSFERASE	metabolic:RHEA:35331	dap_biosynthesis	0.993120393120393	0.988485048916695	1.21897084763765	0.98297295326403	227	43	395	74	0.18942731277533	0.187341772151899	0.94496035964863	0.942066350729674
1	unit	metabolic	metabolic:DAP_DEHYDROGENASE	metabolic:RHEA:34171	dap_biosynthesis	0.992795389048991	0.983246515527998	1.18651402209756	0.963924851371798	88	13	140	20	0.147727272727273	0.142857142857143	0.921493600612364	0.89658713840634
1	unit	metabolic	metabolic:DAP_SUCCINYL	metabolic:RHEA:34171	dap_biosynthesis	0.99813153961136	0.996563763180146	1.19289138598956	0.992420156474309	347	31	910	91	0.0893371757925072	0.1	0.983051768449866	0.962838006614868
1	unit	metabolic	metabolic:DAP_SUCCINYL	metabolic:RHEA:35331	dap_biosynthesis	0.994230411315838	0.991822328327433	1.22033330059901	0.98787852254985	394	78	910	175	0.197969543147208	0.192307692307692	0.960406763588476	0.96001691562233
1	unit	metabolic	metabolic:DHB_CHORISMATE	metabolic:RHEA:18985	dihydroxybenzoate_biosynthesis	0.987665198237885	0.979402118092649	2.58126804141869	0.958640701822097	154	16	220	24	0.103896103896104	0.109090909090909	0.904850133331774	0.831653309437633
1	unit	metabolic	metabolic:DHB_CHORISMATE	metabolic:RHEA:23824	dihydroxybenzoate_biosynthesis	0.990282685512368	0.982683617664177	8.61809621134506	0.908392232913437	158	20	220	36	0.126582278481013	0.163636363636364	0.919026743775897	0.877801256655858
1	unit	metabolic	metabolic:ECT_ABC	metabolic:RHEA:11160	ectoine_biosynthesis	0.990384615384615	0.983268472604222	4.56438127090301	0.979472411794301	143	21	215	28	0.146853146853147	0.130232558139535	0.921590036809974	0.896159765749938
1	unit	metabolic	metabolic:ECT_ABC	metabolic:RHEA:17281	ectoine_biosynthesis	0.99597099113618	0.99060308882827	8.02643471349884	0.979472411794301	156	34	215	37	0.217948717948718	0.172093023255814	0.954717506420552	0.958291114404633
1	unit	metabolic	metabolic:ETHANOL_ADHE	metabolic:RHEA:23288	ethanol_formation	1	0.998474910412582	3.15611587982833	0.990580999558424	375	0	475	88	0	0.185263157894737	0.992420787972287	0
1	unit	metabolic	metabolic:FOLATE_THF	metabolic:RHEA:17473	folate_biosynthesis	0.989815712900097	0.98699211156081	1.14077497090631	0.983834626754249	438	68	1110	179	0.155251141552511	0.161261261261261	0.938177289489372	0.921752139093902
1	unit	metabolic	metabolic:FOLATE_THF	metabolic:RHEA:19949	folate_biosynthesis	0.99093704482926	0.988250234149996	1.24993195427327	0.979763641306683	449	79	1110	223	0.175946547884187	0.200900900900901	0.943888365038991	0.936702956292358
1	unit	metabolic	metabolic:FOLATE_THF	metabolic:RHEA:23584	folate_biosynthesis	0.98869691587276	0.985744549729043	1.21265588576659	0.979763641306683	444	74	1110	207	0.166666666666667	0.186486486486486	0.932567851219625	0.920158202260364
1	unit	metabolic	metabolic:GAL_LELOIR	metabolic:RHEA:22168	galactose_degradation_leloir	0.992085561497326	0.989110597298912	1.13748574513521	0.976718345074665	497	57	745	93	0.114688128772636	0.124832214765101	0.947825579592608	0.912414370869938
1	unit	metabolic	metabolic:GLCNAC_PTS	metabolic:RHEA:22936	glcnac_degradation	0.984166666666667	0.978343143833629	1.63763329090652	0.948528263773168	322	48	450	80	0.149068322981366	0.177777777777778	0.900348290155487	0.870702887716909
1	unit	metabolic	metabolic:GMP_XMP	metabolic:RHEA:11680	guanylate_biosynthesis	0.990613718411552	0.988640490746136	1.03660272241465	0.985679740191381	1525	214	1840	255	0.140327868852459	0.138586956521739	0.945671054373087	0.924317024411056
1	unit	metabolic	metabolic:HEME_COPRO	metabolic:RHEA:19865	heme_b_biosynthesis	0.993520518358531	0.988708355683008	1.25615327949779	0.979620108888212	195	34	340	64	0.174358974358974	0.188235294117647	0.945981604451474	0.9385260644249
1	unit	metabolic	metabolic:HEME_COPRO	metabolic:RHEA:49572	heme_b_biosynthesis	0.988184747583244	0.982174813745783	1.27043069712243	0.963465341052617	197	36	340	62	0.182741116751269	0.182352941176471	0.916805872033925	0.909658482305591
1	unit	metabolic	metabolic:HEME_PROTO_HEMF_HEMG	metabolic:RHEA:22584	heme_b_biosynthesis	0.991902834008097	0.984103896539345	1.275210745732	0.975029755247836	92	19	175	28	0.206521739130435	0.16	0.925271077435105	0.92745975326934
1	unit	metabolic	metabolic:HEME_PROTO_HEMF_HEMJ	metabolic:RHEA:19865	heme_b_biosynthesis	0.99192342207598	0.988274303435049	1.25413399786654	0.98340463012928	290	64	525	110	0.220689655172414	0.20952380952381	0.943998159529011	0.948980470741437
1	unit	metabolic	metabolic:HEME_PROTO_HEMF_HEMJ	metabolic:RHEA:22584	heme_b_biosynthesis	0.983684366656778	0.978824328344702	1.26464491456334	0.986922394010513	274	48	525	101	0.175182481751825	0.192380952380952	0.902389512276127	0.890081331945075
1	unit	metabolic	metabolic:HEME_PROTO_HEMF_HEMY	metabolic:RHEA:19865	heme_b_biosynthesis	0.990182328190743	0.983587902758153	1.25193265350229	0.981961441443835	97	13	165	26	0.134020618556701	0.157575757575758	0.922994782276402	0.889281874290014
1	unit	metabolic	metabolic:HEME_PROTO_HEMF_HEMY	metabolic:RHEA:22584	heme_b_biosynthesis	0.986033519553073	0.978525525134339	1.26766503398836	0.979277210703829	94	10	165	22	0.106382978723404	0.133333333333333	0.901121114258128	0.828988030995709
1	unit	metabolic	metabolic:HEME_PROTO_HEMN_HEMG	metabolic:RHEA:19865	heme_b_biosynthesis	0.993150684931507	0.986542809626299	1.25568568223771	0.956191187614688	112	19	205	32	0.169642857142857	0.15609756097561	0.936150962730356	0.925575689219758
1	unit	metabolic	metabolic:HEME_PROTO_HEMN_HEMG	metabolic:RHEA:22584	heme_b_biosynthesis	0.988917306052856	0.981130875042772	1.27137248940318	0.971528358995203	111	18	205	36	0.162162162162162	0.175609756097561	0.912275512481074	0.893976662089416
1	unit	metabolic	metabolic:HEME_PROTO_HEMN_HEMJ	metabolic:RHEA:19865	heme_b_biosynthesis	0.991590985536495	0.987615569079952	1.25371368319605	0.980772302886637	293	59	500	102	0.201365187713311	0.204	0.941000544141366	0.94137709150514
1	unit	metabolic	metabolic:HEME_PROTO_HEMN_HEMJ	metabolic:RHEA:22584	heme_b_biosynthesis	0.986283037805286	0.981445263874052	1.26798581980081	0.984840881247999	278	44	500	90	0.158273381294964	0.18	0.913636152942178	0.893296985996731
1	unit	metabolic	metabolic:HEME_PROTO_HEMN_HEMY	metabolic:RHEA:19865	heme_b_biosynthesis	0.989729225023343	0.981702481156166	1.25135977451372	0.95996835286675	128	23	205	41	0.1796875	0.2	0.914751732877167	0.906020628948987
1	unit	metabolic	metabolic:HIS_CANONICAL	metabolic:RHEA:18473	histidine_biosynthesis	0.994940734316276	0.992972236498959	1.29467735898754	0.986968024728415	210	41	1205	218	0.195238095238095	0.180912863070539	0.965821963134867	0.965017514252486
1	unit	metabolic	metabolic:HIS_CANONICAL	metabolic:RHEA:20049	histidine_biosynthesis	0.991643855352255	0.989213798591556	1.32062044166097	0.986133131455794	200	31	1205	261	0.155	0.216597510373444	0.948299596804824	0.934276301534969
1	unit	metabolic	metabolic:HIS_CANONICAL	metabolic:RHEA:15469	histidine_biosynthesis	0.993361235387502	0.991156850118603	1.29908728415798	0.982067599808125	212	43	1205	205	0.202830188679245	0.170124481327801	0.957294843008937	0.957865621637984
1	unit	metabolic	metabolic:HIS_CANONICAL	metabolic:RHEA:24793	histidine_biosynthesis	0.986810035842294	0.983852023854344	1.3109186950119	0.979696868126447	276	107	1205	419	0.38768115942029	0.347717842323651	0.924158843984509	0.959383197764116
1	unit	metabolic	metabolic:HIS_CANONICAL	metabolic:RHEA:11040	histidine_biosynthesis	0.994796935973407	0.992805539991397	1.29434709152528	0.981272421736112	195	26	1205	228	0.133333333333333	0.189211618257261	0.965033947424634	0.948452133836167
1	unit	metabolic	metabolic:HIS_CANONICAL	metabolic:RHEA:23744	histidine_biosynthesis	0.995372378886479	0.993474659528967	1.27841408252137	0.988666156616612	197	28	1205	138	0.142131979695431	0.114522821576763	0.968203236476311	0.955829238285235
1	unit	metabolic	metabolic:HIS_CANONICAL	metabolic:RHEA:33799	histidine_biosynthesis	1	0.999442203090599	1.32024236983842	0.997437047888865	169	0	1205	229	0	0.190041493775934	0.997217224347628	0
1	unit	metabolic	metabolic:HIS_CANONICAL	metabolic:RHEA:33803	histidine_biosynthesis	1	0.999442203090599	1.32024236983842	0.997437047888865	169	0	1205	229	0	0.190041493775934	0.997217224347628	0
1	unit	metabolic	metabolic:HUT_FORMAMIDE	metabolic:RHEA:21232	histidine_degradation_glutamate	0.992212551534585	0.987563651379503	2.03599108499406	0.976117036974712	205	40	370	59	0.195121951219512	0.159459459459459	0.940764928877664	0.939373831983963
1	unit	metabolic	metabolic:HUT_FORMAMIDE	metabolic:RHEA:13101	histidine_degradation_glutamate	0.98949291914116	0.984282440228602	2.09019276240842	0.984562798578261	217	52	370	77	0.23963133640553	0.208108108108108	0.926060777725228	0.937525220352931
1	unit	metabolic	metabolic:HUT_FORMAMIDE	metabolic:RHEA:23660	histidine_degradation_glutamate	0.986788154897494	0.981090049722269	2.12842336031603	0.968508549122811	199	34	370	62	0.170854271356784	0.167567567567568	0.912099058354847	0.898624306826014
1	unit	metabolic	metabolic:ILE_CANONICAL	metabolic:RHEA:27654	isoleucine_biosynthesis	0.993220338983051	0.99124645872286	1.25254346285901	0.991108491056838	857	83	1475	140	0.0968494749124854	0.0949152542372881	0.957712939724734	0.916438153824484
1	unit	metabolic	metabolic:ILE_CANONICAL	metabolic:RHEA:13493	isoleucine_biosynthesis	0.994848378410022	0.993091784529001	1.26984009767545	0.989879616610899	942	168	1475	263	0.178343949044586	0.178305084745763	0.966387725970859	0.962459456919897
1	unit	metabolic	metabolic:ILE_CANONICAL	metabolic:RHEA:27694	isoleucine_biosynthesis	0.989864864864865	0.987516034826552	1.28169362826015	0.989274087913052	912	138	1475	226	0.151315789473684	0.153220338983051	0.940548915220409	0.922896000186122
1	unit	metabolic	metabolic:LEU_CANONICAL	metabolic:RHEA:21524	leucine_biosynthesis	0.991421422614083	0.989211287500146	1.30248598241149	0.984205733097708	693	75	1455	167	0.108225108225108	0.114776632302405	0.948288058576059	0.908450917557365
1	unit	metabolic	metabolic:LEU_CANONICAL	metabolic:RHEA:16293	leucine_biosynthesis	1	0.999538554709988	1.33129667345553	0.998087724213221	618	0	1455	452	0	0.310652920962199	0.997697024339027	0
1	unit	metabolic	metabolic:LEU_CANONICAL	metabolic:RHEA:10676	leucine_biosynthesis	1	0.999538554709988	1.33129667345553	0.998087724213221	618	0	1455	452	0	0.310652920962199	0.997697024339027	0
1	unit	metabolic	metabolic:LEU_CANONICAL	metabolic:RHEA:32271	leucine_biosynthesis	0.992130678430905	0.990001400987832	1.30955907139534	0.981308367359183	750	132	1455	263	0.176	0.180756013745704	0.951929553417997	0.945730234140555
1	unit	metabolic	metabolic:LOOP_DMB	metabolic:RHEA:16049	cobamide_nucleotide_loop_assembly	0.990015128593041	0.98601112278593	2.17688619006274	0.978604058895906	310	65	595	109	0.209677419354839	0.183193277310924	0.933761995194184	0.936625388902401
1	unit	metabolic	metabolic:MK_CLASSIC	metabolic:RHEA:25593	menaquinone_biosynthesis	0.989513822688275	0.985310533199343	3.0438221275164	0.984533680586607	154	39	530	103	0.253246753246753	0.194339622641509	0.930628771432564	0.944403602014854
1	unit	metabolic	metabolic:MK_CLASSIC	metabolic:RHEA:17009	menaquinone_biosynthesis	0.988885360431883	0.984582068824259	3.0426844013707	0.982002878965428	151	36	530	107	0.23841059602649	0.20188679245283	0.9273884251742	0.938365928547571
1	unit	metabolic	metabolic:MK_CLASSIC	metabolic:RHEA:26562	menaquinone_biosynthesis	0.99775712912528	0.995377320953447	2.76486349064721	0.987186320755103	146	31	530	111	0.212328767123288	0.209433962264151	0.977306228848787	0.978595727218771
1	unit	metabolic	metabolic:MK_CLASSIC	metabolic:RHEA:26478	menaquinone_biosynthesis	0.994888178913738	0.991712102722881	2.61408090957996	0.982002878965428	142	27	530	109	0.190140845070423	0.205660377358491	0.959890216670572	0.957898012432701
1	unit	metabolic	metabolic:NEUAC_LYASE	metabolic:RHEA:25257	neuac_degradation	0.997840172786177	0.987868639142216	5.36589921069569	0.932418010429355	34	4	85	9	0.117647058823529	0.105882352941176	0.942150374443533	0.905483074671315
1	unit	metabolic	metabolic:NEUAC_LYASE	metabolic:RHEA:22936	neuac_degradation	0.997840172786177	0.987868639142216	1.6603857266302	0.932418010429355	35	5	85	10	0.142857142857143	0.117647058823529	0.942150374443533	0.920842223317336
1	unit	metabolic	metabolic:OBU_CITRAMALATE	metabolic:RHEA:22332	oxobutanoate_biosynthesis_citramalate	1	0.993476242504062	1.36275191104934	0.980384853629872	41	0	85	22	0	0.258823529411765	0.96821075385171	0
1	unit	metabolic	metabolic:OBU_CITRAMALATE	metabolic:RHEA:42424	oxobutanoate_biosynthesis_citramalate	1	0.993476242504062	1.36275191104934	0.980384853629872	41	0	85	22	0	0.258823529411765	0.96821075385171	0
1	unit	metabolic	metabolic:OBU_CITRAMALATE	metabolic:RHEA:32715	oxobutanoate_biosynthesis_citramalate	0.991525423728814	0.980316768723464	1.30876016778026	0.980384853629872	50	9	85	13	0.18	0.152941176470588	0.908766892998101	0.899647159050808
1	unit	metabolic	metabolic:OIV_CANONICAL	metabolic:RHEA:25249	oxoisovalerate_biosynthesis	0.988379888268156	0.98594070920796	1.24643920314717	0.98688352578898	1080	99	1545	149	0.0916666666666667	0.0964401294498382	0.933446335338791	0.86538041756641
1	unit	metabolic	metabolic:OIV_CANONICAL	metabolic:RHEA:22068	oxoisovalerate_biosynthesis	0.99370927881375	0.991840504417761	1.26838613305734	0.988573434993892	1188	207	1545	275	0.174242424242424	0.177993527508091	0.960491984016332	0.954914979350741
1	unit	metabolic	metabolic:OIV_CANONICAL	metabolic:RHEA:24809	oxoisovalerate_biosynthesis	0.988269467098648	0.98582013788458	1.2796278804757	0.988006418156844	1148	167	1545	235	0.145470383275261	0.15210355987055	0.932906212069522	0.910019116185764
1	unit	metabolic	metabolic:ORN_DEACETYLASE	metabolic:RHEA:14629	ornithine_biosynthesis	0.99721059972106	0.994872659920211	1.36337205627678	0.989853084148818	326	58	630	126	0.177914110429448	0.2	0.974878524983909	0.971847790502571
1	unit	metabolic	metabolic:ORN_DEACETYLASE	metabolic:RHEA:21588	ornithine_biosynthesis	0.996099191975481	0.9934626248267	1.38355602559125	0.985001658150138	317	49	630	108	0.154574132492114	0.171428571428571	0.968146088026726	0.959167180519031
1	unit	metabolic	metabolic:ORN_TRANSACETYLASE	metabolic:RHEA:24292	ornithine_biosynthesis	1	0.999362608273753	1.47001499250375	0.997582226433089	515	0	1110	109	0	0.0981981981981982	0.996821146069542	0
1	unit	metabolic	metabolic:ORN_TRANSACETYLASE	metabolic:RHEA:14629	ornithine_biosynthesis	0.991114036531183	0.988424726250029	1.35503692235951	0.98770034086003	637	122	1110	223	0.191522762951334	0.200900900900901	0.944684786218386	0.942377489608357
1	unit	metabolic	metabolic:ORN_TRANSACETYLASE	metabolic:RHEA:21588	ornithine_biosynthesis	0.993894389438944	0.991596008755436	1.38049361186856	0.989303954059706	616	101	1110	203	0.163961038961039	0.182882882882883	0.959346645517705	0.950850145457245
1	unit	metabolic	metabolic:OXOPENTENOATE_LOWER	metabolic:RHEA:23288	oxopentenoate_degradation	0.988329686360321	0.981126633816629	3.11928301762756	0.963899995107341	191	24	230	30	0.12565445026178	0.130434782608696	0.912257178670779	0.867235099809734
1	unit	metabolic	metabolic:PAA_COA_EPOXIDASE	metabolic:RHEA:31755	phenylacetate_degradation	1	0.982446384241207	8.86661642803316	0.831820773740436	2	0	25	4	0	0.16	0.917990195586545	0
1	unit	metabolic	metabolic:PAA_COA_EPOXIDASE	metabolic:RHEA:31747	phenylacetate_degradation	1	0.982446384241207	8.86661642803316	0.831820773740436	2	0	25	4	0	0.16	0.917990195586545	0
1	unit	metabolic	metabolic:PANTOTHENATE_PANBCDE	metabolic:RHEA:11824	pantothenate_biosynthesis	0.984677264891783	0.980971274928792	1.39772140170307	0.974212120558339	577	107	975	182	0.185441941074523	0.186666666666667	0.911585997618975	0.90530237320855
1	unit	metabolic	metabolic:PCR_FOLATE_DIRECT_FOLATE	metabolic:RHEA:14905	purine_core_biosynthesis	0.989247311827957	0.98032046531913	1.09972447760466	0.97767524627903	23	4	90	15	0.173913043478261	0.166666666666667	0.908782776638214	0.896516119963885
1	unit	metabolic	metabolic:PCR_FOLATE_DIRECT_FOLATE	metabolic:RHEA:17453	purine_core_biosynthesis	1	0.995841863509841	1.11325574794209	0.994495226913783	20	1	90	20	0.05	0.222222222222222	0.979549462061389	0.92292643579224
1	unit	metabolic	metabolic:PCR_FOLATE_DIRECT_FOLATE	metabolic:RHEA:15053	purine_core_biosynthesis	0.989247311827957	0.98032046531913	1.15368062949428	0.985358745855079	20	1	90	18	0.05	0.2	0.908782776638214	0.713525368028849
1	unit	metabolic	metabolic:PCR_FOLATE_DIRECT_FOLATE	metabolic:RHEA:23032	purine_core_biosynthesis	0.997830802603037	0.992125525637532	1.10488210271291	0.994495226913783	20	1	90	20	0.05	0.222222222222222	0.961829905897357	0.863006758363501
1	unit	metabolic	metabolic:PCR_FOLATE_DIRECT_FOLATE	metabolic:RHEA:22192	purine_core_biosynthesis	1	0.995841863509841	1.11897289586305	0.994495226913783	19	0	90	23	0	0.255555555555556	0.979549462061389	0
1	unit	metabolic	metabolic:PCR_FOLATE_DIRECT_FOLATE	metabolic:RHEA:18445	purine_core_biosynthesis	1	0.995841863509841	1.10958129007922	0.994495226913783	19	0	90	23	0	0.255555555555556	0.979549462061389	0
1	unit	metabolic	metabolic:PCR_FOLATE_TWOSTEP_FOLATE	metabolic:RHEA:14905	purine_core_biosynthesis	0.994569757727652	0.992585751761684	1.10564132364168	0.989045286392504	141	30	1185	264	0.212765957446809	0.222784810126582	0.963996513940771	0.966083456275776
1	unit	metabolic	metabolic:PCR_FOLATE_TWOSTEP_FOLATE	metabolic:RHEA:17453	purine_core_biosynthesis	0.995540069686411	0.993710863453374	1.10829070488507	0.989965036161508	136	25	1185	214	0.183823529411765	0.180590717299578	0.969325969921272	0.966716497919012
1	unit	metabolic	metabolic:PCR_FOLATE_TWOSTEP_FOLATE	metabolic:RHEA:17129	purine_core_biosynthesis	0.982530949105915	0.97925460462263	1.12477711103135	0.973135350102726	159	48	1185	435	0.30188679245283	0.367088607594937	0.904220922444246	0.934426674610721
1	unit	metabolic	metabolic:PCR_FOLATE_TWOSTEP_FOLATE	metabolic:RHEA:23032	purine_core_biosynthesis	0.997207873795896	0.995690992767744	1.10419234359896	0.994914784246602	133	22	1185	250	0.165413533834586	0.210970464135021	0.978820022542887	0.974504390148798
1	unit	metabolic	metabolic:PCR_FOLATE_TWOSTEP_FOLATE	metabolic:RHEA:13193	purine_core_biosynthesis	0.996929518492673	0.995355112985985	1.23981320310589	0.994914784246602	129	18	1185	227	0.13953488372093	0.191561181434599	0.977199193608002	0.967638586247603
1	unit	metabolic	metabolic:PCR_FOLATE_TWOSTEP_FOLATE	metabolic:RHEA:22628	purine_core_biosynthesis	0.99346314325452	0.991318879355788	1.10077100890222	0.982076666929357	136	25	1185	235	0.183823529411765	0.19831223628692	0.958051052283054	0.954527407296384
1	unit	metabolic	metabolic:PCR_FOLATE_TWOSTEP_FOLATE	metabolic:RHEA:23920	purine_core_biosynthesis	0.994569757727652	0.992585751761684	1.05767423801731	0.988139668694408	139	28	1185	256	0.201438848920863	0.216033755274262	0.963996513940771	0.964244486533118
1	unit	metabolic	metabolic:PCR_FOLATE_TWOSTEP_FOLATE	metabolic:RHEA:22192	purine_core_biosynthesis	1	0.999462495578865	1.11897289586305	0.997317119952444	111	0	1185	256	0	0.216033755274262	0.997318243717758	0
1	unit	metabolic	metabolic:PCR_FOLATE_TWOSTEP_FOLATE	metabolic:RHEA:18445	purine_core_biosynthesis	0.999860022396417	0.999207475937213	1.10942597354925	0.997317119952444	111	0	1185	256	0	0.216033755274262	0.996049901877316	0
1	unit	metabolic	metabolic:PCR_FORMATE_TWOSTEP_FOLATE	metabolic:RHEA:14905	purine_core_biosynthesis	0.998037933289732	0.99572569954093	1.10949681812991	0.990392544855043	72	13	545	126	0.180555555555556	0.231192660550459	0.9789877484111	0.97677743990041
1	unit	metabolic	metabolic:PCR_FORMATE_TWOSTEP_FOLATE	metabolic:RHEA:17453	purine_core_biosynthesis	0.997059784384188	0.994421191856811	1.1099825360076	0.985871793926585	72	13	545	105	0.180555555555556	0.192660550458716	0.972714834106749	0.969864980442166
1	unit	metabolic	metabolic:PCR_FORMATE_TWOSTEP_FOLATE	metabolic:RHEA:17129	purine_core_biosynthesis	0.989944858903665	0.985763141231456	1.13326437145948	0.974573435174673	73	14	545	143	0.191780821917808	0.262385321100917	0.932651055785263	0.929966815078822
1	unit	metabolic	metabolic:PCR_FORMATE_TWOSTEP_FOLATE	metabolic:RHEA:23032	purine_core_biosynthesis	0.998037933289732	0.99572569954093	1.1051114552124	0.990392544855043	74	15	545	121	0.202702702702703	0.222018348623853	0.9789877484111	0.979262101766484
1	unit	metabolic	metabolic:PCR_FORMATE_TWOSTEP_FOLATE	metabolic:RHEA:13193	purine_core_biosynthesis	0.997711670480549	0.995283781843428	1.24078591215243	0.985871793926585	67	8	545	114	0.119402985074627	0.209174311926606	0.976855526756874	0.961829329361813
1	unit	metabolic	metabolic:PCR_FORMATE_TWOSTEP_FOLATE	metabolic:RHEA:22628	purine_core_biosynthesis	0.996408749591903	0.993580425014564	1.10403478177779	0.971147552873341	73	14	545	114	0.191780821917808	0.209174311926606	0.968705709256983	0.96740823691556
1	unit	metabolic	metabolic:PCR_FORMATE_TWOSTEP_FOLATE	metabolic:RHEA:23920	purine_core_biosynthesis	0.996734160679295	0.99399845078673	1.05997597022348	0.985871793926585	67	8	545	113	0.119402985074627	0.207339449541284	0.970695737820173	0.951867441010205
1	unit	metabolic	metabolic:PCR_FORMATE_TWOSTEP_FOLATE	metabolic:RHEA:22192	purine_core_biosynthesis	0.999018003273322	0.997116641285424	1.11787406814207	0.990392544855043	59	0	545	110	0	0.201834862385321	0.985747585718806	0
1	unit	metabolic	metabolic:PCR_FORMATE_TWOSTEP_FOLATE	metabolic:RHEA:18445	purine_core_biosynthesis	1	0.998742912898792	1.10958129007922	0.990392544855043	59	0	545	110	0	0.201834862385321	0.993746011725922	0
1	unit	metabolic	metabolic:PHE_CANONICAL	metabolic:RHEA:25152	phenylalanine_biosynthesis	0.99224710804824	0.990093826456119	1.04838177741519	0.991971996637357	1084	47	1420	68	0.0433579335793358	0.047887323943662	0.952356972668213	0.81250592772577
1	unit	metabolic	metabolic:PLP_DXP	metabolic:RHEA:16573	plp_biosynthesis_dxp	0.997782705099778	0.99350114849921	1.3371197389754	0.963444576131746	65	11	245	48	0.169230769230769	0.195918367346939	0.968329041910106	0.962784983209595
1	unit	metabolic	metabolic:PLP_DXP	metabolic:RHEA:32275	plp_biosynthesis_dxp	0.991189427312775	0.984663037001491	2.71027999111367	0.963444576131746	77	23	245	49	0.298701298701299	0.2	0.927747707927734	0.950439128887892
1	unit	metabolic	metabolic:PLP_DXP	metabolic:RHEA:15265	plp_biosynthesis_dxp	0.997045790251108	0.992428619461811	2.18255642197108	0.975029755247836	71	17	245	52	0.23943661971831	0.212244897959184	0.963255911223673	0.96912100008094
1	unit	metabolic	metabolic:PLP_DXP	metabolic:RHEA:15149	plp_biosynthesis_dxp	0.987564008778347	0.980174249326727	1.64235733247859	0.935124903375596	69	15	245	51	0.217391304347826	0.208163265306122	0.908154843339621	0.914877005088205
1	unit	metabolic	metabolic:PRO_CANONICAL	metabolic:RHEA:14877	proline_biosynthesis	0.993198771390961	0.991291471372561	1.25507214522458	0.991107854492082	1080	177	1540	262	0.163888888888889	0.17012987012987	0.9579230694788	0.94912356638281
1	unit	metabolic	metabolic:PRO_CANONICAL	metabolic:RHEA:19541	proline_biosynthesis	0.991350049271871	0.989233501821702	1.2585481959142	0.989251739968923	1088	185	1540	280	0.170036764705882	0.181818181818182	0.948390139006006	0.939842744407735
1	unit	metabolic	metabolic:PRO_CANONICAL	metabolic:RHEA:14109	proline_biosynthesis	0.985952303168899	0.98333398636134	1.13210840236999	0.989251739968923	1058	155	1540	230	0.146502835538752	0.149350649350649	0.92187786975901	0.896308711703463
1	unit	metabolic	metabolic:PYR_DHODH_FUMARATE	metabolic:RHEA:20013	pyrimidine_core_biosynthesis	0.989335520918786	0.981839508602731	1.088713219148	0.973773887007491	68	16	220	52	0.235294117647059	0.236363636363636	0.915346909873624	0.927119438683745
1	unit	metabolic	metabolic:PYR_DHODH_FUMARATE	metabolic:RHEA:24296	pyrimidine_core_biosynthesis	0.996694214876033	0.991530924608668	1.10518368977772	0.988458592585769	64	12	220	35	0.1875	0.159090909090909	0.959042124389013	0.956430566776707
1	unit	metabolic	metabolic:PYR_DHODH_FUMARATE	metabolic:RHEA:10380	pyrimidine_core_biosynthesis	0.994229183841715	0.988136049964858	1.071843556632	0.969526482767292	63	11	220	40	0.174603174603175	0.181818181818182	0.943367777267786	0.935660355355612
1	unit	metabolic	metabolic:PYR_DHODH_FUMARATE	metabolic:RHEA:11596	pyrimidine_core_biosynthesis	0.989335520918786	0.981839508602731	1.08032684353879	0.969526482767292	65	13	220	48	0.2	0.218181818181818	0.915346909873624	0.915346909873624
1	unit	metabolic	metabolic:PYR_DHODH_NAD	metabolic:RHEA:20013	pyrimidine_core_biosynthesis	0.988555078683834	0.983026443933056	1.08785438232267	0.973159254042624	108	24	445	87	0.222222222222222	0.195505617977528	0.920527915212847	0.927902147023087
1	unit	metabolic	metabolic:PYR_DHODH_NAD	metabolic:RHEA:24296	pyrimidine_core_biosynthesis	0.987142857142857	0.981357908966723	1.0945926733713	0.975183788073086	103	19	445	76	0.184466019417476	0.170786516853933	0.913257770954777	0.906635155851675
1	unit	metabolic	metabolic:PYR_DHODH_NAD	metabolic:RHEA:10380	pyrimidine_core_biosynthesis	0.989026717557252	0.983587351943567	1.06623496048915	0.981498916596962	108	24	445	77	0.222222222222222	0.173033707865169	0.922992357081352	0.930155263520561
1	unit	metabolic	metabolic:PYR_DHODH_NAD	metabolic:RHEA:11596	pyrimidine_core_biosynthesis	0.996634615384615	0.993069335257952	1.08829725147243	0.990978912989976	111	27	445	91	0.243243243243243	0.204494382022472	0.966281444310053	0.972108662098434
1	unit	metabolic	metabolic:PYR_DHODH_QUINONE	metabolic:RHEA:20013	pyrimidine_core_biosynthesis	0.994647397296936	0.992719956911003	1.09455866784472	0.990964478625266	345	70	1180	227	0.202898550724638	0.192372881355932	0.964629771699399	0.965117434899532
1	unit	metabolic	metabolic:PYR_DHODH_QUINONE	metabolic:RHEA:24296	pyrimidine_core_biosynthesis	0.993185462319615	0.991051958571351	1.10129301193597	0.983179424745784	329	54	1180	146	0.164133738601824	0.123728813559322	0.95680580658536	0.947859218252839
1	unit	metabolic	metabolic:PYR_DHODH_QUINONE	metabolic:RHEA:10380	pyrimidine_core_biosynthesis	0.996647894877983	0.995056063233864	1.07445108403283	0.992242596250624	340	65	1180	234	0.191176470588235	0.198305084745763	0.97575968647829	0.974669242416007
1	unit	metabolic	metabolic:PYR_DHODH_QUINONE	metabolic:RHEA:11596	pyrimidine_core_biosynthesis	0.989615230994541	0.987059296113924	1.08063227915376	0.986688074899729	337	62	1180	216	0.183976261127596	0.183050847457627	0.938480883261788	0.933479192884776
1	unit	metabolic	metabolic:QUIN_NADB	metabolic:RHEA:25888	quinolinate_biosynthesis_aspartate	0.990627789348408	0.988027807809345	1.58258337671057	0.986174024423487	1018	178	1255	222	0.174852652259332	0.176892430278884	0.942874699359589	0.935191378742316
1	unit	metabolic	metabolic:RIBOFLAVIN_GTP	metabolic:RHEA:23704	riboflavin_biosynthesis	0.994860499265786	0.993060673483741	1.30090338234733	0.99374592662941	668	14	1520	224	0.0209580838323353	0.147368421052632	0.966240441808059	0.749951979064195
1	unit	metabolic	metabolic:RIBOFLAVIN_GTP	metabolic:RHEA:21868	riboflavin_biosynthesis	1	0.999527718987305	1.39755315358119	0.997941165438783	654	0	1520	277	0	0.182236842105263	0.997643047512156	0
1	unit	metabolic	metabolic:RIBOFLAVIN_GTP	metabolic:RHEA:17845	riboflavin_biosynthesis	1	0.999527718987305	1.39755315358119	0.997941165438783	654	0	1520	277	0	0.182236842105263	0.997643047512156	0
1	unit	metabolic	metabolic:RIBOFLAVIN_GTP	metabolic:RHEA:18457	riboflavin_biosynthesis	0.990255785627284	0.987889834234607	1.25148760190017	0.989513929871427	694	40	1520	273	0.0576368876080692	0.179605263157895	0.942246775654285	0.824615055285932
1	unit	metabolic	metabolic:RIBOFLAVIN_GTP	metabolic:RHEA:26152	riboflavin_biosynthesis	0.995469572670503	0.993761993176191	1.23970099407717	0.991580694010263	814	160	1520	289	0.196560196560197	0.190131578947368	0.969569274182175	0.969053216809162
1	unit	metabolic	metabolic:RIBOFLAVIN_GTP	metabolic:RHEA:20772	riboflavin_biosynthesis	0.992431640625	0.990310390242166	1.25248854270018	0.986205033837369	813	159	1520	284	0.195571955719557	0.186842105263158	0.953359658060301	0.952353964900212
1	unit	metabolic	metabolic:SALVAGE_HMP_HET	metabolic:RHEA:23096	thiamine_precursor_salvage	1	0.99890113469776	1.42514534883721	0.995148702005673	461	0	700	122	0	0.174285714285714	0.994529717901566	0
1	unit	metabolic	metabolic:SALVAGE_HMP_HET	metabolic:RHEA:19893	thiamine_precursor_salvage	1	0.99890113469776	1.42514534883721	0.995148702005673	461	0	700	122	0	0.174285714285714	0.994529717901566	0
1	unit	metabolic	metabolic:SIROHEME_UROGEN	metabolic:RHEA:32459	siroheme_biosynthesis	0.996092852217881	0.99375140998852	1.46171470431474	0.980743080474837	586	13	725	47	0.0221843003412969	0.0648275862068965	0.969518905395733	0.779157049624155
1	unit	metabolic	metabolic:TCA4_FUMARASE_MQO	metabolic:RHEA:12460	fumarate_oxaloacetate_interconversion	0.99149310648284	0.987809413026264	1.10336781338098	0.973317786534375	504	53	610	62	0.10515873015873	0.101639344262295	0.941881080121704	0.894969732469622
1	unit	metabolic	metabolic:THR_CANONICAL	metabolic:RHEA:10840	threonine_biosynthesis	0.985311398354877	0.982527640320852	1.21483536760384	0.979823519435518	1270	198	1535	243	0.155905511811024	0.158306188925081	0.918345022173005	0.897615194234549
1	unit	metabolic	metabolic:TRP_CANONICAL	metabolic:RHEA:11768	tryptophan_biosynthesis	0.991478617642418	0.988898946832917	1.31267440251836	0.990664674919723	381	68	1145	215	0.178477690288714	0.187772925764192	0.946854613221441	0.940825139243326
1	unit	metabolic	metabolic:TRP_CANONICAL	metabolic:RHEA:23476	tryptophan_biosynthesis	0.995563302170813	0.993595152439733	1.30138849165001	0.989891744387457	369	56	1145	214	0.151761517615176	0.186899563318777	0.968775709482435	0.959255231982759
1	unit	metabolic	metabolic:TRP_CANONICAL	metabolic:RHEA:10532	tryptophan_biosynthesis	0.990540753586631	0.987844006955207	1.28341619939437	0.986891048142067	447	134	1145	348	0.299776286353468	0.303930131004367	0.942038359949319	0.960569386024254
1	unit	metabolic	metabolic:TYR_NAD	metabolic:RHEA:15093	tyrosine_biosynthesis	0.994015849911046	0.991762971818328	1.05025058279933	0.986924923769473	858	41	1195	61	0.0477855477855478	0.0510460251046025	0.960128548180757	0.851929149278989
1	unit	regulatory	regulatory:CIRCUIT_ASPARTATE_CHEMORECEPTION	regulatory:RF_CHEMOTAXIS_RESPONSE_REGULATOR	aspartate_chemoreception	1	0.992044057504514	2.2137347130762	0.919704395076508	31	2	85	14	0.0645161290322581	0.164705882352941	0.961447183487422	0.889437509195448
1	unit	regulatory	regulatory:CIRCUIT_ASPARTATE_CHEMORECEPTION	regulatory:RF_CHEMOTAXIS_ADAPTATION	aspartate_chemoreception	0.997916666666667	0.988294769565831	2.35867567296103	0.919704395076508	44	15	85	33	0.340909090909091	0.388235294117647	0.94409153375178	0.966424475283692
1	unit	regulatory	regulatory:CIRCUIT_CHEMOTAXIS_CORE	regulatory:RF_CHEMOTAXIS_RECEPTION	chemotaxis_signal_transduction	0.987848784878488	0.98418019710322	2.36432644484953	0.972278165066074	456	0	785	5	0	0.00636942675159236	0.92560842568733	0
1	unit	regulatory	regulatory:CIRCUIT_CHEMOTAXIS_CORE	regulatory:RF_CHEMOTAXIS_KINASE_CORE	chemotaxis_signal_transduction	0.98452567840323	0.980463401459267	2.42392323333174	0.962543847401534	551	95	785	155	0.172413793103448	0.197452229299363	0.909397282936233	0.896402640565297
1	unit	regulatory	regulatory:CIRCUIT_CHEMOTAXIS_CORE	regulatory:RF_CHEMOTAXIS_RESPONSE_REGULATOR	chemotaxis_signal_transduction	0.990523465703971	0.987216066850804	2.19275618014542	0.971171426626185	489	33	785	65	0.0674846625766871	0.0828025477707006	0.93918990310788	0.83900520033125
1	unit	structural	structural:ARCH_FLAGELLUM_DIDERM	structural:SF_FLAGELLAR_EXPORT_ATPASE	flagellar_apparatus	0.984279141104294	0.978743402140987	2.62014216611609	0.951527418650569	32	8	530	177	0.25	0.333962264150943	0.902045710469404	0.92007068451329
1	unit	structural	structural:ARCH_FLAGELLUM_DIDERM	structural:SF_FLAGELLAR_MS_RING	flagellar_apparatus	0.995347033734005	0.991884332099174	2.33524490506766	0.983080059836372	26	2	530	82	0.0769230769230769	0.154716981132075	0.960697523871622	0.903859271937636
1	unit	structural	structural:ARCH_FLAGELLUM_DIDERM	structural:SF_FLAGELLAR_ROD	flagellar_apparatus	0.99419054996127	0.99043658930336	2.60468626382639	0.972529169146535	33	9	530	322	0.272727272727273	0.607547169811321	0.953944728424102	0.965806186074595
1	unit	structural	structural:ARCH_FLAGELLUM_DIDERM	structural:SF_FLAGELLAR_C_RING	flagellar_apparatus	0.990354938271605	0.985800165938783	2.43725501018693	0.975057673041074	31	7	530	227	0.225806451612903	0.428301886792453	0.932816791351926	0.94003445200627
1	unit	structural	structural:ARCH_FLAGELLUM_DIDERM	structural:SF_FLAGELLAR_HOOK	flagellar_apparatus	0.995347033734005	0.991884332099174	2.40922715468305	0.977648323631619	27	3	530	95	0.111111111111111	0.179245283018868	0.960697523871622	0.931412082947055
1	unit	structural	structural:ARCH_FLAGELLUM_DIDERM	structural:SF_FLAGELLAR_HOOK_FILAMENT_JUNCTION	flagellar_apparatus	0.991885625965997	0.987626640332864	2.46265589261784	0.958256356447294	29	5	530	183	0.172413793103448	0.345283018867925	0.941050800265918	0.932257863466375
1	unit	structural	structural:ARCH_FLAGELLUM_DIDERM	structural:SF_FLAGELLAR_STATOR	flagellar_apparatus	0.99419054996127	0.99043658930336	2.41686901050502	0.98031523826543	24	0	530	97	0	0.183018867924528	0.953944728424102	0
1	unit	structural	structural:ARCH_FLAGELLUM_MONODERM	structural:SF_FLAGELLAR_MS_RING	flagellar_apparatus	0.995511669658887	0.992607439107146	2.33563116753868	0.987616732307807	32	3	670	122	0.09375	0.182089552238806	0.964098802684845	0.92640520578655
1	unit	structural	structural:ARCH_FLAGELLUM_MONODERM	structural:SF_FLAGELLAR_C_RING	flagellar_apparatus	0.989001189060642	0.984877093139751	2.43392344498798	0.974447856716663	39	10	670	292	0.256410256410256	0.435820895522388	0.928698603228292	0.943498612389714
1	unit	structural	structural:ARCH_FLAGELLUM_MONODERM	structural:SF_FLAGELLAR_HOOK	flagellar_apparatus	0.995809637832984	0.992978225182699	2.41034688309872	0.981712360247228	33	4	670	125	0.121212121212121	0.186567164179104	0.96585029214795	0.944876573828824
1	unit	structural	structural:ARCH_FLAGELLUM_MONODERM	structural:SF_FLAGELLAR_HOOK_FILAMENT_JUNCTION	flagellar_apparatus	0.991358760429082	0.987617320432757	2.46134778966208	0.964257694121158	38	9	670	236	0.236842105263158	0.352238805970149	0.941008493835863	0.949723591070037
1	unit	structural	structural:ARCH_FLAGELLUM_MONODERM	structural:SF_FLAGELLAR_STATOR	flagellar_apparatus	0.993727598566308	0.990429767027425	2.41574357948991	0.979846599901128	29	0	670	125	0	0.186567164179104	0.953913085184222	0
1	unit	structural	structural:ARCH_T4AP_CORE	structural:SF_T4AP_PREPILIN_PEPTIDASE	type_iva_pilus	0.989311957247829	0.982708602663519	2.88338976690066	0.953998150582861	61	11	260	49	0.180327868852459	0.188461538461538	0.919136018270756	0.911098737723756
1	unit	structural	structural:ARCH_T4AP_CORE	structural:SF_T4AP_MAJOR_PILIN	type_iva_pilus	0.987991994663109	0.981098262712512	3.73065269871827	0.961594878971672	51	1	260	6	0.0196078431372549	0.0230769230769231	0.91213455202002	0.504398174026055
1	unit	structural	structural:ARCH_T4AP_CORE	structural:SF_T4AP_ASSEMBLY_ATPASE	type_iva_pilus	0.994627266621894	0.989433860271044	2.96348048089977	0.973851626510583	53	3	260	9	0.0566037735849057	0.0346153846153846	0.949311623241094	0.841282119785595
1	unit	structural	structural:ARCH_T4AP_CORE	structural:SF_T4AP_PLATFORM	type_iva_pilus	0.990635451505017	0.984342365587681	3.29167374256087	0.978304889716931	65	15	260	48	0.230769230769231	0.184615384615385	0.926326066033466	0.935515816768028
5	component	defense	defense:SYS_DF_CASCADE_I_E	defense:COMP_DF_CASC	type_i_e_crispr_cas_machinery	0.993710691823899	0.985362404308052	12.3463569165787	0.967172413336069	141	2	205	31	0.0141843971631206	0.151219512195122	0.930860184218747	0.488452933612667
5	component	defense	defense:SYS_DF_CASCADE_I_E	defense:COMP_DF_CASE	type_i_e_crispr_cas_machinery	0.989974937343358	0.980343564867733	12.1969058772586	0.960506010404619	153	14	205	38	0.0915032679738562	0.185365853658537	0.908882041315714	0.820261138413129
5	component	metabolic	metabolic:SYS_10532_TRPAB	metabolic:COMP_10532_TRPAB_BETA	tryptophan_biosynthesis	0.991519750055791	0.989399459039767	1.24240909256192	0.991017383375816	1291	66	1605	267	0.0511231603408211	0.166355140186916	0.949153305087293	0.82673693027368
5	component	metabolic	metabolic:SYS_10676_LEUCD	metabolic:COMP_10676_LEUCD_LARGE	leucine_biosynthesis	0.985841516327929	0.983145567774246	1.32549551835384	0.988507572337421	1258	62	1535	256	0.0492845786963434	0.166775244299674	0.921050438973525	0.741925298761389
5	component	metabolic	metabolic:SYS_10676_LEUCD	metabolic:COMP_10676_LEUCD_SMALL	leucine_biosynthesis	0.98663009941721	0.984001286920256	1.32549551835384	0.975365781634761	1279	83	1535	277	0.0648944487881157	0.180456026058632	0.924817713897418	0.799652792406941
5	component	metabolic	metabolic:SYS_10760_CITLYASE	metabolic:COMP_10760_CITE	citrate_fermentation	0.996703296703297	0.990352467841503	2.90637199231995	0.975967068192559	136	3	195	38	0.0220588235294118	0.194871794871795	0.953554670449324	0.69366633921624
5	component	metabolic	metabolic:SYS_12048_PCAIJ	metabolic:COMP_12048_ALPHA	oxoadipate_activation	0.986593059936908	0.978634034633055	9.0831408006398	0.944449522896702	158	4	200	37	0.0253164556962025	0.185	0.90158140622916	0.536946989523962
5	component	metabolic	metabolic:SYS_12633_BENAB	metabolic:COMP_12633_ALPHA	benzoate_degradation_catechol	0.988479262672811	0.978923598950335	13.3223906123806	0.871021551243799	107	7	125	18	0.0654205607476635	0.144	0.902811527635508	0.752386470444261
5	component	metabolic	metabolic:SYS_12765_POR_FOUR_SUBUNIT	metabolic:COMP_12765_POR_ALPHA	pyruvate_to_acetyl_coa	0.99402390438247	0.982578830889482	12.4554688593867	0.969538089409661	115	3	145	20	0.0260869565217391	0.137931034482759	0.918568670309163	0.595361486841209
5	component	metabolic	metabolic:SYS_12765_POR_FOUR_SUBUNIT	metabolic:COMP_12765_POR_BETA	pyruvate_to_acetyl_coa	0.99402390438247	0.982578830889482	14.4748579937675	0.961033733333152	114	2	145	14	0.0175438596491228	0.096551724137931	0.918568670309163	0.497360830860674
5	component	metabolic	metabolic:SYS_13313_SOXABGD	metabolic:COMP_13313_SOXB	sarcosine_demethylation	0.996901626646011	0.992060433127117	8.22548705407922	0.969514049556767	127	1	165	31	0.0078740157480315	0.187878787878788	0.961524093757998	0.495934643514754
5	component	metabolic	metabolic:SYS_13513_NAD	metabolic:COMP_13513_CATALYTIC	pyrimidine_core_biosynthesis	0.99297520661157	0.988778419782387	4.28904048494557	0.985919915995088	382	24	515	127	0.06282722513089	0.246601941747573	0.94630238719048	0.847000256688002
5	component	metabolic	metabolic:SYS_14613_TAUABC	metabolic:COMP_14613_SBP	taurine_uptake_abc	0.988505747126437	0.981669190603775	7.11796733212341	0.961240814111236	175	3	250	54	0.0171428571428571	0.216	0.91460722756049	0.478637381883486
5	component	metabolic	metabolic:SYS_15341_COBNST	metabolic:COMP_15341_COBS_SUB	corrin_ring_biosynthesis	0.998774509803922	0.993091253942724	7.46606155168548	0.981337778588563	75	2	125	18	0.0266666666666667	0.144	0.966385213800119	0.793096675181672
5	component	metabolic	metabolic:SYS_16293_LEUCD	metabolic:COMP_16293_LEUCD_LARGE	leucine_biosynthesis	0.985841516327929	0.983145567774246	1.32549551835384	0.988507572337421	1258	62	1535	256	0.0492845786963434	0.166775244299674	0.921050438973525	0.741925298761389
5	component	metabolic	metabolic:SYS_16293_LEUCD	metabolic:COMP_16293_LEUCD_SMALL	leucine_biosynthesis	0.98663009941721	0.984001286920256	1.32549551835384	0.975365781634761	1279	83	1535	277	0.0648944487881157	0.180456026058632	0.924817713897418	0.799652792406941
5	component	metabolic	metabolic:SYS_17129_TRIMER	metabolic:COMP_17129_TRI_A	purine_core_biosynthesis	0.983365323096609	0.979289048288171	2.42208004847283	0.977336353129849	617	65	805	160	0.105348460291734	0.198757763975155	0.9043677787098	0.832811090257153
5	component	metabolic	metabolic:SYS_17129_TRIMER	metabolic:COMP_17129_TRI_C	purine_core_biosynthesis	0.994607420189819	0.992051228372932	2.26048887501515	0.988598697702476	564	12	805	157	0.0212765957446809	0.195031055900621	0.961480861214567	0.72643499721385
5	component	metabolic	metabolic:SYS_17297_KOR	metabolic:COMP_17297_BETA	oxoglutarate_to_succinate	0.992440278197762	0.988863680905478	3.48881156655957	0.991898080486369	529	21	635	104	0.0396975425330813	0.163779527559055	0.946692980446302	0.779005232013848
5	component	metabolic	metabolic:SYS_17661_LSC	metabolic:COMP_17661_LSC_ALPHA	oxoglutarate_to_succinate	0.987301587301587	0.97947214889114	9.26362876889193	0.978944977166401	111	26	120	29	0.234234234234234	0.241666666666667	0.905149086199818	0.917873405383016
5	component	metabolic	metabolic:SYS_17661_LSC	metabolic:COMP_17661_LSC_BETA	oxoglutarate_to_succinate	0.992025518341308	0.985383035073651	9.26362876889193	0.985921032917883	91	6	120	9	0.0659340659340659	0.075	0.930952249554288	0.816340427047115
5	component	metabolic	metabolic:SYS_17661_SUCCD	metabolic:COMP_17661_ALPHA	oxoglutarate_to_succinate	0.996688335581994	0.995185887002241	1.42456692862703	0.993255892694609	1069	58	1340	256	0.0542563143124415	0.191044776119403	0.976384191690153	0.918140181519235
5	component	metabolic	metabolic:SYS_17661_SUCCD	metabolic:COMP_17661_BETA	oxoglutarate_to_succinate	0.98712342079689	0.984450738803924	1.42456692862703	0.977683142146019	1084	73	1340	271	0.0673431734317343	0.202238805970149	0.92680613605344	0.810016438701823
5	component	metabolic	metabolic:SYS_18136_CYSDN	metabolic:COMP_18136_CYSD	assimilatory_sulfate_reduction	0.990178796272979	0.986602996415237	2.1033478456306	0.988243857953583	535	24	675	131	0.0448598130841121	0.194074074074074	0.936422000808507	0.767638351932046
5	component	metabolic	metabolic:SYS_18136_CYSD_CYSNC	metabolic:COMP_18136_CYSD_FUS	assimilatory_sulfate_reduction	0.991266375545852	0.98585982394365	2.10565809255687	0.970116382592929	246	8	310	52	0.032520325203252	0.167741935483871	0.933083939238888	0.693939943132813
5	component	metabolic	metabolic:SYS_18633_HETERODIMER	metabolic:COMP_18633_LARGE	pyrimidine_core_biosynthesis	0.987726296409942	0.985344291224972	1.17188540925274	0.984281507290565	1405	101	1745	308	0.0718861209964413	0.176504297994269	0.930779365940836	0.828564717268482
5	component	metabolic	metabolic:SYS_20557_UREABC	metabolic:COMP_20557_ALPHA	urea_hydrolysis	0.9895751889497	0.985836296129162	2.96494567689895	0.981813975084066	520	18	660	128	0.0346153846153846	0.193939393939394	0.932978567535515	0.706687638021916
5	component	metabolic	metabolic:SYS_20557_UREABC	metabolic:COMP_20557_GAMMA	urea_hydrolysis	0.997635312664214	0.995511683888289	2.95671966972472	0.989802241023399	514	12	660	115	0.0233463035019455	0.174242424242424	0.977954213280362	0.83814125580747
5	component	metabolic	metabolic:SYS_21448_NIF	metabolic:COMP_21448_NIFD	nitrogen_fixation	0.991891891891892	0.982424342413185	11.7057171514544	0.97141792488371	105	1	165	25	0.00952380952380952	0.151515151515152	0.917893981157868	0.347408085264746
5	component	metabolic	metabolic:SYS_21448_NIF	metabolic:COMP_21448_NIFK	nitrogen_fixation	0.994579945799458	0.986147461894587	11.8323838647891	0.965589778368713	104	0	165	25	0	0.151515151515152	0.934373674188996	0
5	component	metabolic	metabolic:SYS_22332_LEUCD	metabolic:COMP_22332_LARGE	oxobutanoate_biosynthesis_citramalate	0.985841516327929	0.983145567774246	1.32549551835384	0.988507572337421	1258	62	1535	256	0.0492845786963434	0.166775244299674	0.921050438973525	0.741925298761389
5	component	metabolic	metabolic:SYS_22332_LEUCD	metabolic:COMP_22332_SMALL	oxobutanoate_biosynthesis_citramalate	0.98663009941721	0.984001286920256	1.32549551835384	0.975365781634761	1279	83	1535	277	0.0648944487881157	0.180456026058632	0.924817713897418	0.799652792406941
5	component	metabolic	metabolic:SYS_24793_HISFH	metabolic:COMP_24793_HISFH_CYCLASE	histidine_biosynthesis	0.991780178487553	0.989628446041016	1.3343951492378	0.990333474027582	1210	122	1505	292	0.100826446280992	0.194019933554817	0.950207915374764	0.905843486955385
5	component	metabolic	metabolic:SYS_27786_ODH_COMPLEX	metabolic:COMP_27786_E2	oxoglutarate_to_succinate	0.987055947073206	0.984117298896504	1.63711591108871	0.976621356457882	760	42	1025	188	0.0552631578947368	0.183414634146341	0.925330319358979	0.77397006399148
5	component	metabolic	metabolic:SYS_27786_ODH_COMPLEX	metabolic:COMP_27786_E3	oxoglutarate_to_succinate	0.995936729066899	0.994133657005369	1.09937063084728	0.991039244618442	780	62	1025	93	0.0794871794871795	0.0907317073170732	0.971340784186521	0.930892509401794
5	component	metabolic	metabolic:SYS_28042_PDH_E1	metabolic:COMP_28042_E1_E3	pyruvate_to_acetyl_coa	0.997511406055579	0.995654941118475	1.1011088473262	0.991834582762904	656	27	855	89	0.0411585365853659	0.104093567251462	0.978645845821459	0.904134981453181
5	component	metabolic	metabolic:SYS_28042_PDH_E1AB	metabolic:COMP_28042_AB_E1_ALPHA	pyruvate_to_acetyl_coa	0.991641901931649	0.988835298089719	2.08985466919717	0.990056759908746	539	28	765	129	0.051948051948052	0.168627450980392	0.946562926437718	0.821458380502076
5	component	metabolic	metabolic:SYS_28042_PDH_E1AB	metabolic:COMP_28042_AB_E1_BETA	pyruvate_to_acetyl_coa	0.991457753017642	0.988625460926731	2.08797063218285	0.987337260697943	549	38	765	140	0.0692167577413479	0.183006535947712	0.945602299703719	0.857469039528009
5	component	metabolic	metabolic:SYS_28042_PDH_E1AB	metabolic:COMP_28042_AB_E3	pyruvate_to_acetyl_coa	0.995153774464119	0.992908392883298	1.09850636179237	0.989366764685063	546	35	765	82	0.0641025641025641	0.10718954248366	0.965520037797836	0.899750507219581
5	component	metabolic	metabolic:SYS_29899_XYLFGH	metabolic:COMP_29899_SBP	xylose_uptake_abc	0.993218570683359	0.988431790796508	5.51236306729264	0.975520555602263	296	4	365	53	0.0135135135135135	0.145205479452055	0.944717052777941	0.535886635257486
5	component	metabolic	metabolic:SYS_29899_XYLFGH	metabolic:COMP_29899_PERMEASE	xylose_uptake_abc	0.986017607457276	0.979732532444241	5.95864569560468	0.960413761588998	303	11	365	58	0.0363036303630363	0.158904109589041	0.90626199048736	0.637013466147981
5	component	metabolic	metabolic:SYS_29899_XYLFGH	metabolic:COMP_29899_ATPASE	xylose_uptake_abc	0.986528497409326	0.980333858079742	5.7462843071872	0.967727180294689	296	4	365	57	0.0135135135135135	0.156164383561644	0.908840326689616	0.402497307925813
5	component	metabolic	metabolic:SYS_30007_ARAFGH	metabolic:COMP_30007_SBP	arabinose_uptake_abc	0.990881458966565	0.982761269210756	11.5090930367232	0.941264036528255	160	6	205	32	0.0375	0.15609756097561	0.919366427826852	0.681308842887699
5	component	metabolic	metabolic:SYS_30007_ARAFGH	metabolic:COMP_30007_ATPASE	arabinose_uptake_abc	0.991886409736308	0.984071821671186	11.5435563768125	0.941264036528255	157	3	205	35	0.0191082802547771	0.170731707317073	0.92512932237516	0.54139890700083
5	component	metabolic	metabolic:SYS_31507_PDXST	metabolic:COMP_31507_PDXS	plp_biosynthesis_r5p	0.991891891891892	0.988448899855977	2.94117943548387	0.978989889150399	551	34	710	143	0.0617059891107078	0.201408450704225	0.944795203797353	0.840771812449909
5	component	metabolic	metabolic:SYS_32171_PAAABCDE	metabolic:COMP_32171_PAAA	phenylacetate_degradation	0.992886178861789	0.98809421211722	4.91886264441592	0.983625771683657	208	12	285	52	0.0576923076923077	0.182456140350877	0.943177144064736	0.827230060207991
5	component	metabolic	metabolic:SYS_32171_PAAABCDE	metabolic:COMP_32171_PAAB	phenylacetate_degradation	0.993896236012208	0.989361208505929	5.01465828169796	0.974677304655283	198	2	285	49	0.0101010101010101	0.171929824561404	0.948977321098839	0.484363286884409
5	component	metabolic	metabolic:SYS_32171_PAAABCDE	metabolic:COMP_32171_PAAC	phenylacetate_degradation	0.995415180845644	0.991309132449945	5.11666885881601	0.983625771683657	196	0	285	48	0	0.168421052631579	0.958005535562763	0
5	component	metabolic	metabolic:SYS_32171_PAAABCDE	metabolic:COMP_32171_PAAD	phenylacetate_degradation	0.99440203562341	0.990003486358134	5.24199567703631	0.974677304655283	198	2	285	50	0.0101010101010101	0.175438596491228	0.951939193809557	0.500088054541255
5	component	metabolic	metabolic:SYS_40523_FRD_DEDICATED	metabolic:COMP_40523_FRDB	succinate_fumarate_interconversion	0.995296331138288	0.989036507747344	10.8432005853455	0.95502675026699	149	7	185	39	0.0469798657718121	0.210810810810811	0.947485507656558	0.809092498335835
5	component	metabolic	metabolic:SYS_40523_SDH_FRD_SHARED	metabolic:COMP_40523_FLAVOPROTEIN	succinate_fumarate_interconversion	0.982762836185819	0.979707284042873	1.42667335355489	0.97503672692281	1069	54	1300	235	0.0505144995322732	0.180769230769231	0.906153982520076	0.709198998207376
5	component	metabolic	metabolic:SYS_40523_SDH_FRD_SHARED	metabolic:COMP_40523_IRON_SULFUR	succinate_fumarate_interconversion	0.99185687847008	0.989653949110766	1.42667335355489	0.981876475174666	1065	50	1300	231	0.0469483568075117	0.177692307692308	0.950325485762622	0.817879040230148
5	component	metabolic	metabolic:SYS_40523_SDH_MITOCHONDRIAL	metabolic:COMP_40523_SDHA	succinate_fumarate_interconversion	0.990243902439024	0.98302475752353	9.27644088861271	0.982880042903022	105	11	125	12	0.104761904761905	0.096	0.920520521308422	0.8584910477311
5	component	metabolic	metabolic:SYS_42424_LEUCD	metabolic:COMP_42424_LARGE	oxobutanoate_biosynthesis_citramalate	0.985841516327929	0.983145567774246	1.32549551835384	0.988507572337421	1258	62	1535	256	0.0492845786963434	0.166775244299674	0.921050438973525	0.741925298761389
5	component	metabolic	metabolic:SYS_42424_LEUCD	metabolic:COMP_42424_SMALL	oxobutanoate_biosynthesis_citramalate	0.98663009941721	0.984001286920256	1.32549551835384	0.975365781634761	1279	83	1535	277	0.0648944487881157	0.180456026058632	0.924817713897418	0.799652792406941
5	component	metabolic	metabolic:SYS_57952_DMP	metabolic:COMP_57952_P2	phenol_hydroxylation	1	0.981693518040832	45.7821011673152	0.927302179716016	32	1	40	7	0.03125	0.175	0.914712822881251	0.626279380464686
5	component	metabolic	metabolic:SYS_57952_DMP	metabolic:COMP_57952_P5	phenol_hydroxylation	1	0.981693518040832	46.8764940239044	0.927302179716016	31	0	40	4	0	0.1	0.914712822881251	0
5	component	metabolic	metabolic:SYS_74155_DGCAB	metabolic:COMP_74155_DGCA	sarcosine_demethylation	0.99822695035461	0.990025925436584	20.1115381812883	0.938870628567801	67	2	85	17	0.0298507462686567	0.2	0.952042936492005	0.747664822934006
5	component	metabolic	metabolic:SYS_74167_DGCAB	metabolic:COMP_74167_DGCA	betaine_demethylation	0.99822695035461	0.990025925436584	20.1115381812883	0.938870628567801	67	2	85	17	0.0298507462686567	0.2	0.952042936492005	0.747664822934006
5	component	regulatory	regulatory:SYS_RF_PST_PHOU	regulatory:COMP_RF_PSTS	phosphate_starvation_response	0.994664634146341	0.992796503001636	1.35516721692518	0.993263654782486	976	31	1390	170	0.0317622950819672	0.122302158273381	0.964991256522409	0.814040880909468
5	component	regulatory	regulatory:SYS_RF_PST_PHOU	regulatory:COMP_RF_PSTC	phosphate_starvation_response	0.994033261393932	0.992075159823519	1.35792352880077	0.988708510173684	966	21	1390	229	0.0217391304347826	0.164748201438849	0.961593267969758	0.731285667942665
5	component	regulatory	regulatory:SYS_RF_PST_PHOU	regulatory:COMP_RF_PSTA	phosphate_starvation_response	0.993024730500951	0.990932480772479	1.36001966931372	0.988708510173684	950	5	1390	231	0.00526315789473684	0.166187050359712	0.956249247037229	0.365150959071824
5	component	regulatory	regulatory:SYS_RF_PST_PHOU	regulatory:COMP_RF_PSTB	phosphate_starvation_response	0.997325181505541	0.995914145857339	1.33498613032926	0.994916753375466	965	20	1390	238	0.0207253886010363	0.171223021582734	0.979899244310316	0.834758500961577
5	component	structural	structural:SYS_SF_FLAGELLAR_C_RING	structural:COMP_SF_FLIG	flagellar_apparatus	0.989650175947009	0.986381971146474	2.33304427373122	0.98685145670657	729	103	925	155	0.141289437585734	0.167567567567568	0.935427268988625	0.910983607473276
5	component	structural	structural:SYS_SF_FLAGELLAR_C_RING	structural:COMP_SF_FLIM	flagellar_apparatus	0.983340189222542	0.97934211593483	2.35401437769938	0.967021919803652	675	49	925	160	0.0725925925925926	0.172972972972973	0.904594114556645	0.774848078563375
5	component	structural	structural:SYS_SF_FLAGELLAR_C_RING	structural:COMP_SF_FLIN	flagellar_apparatus	0.984149855907781	0.980235827803487	2.28753599458928	0.976566632168783	657	31	925	138	0.0471841704718417	0.149189189189189	0.908419212809162	0.700614455799697
5	component	structural	structural:SYS_SF_FLAGELLAR_EXPORT_ATPASE	structural:COMP_SF_FLII	flagellar_apparatus	0.991698451873458	0.988578948153362	2.30462650301069	0.986473790271188	740	45	880	143	0.0608108108108108	0.1625	0.945389574758988	0.840348383531224
5	component	structural	structural:SYS_SF_FLAGELLAR_EXPORT_GATE	structural:COMP_SF_FLHA	flagellar_apparatus	0.985510289794204	0.981703805712977	2.29887273388553	0.980925499883354	623	48	900	164	0.0770465489566613	0.182222222222222	0.914757483163134	0.805220978720689
5	component	structural	structural:SYS_SF_FLAGELLAR_EXPORT_GATE	structural:COMP_SF_FLHB	flagellar_apparatus	0.986131540239546	0.982395176099254	2.37860264503044	0.977562260257239	601	26	900	155	0.043261231281198	0.172222222222222	0.91776669211279	0.707096159346858
5	component	structural	structural:SYS_SF_FLAGELLAR_EXPORT_GATE	structural:COMP_SF_FLIP	flagellar_apparatus	0.993858534519272	0.991193765959311	2.34814046529192	0.990567940436991	613	38	900	140	0.0619902120717781	0.155555555555556	0.957467050236778	0.874645329216804
5	component	structural	structural:SYS_SF_FLAGELLAR_EXPORT_GATE	structural:COMP_SF_FLIQ	flagellar_apparatus	0.996602251008707	0.994487509181951	2.3419257210642	0.99478830336736	586	11	900	133	0.0187713310580205	0.147777777777778	0.973032185234857	0.77202596578129
5	component	structural	structural:SYS_SF_FLAGELLAR_EXPORT_GATE	structural:COMP_SF_FLIR	flagellar_apparatus	0.994701144552777	0.992189171895211	2.37252253533508	0.985584377245836	584	9	900	141	0.0154109589041096	0.156666666666667	0.962129072689617	0.661889619296769
5	component	structural	structural:SYS_SF_FLAGELLAR_FILAMENT	structural:COMP_SF_FLIC	flagellar_apparatus	0.989695780176644	0.98610184283409	2.40594226230545	0.972130407496907	683	44	820	94	0.0644216691068814	0.114634146341463	0.934168936062462	0.820494028691377
5	component	structural	structural:SYS_SF_FLAGELLAR_HOOK_FILAMENT_JUNCTION	structural:COMP_SF_FLGL	flagellar_apparatus	0.983603154836032	0.979612706534193	2.38964995246763	0.965900062018193	759	42	915	161	0.0553359683794466	0.175956284153005	0.905749576817738	0.726693973201025
5	component	structural	structural:SYS_SF_FLAGELLAR_OUTER_RING	structural:COMP_SF_FLGI	flagellar_apparatus	0.989516129032258	0.985701072567461	3.07925066759946	0.98945271548292	555	33	670	122	0.0594594594594595	0.182089552238806	0.932373318861705	0.803877598441318
5	component	structural	structural:SYS_SF_FLAGELLAR_ROD	structural:COMP_SF_FLIE	flagellar_apparatus	0.99358407079646	0.990800863179499	2.38484499734622	0.991520911374442	539	48	835	137	0.0890538033395176	0.164071856287425	0.955636731022027	0.905585698380218
5	component	structural	structural:SYS_SF_FLAGELLAR_ROD	structural:COMP_SF_FLGB	flagellar_apparatus	0.99490474080638	0.992365573125812	2.38704102372102	0.990124199334467	504	13	835	144	0.0257936507936508	0.172455089820359	0.962959012471593	0.770262989602996
5	component	structural	structural:SYS_SF_FLAGELLAR_ROD	structural:COMP_SF_FLGC	flagellar_apparatus	0.99866577718479	0.997091959192689	2.36329475751332	0.994542271086637	500	9	835	153	0.018	0.183233532934132	0.985626985217491	0.860563713761319
5	component	structural	structural:SYS_SF_FLAGELLAR_ROD	structural:COMP_SF_FLGG	flagellar_apparatus	0.995125193884334	0.992629733612128	2.44694734195258	0.981231798245943	522	31	835	142	0.0593869731800766	0.170059880239521	0.964203973076844	0.888867350515959
5	component	structural	structural:SYS_SF_FLAGELLAR_STATOR_MOTAB	structural:COMP_SF_MOTA	flagellar_apparatus	0.994043951530088	0.991459227268007	2.35614849591116	0.983525618024676	808	36	925	121	0.0445544554455446	0.130810810810811	0.958706838375322	0.837981190394367
5	component	structural	structural:SYS_T4AP_ALIGNMENT_COMPLEX	structural:COMP_T4AP_PILM	type_iva_pilus	0.991277258566978	0.985411491149178	4.14918826904983	0.976052200616361	206	10	275	64	0.0485436893203883	0.232727272727273	0.931079259100368	0.766299746670226
5	component	structural	structural:SYS_T4AP_ALIGNMENT_COMPLEX	structural:COMP_T4AP_PILN	type_iva_pilus	0.992514036182158	0.986960628174312	4.52457192937593	0.972165259883599	197	1	275	59	0.0050761421319797	0.214545454545455	0.938035075627723	0.277570082794469
5	component	structural	structural:SYS_T4AP_ALIGNMENT_COMPLEX	structural:COMP_T4AP_PILO	type_iva_pilus	0.993753903810119	0.988540327615054	5.14861665884186	0.984520616723561	198	2	275	56	0.0101010101010101	0.203636363636364	0.945213002255688	0.465623187558309
5	unit	defense	defense:MECH_TYPE_I_RM	defense:DF_TYPE_I_RM_MODIFICATION	type_i_restriction_modification	0.983133038161501	0.979057967438125	2.01771207518022	0.975564899462114	698	12	845	91	0.0171919770773639	0.107692307692308	0.903383242331123	0.445596267517489
5	unit	metabolic	metabolic:ADI_CANONICAL	metabolic:RHEA:19513	arginine_deiminase_pathway	0.995441595441595	0.9910306247976	1.24111113828185	0.974514200638538	310	8	405	44	0.0258064516129032	0.108641975308642	0.95670639049796	0.740351957762295
5	unit	metabolic	metabolic:AMMONIUM_GS_GOGAT_FD	metabolic:RHEA:16169	ammonium_assimilation	1	0.995124071171945	1.0748150178131	0.990784364656036	88	8	100	11	0.0909090909090909	0.11	0.976086753020994	0.948858410401742
5	unit	metabolic	metabolic:AMP_ADENYLOSUCCINATE	metabolic:RHEA:15753	adenylate_biosynthesis	0.990148228488792	0.988130232946941	1.04899010052216	0.98285076712946	1534	261	1880	324	0.170143415906128	0.172340425531915	0.94334126851185	0.934054512394463
5	unit	metabolic	metabolic:AMP_ADENYLOSUCCINATE	metabolic:RHEA:16853	adenylate_biosynthesis	0.986403745723033	0.984075571866728	1.04899010052216	0.977326901644165	1556	283	1880	346	0.181876606683805	0.184042553191489	0.925145894620053	0.918296358516135
5	unit	metabolic	metabolic:ARA_ISOMERASE	metabolic:RHEA:22368	arabinose_degradation	0.986887508626639	0.979610682412755	4.17237456934999	0.943785901661889	213	9	285	42	0.0422535211267606	0.147368421052632	0.905740924931945	0.669976003038815
5	unit	metabolic	metabolic:ARG_CANONICAL	metabolic:RHEA:10932	arginine_biosynthesis	0.99184505606524	0.989743433888678	1.15236979655017	0.985393676987736	1056	125	1535	305	0.118371212121212	0.198697068403909	0.950738197192425	0.919501855548493
5	unit	metabolic	metabolic:ARG_CANONICAL	metabolic:RHEA:24020	arginine_biosynthesis	0.988932806324111	0.98653197680118	1.16044513804822	0.984432255666218	1068	137	1535	294	0.128277153558052	0.191530944625407	0.936102192614772	0.903811883282694
5	unit	metabolic	metabolic:ASA_CANONICAL	metabolic:RHEA:23776	aspartate_semialdehyde_biosynthesis	0.985232273838631	0.982705401195883	1.13951075729729	0.982481947489164	1481	135	1820	209	0.0911546252532073	0.114835164835165	0.91912201517776	0.838175772605038
5	unit	metabolic	metabolic:ASA_CANONICAL	metabolic:RHEA:24284	aspartate_semialdehyde_biosynthesis	0.990268357416691	0.988167072923968	1.13951075729729	0.980543227711261	1611	265	1820	339	0.164494103041589	0.186263736263736	0.943509172012025	0.932143092735047
5	unit	metabolic	metabolic:BETAINE_CODA	metabolic:RHEA:13505	choline_to_betaine	1	0.986418331681325	42.1720430107527	0.908190130459022	49	0	55	6	0	0.109090909090909	0.935590796178518	0
5	unit	metabolic	metabolic:BETAINE_CODA	metabolic:RHEA:20369	choline_to_betaine	1	0.986418331681325	42.1720430107527	0.908190130459022	49	0	55	6	0	0.109090909090909	0.935590796178518	0
5	unit	metabolic	metabolic:BIOTIN_SAM	metabolic:RHEA:15805	biotin_biosynthesis	0.985239196158634	0.981739605163136	1.8107348300535	0.972459210207391	633	35	1030	191	0.0552922590837283	0.185436893203883	0.914912920485483	0.748281764124357
5	unit	metabolic	metabolic:BIOTIN_SAM	metabolic:RHEA:22060	biotin_biosynthesis	0.991055456171735	0.988227999904269	1.55187097382441	0.982938577577698	659	61	1030	206	0.0925644916540212	0.2	0.943786959207698	0.885981962393233
5	unit	metabolic	metabolic:CHOR_SHIKIMATE	metabolic:RHEA:21968	chorismate_biosynthesis	0.985022466300549	0.982120896887006	1.26387942622598	0.96819106141687	686	56	1520	286	0.0816326530612245	0.188157894736842	0.916571025393438	0.817657367549868
5	unit	metabolic	metabolic:CHOR_SHIKIMATE	metabolic:RHEA:21096	chorismate_biosynthesis	0.989716578881364	0.98725449363657	1.20299641189237	0.971408943087847	728	98	1520	262	0.134615384615385	0.172368421052632	0.939363823287427	0.912489318137994
5	unit	metabolic	metabolic:CHOR_SHIKIMATE	metabolic:RHEA:21256	chorismate_biosynthesis	0.988105671716539	0.985482500617849	1.21205706144879	0.980720204738307	749	119	1520	284	0.158878504672897	0.186842105263158	0.931396318693185	0.91514674707811
5	unit	metabolic	metabolic:CHOR_SHIKIMATE	metabolic:RHEA:21020	chorismate_biosynthesis	0.993829492507241	0.991852286762579	1.1758067178321	0.990015639984152	718	88	1520	271	0.122562674094708	0.178289473684211	0.960547233136211	0.937186020238654
5	unit	metabolic	metabolic:CORRIN_AEROBIC	metabolic:RHEA:32459	corrin_ring_biosynthesis	1	0.990018074215645	1.46744824145672	0.951276156785991	12	0	45	2	0	0.0444444444444444	0.952006635873629	0
5	unit	metabolic	metabolic:CORRIN_AEROBIC	metabolic:RHEA:16841	corrin_ring_biosynthesis	1	0.990018074215645	3.05293201868189	0.951276156785991	12	0	45	12	0	0.266666666666667	0.952006635873629	0
5	unit	metabolic	metabolic:CORRIN_AEROBIC	metabolic:RHEA:22012	corrin_ring_biosynthesis	1	0.990018074215645	3.06885758998435	0.951276156785991	12	0	45	15	0	0.333333333333333	0.952006635873629	0
5	unit	metabolic	metabolic:CORRIN_AEROBIC	metabolic:RHEA:22512	corrin_ring_biosynthesis	0.994778067885117	0.981162740354264	3.06081557184526	0.951276156785991	13	1	45	15	0.0769230769230769	0.333333333333333	0.912413277132051	0.800265118486087
5	unit	metabolic	metabolic:CORRIN_ANAEROBIC	metabolic:RHEA:32459	corrin_ring_biosynthesis	0.998657718120805	0.992436323326374	1.46547851227356	0.979104501755633	60	4	150	18	0.0666666666666667	0.12	0.963292200343867	0.897408423131772
5	unit	metabolic	metabolic:CORRIN_ANAEROBIC	metabolic:RHEA:26277	corrin_ring_biosynthesis	0.998657718120805	0.992436323326374	3.06473831805149	0.969373404312758	56	0	150	24	0	0.16	0.963292200343867	0
5	unit	metabolic	metabolic:CORRIN_ANAEROBIC	metabolic:RHEA:34591	corrin_ring_biosynthesis	0.998657718120805	0.992436323326374	3.02295001579866	0.969373404312758	56	0	150	25	0	0.166666666666667	0.963292200343867	0
5	unit	metabolic	metabolic:CORRIN_ANAEROBIC	metabolic:RHEA:16209	corrin_ring_biosynthesis	0.994652406417112	0.986331540024964	3.06042892623006	0.969373404312758	56	0	150	29	0	0.193333333333333	0.935200535663565	0
5	unit	metabolic	metabolic:DAP_ACETYL	metabolic:RHEA:34171	dap_biosynthesis	1	0.993305713935719	1.19512442864398	0.954181869774776	55	5	130	14	0.0909090909090909	0.107692307692308	0.967401465343659	0.930983045649955
5	unit	metabolic	metabolic:DAP_ACETYL	metabolic:RHEA:35331	dap_biosynthesis	0.994764397905759	0.984721198985428	1.2209887237387	0.91536621538745	61	11	130	25	0.180327868852459	0.192307692307692	0.928005927367088	0.920774259485353
5	unit	metabolic	metabolic:DAP_AMINOTRANSFERASE	metabolic:RHEA:34171	dap_biosynthesis	0.991658488714426	0.986681563238744	1.18515528473478	0.977850821342132	205	20	395	56	0.0975609756097561	0.141772151898734	0.936775995800612	0.878459295878422
5	unit	metabolic	metabolic:DAP_AMINOTRANSFERASE	metabolic:RHEA:35331	dap_biosynthesis	0.993120393120393	0.988485048916695	1.21897084763765	0.98297295326403	234	49	395	88	0.209401709401709	0.222784810126582	0.94496035964863	0.947301299858158
5	unit	metabolic	metabolic:DAP_DEHYDROGENASE	metabolic:RHEA:34171	dap_biosynthesis	0.992795389048991	0.983246515527998	1.18651402209756	0.963924851371798	96	13	140	23	0.135416666666667	0.164285714285714	0.921493600612364	0.888236675102271
5	unit	metabolic	metabolic:DAP_SUCCINYL	metabolic:RHEA:34171	dap_biosynthesis	0.99813153961136	0.996563763180146	1.19289138598956	0.992420156474309	379	40	910	104	0.105540897097625	0.114285714285714	0.983051768449866	0.968362992452372
5	unit	metabolic	metabolic:DAP_SUCCINYL	metabolic:RHEA:35331	dap_biosynthesis	0.994230411315838	0.991822328327433	1.22033330059901	0.98787852254985	416	77	910	174	0.185096153846154	0.191208791208791	0.960406763588476	0.957354691149237
5	unit	metabolic	metabolic:DHB_CHORISMATE	metabolic:RHEA:18985	dihydroxybenzoate_biosynthesis	0.987665198237885	0.979402118092649	2.58126804141869	0.958640701822097	158	4	220	18	0.0253164556962025	0.0818181818181818	0.904850133331774	0.546230919273268
5	unit	metabolic	metabolic:DHB_CHORISMATE	metabolic:RHEA:23824	dihydroxybenzoate_biosynthesis	0.990282685512368	0.982683617664177	8.61809621134506	0.908392232913437	165	11	220	46	0.0666666666666667	0.209090909090909	0.919026743775897	0.790937219510665
5	unit	metabolic	metabolic:ECT_ABC	metabolic:RHEA:11160	ectoine_biosynthesis	0.990384615384615	0.983268472604222	4.56438127090301	0.979472411794301	167	1	215	20	0.00598802395209581	0.0930232558139535	0.921590036809974	0.26030066715618
5	unit	metabolic	metabolic:ECT_ABC	metabolic:RHEA:17281	ectoine_biosynthesis	0.99597099113618	0.99060308882827	8.02643471349884	0.979472411794301	171	5	215	32	0.0292397660818713	0.148837209302326	0.954717506420552	0.755045818925961
5	unit	metabolic	metabolic:ETHANOL_ADHE	metabolic:RHEA:23288	ethanol_formation	1	0.998474910412582	3.15611587982833	0.990580999558424	383	0	475	82	0	0.172631578947368	0.992420787972287	0
5	unit	metabolic	metabolic:FOLATE_THF	metabolic:RHEA:17473	folate_biosynthesis	0.989815712900097	0.98699211156081	1.14077497090631	0.983834626754249	447	60	1110	167	0.134228187919463	0.15045045045045	0.938177289489372	0.910592591424714
5	unit	metabolic	metabolic:FOLATE_THF	metabolic:RHEA:19949	folate_biosynthesis	0.99093704482926	0.988250234149996	1.24993195427327	0.979763641306683	456	69	1110	232	0.151315789473684	0.209009009009009	0.943888365038991	0.927150235678974
5	unit	metabolic	metabolic:FOLATE_THF	metabolic:RHEA:23584	folate_biosynthesis	0.98869691587276	0.985744549729043	1.21265588576659	0.979763641306683	475	88	1110	203	0.185263157894737	0.182882882882883	0.932567851219625	0.927592319367241
5	unit	metabolic	metabolic:GAL_LELOIR	metabolic:RHEA:22168	galactose_degradation_leloir	0.992085561497326	0.989110597298912	1.13748574513521	0.976718345074665	570	50	745	88	0.087719298245614	0.118120805369128	0.947825579592608	0.888489364992163
5	unit	metabolic	metabolic:GLCNAC_PTS	metabolic:RHEA:22936	glcnac_degradation	0.984166666666667	0.978343143833629	1.63763329090652	0.948528263773168	330	31	450	81	0.0939393939393939	0.18	0.900348290155487	0.809294562937412
5	unit	metabolic	metabolic:GMP_XMP	metabolic:RHEA:11680	guanylate_biosynthesis	0.990613718411552	0.988640490746136	1.03660272241465	0.985679740191381	1471	166	1840	282	0.112848402447315	0.153260869565217	0.945671054373087	0.907590677309999
5	unit	metabolic	metabolic:HEME_COPRO	metabolic:RHEA:19865	heme_b_biosynthesis	0.993520518358531	0.988708355683008	1.25615327949779	0.979620108888212	204	11	340	66	0.053921568627451	0.194117647058824	0.945981604451474	0.825218513039655
5	unit	metabolic	metabolic:HEME_COPRO	metabolic:RHEA:49572	heme_b_biosynthesis	0.988184747583244	0.982174813745783	1.27043069712243	0.963465341052617	214	21	340	62	0.0981308411214953	0.182352941176471	0.916805872033925	0.843921885013232
5	unit	metabolic	metabolic:HEME_PROTO_HEMF_HEMG	metabolic:RHEA:22584	heme_b_biosynthesis	0.991902834008097	0.984103896539345	1.275210745732	0.975029755247836	91	18	175	32	0.197802197802198	0.182857142857143	0.925271077435105	0.924503442477728
5	unit	metabolic	metabolic:HEME_PROTO_HEMF_HEMJ	metabolic:RHEA:19865	heme_b_biosynthesis	0.99192342207598	0.988274303435049	1.25413399786654	0.98340463012928	268	55	525	108	0.205223880597015	0.205714285714286	0.943998159529011	0.945345751214998
5	unit	metabolic	metabolic:HEME_PROTO_HEMF_HEMJ	metabolic:RHEA:22584	heme_b_biosynthesis	0.983684366656778	0.978824328344702	1.26464491456334	0.986922394010513	261	48	525	95	0.183908045977011	0.180952380952381	0.902389512276127	0.894747547135385
5	unit	metabolic	metabolic:HEME_PROTO_HEMF_HEMY	metabolic:RHEA:19865	heme_b_biosynthesis	0.990182328190743	0.983587902758153	1.25193265350229	0.981961441443835	85	15	165	24	0.176470588235294	0.145454545454545	0.922994782276402	0.913614372454236
5	unit	metabolic	metabolic:HEME_PROTO_HEMF_HEMY	metabolic:RHEA:22584	heme_b_biosynthesis	0.986033519553073	0.978525525134339	1.26766503398836	0.979277210703829	84	14	165	39	0.166666666666667	0.236363636363636	0.901121114258128	0.883646321525656
5	unit	metabolic	metabolic:HEME_PROTO_HEMN_HEMG	metabolic:RHEA:19865	heme_b_biosynthesis	0.993150684931507	0.986542809626299	1.25568568223771	0.956191187614688	111	22	205	39	0.198198198198198	0.190243902439024	0.936150962730356	0.935607893064592
5	unit	metabolic	metabolic:HEME_PROTO_HEMN_HEMG	metabolic:RHEA:22584	heme_b_biosynthesis	0.988917306052856	0.981130875042772	1.27137248940318	0.971528358995203	108	19	205	41	0.175925925925926	0.2	0.912275512481074	0.901454093753154
5	unit	metabolic	metabolic:HEME_PROTO_HEMN_HEMJ	metabolic:RHEA:19865	heme_b_biosynthesis	0.991590985536495	0.987615569079952	1.25371368319605	0.980772302886637	271	46	500	98	0.169741697416974	0.196	0.941000544141366	0.931206768498046
5	unit	metabolic	metabolic:HEME_PROTO_HEMN_HEMJ	metabolic:RHEA:22584	heme_b_biosynthesis	0.986283037805286	0.981445263874052	1.26798581980081	0.984840881247999	273	48	500	86	0.175824175824176	0.172	0.913636152942178	0.902914022764029
5	unit	metabolic	metabolic:HEME_PROTO_HEMN_HEMY	metabolic:RHEA:19865	heme_b_biosynthesis	0.989729225023343	0.981702481156166	1.25135977451372	0.95996835286675	123	9	205	36	0.0731707317073171	0.175609756097561	0.914751732877167	0.796986141272253
5	unit	metabolic	metabolic:HIS_CANONICAL	metabolic:RHEA:18473	histidine_biosynthesis	0.994940734316276	0.992972236498959	1.29467735898754	0.986968024728415	518	33	1205	254	0.0637065637065637	0.210788381742739	0.965821963134867	0.900012772750993
5	unit	metabolic	metabolic:HIS_CANONICAL	metabolic:RHEA:20049	histidine_biosynthesis	0.991643855352255	0.989213798591556	1.32062044166097	0.986133131455794	502	17	1205	216	0.0338645418326693	0.179253112033195	0.948299596804824	0.756439288942225
5	unit	metabolic	metabolic:HIS_CANONICAL	metabolic:RHEA:15469	histidine_biosynthesis	0.993361235387502	0.991156850118603	1.29908728415798	0.982067599808125	496	11	1205	229	0.0221774193548387	0.190041493775934	0.957294843008937	0.713112493603393
5	unit	metabolic	metabolic:HIS_CANONICAL	metabolic:RHEA:24793	histidine_biosynthesis	0.986810035842294	0.983852023854344	1.3109186950119	0.979696868126447	513	28	1205	335	0.0545808966861598	0.278008298755187	0.924158843984509	0.76881097066822
5	unit	metabolic	metabolic:HIS_CANONICAL	metabolic:RHEA:11040	histidine_biosynthesis	0.994796935973407	0.992805539991397	1.29434709152528	0.981272421736112	495	10	1205	232	0.0202020202020202	0.19253112033195	0.965033947424634	0.735994140194067
5	unit	metabolic	metabolic:HIS_CANONICAL	metabolic:RHEA:23744	histidine_biosynthesis	0.995372378886479	0.993474659528967	1.27841408252137	0.988666156616612	503	18	1205	131	0.0357852882703777	0.108713692946058	0.968203236476311	0.844919498988208
5	unit	metabolic	metabolic:HIS_CANONICAL	metabolic:RHEA:33799	histidine_biosynthesis	1	0.999442203090599	1.32024236983842	0.997437047888865	485	0	1205	237	0	0.196680497925311	0.997217224347628	0
5	unit	metabolic	metabolic:HIS_CANONICAL	metabolic:RHEA:33803	histidine_biosynthesis	1	0.999442203090599	1.32024236983842	0.997437047888865	485	0	1205	237	0	0.196680497925311	0.997217224347628	0
5	unit	metabolic	metabolic:HUT_FORMAMIDE	metabolic:RHEA:21232	histidine_degradation_glutamate	0.992212551534585	0.987563651379503	2.03599108499406	0.976117036974712	240	12	370	67	0.05	0.181081081081081	0.940764928877664	0.798811891294986
5	unit	metabolic	metabolic:HUT_FORMAMIDE	metabolic:RHEA:13101	histidine_degradation_glutamate	0.98949291914116	0.984282440228602	2.09019276240842	0.984562798578261	243	15	370	81	0.0617283950617284	0.218918918918919	0.926060777725228	0.794476512686701
5	unit	metabolic	metabolic:HUT_FORMAMIDE	metabolic:RHEA:23660	histidine_degradation_glutamate	0.986788154897494	0.981090049722269	2.12842336031603	0.968508549122811	241	13	370	81	0.053941908713693	0.218918918918919	0.912099058354847	0.736746886958898
5	unit	metabolic	metabolic:ILE_CANONICAL	metabolic:RHEA:27654	isoleucine_biosynthesis	0.993220338983051	0.99124645872286	1.25254346285901	0.991108491056838	879	33	1475	123	0.037542662116041	0.0833898305084746	0.957712939724734	0.809571381137044
5	unit	metabolic	metabolic:ILE_CANONICAL	metabolic:RHEA:13493	isoleucine_biosynthesis	0.994848378410022	0.993091784529001	1.26984009767545	0.989879616610899	1001	155	1475	296	0.154845154845155	0.200677966101695	0.966387725970859	0.957007357273861
5	unit	metabolic	metabolic:ILE_CANONICAL	metabolic:RHEA:27694	isoleucine_biosynthesis	0.989864864864865	0.987516034826552	1.28169362826015	0.989274087913052	969	123	1475	254	0.126934984520124	0.172203389830508	0.940548915220409	0.909427730429597
5	unit	metabolic	metabolic:LEU_CANONICAL	metabolic:RHEA:21524	leucine_biosynthesis	0.991421422614083	0.989211287500146	1.30248598241149	0.984205733097708	886	64	1455	183	0.072234762979684	0.125773195876289	0.948288058576059	0.868820921695993
5	unit	metabolic	metabolic:LEU_CANONICAL	metabolic:RHEA:16293	leucine_biosynthesis	1	0.999538554709988	1.33129667345553	0.998087724213221	822	0	1455	318	0	0.218556701030928	0.997697024339027	0
5	unit	metabolic	metabolic:LEU_CANONICAL	metabolic:RHEA:10676	leucine_biosynthesis	1	0.999538554709988	1.33129667345553	0.998087724213221	822	0	1455	318	0	0.218556701030928	0.997697024339027	0
5	unit	metabolic	metabolic:LEU_CANONICAL	metabolic:RHEA:32271	leucine_biosynthesis	0.992130678430905	0.990001400987832	1.30955907139534	0.981308367359183	893	71	1455	253	0.0795072788353863	0.173883161512027	0.951929553417997	0.88729009447178
5	unit	metabolic	metabolic:LOOP_DMB	metabolic:RHEA:16049	cobamide_nucleotide_loop_assembly	0.990015128593041	0.98601112278593	2.17688619006274	0.978604058895906	394	22	595	112	0.0558375634517767	0.188235294117647	0.933761995194184	0.797395768410604
5	unit	metabolic	metabolic:MK_CLASSIC	metabolic:RHEA:25593	menaquinone_biosynthesis	0.989513822688275	0.985310533199343	3.0438221275164	0.984533680586607	225	9	530	112	0.04	0.211320754716981	0.930628771432564	0.728485135939585
5	unit	metabolic	metabolic:MK_CLASSIC	metabolic:RHEA:17009	menaquinone_biosynthesis	0.988885360431883	0.984582068824259	3.0426844013707	0.982002878965428	232	16	530	121	0.0689655172413793	0.228301886792453	0.9273884251742	0.814955535910779
5	unit	metabolic	metabolic:MK_CLASSIC	metabolic:RHEA:26562	menaquinone_biosynthesis	0.99775712912528	0.995377320953447	2.76486349064721	0.987186320755103	221	5	530	107	0.0226244343891403	0.20188679245283	0.977306228848787	0.829688706324657
5	unit	metabolic	metabolic:MK_CLASSIC	metabolic:RHEA:26478	menaquinone_biosynthesis	0.994888178913738	0.991712102722881	2.61408090957996	0.982002878965428	241	25	530	103	0.103734439834025	0.194339622641509	0.959890216670572	0.925443471806694
5	unit	metabolic	metabolic:NEUAC_LYASE	metabolic:RHEA:25257	neuac_degradation	0.997840172786177	0.987868639142216	5.36589921069569	0.932418010429355	59	3	85	10	0.0508474576271186	0.117647058823529	0.942150374443533	0.805468606424673
5	unit	metabolic	metabolic:NEUAC_LYASE	metabolic:RHEA:22936	neuac_degradation	0.997840172786177	0.987868639142216	1.6603857266302	0.932418010429355	58	2	85	14	0.0344827586206897	0.164705882352941	0.942150374443533	0.737392539431232
5	unit	metabolic	metabolic:OBU_CITRAMALATE	metabolic:RHEA:22332	oxobutanoate_biosynthesis_citramalate	1	0.993476242504062	1.36275191104934	0.980384853629872	51	0	85	21	0	0.247058823529412	0.96821075385171	0
5	unit	metabolic	metabolic:OBU_CITRAMALATE	metabolic:RHEA:42424	oxobutanoate_biosynthesis_citramalate	1	0.993476242504062	1.36275191104934	0.980384853629872	51	0	85	21	0	0.247058823529412	0.96821075385171	0
5	unit	metabolic	metabolic:OBU_CITRAMALATE	metabolic:RHEA:32715	oxobutanoate_biosynthesis_citramalate	0.991525423728814	0.980316768723464	1.30876016778026	0.980384853629872	54	3	85	14	0.0555555555555556	0.164705882352941	0.908766892998101	0.73453154572004
5	unit	metabolic	metabolic:OIV_CANONICAL	metabolic:RHEA:25249	oxoisovalerate_biosynthesis	0.988379888268156	0.98594070920796	1.24643920314717	0.98688352578898	1060	41	1545	130	0.0386792452830189	0.0841423948220065	0.933446335338791	0.730637750242335
5	unit	metabolic	metabolic:OIV_CANONICAL	metabolic:RHEA:22068	oxoisovalerate_biosynthesis	0.99370927881375	0.991840504417761	1.26838613305734	0.988573434993892	1205	186	1545	314	0.154356846473029	0.203236245954693	0.960491984016332	0.949400632165379
5	unit	metabolic	metabolic:OIV_CANONICAL	metabolic:RHEA:24809	oxoisovalerate_biosynthesis	0.988269467098648	0.98582013788458	1.2796278804757	0.988006418156844	1173	154	1545	268	0.131287297527707	0.173462783171521	0.932906212069522	0.901258240396209
5	unit	metabolic	metabolic:ORN_DEACETYLASE	metabolic:RHEA:14629	ornithine_biosynthesis	0.99721059972106	0.994872659920211	1.36337205627678	0.989853084148818	342	37	630	138	0.108187134502924	0.219047619047619	0.974878524983909	0.954528637052378
5	unit	metabolic	metabolic:ORN_DEACETYLASE	metabolic:RHEA:21588	ornithine_biosynthesis	0.996099191975481	0.9934626248267	1.38355602559125	0.985001658150138	338	33	630	128	0.0976331360946746	0.203174603174603	0.968146088026726	0.936856628020813
5	unit	metabolic	metabolic:ORN_TRANSACETYLASE	metabolic:RHEA:24292	ornithine_biosynthesis	1	0.999362608273753	1.47001499250375	0.997582226433089	609	0	1110	127	0	0.114414414414414	0.996821146069542	0
5	unit	metabolic	metabolic:ORN_TRANSACETYLASE	metabolic:RHEA:14629	ornithine_biosynthesis	0.991114036531183	0.988424726250029	1.35503692235951	0.98770034086003	669	60	1110	234	0.0896860986547085	0.210810810810811	0.944684786218386	0.884505083259533
5	unit	metabolic	metabolic:ORN_TRANSACETYLASE	metabolic:RHEA:21588	ornithine_biosynthesis	0.993894389438944	0.991596008755436	1.38049361186856	0.989303954059706	688	79	1110	235	0.114825581395349	0.211711711711712	0.959346645517705	0.931263892766527
5	unit	metabolic	metabolic:OXOPENTENOATE_LOWER	metabolic:RHEA:23288	oxopentenoate_degradation	0.988329686360321	0.981126633816629	3.11928301762756	0.963899995107341	190	2	230	23	0.0105263157894737	0.1	0.912257178670779	0.353674308616562
5	unit	metabolic	metabolic:PAA_COA_EPOXIDASE	metabolic:RHEA:31755	phenylacetate_degradation	1	0.982446384241207	8.86661642803316	0.831820773740436	12	0	25	5	0	0.2	0.917990195586545	0
5	unit	metabolic	metabolic:PAA_COA_EPOXIDASE	metabolic:RHEA:31747	phenylacetate_degradation	1	0.982446384241207	8.86661642803316	0.831820773740436	12	0	25	5	0	0.2	0.917990195586545	0
5	unit	metabolic	metabolic:PANTOTHENATE_PANBCDE	metabolic:RHEA:11824	pantothenate_biosynthesis	0.984677264891783	0.980971274928792	1.39772140170307	0.974212120558339	673	71	975	177	0.105497771173848	0.181538461538462	0.911585997618975	0.844687568429512
5	unit	metabolic	metabolic:PCR_FOLATE_DIRECT_FOLATE	metabolic:RHEA:14905	purine_core_biosynthesis	0.989247311827957	0.98032046531913	1.09972447760466	0.97767524627903	25	1	90	12	0.04	0.133333333333333	0.908782776638214	0.66583888093674
5	unit	metabolic	metabolic:PCR_FOLATE_DIRECT_FOLATE	metabolic:RHEA:17453	purine_core_biosynthesis	1	0.995841863509841	1.11325574794209	0.994495226913783	24	0	90	11	0	0.122222222222222	0.979549462061389	0
5	unit	metabolic	metabolic:PCR_FOLATE_DIRECT_FOLATE	metabolic:RHEA:15053	purine_core_biosynthesis	0.989247311827957	0.98032046531913	1.15368062949428	0.985358745855079	27	3	90	19	0.111111111111111	0.211111111111111	0.908782776638214	0.846975755314576
5	unit	metabolic	metabolic:PCR_FOLATE_DIRECT_FOLATE	metabolic:RHEA:23032	purine_core_biosynthesis	0.997830802603037	0.992125525637532	1.10488210271291	0.994495226913783	26	2	90	13	0.0769230769230769	0.144444444444444	0.961829905897357	0.906469843154304
5	unit	metabolic	metabolic:PCR_FOLATE_DIRECT_FOLATE	metabolic:RHEA:22192	purine_core_biosynthesis	1	0.995841863509841	1.11897289586305	0.994495226913783	24	0	90	17	0	0.188888888888889	0.979549462061389	0
5	unit	metabolic	metabolic:PCR_FOLATE_DIRECT_FOLATE	metabolic:RHEA:18445	purine_core_biosynthesis	1	0.995841863509841	1.10958129007922	0.994495226913783	24	0	90	17	0	0.188888888888889	0.979549462061389	0
5	unit	metabolic	metabolic:PCR_FOLATE_TWOSTEP_FOLATE	metabolic:RHEA:14905	purine_core_biosynthesis	0.994569757727652	0.992585751761684	1.10564132364168	0.989045286392504	300	36	1185	221	0.12	0.186497890295359	0.963996513940771	0.941400709070656
5	unit	metabolic	metabolic:PCR_FOLATE_TWOSTEP_FOLATE	metabolic:RHEA:17453	purine_core_biosynthesis	0.995540069686411	0.993710863453374	1.10829070488507	0.989965036161508	293	29	1185	232	0.0989761092150171	0.1957805907173	0.969325969921272	0.939898987223688
5	unit	metabolic	metabolic:PCR_FOLATE_TWOSTEP_FOLATE	metabolic:RHEA:17129	purine_core_biosynthesis	0.982530949105915	0.97925460462263	1.12477711103135	0.973135350102726	313	49	1185	294	0.156549520766773	0.248101265822785	0.904220922444246	0.880805946476802
5	unit	metabolic	metabolic:PCR_FOLATE_TWOSTEP_FOLATE	metabolic:RHEA:23032	purine_core_biosynthesis	0.997207873795896	0.995690992767744	1.10419234359896	0.994914784246602	276	12	1185	232	0.0434782608695652	0.1957805907173	0.978820022542887	0.909474485760472
5	unit	metabolic	metabolic:PCR_FOLATE_TWOSTEP_FOLATE	metabolic:RHEA:13193	purine_core_biosynthesis	0.996929518492673	0.995355112985985	1.23981320310589	0.994914784246602	277	13	1185	227	0.0469314079422383	0.191561181434599	0.977199193608002	0.90955918198025
5	unit	metabolic	metabolic:PCR_FOLATE_TWOSTEP_FOLATE	metabolic:RHEA:22628	purine_core_biosynthesis	0.99346314325452	0.991318879355788	1.10077100890222	0.982076666929357	297	33	1185	229	0.111111111111111	0.193248945147679	0.958051052283054	0.92694360521759
5	unit	metabolic	metabolic:PCR_FOLATE_TWOSTEP_FOLATE	metabolic:RHEA:23920	purine_core_biosynthesis	0.994569757727652	0.992585751761684	1.05767423801731	0.988139668694408	315	51	1185	233	0.161904761904762	0.19662447257384	0.963996513940771	0.955898705536345
5	unit	metabolic	metabolic:PCR_FOLATE_TWOSTEP_FOLATE	metabolic:RHEA:22192	purine_core_biosynthesis	1	0.999462495578865	1.11897289586305	0.997317119952444	264	0	1185	241	0	0.20337552742616	0.997318243717758	0
5	unit	metabolic	metabolic:PCR_FOLATE_TWOSTEP_FOLATE	metabolic:RHEA:18445	purine_core_biosynthesis	0.999860022396417	0.999207475937213	1.10942597354925	0.997317119952444	264	0	1185	241	0	0.20337552742616	0.996049901877316	0
5	unit	metabolic	metabolic:PCR_FORMATE_TWOSTEP_FOLATE	metabolic:RHEA:14905	purine_core_biosynthesis	0.998037933289732	0.99572569954093	1.10949681812991	0.990392544855043	109	20	545	105	0.18348623853211	0.192660550458716	0.9789877484111	0.977139876607865
5	unit	metabolic	metabolic:PCR_FORMATE_TWOSTEP_FOLATE	metabolic:RHEA:17453	purine_core_biosynthesis	0.997059784384188	0.994421191856811	1.1099825360076	0.985871793926585	99	10	545	99	0.101010101010101	0.181651376146789	0.972714834106749	0.947382339495235
5	unit	metabolic	metabolic:PCR_FORMATE_TWOSTEP_FOLATE	metabolic:RHEA:17129	purine_core_biosynthesis	0.989944858903665	0.985763141231456	1.13326437145948	0.974573435174673	109	20	545	128	0.18348623853211	0.234862385321101	0.932651055785263	0.92703193976955
5	unit	metabolic	metabolic:PCR_FORMATE_TWOSTEP_FOLATE	metabolic:RHEA:23032	purine_core_biosynthesis	0.998037933289732	0.99572569954093	1.1051114552124	0.990392544855043	107	18	545	110	0.168224299065421	0.201834862385321	0.9789877484111	0.975117525619876
5	unit	metabolic	metabolic:PCR_FORMATE_TWOSTEP_FOLATE	metabolic:RHEA:13193	purine_core_biosynthesis	0.997711670480549	0.995283781843428	1.24078591215243	0.985871793926585	93	4	545	106	0.043010752688172	0.194495412844037	0.976855526756874	0.900761594670895
5	unit	metabolic	metabolic:PCR_FORMATE_TWOSTEP_FOLATE	metabolic:RHEA:22628	purine_core_biosynthesis	0.996408749591903	0.993580425014564	1.10403478177779	0.971147552873341	108	19	545	116	0.175925925925926	0.212844036697248	0.968705709256983	0.964575035668293
5	unit	metabolic	metabolic:PCR_FORMATE_TWOSTEP_FOLATE	metabolic:RHEA:23920	purine_core_biosynthesis	0.996734160679295	0.99399845078673	1.05997597022348	0.985871793926585	115	26	545	106	0.226086956521739	0.194495412844037	0.970695737820173	0.973989049026282
5	unit	metabolic	metabolic:PCR_FORMATE_TWOSTEP_FOLATE	metabolic:RHEA:22192	purine_core_biosynthesis	0.999018003273322	0.997116641285424	1.11787406814207	0.990392544855043	89	0	545	85	0	0.155963302752294	0.985747585718806	0
5	unit	metabolic	metabolic:PCR_FORMATE_TWOSTEP_FOLATE	metabolic:RHEA:18445	purine_core_biosynthesis	1	0.998742912898792	1.10958129007922	0.990392544855043	89	0	545	85	0	0.155963302752294	0.993746011725922	0
5	unit	metabolic	metabolic:PHE_CANONICAL	metabolic:RHEA:25152	phenylalanine_biosynthesis	0.99224710804824	0.990093826456119	1.04838177741519	0.991971996637357	1083	45	1420	59	0.0415512465373961	0.0415492957746479	0.952356972668213	0.805935604175262
5	unit	metabolic	metabolic:PLP_DXP	metabolic:RHEA:16573	plp_biosynthesis_dxp	0.997782705099778	0.99350114849921	1.3371197389754	0.963444576131746	82	19	245	41	0.231707317073171	0.16734693877551	0.968329041910106	0.97254397023838
5	unit	metabolic	metabolic:PLP_DXP	metabolic:RHEA:32275	plp_biosynthesis_dxp	0.991189427312775	0.984663037001491	2.71027999111367	0.963444576131746	82	19	245	53	0.231707317073171	0.216326530612245	0.927747707927734	0.937012092432044
5	unit	metabolic	metabolic:PLP_DXP	metabolic:RHEA:15265	plp_biosynthesis_dxp	0.997045790251108	0.992428619461811	2.18255642197108	0.975029755247836	78	15	245	59	0.192307692307692	0.240816326530612	0.963255911223673	0.961842230571316
5	unit	metabolic	metabolic:PLP_DXP	metabolic:RHEA:15149	plp_biosynthesis_dxp	0.987564008778347	0.980174249326727	1.64235733247859	0.935124903375596	83	20	245	44	0.240963855421687	0.179591836734694	0.908154843339621	0.922559387286776
5	unit	metabolic	metabolic:PRO_CANONICAL	metabolic:RHEA:14877	proline_biosynthesis	0.993198771390961	0.991291471372561	1.25507214522458	0.991107854492082	1064	85	1540	259	0.0798872180451128	0.168181818181818	0.9579230694788	0.900926916770643
5	unit	metabolic	metabolic:PRO_CANONICAL	metabolic:RHEA:19541	proline_biosynthesis	0.991350049271871	0.989233501821702	1.2585481959142	0.989251739968923	1088	109	1540	281	0.100183823529412	0.182467532467532	0.948390139006006	0.902008443590782
5	unit	metabolic	metabolic:PRO_CANONICAL	metabolic:RHEA:14109	proline_biosynthesis	0.985952303168899	0.98333398636134	1.13210840236999	0.989251739968923	1148	169	1540	246	0.147212543554007	0.15974025974026	0.92187786975901	0.896756994359616
5	unit	metabolic	metabolic:PYR_DHODH_FUMARATE	metabolic:RHEA:20013	pyrimidine_core_biosynthesis	0.989335520918786	0.981839508602731	1.088713219148	0.973773887007491	97	6	220	36	0.0618556701030928	0.163636363636364	0.915346909873624	0.769808094022292
5	unit	metabolic	metabolic:PYR_DHODH_FUMARATE	metabolic:RHEA:24296	pyrimidine_core_biosynthesis	0.996694214876033	0.991530924608668	1.10518368977772	0.988458592585769	94	3	220	37	0.0319148936170213	0.168181818181818	0.959042124389013	0.788873134433913
5	unit	metabolic	metabolic:PYR_DHODH_FUMARATE	metabolic:RHEA:10380	pyrimidine_core_biosynthesis	0.994229183841715	0.988136049964858	1.071843556632	0.969526482767292	98	7	220	47	0.0714285714285714	0.213636363636364	0.943367777267786	0.856098779134489
5	unit	metabolic	metabolic:PYR_DHODH_FUMARATE	metabolic:RHEA:11596	pyrimidine_core_biosynthesis	0.989335520918786	0.981839508602731	1.08032684353879	0.969526482767292	95	4	220	43	0.0421052631578947	0.195454545454545	0.915346909873624	0.694787311501597
5	unit	metabolic	metabolic:PYR_DHODH_NAD	metabolic:RHEA:20013	pyrimidine_core_biosynthesis	0.988555078683834	0.983026443933056	1.08785438232267	0.973159254042624	181	14	445	86	0.0773480662983425	0.193258426966292	0.920527915212847	0.817505815820232
5	unit	metabolic	metabolic:PYR_DHODH_NAD	metabolic:RHEA:24296	pyrimidine_core_biosynthesis	0.987142857142857	0.981357908966723	1.0945926733713	0.975183788073086	177	10	445	91	0.0564971751412429	0.204494382022472	0.913257770954777	0.748372421321931
5	unit	metabolic	metabolic:PYR_DHODH_NAD	metabolic:RHEA:10380	pyrimidine_core_biosynthesis	0.989026717557252	0.983587351943567	1.06623496048915	0.981498916596962	175	8	445	104	0.0457142857142857	0.233707865168539	0.922992357081352	0.732591296754376
5	unit	metabolic	metabolic:PYR_DHODH_NAD	metabolic:RHEA:11596	pyrimidine_core_biosynthesis	0.996634615384615	0.993069335257952	1.08829725147243	0.990978912989976	184	17	445	114	0.0923913043478261	0.256179775280899	0.966281444310053	0.92976743163583
5	unit	metabolic	metabolic:PYR_DHODH_QUINONE	metabolic:RHEA:20013	pyrimidine_core_biosynthesis	0.994647397296936	0.992719956911003	1.09455866784472	0.990964478625266	435	48	1180	216	0.110344827586207	0.183050847457627	0.964629771699399	0.937682364756068
5	unit	metabolic	metabolic:PYR_DHODH_QUINONE	metabolic:RHEA:24296	pyrimidine_core_biosynthesis	0.993185462319615	0.991051958571351	1.10129301193597	0.983179424745784	415	28	1180	163	0.0674698795180723	0.138135593220339	0.95680580658536	0.881974066814716
5	unit	metabolic	metabolic:PYR_DHODH_QUINONE	metabolic:RHEA:10380	pyrimidine_core_biosynthesis	0.996647894877983	0.995056063233864	1.07445108403283	0.992242596250624	465	78	1180	234	0.167741935483871	0.198305084745763	0.97575968647829	0.971232191703431
5	unit	metabolic	metabolic:PYR_DHODH_QUINONE	metabolic:RHEA:11596	pyrimidine_core_biosynthesis	0.989615230994541	0.987059296113924	1.08063227915376	0.986688074899729	451	64	1180	242	0.141906873614191	0.205084745762712	0.938480883261788	0.915426428520833
5	unit	metabolic	metabolic:QUIN_NADB	metabolic:RHEA:25888	quinolinate_biosynthesis_aspartate	0.990627789348408	0.988027807809345	1.58258337671057	0.986174024423487	1010	150	1255	262	0.148514851485149	0.208764940239044	0.942874699359589	0.924565131511847
5	unit	metabolic	metabolic:RIBOFLAVIN_GTP	metabolic:RHEA:23704	riboflavin_biosynthesis	0.994860499265786	0.993060673483741	1.30090338234733	0.99374592662941	906	24	1520	229	0.0264900662251656	0.150657894736842	0.966240441808059	0.791270637984625
5	unit	metabolic	metabolic:RIBOFLAVIN_GTP	metabolic:RHEA:21868	riboflavin_biosynthesis	1	0.999527718987305	1.39755315358119	0.997941165438783	882	0	1520	291	0	0.191447368421053	0.997643047512156	0
5	unit	metabolic	metabolic:RIBOFLAVIN_GTP	metabolic:RHEA:17845	riboflavin_biosynthesis	1	0.999527718987305	1.39755315358119	0.997941165438783	882	0	1520	291	0	0.191447368421053	0.997643047512156	0
5	unit	metabolic	metabolic:RIBOFLAVIN_GTP	metabolic:RHEA:18457	riboflavin_biosynthesis	0.990255785627284	0.987889834234607	1.25148760190017	0.989513929871427	905	23	1520	274	0.025414364640884	0.180263157894737	0.942246775654285	0.674604497037019
5	unit	metabolic	metabolic:RIBOFLAVIN_GTP	metabolic:RHEA:26152	riboflavin_biosynthesis	0.995469572670503	0.993761993176191	1.23970099407717	0.991580694010263	961	79	1520	291	0.0822060353798127	0.191447368421053	0.969569274182175	0.929058127738668
5	unit	metabolic	metabolic:RIBOFLAVIN_GTP	metabolic:RHEA:20772	riboflavin_biosynthesis	0.992431640625	0.990310390242166	1.25248854270018	0.986205033837369	958	76	1520	300	0.0793319415448852	0.197368421052632	0.953359658060301	0.890206275188171
5	unit	metabolic	metabolic:SALVAGE_HMP_HET	metabolic:RHEA:23096	thiamine_precursor_salvage	1	0.99890113469776	1.42514534883721	0.995148702005673	533	0	700	108	0	0.154285714285714	0.994529717901566	0
5	unit	metabolic	metabolic:SALVAGE_HMP_HET	metabolic:RHEA:19893	thiamine_precursor_salvage	1	0.99890113469776	1.42514534883721	0.995148702005673	533	0	700	108	0	0.154285714285714	0.994529717901566	0
5	unit	metabolic	metabolic:SIROHEME_UROGEN	metabolic:RHEA:32459	siroheme_biosynthesis	0.996092852217881	0.99375140998852	1.46171470431474	0.980743080474837	601	4	725	42	0.00665557404326123	0.0579310344827586	0.969518905395733	0.514203845148025
5	unit	metabolic	metabolic:TCA4_FUMARASE_MQO	metabolic:RHEA:12460	fumarate_oxaloacetate_interconversion	0.99149310648284	0.987809413026264	1.10336781338098	0.973317786534375	500	64	610	81	0.128	0.132786885245902	0.941881080121704	0.912063982514652
5	unit	metabolic	metabolic:THR_CANONICAL	metabolic:RHEA:10840	threonine_biosynthesis	0.985311398354877	0.982527640320852	1.21483536760384	0.979823519435518	1236	119	1535	234	0.0962783171521036	0.152442996742671	0.918345022173005	0.844092097647585
5	unit	metabolic	metabolic:TRP_CANONICAL	metabolic:RHEA:11768	tryptophan_biosynthesis	0.991478617642418	0.988898946832917	1.31267440251836	0.990664674919723	602	16	1145	205	0.026578073089701	0.179039301310044	0.946854613221441	0.703054009197649
5	unit	metabolic	metabolic:TRP_CANONICAL	metabolic:RHEA:23476	tryptophan_biosynthesis	0.995563302170813	0.993595152439733	1.30138849165001	0.989891744387457	602	16	1145	210	0.026578073089701	0.183406113537118	0.968775709482435	0.804805788800275
5	unit	metabolic	metabolic:TRP_CANONICAL	metabolic:RHEA:10532	tryptophan_biosynthesis	0.990540753586631	0.987844006955207	1.28341619939437	0.986891048142067	663	77	1145	266	0.116138763197587	0.232314410480349	0.942038359949319	0.90419523882418
5	unit	metabolic	metabolic:TYR_NAD	metabolic:RHEA:15093	tyrosine_biosynthesis	0.994015849911046	0.991762971818328	1.05025058279933	0.986924923769473	884	41	1195	60	0.0463800904977376	0.0502092050209205	0.960128548180757	0.848123622421759
5	unit	regulatory	regulatory:CIRCUIT_ASPARTATE_CHEMORECEPTION	regulatory:RF_CHEMOTAXIS_RESPONSE_REGULATOR	aspartate_chemoreception	1	0.992044057504514	2.2137347130762	0.919704395076508	53	3	85	19	0.0566037735849057	0.223529411764706	0.961447183487422	0.875900491766774
5	unit	regulatory	regulatory:CIRCUIT_ASPARTATE_CHEMORECEPTION	regulatory:RF_CHEMOTAXIS_ADAPTATION	aspartate_chemoreception	0.997916666666667	0.988294769565831	2.35867567296103	0.919704395076508	52	2	85	20	0.0384615384615385	0.235294117647059	0.94409153375178	0.7645607697845
5	unit	regulatory	regulatory:CIRCUIT_CHEMOTAXIS_CORE	regulatory:RF_CHEMOTAXIS_RECEPTION	chemotaxis_signal_transduction	0.987848784878488	0.98418019710322	2.36432644484953	0.972278165066074	555	4	785	8	0.00720720720720721	0.0101910828025478	0.92560842568733	0.309570663812676
5	unit	regulatory	regulatory:CIRCUIT_CHEMOTAXIS_CORE	regulatory:RF_CHEMOTAXIS_KINASE_CORE	chemotaxis_signal_transduction	0.98452567840323	0.980463401459267	2.42392323333174	0.962543847401534	606	55	785	127	0.0907590759075908	0.161783439490446	0.909397282936233	0.819976600315752
5	unit	regulatory	regulatory:CIRCUIT_CHEMOTAXIS_CORE	regulatory:RF_CHEMOTAXIS_RESPONSE_REGULATOR	chemotaxis_signal_transduction	0.990523465703971	0.987216066850804	2.19275618014542	0.971171426626185	575	24	785	66	0.0417391304347826	0.0840764331210191	0.93918990310788	0.763214338638413
5	unit	structural	structural:ARCH_FLAGELLUM_DIDERM	structural:SF_FLAGELLAR_EXPORT_ATPASE	flagellar_apparatus	0.984279141104294	0.978743402140987	2.62014216611609	0.951527418650569	103	5	530	111	0.0485436893203883	0.209433962264151	0.902045710469404	0.690895910228269
5	unit	structural	structural:ARCH_FLAGELLUM_DIDERM	structural:SF_FLAGELLAR_MS_RING	flagellar_apparatus	0.995347033734005	0.991884332099174	2.33524490506766	0.983080059836372	98	0	530	74	0	0.139622641509434	0.960697523871622	0
5	unit	structural	structural:ARCH_FLAGELLUM_DIDERM	structural:SF_FLAGELLAR_ROD	flagellar_apparatus	0.99419054996127	0.99043658930336	2.60468626382639	0.972529169146535	118	20	530	217	0.169491525423729	0.409433962264151	0.953944728424102	0.946101594566396
5	unit	structural	structural:ARCH_FLAGELLUM_DIDERM	structural:SF_FLAGELLAR_C_RING	flagellar_apparatus	0.990354938271605	0.985800165938783	2.43725501018693	0.975057673041074	116	18	530	162	0.155172413793103	0.305660377358491	0.932816791351926	0.91505692503736
5	unit	structural	structural:ARCH_FLAGELLUM_DIDERM	structural:SF_FLAGELLAR_HOOK	flagellar_apparatus	0.995347033734005	0.991884332099174	2.40922715468305	0.977648323631619	100	2	530	81	0.02	0.152830188679245	0.960697523871622	0.709671056173343
5	unit	structural	structural:ARCH_FLAGELLUM_DIDERM	structural:SF_FLAGELLAR_HOOK_FILAMENT_JUNCTION	flagellar_apparatus	0.991885625965997	0.987626640332864	2.46265589261784	0.958256356447294	104	6	530	113	0.0576923076923077	0.213207547169811	0.941050800265918	0.821585652357825
5	unit	structural	structural:ARCH_FLAGELLUM_DIDERM	structural:SF_FLAGELLAR_STATOR	flagellar_apparatus	0.99419054996127	0.99043658930336	2.41686901050502	0.98031523826543	110	12	530	78	0.109090909090909	0.147169811320755	0.953944728424102	0.918686113065568
5	unit	structural	structural:ARCH_FLAGELLUM_MONODERM	structural:SF_FLAGELLAR_MS_RING	flagellar_apparatus	0.995511669658887	0.992607439107146	2.33563116753868	0.987616732307807	124	0	670	102	0	0.152238805970149	0.964098802684845	0
5	unit	structural	structural:ARCH_FLAGELLUM_MONODERM	structural:SF_FLAGELLAR_C_RING	flagellar_apparatus	0.989001189060642	0.984877093139751	2.43392344498798	0.974447856716663	147	23	670	223	0.156462585034014	0.332835820895522	0.928698603228292	0.910631323831218
5	unit	structural	structural:ARCH_FLAGELLUM_MONODERM	structural:SF_FLAGELLAR_HOOK	flagellar_apparatus	0.995809637832984	0.992978225182699	2.41034688309872	0.981712360247228	128	4	670	102	0.03125	0.152238805970149	0.96585029214795	0.815470638236383
5	unit	structural	structural:ARCH_FLAGELLUM_MONODERM	structural:SF_FLAGELLAR_HOOK_FILAMENT_JUNCTION	flagellar_apparatus	0.991358760429082	0.987617320432757	2.46134778966208	0.964257694121158	135	11	670	142	0.0814814814814815	0.211940298507463	0.941008493835863	0.866645278841133
5	unit	structural	structural:ARCH_FLAGELLUM_MONODERM	structural:SF_FLAGELLAR_STATOR	flagellar_apparatus	0.993727598566308	0.990429767027425	2.41574357948991	0.979846599901128	139	15	670	103	0.107913669064748	0.153731343283582	0.953913085184222	0.917817612440979
5	unit	structural	structural:ARCH_T4AP_CORE	structural:SF_T4AP_PREPILIN_PEPTIDASE	type_iva_pilus	0.989311957247829	0.982708602663519	2.88338976690066	0.953998150582861	137	6	260	48	0.0437956204379562	0.184615384615385	0.919136018270756	0.713385137799548
5	unit	structural	structural:ARCH_T4AP_CORE	structural:SF_T4AP_MAJOR_PILIN	type_iva_pilus	0.987991994663109	0.981098262712512	3.73065269871827	0.961594878971672	134	3	260	7	0.0223880597014925	0.0269230769230769	0.91213455202002	0.537477394862373
5	unit	structural	structural:ARCH_T4AP_CORE	structural:SF_T4AP_ASSEMBLY_ATPASE	type_iva_pilus	0.994627266621894	0.989433860271044	2.96348048089977	0.973851626510583	132	1	260	12	0.00757575757575758	0.0461538461538462	0.949311623241094	0.415002379830257
5	unit	structural	structural:ARCH_T4AP_CORE	structural:SF_T4AP_PLATFORM	type_iva_pilus	0.990635451505017	0.984342365587681	3.29167374256087	0.978304889716931	136	5	260	49	0.0367647058823529	0.188461538461538	0.926326066033466	0.698001283839464
20	component	defense	defense:SYS_DF_CASCADE_I_E	defense:COMP_DF_CASC	type_i_e_crispr_cas_machinery	0.993710691823899	0.985362404308052	12.3463569165787	0.967172413336069	163	0	205	30	0	0.146341463414634	0.930860184218747	0
20	component	defense	defense:SYS_DF_CASCADE_I_E	defense:COMP_DF_CASE	type_i_e_crispr_cas_machinery	0.989974937343358	0.980343564867733	12.1969058772586	0.960506010404619	164	1	205	32	0.00609756097560976	0.15609756097561	0.908882041315714	0.233193105420231
20	component	metabolic	metabolic:SYS_10532_TRPAB	metabolic:COMP_10532_TRPAB_BETA	tryptophan_biosynthesis	0.991519750055791	0.989399459039767	1.24240909256192	0.991017383375816	1270	26	1605	275	0.0204724409448819	0.171339563862928	0.949153305087293	0.656450813891685
20	component	metabolic	metabolic:SYS_10676_LEUCD	metabolic:COMP_10676_LEUCD_LARGE	leucine_biosynthesis	0.985841516327929	0.983145567774246	1.32549551835384	0.988507572337421	1256	37	1535	280	0.0294585987261147	0.182410423452769	0.921050438973525	0.632132009948429
20	component	metabolic	metabolic:SYS_10676_LEUCD	metabolic:COMP_10676_LEUCD_SMALL	leucine_biosynthesis	0.98663009941721	0.984001286920256	1.32549551835384	0.975365781634761	1255	36	1535	279	0.0286852589641434	0.181758957654723	0.924817713897418	0.638243146021211
20	component	metabolic	metabolic:SYS_10760_CITLYASE	metabolic:COMP_10760_CITE	citrate_fermentation	0.996703296703297	0.990352467841503	2.90637199231995	0.975967068192559	151	0	195	30	0	0.153846153846154	0.953554670449324	0
20	component	metabolic	metabolic:SYS_12048_PCAIJ	metabolic:COMP_12048_ALPHA	oxoadipate_activation	0.986593059936908	0.978634034633055	9.0831408006398	0.944449522896702	157	3	200	43	0.0191082802547771	0.215	0.90158140622916	0.466730477473437
20	component	metabolic	metabolic:SYS_12633_BENAB	metabolic:COMP_12633_ALPHA	benzoate_degradation_catechol	0.988479262672811	0.978923598950335	13.3223906123806	0.871021551243799	100	0	125	25	0	0.2	0.902811527635508	0
20	component	metabolic	metabolic:SYS_12765_POR_FOUR_SUBUNIT	metabolic:COMP_12765_POR_ALPHA	pyruvate_to_acetyl_coa	0.99402390438247	0.982578830889482	12.4554688593867	0.969538089409661	123	0	145	19	0	0.131034482758621	0.918568670309163	0
20	component	metabolic	metabolic:SYS_12765_POR_FOUR_SUBUNIT	metabolic:COMP_12765_POR_BETA	pyruvate_to_acetyl_coa	0.99402390438247	0.982578830889482	14.4748579937675	0.961033733333152	123	0	145	16	0	0.110344827586207	0.918568670309163	0
20	component	metabolic	metabolic:SYS_13313_SOXABGD	metabolic:COMP_13313_SOXB	sarcosine_demethylation	0.996901626646011	0.992060433127117	8.22548705407922	0.969514049556767	135	4	165	28	0.0296296296296296	0.16969696969697	0.961524093757998	0.787336543371852
20	component	metabolic	metabolic:SYS_13513_NAD	metabolic:COMP_13513_CATALYTIC	pyrimidine_core_biosynthesis	0.99297520661157	0.988778419782387	4.28904048494557	0.985919915995088	414	13	515	102	0.0314009661835749	0.198058252427184	0.94630238719048	0.734527253860265
20	component	metabolic	metabolic:SYS_14613_TAUABC	metabolic:COMP_14613_SBP	taurine_uptake_abc	0.988505747126437	0.981669190603775	7.11796733212341	0.961240814111236	199	3	250	48	0.0150753768844221	0.192	0.91460722756049	0.446697959995842
20	component	metabolic	metabolic:SYS_15341_COBNST	metabolic:COMP_15341_COBS_SUB	corrin_ring_biosynthesis	0.998774509803922	0.993091253942724	7.46606155168548	0.981337778588563	83	1	125	19	0.0120481927710843	0.152	0.966385213800119	0.63394852524815
20	component	metabolic	metabolic:SYS_16293_LEUCD	metabolic:COMP_16293_LEUCD_LARGE	leucine_biosynthesis	0.985841516327929	0.983145567774246	1.32549551835384	0.988507572337421	1256	37	1535	280	0.0294585987261147	0.182410423452769	0.921050438973525	0.632132009948429
20	component	metabolic	metabolic:SYS_16293_LEUCD	metabolic:COMP_16293_LEUCD_SMALL	leucine_biosynthesis	0.98663009941721	0.984001286920256	1.32549551835384	0.975365781634761	1255	36	1535	279	0.0286852589641434	0.181758957654723	0.924817713897418	0.638243146021211
20	component	metabolic	metabolic:SYS_17129_TRIMER	metabolic:COMP_17129_TRI_A	purine_core_biosynthesis	0.983365323096609	0.979289048288171	2.42208004847283	0.977336353129849	625	55	805	166	0.088	0.206211180124224	0.9043677787098	0.806237589443773
20	component	metabolic	metabolic:SYS_17129_TRIMER	metabolic:COMP_17129_TRI_C	purine_core_biosynthesis	0.994607420189819	0.992051228372932	2.26048887501515	0.988598697702476	577	7	805	162	0.0121317157712305	0.201242236024845	0.961480861214567	0.602244311109427
20	component	metabolic	metabolic:SYS_17297_KOR	metabolic:COMP_17297_BETA	oxoglutarate_to_succinate	0.992440278197762	0.988863680905478	3.48881156655957	0.991898080486369	537	11	635	103	0.0204841713221601	0.162204724409449	0.946692980446302	0.645253979474399
20	component	metabolic	metabolic:SYS_17661_LSC	metabolic:COMP_17661_LSC_ALPHA	oxoglutarate_to_succinate	0.987301587301587	0.97947214889114	9.26362876889193	0.978944977166401	110	25	120	26	0.227272727272727	0.216666666666667	0.905149086199818	0.915570206690152
20	component	metabolic	metabolic:SYS_17661_LSC	metabolic:COMP_17661_LSC_BETA	oxoglutarate_to_succinate	0.992025518341308	0.985383035073651	9.26362876889193	0.985921032917883	94	9	120	10	0.0957446808510638	0.0833333333333333	0.930952249554288	0.865852820981272
20	component	metabolic	metabolic:SYS_17661_SUCCD	metabolic:COMP_17661_ALPHA	oxoglutarate_to_succinate	0.996688335581994	0.995185887002241	1.42456692862703	0.993255892694609	1059	31	1340	274	0.0292728989612842	0.204477611940299	0.976384191690153	0.858183574263351
20	component	metabolic	metabolic:SYS_17661_SUCCD	metabolic:COMP_17661_BETA	oxoglutarate_to_succinate	0.98712342079689	0.984450738803924	1.42456692862703	0.977683142146019	1066	38	1340	281	0.0356472795497186	0.209701492537313	0.92680613605344	0.692958732732881
20	component	metabolic	metabolic:SYS_18136_CYSDN	metabolic:COMP_18136_CYSD	assimilatory_sulfate_reduction	0.990178796272979	0.986602996415237	2.1033478456306	0.988243857953583	535	8	675	134	0.0149532710280374	0.198518518518519	0.936422000808507	0.524084210278593
20	component	metabolic	metabolic:SYS_18136_CYSD_CYSNC	metabolic:COMP_18136_CYSD_FUS	assimilatory_sulfate_reduction	0.991266375545852	0.98585982394365	2.10565809255687	0.970116382592929	251	3	310	51	0.0119521912350598	0.164516129032258	0.933083939238888	0.454539249537354
20	component	metabolic	metabolic:SYS_18633_HETERODIMER	metabolic:COMP_18633_LARGE	pyrimidine_core_biosynthesis	0.987726296409942	0.985344291224972	1.17188540925274	0.984281507290565	1405	65	1745	324	0.0462633451957295	0.18567335243553	0.930779365940836	0.756715508958869
20	component	metabolic	metabolic:SYS_20557_UREABC	metabolic:COMP_20557_ALPHA	urea_hydrolysis	0.9895751889497	0.985836296129162	2.96494567689895	0.981813975084066	527	4	660	121	0.00759013282732448	0.183333333333333	0.932978567535515	0.345676502068557
20	component	metabolic	metabolic:SYS_20557_UREABC	metabolic:COMP_20557_GAMMA	urea_hydrolysis	0.997635312664214	0.995511683888289	2.95671966972472	0.989802241023399	530	7	660	123	0.0132075471698113	0.186363636363636	0.977954213280362	0.745511023866099
20	component	metabolic	metabolic:SYS_21448_NIF	metabolic:COMP_21448_NIFD	nitrogen_fixation	0.991891891891892	0.982424342413185	11.7057171514544	0.97141792488371	110	0	165	36	0	0.218181818181818	0.917893981157868	0
20	component	metabolic	metabolic:SYS_21448_NIF	metabolic:COMP_21448_NIFK	nitrogen_fixation	0.994579945799458	0.986147461894587	11.8323838647891	0.965589778368713	110	0	165	34	0	0.206060606060606	0.934373674188996	0
20	component	metabolic	metabolic:SYS_22332_LEUCD	metabolic:COMP_22332_LARGE	oxobutanoate_biosynthesis_citramalate	0.985841516327929	0.983145567774246	1.32549551835384	0.988507572337421	1256	37	1535	280	0.0294585987261147	0.182410423452769	0.921050438973525	0.632132009948429
20	component	metabolic	metabolic:SYS_22332_LEUCD	metabolic:COMP_22332_SMALL	oxobutanoate_biosynthesis_citramalate	0.98663009941721	0.984001286920256	1.32549551835384	0.975365781634761	1255	36	1535	279	0.0286852589641434	0.181758957654723	0.924817713897418	0.638243146021211
20	component	metabolic	metabolic:SYS_24793_HISFH	metabolic:COMP_24793_HISFH_CYCLASE	histidine_biosynthesis	0.991780178487553	0.989628446041016	1.3343951492378	0.990333474027582	1212	61	1505	292	0.0503300330033003	0.194019933554817	0.950207915374764	0.827656609241384
20	component	metabolic	metabolic:SYS_27786_ODH_COMPLEX	metabolic:COMP_27786_E2	oxoglutarate_to_succinate	0.987055947073206	0.984117298896504	1.63711591108871	0.976621356457882	748	23	1025	183	0.0307486631016043	0.178536585365854	0.925330319358979	0.655793864151848
20	component	metabolic	metabolic:SYS_27786_ODH_COMPLEX	metabolic:COMP_27786_E3	oxoglutarate_to_succinate	0.995936729066899	0.994133657005369	1.09937063084728	0.991039244618442	794	69	1025	108	0.0869017632241814	0.105365853658537	0.971340784186521	0.936413934396824
20	component	metabolic	metabolic:SYS_28042_PDH_E1	metabolic:COMP_28042_E1_E3	pyruvate_to_acetyl_coa	0.997511406055579	0.995654941118475	1.1011088473262	0.991834582762904	646	16	855	104	0.0247678018575851	0.121637426900585	0.978645845821459	0.850197467598877
20	component	metabolic	metabolic:SYS_28042_PDH_E1AB	metabolic:COMP_28042_AB_E1_ALPHA	pyruvate_to_acetyl_coa	0.991641901931649	0.988835298089719	2.08985466919717	0.990056759908746	546	17	765	134	0.0311355311355311	0.17516339869281	0.946562926437718	0.733873510769811
20	component	metabolic	metabolic:SYS_28042_PDH_E1AB	metabolic:COMP_28042_AB_E1_BETA	pyruvate_to_acetyl_coa	0.991457753017642	0.988625460926731	2.08797063218285	0.987337260697943	556	27	765	145	0.0485611510791367	0.189542483660131	0.945602299703719	0.80845568646709
20	component	metabolic	metabolic:SYS_28042_PDH_E1AB	metabolic:COMP_28042_AB_E3	pyruvate_to_acetyl_coa	0.995153774464119	0.992908392883298	1.09850636179237	0.989366764685063	562	33	765	82	0.0587188612099644	0.10718954248366	0.965520037797836	0.891555786308301
20	component	metabolic	metabolic:SYS_29899_XYLFGH	metabolic:COMP_29899_SBP	xylose_uptake_abc	0.993218570683359	0.988431790796508	5.51236306729264	0.975520555602263	305	2	365	52	0.00655737704918033	0.142465753424658	0.944717052777941	0.359092365777254
20	component	metabolic	metabolic:SYS_29899_XYLFGH	metabolic:COMP_29899_PERMEASE	xylose_uptake_abc	0.986017607457276	0.979732532444241	5.95864569560468	0.960413761588998	307	4	365	55	0.0130293159609121	0.150684931506849	0.90626199048736	0.386442524455995
20	component	metabolic	metabolic:SYS_29899_XYLFGH	metabolic:COMP_29899_ATPASE	xylose_uptake_abc	0.986528497409326	0.980333858079742	5.7462843071872	0.967727180294689	303	0	365	55	0	0.150684931506849	0.908840326689616	0
20	component	metabolic	metabolic:SYS_30007_ARAFGH	metabolic:COMP_30007_SBP	arabinose_uptake_abc	0.990881458966565	0.982761269210756	11.5090930367232	0.941264036528255	167	2	205	39	0.0119760479041916	0.190243902439024	0.919366427826852	0.405731640723758
20	component	metabolic	metabolic:SYS_30007_ARAFGH	metabolic:COMP_30007_ATPASE	arabinose_uptake_abc	0.991886409736308	0.984071821671186	11.5435563768125	0.941264036528255	165	0	205	37	0	0.180487804878049	0.92512932237516	0
20	component	metabolic	metabolic:SYS_31507_PDXST	metabolic:COMP_31507_PDXS	plp_biosynthesis_r5p	0.991891891891892	0.988448899855977	2.94117943548387	0.978989889150399	571	21	710	138	0.0367775831873905	0.194366197183099	0.944795203797353	0.758869124249823
20	component	metabolic	metabolic:SYS_32171_PAAABCDE	metabolic:COMP_32171_PAAA	phenylacetate_degradation	0.992886178861789	0.98809421211722	4.91886264441592	0.983625771683657	219	1	285	53	0.0045662100456621	0.185964912280702	0.943177144064736	0.274817055082315
20	component	metabolic	metabolic:SYS_32171_PAAABCDE	metabolic:COMP_32171_PAAB	phenylacetate_degradation	0.993896236012208	0.989361208505929	5.01465828169796	0.974677304655283	218	0	285	53	0	0.185964912280702	0.948977321098839	0
20	component	metabolic	metabolic:SYS_32171_PAAABCDE	metabolic:COMP_32171_PAAC	phenylacetate_degradation	0.995415180845644	0.991309132449945	5.11666885881601	0.983625771683657	218	0	285	52	0	0.182456140350877	0.958005535562763	0
20	component	metabolic	metabolic:SYS_32171_PAAABCDE	metabolic:COMP_32171_PAAD	phenylacetate_degradation	0.99440203562341	0.990003486358134	5.24199567703631	0.974677304655283	219	1	285	54	0.0045662100456621	0.189473684210526	0.951939193809557	0.311396275360536
20	component	metabolic	metabolic:SYS_40523_FRD_DEDICATED	metabolic:COMP_40523_FRDB	succinate_fumarate_interconversion	0.995296331138288	0.989036507747344	10.8432005853455	0.95502675026699	148	5	185	40	0.0337837837837838	0.216216216216216	0.947485507656558	0.752945895938975
20	component	metabolic	metabolic:SYS_40523_SDH_FRD_SHARED	metabolic:COMP_40523_FLAVOPROTEIN	succinate_fumarate_interconversion	0.982762836185819	0.979707284042873	1.42667335355489	0.97503672692281	1081	20	1300	213	0.0185013876040703	0.163846153846154	0.906153982520076	0.471800529383082
20	component	metabolic	metabolic:SYS_40523_SDH_FRD_SHARED	metabolic:COMP_40523_IRON_SULFUR	succinate_fumarate_interconversion	0.99185687847008	0.989653949110766	1.42667335355489	0.981876475174666	1087	26	1300	219	0.0239190432382705	0.168461538461538	0.950325485762622	0.695862058671321
20	component	metabolic	metabolic:SYS_40523_SDH_MITOCHONDRIAL	metabolic:COMP_40523_SDHA	succinate_fumarate_interconversion	0.990243902439024	0.98302475752353	9.27644088861271	0.982880042903022	112	14	125	16	0.125	0.128	0.920520521308422	0.878621112514387
20	component	metabolic	metabolic:SYS_42424_LEUCD	metabolic:COMP_42424_LARGE	oxobutanoate_biosynthesis_citramalate	0.985841516327929	0.983145567774246	1.32549551835384	0.988507572337421	1256	37	1535	280	0.0294585987261147	0.182410423452769	0.921050438973525	0.632132009948429
20	component	metabolic	metabolic:SYS_42424_LEUCD	metabolic:COMP_42424_SMALL	oxobutanoate_biosynthesis_citramalate	0.98663009941721	0.984001286920256	1.32549551835384	0.975365781634761	1255	36	1535	279	0.0286852589641434	0.181758957654723	0.924817713897418	0.638243146021211
20	component	metabolic	metabolic:SYS_57952_DMP	metabolic:COMP_57952_P2	phenol_hydroxylation	1	0.981693518040832	45.7821011673152	0.927302179716016	32	0	40	5	0	0.125	0.914712822881251	0
20	component	metabolic	metabolic:SYS_57952_DMP	metabolic:COMP_57952_P5	phenol_hydroxylation	1	0.981693518040832	46.8764940239044	0.927302179716016	32	0	40	5	0	0.125	0.914712822881251	0
20	component	metabolic	metabolic:SYS_74155_DGCAB	metabolic:COMP_74155_DGCA	sarcosine_demethylation	0.99822695035461	0.990025925436584	20.1115381812883	0.938870628567801	75	2	85	12	0.0266666666666667	0.141176470588235	0.952042936492005	0.725796872795406
20	component	metabolic	metabolic:SYS_74167_DGCAB	metabolic:COMP_74167_DGCA	betaine_demethylation	0.99822695035461	0.990025925436584	20.1115381812883	0.938870628567801	75	2	85	12	0.0266666666666667	0.141176470588235	0.952042936492005	0.725796872795406
20	component	regulatory	regulatory:SYS_RF_PST_PHOU	regulatory:COMP_RF_PSTS	phosphate_starvation_response	0.994664634146341	0.992796503001636	1.35516721692518	0.993263654782486	1034	15	1390	219	0.0145067698259188	0.157553956834532	0.964991256522409	0.666593790388937
20	component	regulatory	regulatory:SYS_RF_PST_PHOU	regulatory:COMP_RF_PSTC	phosphate_starvation_response	0.994033261393932	0.992075159823519	1.35792352880077	0.988708510173684	1021	2	1390	264	0.0019588638589618	0.189928057553957	0.961593267969758	0.196929941138835
20	component	regulatory	regulatory:SYS_RF_PST_PHOU	regulatory:COMP_RF_PSTA	phosphate_starvation_response	0.993024730500951	0.990932480772479	1.36001966931372	0.988708510173684	1020	1	1390	262	0.000980392156862745	0.188489208633094	0.956249247037229	0.0967726203873599
20	component	regulatory	regulatory:SYS_RF_PST_PHOU	regulatory:COMP_RF_PSTB	phosphate_starvation_response	0.997325181505541	0.995914145857339	1.33498613032926	0.994916753375466	1026	7	1390	260	0.00682261208576998	0.18705035971223	0.979899244310316	0.624482300024264
20	component	structural	structural:SYS_SF_FLAGELLAR_C_RING	structural:COMP_SF_FLIG	flagellar_apparatus	0.989650175947009	0.986381971146474	2.33304427373122	0.98685145670657	735	78	925	182	0.106122448979592	0.196756756756757	0.935427268988625	0.884881065109014
20	component	structural	structural:SYS_SF_FLAGELLAR_C_RING	structural:COMP_SF_FLIM	flagellar_apparatus	0.983340189222542	0.97934211593483	2.35401437769938	0.967021919803652	691	34	925	180	0.0492040520984081	0.194594594594595	0.904594114556645	0.699938431732171
20	component	structural	structural:SYS_SF_FLAGELLAR_C_RING	structural:COMP_SF_FLIN	flagellar_apparatus	0.984149855907781	0.980235827803487	2.28753599458928	0.976566632168783	664	7	925	149	0.0105421686746988	0.161081081081081	0.908419212809162	0.343338994508091
20	component	structural	structural:SYS_SF_FLAGELLAR_EXPORT_ATPASE	structural:COMP_SF_FLII	flagellar_apparatus	0.991698451873458	0.988578948153362	2.30462650301069	0.986473790271188	703	31	880	191	0.0440967283072546	0.217045454545455	0.945389574758988	0.792397918962693
20	component	structural	structural:SYS_SF_FLAGELLAR_EXPORT_GATE	structural:COMP_SF_FLHA	flagellar_apparatus	0.985510289794204	0.981703805712977	2.29887273388553	0.980925499883354	626	29	900	176	0.0463258785942492	0.195555555555556	0.914757483163134	0.713111064508482
20	component	structural	structural:SYS_SF_FLAGELLAR_EXPORT_GATE	structural:COMP_SF_FLHB	flagellar_apparatus	0.986131540239546	0.982395176099254	2.37860264503044	0.977562260257239	619	22	900	181	0.0355411954765751	0.201111111111111	0.91776669211279	0.66479977783634
20	component	structural	structural:SYS_SF_FLAGELLAR_EXPORT_GATE	structural:COMP_SF_FLIP	flagellar_apparatus	0.993858534519272	0.991193765959311	2.34814046529192	0.990567940436991	619	22	900	168	0.0355411954765751	0.186666666666667	0.957467050236778	0.800014875756169
20	component	structural	structural:SYS_SF_FLAGELLAR_EXPORT_GATE	structural:COMP_SF_FLIQ	flagellar_apparatus	0.996602251008707	0.994487509181951	2.3419257210642	0.99478830336736	608	11	900	163	0.0180921052631579	0.181111111111111	0.973032185234857	0.765474459613562
20	component	structural	structural:SYS_SF_FLAGELLAR_EXPORT_GATE	structural:COMP_SF_FLIR	flagellar_apparatus	0.994701144552777	0.992189171895211	2.37252253533508	0.985584377245836	601	4	900	165	0.00665557404326123	0.183333333333333	0.962129072689617	0.458123882514769
20	component	structural	structural:SYS_SF_FLAGELLAR_FILAMENT	structural:COMP_SF_FLIC	flagellar_apparatus	0.989695780176644	0.98610184283409	2.40594226230545	0.972130407496907	638	17	820	117	0.0266457680250784	0.142682926829268	0.934168936062462	0.654047488485272
20	component	structural	structural:SYS_SF_FLAGELLAR_HOOK_FILAMENT_JUNCTION	structural:COMP_SF_FLGL	flagellar_apparatus	0.983603154836032	0.979612706534193	2.38964995246763	0.965900062018193	735	26	915	186	0.035374149659864	0.20327868852459	0.905749576817738	0.629593074554736
20	component	structural	structural:SYS_SF_FLAGELLAR_OUTER_RING	structural:COMP_SF_FLGI	flagellar_apparatus	0.989516129032258	0.985701072567461	3.07925066759946	0.98945271548292	532	33	670	138	0.0620300751879699	0.205970149253731	0.932373318861705	0.810464727524265
20	component	structural	structural:SYS_SF_FLAGELLAR_ROD	structural:COMP_SF_FLIE	flagellar_apparatus	0.99358407079646	0.990800863179499	2.38484499734622	0.991520911374442	591	59	835	165	0.0998307952622673	0.197604790419162	0.955636731022027	0.914910713068835
20	component	structural	structural:SYS_SF_FLAGELLAR_ROD	structural:COMP_SF_FLGB	flagellar_apparatus	0.99490474080638	0.992365573125812	2.38704102372102	0.990124199334467	536	4	835	139	0.00746268656716418	0.166467065868263	0.962959012471593	0.492396558799095
20	component	structural	structural:SYS_SF_FLAGELLAR_ROD	structural:COMP_SF_FLGC	flagellar_apparatus	0.99866577718479	0.997091959192689	2.36329475751332	0.994542271086637	534	2	835	146	0.00374531835205993	0.174850299401198	0.985626985217491	0.562204744781983
20	component	structural	structural:SYS_SF_FLAGELLAR_ROD	structural:COMP_SF_FLGG	flagellar_apparatus	0.995125193884334	0.992629733612128	2.44694734195258	0.981231798245943	541	9	835	176	0.0166358595194085	0.210778443113772	0.964203973076844	0.691407804549656
20	component	structural	structural:SYS_SF_FLAGELLAR_STATOR_MOTAB	structural:COMP_SF_MOTA	flagellar_apparatus	0.994043951530088	0.991459227268007	2.35614849591116	0.983525618024676	789	20	925	142	0.0253485424588086	0.153513513513513	0.958706838375322	0.746360032429553
20	component	structural	structural:SYS_T4AP_ALIGNMENT_COMPLEX	structural:COMP_T4AP_PILM	type_iva_pilus	0.991277258566978	0.985411491149178	4.14918826904983	0.976052200616361	218	0	275	52	0	0.189090909090909	0.931079259100368	0
20	component	structural	structural:SYS_T4AP_ALIGNMENT_COMPLEX	structural:COMP_T4AP_PILN	type_iva_pilus	0.992514036182158	0.986960628174312	4.52457192937593	0.972165259883599	218	0	275	52	0	0.189090909090909	0.938035075627723	0
20	component	structural	structural:SYS_T4AP_ALIGNMENT_COMPLEX	structural:COMP_T4AP_PILO	type_iva_pilus	0.993753903810119	0.988540327615054	5.14861665884186	0.984520616723561	218	0	275	51	0	0.185454545454545	0.945213002255688	0
20	unit	defense	defense:MECH_TYPE_I_RM	defense:DF_TYPE_I_RM_MODIFICATION	type_i_restriction_modification	0.983133038161501	0.979057967438125	2.01771207518022	0.975564899462114	708	6	845	105	0.00847457627118644	0.124260355029586	0.903383242331123	0.283767002962657
20	unit	metabolic	metabolic:ADI_CANONICAL	metabolic:RHEA:19513	arginine_deiminase_pathway	0.995441595441595	0.9910306247976	1.24111113828185	0.974514200638538	314	9	405	51	0.0286624203821656	0.125925925925926	0.95670639049796	0.76001486505833
20	unit	metabolic	metabolic:AMMONIUM_GS_GOGAT_FD	metabolic:RHEA:16169	ammonium_assimilation	1	0.995124071171945	1.0748150178131	0.990784364656036	72	9	100	13	0.125	0.13	0.976086753020994	0.962280009305702
20	unit	metabolic	metabolic:AMP_ADENYLOSUCCINATE	metabolic:RHEA:15753	adenylate_biosynthesis	0.990148228488792	0.988130232946941	1.04899010052216	0.98285076712946	1514	282	1880	363	0.186261558784676	0.193085106382979	0.94334126851185	0.939415373000526
20	unit	metabolic	metabolic:AMP_ADENYLOSUCCINATE	metabolic:RHEA:16853	adenylate_biosynthesis	0.986403745723033	0.984075571866728	1.04899010052216	0.977326901644165	1517	285	1880	366	0.187870797626895	0.19468085106383	0.925145894620053	0.920696457645286
20	unit	metabolic	metabolic:ARA_ISOMERASE	metabolic:RHEA:22368	arabinose_degradation	0.986887508626639	0.979610682412755	4.17237456934999	0.943785901661889	230	4	285	35	0.0173913043478261	0.12280701754386	0.905740924931945	0.455210177177561
20	unit	metabolic	metabolic:ARG_CANONICAL	metabolic:RHEA:10932	arginine_biosynthesis	0.99184505606524	0.989743433888678	1.15236979655017	0.985393676987736	1050	119	1535	302	0.113333333333333	0.196742671009772	0.950738197192425	0.91622333981492
20	unit	metabolic	metabolic:ARG_CANONICAL	metabolic:RHEA:24020	arginine_biosynthesis	0.988932806324111	0.98653197680118	1.16044513804822	0.984432255666218	1052	121	1535	300	0.115019011406844	0.195439739413681	0.936102192614772	0.893900739899205
20	unit	metabolic	metabolic:ASA_CANONICAL	metabolic:RHEA:23776	aspartate_semialdehyde_biosynthesis	0.985232273838631	0.982705401195883	1.13951075729729	0.982481947489164	1472	163	1820	273	0.110733695652174	0.15	0.91912201517776	0.862864483204041
20	unit	metabolic	metabolic:ASA_CANONICAL	metabolic:RHEA:24284	aspartate_semialdehyde_biosynthesis	0.990268357416691	0.988167072923968	1.13951075729729	0.980543227711261	1547	238	1820	348	0.153846153846154	0.191208791208791	0.943509172012025	0.927785756340685
20	unit	metabolic	metabolic:BETAINE_CODA	metabolic:RHEA:13505	choline_to_betaine	1	0.986418331681325	42.1720430107527	0.908190130459022	39	0	55	16	0	0.290909090909091	0.935590796178518	0
20	unit	metabolic	metabolic:BETAINE_CODA	metabolic:RHEA:20369	choline_to_betaine	1	0.986418331681325	42.1720430107527	0.908190130459022	39	0	55	16	0	0.290909090909091	0.935590796178518	0
20	unit	metabolic	metabolic:BIOTIN_SAM	metabolic:RHEA:15805	biotin_biosynthesis	0.985239196158634	0.981739605163136	1.8107348300535	0.972459210207391	707	30	1030	183	0.0424328147100424	0.177669902912621	0.914912920485483	0.695245465457336
20	unit	metabolic	metabolic:BIOTIN_SAM	metabolic:RHEA:22060	biotin_biosynthesis	0.991055456171735	0.988227999904269	1.55187097382441	0.982938577577698	724	47	1030	199	0.0649171270718232	0.193203883495146	0.943786959207698	0.844952096483277
20	unit	metabolic	metabolic:CHOR_SHIKIMATE	metabolic:RHEA:21968	chorismate_biosynthesis	0.985022466300549	0.982120896887006	1.26387942622598	0.96819106141687	687	34	1520	284	0.049490538573508	0.186842105263158	0.916571025393438	0.731079819869852
20	unit	metabolic	metabolic:CHOR_SHIKIMATE	metabolic:RHEA:21096	chorismate_biosynthesis	0.989716578881364	0.98725449363657	1.20299641189237	0.971408943087847	751	98	1520	274	0.130492676431425	0.180263157894737	0.939363823287427	0.909973459412829
20	unit	metabolic	metabolic:CHOR_SHIKIMATE	metabolic:RHEA:21256	chorismate_biosynthesis	0.988105671716539	0.985482500617849	1.21205706144879	0.980720204738307	762	109	1520	301	0.143044619422572	0.198026315789474	0.931396318693185	0.906631150100348
20	unit	metabolic	metabolic:CHOR_SHIKIMATE	metabolic:RHEA:21020	chorismate_biosynthesis	0.993829492507241	0.991852286762579	1.1758067178321	0.990015639984152	737	84	1520	299	0.113975576662144	0.196710526315789	0.960547233136211	0.93277167543839
20	unit	metabolic	metabolic:CORRIN_AEROBIC	metabolic:RHEA:32459	corrin_ring_biosynthesis	1	0.990018074215645	1.46744824145672	0.951276156785991	24	0	45	4	0	0.0888888888888889	0.952006635873629	0
20	unit	metabolic	metabolic:CORRIN_AEROBIC	metabolic:RHEA:16841	corrin_ring_biosynthesis	1	0.990018074215645	3.05293201868189	0.951276156785991	24	0	45	9	0	0.2	0.952006635873629	0
20	unit	metabolic	metabolic:CORRIN_AEROBIC	metabolic:RHEA:22012	corrin_ring_biosynthesis	1	0.990018074215645	3.06885758998435	0.951276156785991	24	0	45	10	0	0.222222222222222	0.952006635873629	0
20	unit	metabolic	metabolic:CORRIN_AEROBIC	metabolic:RHEA:22512	corrin_ring_biosynthesis	0.994778067885117	0.981162740354264	3.06081557184526	0.951276156785991	24	0	45	9	0	0.2	0.912413277132051	0
20	unit	metabolic	metabolic:CORRIN_ANAEROBIC	metabolic:RHEA:32459	corrin_ring_biosynthesis	0.998657718120805	0.992436323326374	1.46547851227356	0.979104501755633	73	0	150	20	0	0.133333333333333	0.963292200343867	0
20	unit	metabolic	metabolic:CORRIN_ANAEROBIC	metabolic:RHEA:26277	corrin_ring_biosynthesis	0.998657718120805	0.992436323326374	3.06473831805149	0.969373404312758	73	0	150	37	0	0.246666666666667	0.963292200343867	0
20	unit	metabolic	metabolic:CORRIN_ANAEROBIC	metabolic:RHEA:34591	corrin_ring_biosynthesis	0.998657718120805	0.992436323326374	3.02295001579866	0.969373404312758	73	0	150	29	0	0.193333333333333	0.963292200343867	0
20	unit	metabolic	metabolic:CORRIN_ANAEROBIC	metabolic:RHEA:16209	corrin_ring_biosynthesis	0.994652406417112	0.986331540024964	3.06042892623006	0.969373404312758	74	1	150	33	0.0135135135135135	0.22	0.935200535663565	0.493709448243844
20	unit	metabolic	metabolic:DAP_ACETYL	metabolic:RHEA:34171	dap_biosynthesis	1	0.993305713935719	1.19512442864398	0.954181869774776	62	8	130	18	0.129032258064516	0.138461538461538	0.967401465343659	0.950362236379378
20	unit	metabolic	metabolic:DAP_ACETYL	metabolic:RHEA:35331	dap_biosynthesis	0.994764397905759	0.984721198985428	1.2209887237387	0.91536621538745	65	11	130	32	0.169230769230769	0.246153846153846	0.928005927367088	0.916015439712626
20	unit	metabolic	metabolic:DAP_AMINOTRANSFERASE	metabolic:RHEA:34171	dap_biosynthesis	0.991658488714426	0.986681563238744	1.18515528473478	0.977850821342132	234	15	395	61	0.0641025641025641	0.154430379746835	0.936775995800612	0.826055710426194
20	unit	metabolic	metabolic:DAP_AMINOTRANSFERASE	metabolic:RHEA:35331	dap_biosynthesis	0.993120393120393	0.988485048916695	1.21897084763765	0.98297295326403	245	26	395	79	0.106122448979592	0.2	0.94496035964863	0.901087394248419
20	unit	metabolic	metabolic:DAP_DEHYDROGENASE	metabolic:RHEA:34171	dap_biosynthesis	0.992795389048991	0.983246515527998	1.18651402209756	0.963924851371798	81	6	140	18	0.0740740740740741	0.128571428571429	0.921493600612364	0.812991094548145
20	unit	metabolic	metabolic:DAP_SUCCINYL	metabolic:RHEA:34171	dap_biosynthesis	0.99813153961136	0.996563763180146	1.19289138598956	0.992420156474309	418	36	910	94	0.0861244019138756	0.103296703296703	0.983051768449866	0.96150508525256
20	unit	metabolic	metabolic:DAP_SUCCINYL	metabolic:RHEA:35331	dap_biosynthesis	0.994230411315838	0.991822328327433	1.22033330059901	0.98787852254985	458	76	910	183	0.165938864628821	0.201098901098901	0.960406763588476	0.952664428589853
20	unit	metabolic	metabolic:DHB_CHORISMATE	metabolic:RHEA:18985	dihydroxybenzoate_biosynthesis	0.987665198237885	0.979402118092649	2.58126804141869	0.958640701822097	172	5	220	19	0.0290697674418605	0.0863636363636364	0.904850133331774	0.580225092833984
20	unit	metabolic	metabolic:DHB_CHORISMATE	metabolic:RHEA:23824	dihydroxybenzoate_biosynthesis	0.990282685512368	0.982683617664177	8.61809621134506	0.908392232913437	169	2	220	43	0.0118343195266272	0.195454545454545	0.919026743775897	0.401764755719518
20	unit	metabolic	metabolic:ECT_ABC	metabolic:RHEA:11160	ectoine_biosynthesis	0.990384615384615	0.983268472604222	4.56438127090301	0.979472411794301	170	0	215	27	0	0.125581395348837	0.921590036809974	0
20	unit	metabolic	metabolic:ECT_ABC	metabolic:RHEA:17281	ectoine_biosynthesis	0.99597099113618	0.99060308882827	8.02643471349884	0.979472411794301	174	4	215	42	0.0229885057471264	0.195348837209302	0.954717506420552	0.707892831441471
20	unit	metabolic	metabolic:ETHANOL_ADHE	metabolic:RHEA:23288	ethanol_formation	1	0.998474910412582	3.15611587982833	0.990580999558424	386	0	475	82	0	0.172631578947368	0.992420787972287	0
20	unit	metabolic	metabolic:FOLATE_THF	metabolic:RHEA:17473	folate_biosynthesis	0.989815712900097	0.98699211156081	1.14077497090631	0.983834626754249	470	39	1110	164	0.0829787234042553	0.147747747747748	0.938177289489372	0.862941022414826
20	unit	metabolic	metabolic:FOLATE_THF	metabolic:RHEA:19949	folate_biosynthesis	0.99093704482926	0.988250234149996	1.24993195427327	0.979763641306683	471	40	1110	226	0.0849256900212314	0.203603603603604	0.943888365038991	0.877194181446511
20	unit	metabolic	metabolic:FOLATE_THF	metabolic:RHEA:23584	folate_biosynthesis	0.98869691587276	0.985744549729043	1.21265588576659	0.979763641306683	511	80	1110	211	0.156555772994129	0.19009009009009	0.932567851219625	0.915437793564806
20	unit	metabolic	metabolic:GAL_LELOIR	metabolic:RHEA:22168	galactose_degradation_leloir	0.992085561497326	0.989110597298912	1.13748574513521	0.976718345074665	563	39	745	95	0.0692717584369449	0.12751677852349	0.947825579592608	0.862865671871978
20	unit	metabolic	metabolic:GLCNAC_PTS	metabolic:RHEA:22936	glcnac_degradation	0.984166666666667	0.978343143833629	1.63763329090652	0.948528263773168	318	19	450	75	0.059748427672956	0.166666666666667	0.900348290155487	0.72966547090146
20	unit	metabolic	metabolic:GMP_XMP	metabolic:RHEA:11680	guanylate_biosynthesis	0.990613718411552	0.988640490746136	1.03660272241465	0.985679740191381	1479	152	1840	289	0.102772143340095	0.157065217391304	0.945671054373087	0.899441521301549
20	unit	metabolic	metabolic:HEME_COPRO	metabolic:RHEA:19865	heme_b_biosynthesis	0.993520518358531	0.988708355683008	1.25615327949779	0.979620108888212	212	8	340	68	0.0377358490566038	0.2	0.945981604451474	0.767668301598482
20	unit	metabolic	metabolic:HEME_COPRO	metabolic:RHEA:49572	heme_b_biosynthesis	0.988184747583244	0.982174813745783	1.27043069712243	0.963465341052617	232	28	340	73	0.120689655172414	0.214705882352941	0.916805872033925	0.869281861525203
20	unit	metabolic	metabolic:HEME_PROTO_HEMF_HEMG	metabolic:RHEA:22584	heme_b_biosynthesis	0.991902834008097	0.984103896539345	1.275210745732	0.975029755247836	86	17	175	35	0.197674418604651	0.2	0.925271077435105	0.924458327144003
20	unit	metabolic	metabolic:HEME_PROTO_HEMF_HEMJ	metabolic:RHEA:19865	heme_b_biosynthesis	0.99192342207598	0.988274303435049	1.25413399786654	0.98340463012928	280	51	525	117	0.182142857142857	0.222857142857143	0.943998159529011	0.938843554922152
20	unit	metabolic	metabolic:HEME_PROTO_HEMF_HEMJ	metabolic:RHEA:22584	heme_b_biosynthesis	0.983684366656778	0.978824328344702	1.26464491456334	0.986922394010513	276	47	525	103	0.170289855072464	0.196190476190476	0.902389512276127	0.887279222640229
20	unit	metabolic	metabolic:HEME_PROTO_HEMF_HEMY	metabolic:RHEA:19865	heme_b_biosynthesis	0.990182328190743	0.983587902758153	1.25193265350229	0.981961441443835	95	15	165	24	0.157894736842105	0.145454545454545	0.922994782276402	0.904422710872429
20	unit	metabolic	metabolic:HEME_PROTO_HEMF_HEMY	metabolic:RHEA:22584	heme_b_biosynthesis	0.986033519553073	0.978525525134339	1.26766503398836	0.979277210703829	88	8	165	31	0.0909090909090909	0.187878787878788	0.901121114258128	0.805540033176923
20	unit	metabolic	metabolic:HEME_PROTO_HEMN_HEMG	metabolic:RHEA:19865	heme_b_biosynthesis	0.993150684931507	0.986542809626299	1.25568568223771	0.956191187614688	107	22	205	45	0.205607476635514	0.219512195121951	0.936150962730356	0.937783960996079
20	unit	metabolic	metabolic:HEME_PROTO_HEMN_HEMG	metabolic:RHEA:22584	heme_b_biosynthesis	0.988917306052856	0.981130875042772	1.27137248940318	0.971528358995203	102	17	205	39	0.166666666666667	0.190243902439024	0.912275512481074	0.896545709893533
20	unit	metabolic	metabolic:HEME_PROTO_HEMN_HEMJ	metabolic:RHEA:19865	heme_b_biosynthesis	0.991590985536495	0.987615569079952	1.25371368319605	0.980772302886637	270	47	500	99	0.174074074074074	0.198	0.941000544141366	0.932803853957446
20	unit	metabolic	metabolic:HEME_PROTO_HEMN_HEMJ	metabolic:RHEA:22584	heme_b_biosynthesis	0.986283037805286	0.981445263874052	1.26798581980081	0.984840881247999	274	51	500	95	0.186131386861314	0.19	0.913636152942178	0.90779453747826
20	unit	metabolic	metabolic:HEME_PROTO_HEMN_HEMY	metabolic:RHEA:19865	heme_b_biosynthesis	0.989729225023343	0.981702481156166	1.25135977451372	0.95996835286675	126	11	205	44	0.0873015873015873	0.214634146341463	0.914751732877167	0.82406520093709
20	unit	metabolic	metabolic:HIS_CANONICAL	metabolic:RHEA:18473	histidine_biosynthesis	0.994940734316276	0.992972236498959	1.29467735898754	0.986968024728415	653	12	1205	238	0.0183767228177642	0.197510373443983	0.965821963134867	0.721951761548477
20	unit	metabolic	metabolic:HIS_CANONICAL	metabolic:RHEA:20049	histidine_biosynthesis	0.991643855352255	0.989213798591556	1.32062044166097	0.986133131455794	652	11	1205	248	0.0168711656441718	0.205809128630705	0.948299596804824	0.607423191699229
20	unit	metabolic	metabolic:HIS_CANONICAL	metabolic:RHEA:15469	histidine_biosynthesis	0.993361235387502	0.991156850118603	1.29908728415798	0.982067599808125	643	2	1205	243	0.0031104199066874	0.201659751037344	0.957294843008937	0.25850222073488
20	unit	metabolic	metabolic:HIS_CANONICAL	metabolic:RHEA:24793	histidine_biosynthesis	0.986810035842294	0.983852023854344	1.3109186950119	0.979696868126447	653	12	1205	284	0.0183767228177642	0.235684647302905	0.924158843984509	0.528222544337428
20	unit	metabolic	metabolic:HIS_CANONICAL	metabolic:RHEA:11040	histidine_biosynthesis	0.994796935973407	0.992805539991397	1.29434709152528	0.981272421736112	643	2	1205	244	0.0031104199066874	0.202489626556017	0.965033947424634	0.300320104768339
20	unit	metabolic	metabolic:HIS_CANONICAL	metabolic:RHEA:23744	histidine_biosynthesis	0.995372378886479	0.993474659528967	1.27841408252137	0.988666156616612	657	16	1205	127	0.0243531202435312	0.105394190871369	0.968203236476311	0.787583449976135
20	unit	metabolic	metabolic:HIS_CANONICAL	metabolic:RHEA:33799	histidine_biosynthesis	1	0.999442203090599	1.32024236983842	0.997437047888865	641	0	1205	246	0	0.204149377593361	0.997217224347628	0
20	unit	metabolic	metabolic:HIS_CANONICAL	metabolic:RHEA:33803	histidine_biosynthesis	1	0.999442203090599	1.32024236983842	0.997437047888865	641	0	1205	246	0	0.204149377593361	0.997217224347628	0
20	unit	metabolic	metabolic:HUT_FORMAMIDE	metabolic:RHEA:21232	histidine_degradation_glutamate	0.992212551534585	0.987563651379503	2.03599108499406	0.976117036974712	263	8	370	61	0.0304182509505703	0.164864864864865	0.940764928877664	0.707216815118478
20	unit	metabolic	metabolic:HUT_FORMAMIDE	metabolic:RHEA:13101	histidine_degradation_glutamate	0.98949291914116	0.984282440228602	2.09019276240842	0.984562798578261	260	5	370	78	0.0192307692307692	0.210810810810811	0.926060777725228	0.54633929415224
20	unit	metabolic	metabolic:HUT_FORMAMIDE	metabolic:RHEA:23660	histidine_degradation_glutamate	0.986788154897494	0.981090049722269	2.12842336031603	0.968508549122811	259	4	370	80	0.0154440154440154	0.216216216216216	0.912099058354847	0.44483604593544
20	unit	metabolic	metabolic:ILE_CANONICAL	metabolic:RHEA:27654	isoleucine_biosynthesis	0.993220338983051	0.99124645872286	1.25254346285901	0.991108491056838	939	21	1475	102	0.0223642172523962	0.0691525423728814	0.957712939724734	0.716915354120158
20	unit	metabolic	metabolic:ILE_CANONICAL	metabolic:RHEA:13493	isoleucine_biosynthesis	0.994848378410022	0.993091784529001	1.26984009767545	0.989879616610899	1038	120	1475	281	0.115606936416185	0.190508474576271	0.966387725970859	0.943243400347343
20	unit	metabolic	metabolic:ILE_CANONICAL	metabolic:RHEA:27694	isoleucine_biosynthesis	0.989864864864865	0.987516034826552	1.28169362826015	0.989274087913052	999	81	1475	217	0.0810810810810811	0.147118644067797	0.940548915220409	0.865115255931169
20	unit	metabolic	metabolic:LEU_CANONICAL	metabolic:RHEA:21524	leucine_biosynthesis	0.991421422614083	0.989211287500146	1.30248598241149	0.984205733097708	916	41	1455	178	0.0447598253275109	0.12233676975945	0.948288058576059	0.804075407108458
20	unit	metabolic	metabolic:LEU_CANONICAL	metabolic:RHEA:16293	leucine_biosynthesis	1	0.999538554709988	1.33129667345553	0.998087724213221	875	0	1455	293	0	0.201374570446735	0.997697024339027	0
20	unit	metabolic	metabolic:LEU_CANONICAL	metabolic:RHEA:10676	leucine_biosynthesis	1	0.999538554709988	1.33129667345553	0.998087724213221	875	0	1455	293	0	0.201374570446735	0.997697024339027	0
20	unit	metabolic	metabolic:LEU_CANONICAL	metabolic:RHEA:32271	leucine_biosynthesis	0.992130678430905	0.990001400987832	1.30955907139534	0.981308367359183	931	56	1455	276	0.0601503759398496	0.189690721649485	0.951929553417997	0.856233638326079
20	unit	metabolic	metabolic:LOOP_DMB	metabolic:RHEA:16049	cobamide_nucleotide_loop_assembly	0.990015128593041	0.98601112278593	2.17688619006274	0.978604058895906	398	5	595	139	0.0125628140703518	0.233613445378151	0.933761995194184	0.469635165581274
20	unit	metabolic	metabolic:MK_CLASSIC	metabolic:RHEA:25593	menaquinone_biosynthesis	0.989513822688275	0.985310533199343	3.0438221275164	0.984533680586607	285	3	530	110	0.0105263157894737	0.207547169811321	0.930628771432564	0.413855193470916
20	unit	metabolic	metabolic:MK_CLASSIC	metabolic:RHEA:17009	menaquinone_biosynthesis	0.988885360431883	0.984582068824259	3.0426844013707	0.982002878965428	285	3	530	99	0.0105263157894737	0.186792452830189	0.9273884251742	0.401987459835018
20	unit	metabolic	metabolic:MK_CLASSIC	metabolic:RHEA:26562	menaquinone_biosynthesis	0.99775712912528	0.995377320953447	2.76486349064721	0.987186320755103	288	6	530	105	0.0208333333333333	0.19811320754717	0.977306228848787	0.817715594048917
20	unit	metabolic	metabolic:MK_CLASSIC	metabolic:RHEA:26478	menaquinone_biosynthesis	0.994888178913738	0.991712102722881	2.61408090957996	0.982002878965428	306	24	530	108	0.0784313725490196	0.20377358490566	0.959890216670572	0.903706627298397
20	unit	metabolic	metabolic:NEUAC_LYASE	metabolic:RHEA:25257	neuac_degradation	0.997840172786177	0.987868639142216	5.36589921069569	0.932418010429355	56	1	85	12	0.0178571428571429	0.141176470588235	0.942150374443533	0.59252274269679
20	unit	metabolic	metabolic:NEUAC_LYASE	metabolic:RHEA:22936	neuac_degradation	0.997840172786177	0.987868639142216	1.6603857266302	0.932418010429355	55	0	85	11	0	0.129411764705882	0.942150374443533	0
20	unit	metabolic	metabolic:OBU_CITRAMALATE	metabolic:RHEA:22332	oxobutanoate_biosynthesis_citramalate	1	0.993476242504062	1.36275191104934	0.980384853629872	59	0	85	13	0	0.152941176470588	0.96821075385171	0
20	unit	metabolic	metabolic:OBU_CITRAMALATE	metabolic:RHEA:42424	oxobutanoate_biosynthesis_citramalate	1	0.993476242504062	1.36275191104934	0.980384853629872	59	0	85	13	0	0.152941176470588	0.96821075385171	0
20	unit	metabolic	metabolic:OBU_CITRAMALATE	metabolic:RHEA:32715	oxobutanoate_biosynthesis_citramalate	0.991525423728814	0.980316768723464	1.30876016778026	0.980384853629872	59	0	85	10	0	0.117647058823529	0.908766892998101	0
20	unit	metabolic	metabolic:OIV_CANONICAL	metabolic:RHEA:25249	oxoisovalerate_biosynthesis	0.988379888268156	0.98594070920796	1.24643920314717	0.98688352578898	1135	34	1545	114	0.0299559471365639	0.0737864077669903	0.933446335338791	0.677495401727497
20	unit	metabolic	metabolic:OIV_CANONICAL	metabolic:RHEA:22068	oxoisovalerate_biosynthesis	0.99370927881375	0.991840504417761	1.26838613305734	0.988573434993892	1248	147	1545	288	0.117788461538462	0.186407766990291	0.960491984016332	0.934717174215878
20	unit	metabolic	metabolic:OIV_CANONICAL	metabolic:RHEA:24809	oxoisovalerate_biosynthesis	0.988269467098648	0.98582013788458	1.2796278804757	0.988006418156844	1210	109	1545	232	0.0900826446280992	0.150161812297735	0.932906212069522	0.862311580920387
20	unit	metabolic	metabolic:ORN_DEACETYLASE	metabolic:RHEA:14629	ornithine_biosynthesis	0.99721059972106	0.994872659920211	1.36337205627678	0.989853084148818	348	22	630	123	0.0632183908045977	0.195238095238095	0.974878524983909	0.924621871112911
20	unit	metabolic	metabolic:ORN_DEACETYLASE	metabolic:RHEA:21588	ornithine_biosynthesis	0.996099191975481	0.9934626248267	1.38355602559125	0.985001658150138	357	31	630	119	0.0868347338935574	0.188888888888889	0.968146088026726	0.929557515503286
20	unit	metabolic	metabolic:ORN_TRANSACETYLASE	metabolic:RHEA:24292	ornithine_biosynthesis	1	0.999362608273753	1.47001499250375	0.997582226433089	658	0	1110	105	0	0.0945945945945946	0.996821146069542	0
20	unit	metabolic	metabolic:ORN_TRANSACETYLASE	metabolic:RHEA:14629	ornithine_biosynthesis	0.991114036531183	0.988424726250029	1.35503692235951	0.98770034086003	714	56	1110	224	0.0784313725490196	0.201801801801802	0.944684786218386	0.870084937972605
20	unit	metabolic	metabolic:ORN_TRANSACETYLASE	metabolic:RHEA:21588	ornithine_biosynthesis	0.993894389438944	0.991596008755436	1.38049361186856	0.989303954059706	719	61	1110	218	0.0848400556328234	0.196396396396396	0.959346645517705	0.909176529589275
20	unit	metabolic	metabolic:OXOPENTENOATE_LOWER	metabolic:RHEA:23288	oxopentenoate_degradation	0.988329686360321	0.981126633816629	3.11928301762756	0.963899995107341	184	0	230	31	0	0.134782608695652	0.912257178670779	0
20	unit	metabolic	metabolic:PAA_COA_EPOXIDASE	metabolic:RHEA:31755	phenylacetate_degradation	1	0.982446384241207	8.86661642803316	0.831820773740436	14	0	25	8	0	0.32	0.917990195586545	0
20	unit	metabolic	metabolic:PAA_COA_EPOXIDASE	metabolic:RHEA:31747	phenylacetate_degradation	1	0.982446384241207	8.86661642803316	0.831820773740436	14	0	25	8	0	0.32	0.917990195586545	0
20	unit	metabolic	metabolic:PANTOTHENATE_PANBCDE	metabolic:RHEA:11824	pantothenate_biosynthesis	0.984677264891783	0.980971274928792	1.39772140170307	0.974212120558339	682	58	975	193	0.0850439882697947	0.197948717948718	0.911585997618975	0.814271337959784
20	unit	metabolic	metabolic:PCR_FOLATE_DIRECT_FOLATE	metabolic:RHEA:14905	purine_core_biosynthesis	0.989247311827957	0.98032046531913	1.09972447760466	0.97767524627903	34	4	90	16	0.117647058823529	0.177777777777778	0.908782776638214	0.854237928301239
20	unit	metabolic	metabolic:PCR_FOLATE_DIRECT_FOLATE	metabolic:RHEA:17453	purine_core_biosynthesis	1	0.995841863509841	1.11325574794209	0.994495226913783	31	1	90	15	0.032258064516129	0.166666666666667	0.979549462061389	0.885394169392138
20	unit	metabolic	metabolic:PCR_FOLATE_DIRECT_FOLATE	metabolic:RHEA:15053	purine_core_biosynthesis	0.989247311827957	0.98032046531913	1.15368062949428	0.985358745855079	31	1	90	20	0.032258064516129	0.222222222222222	0.908782776638214	0.616404093346091
20	unit	metabolic	metabolic:PCR_FOLATE_DIRECT_FOLATE	metabolic:RHEA:23032	purine_core_biosynthesis	0.997830802603037	0.992125525637532	1.10488210271291	0.994495226913783	30	0	90	15	0	0.166666666666667	0.961829905897357	0
20	unit	metabolic	metabolic:PCR_FOLATE_DIRECT_FOLATE	metabolic:RHEA:22192	purine_core_biosynthesis	1	0.995841863509841	1.11897289586305	0.994495226913783	30	0	90	9	0	0.1	0.979549462061389	0
20	unit	metabolic	metabolic:PCR_FOLATE_DIRECT_FOLATE	metabolic:RHEA:18445	purine_core_biosynthesis	1	0.995841863509841	1.10958129007922	0.994495226913783	30	0	90	9	0	0.1	0.979549462061389	0
20	unit	metabolic	metabolic:PCR_FOLATE_TWOSTEP_FOLATE	metabolic:RHEA:14905	purine_core_biosynthesis	0.994569757727652	0.992585751761684	1.10564132364168	0.989045286392504	368	26	1185	237	0.0706521739130435	0.2	0.963996513940771	0.904384825215075
20	unit	metabolic	metabolic:PCR_FOLATE_TWOSTEP_FOLATE	metabolic:RHEA:17453	purine_core_biosynthesis	0.995540069686411	0.993710863453374	1.10829070488507	0.989965036161508	367	25	1185	243	0.0681198910081744	0.205063291139241	0.969325969921272	0.914989395807742
20	unit	metabolic	metabolic:PCR_FOLATE_TWOSTEP_FOLATE	metabolic:RHEA:17129	purine_core_biosynthesis	0.982530949105915	0.97925460462263	1.12477711103135	0.973135350102726	388	46	1185	301	0.118556701030928	0.254008438818565	0.904220922444246	0.848399571650024
20	unit	metabolic	metabolic:PCR_FOLATE_TWOSTEP_FOLATE	metabolic:RHEA:23032	purine_core_biosynthesis	0.997207873795896	0.995690992767744	1.10419234359896	0.994914784246602	354	12	1185	246	0.0338983050847458	0.207594936708861	0.978820022542887	0.886787536395381
20	unit	metabolic	metabolic:PCR_FOLATE_TWOSTEP_FOLATE	metabolic:RHEA:13193	purine_core_biosynthesis	0.996929518492673	0.995355112985985	1.23981320310589	0.994914784246602	347	5	1185	230	0.0144092219020173	0.194092827004219	0.977199193608002	0.755367195899275
20	unit	metabolic	metabolic:PCR_FOLATE_TWOSTEP_FOLATE	metabolic:RHEA:22628	purine_core_biosynthesis	0.99346314325452	0.991318879355788	1.10077100890222	0.982076666929357	361	19	1185	240	0.0526315789473684	0.20253164556962	0.958051052283054	0.857349326482133
20	unit	metabolic	metabolic:PCR_FOLATE_TWOSTEP_FOLATE	metabolic:RHEA:23920	purine_core_biosynthesis	0.994569757727652	0.992585751761684	1.05767423801731	0.988139668694408	389	47	1185	220	0.120822622107969	0.185654008438819	0.963996513940771	0.941776453291093
20	unit	metabolic	metabolic:PCR_FOLATE_TWOSTEP_FOLATE	metabolic:RHEA:22192	purine_core_biosynthesis	1	0.999462495578865	1.11897289586305	0.997317119952444	342	0	1185	253	0	0.213502109704641	0.997318243717758	0
20	unit	metabolic	metabolic:PCR_FOLATE_TWOSTEP_FOLATE	metabolic:RHEA:18445	purine_core_biosynthesis	0.999860022396417	0.999207475937213	1.10942597354925	0.997317119952444	342	0	1185	252	0	0.212658227848101	0.996049901877316	0
20	unit	metabolic	metabolic:PCR_FORMATE_TWOSTEP_FOLATE	metabolic:RHEA:14905	purine_core_biosynthesis	0.998037933289732	0.99572569954093	1.10949681812991	0.990392544855043	119	18	545	107	0.151260504201681	0.196330275229358	0.9789877484111	0.972403976047413
20	unit	metabolic	metabolic:PCR_FORMATE_TWOSTEP_FOLATE	metabolic:RHEA:17453	purine_core_biosynthesis	0.997059784384188	0.994421191856811	1.1099825360076	0.985871793926585	107	6	545	112	0.0560747663551402	0.205504587155963	0.972714834106749	0.909052160650407
20	unit	metabolic	metabolic:PCR_FORMATE_TWOSTEP_FOLATE	metabolic:RHEA:17129	purine_core_biosynthesis	0.989944858903665	0.985763141231456	1.13326437145948	0.974573435174673	127	26	545	136	0.204724409448819	0.24954128440367	0.932651055785263	0.934102844408931
20	unit	metabolic	metabolic:PCR_FORMATE_TWOSTEP_FOLATE	metabolic:RHEA:23032	purine_core_biosynthesis	0.998037933289732	0.99572569954093	1.1051114552124	0.990392544855043	119	18	545	121	0.151260504201681	0.222018348623853	0.9789877484111	0.972403976047413
20	unit	metabolic	metabolic:PCR_FORMATE_TWOSTEP_FOLATE	metabolic:RHEA:13193	purine_core_biosynthesis	0.997711670480549	0.995283781843428	1.24078591215243	0.985871793926585	101	0	545	112	0	0.205504587155963	0.976855526756874	0
20	unit	metabolic	metabolic:PCR_FORMATE_TWOSTEP_FOLATE	metabolic:RHEA:22628	purine_core_biosynthesis	0.996408749591903	0.993580425014564	1.10403478177779	0.971147552873341	112	11	545	113	0.0982142857142857	0.207339449541284	0.968705709256983	0.938275315622917
20	unit	metabolic	metabolic:PCR_FORMATE_TWOSTEP_FOLATE	metabolic:RHEA:23920	purine_core_biosynthesis	0.996734160679295	0.99399845078673	1.05997597022348	0.985871793926585	115	14	545	107	0.121739130434783	0.196330275229358	0.970695737820173	0.952747448590045
20	unit	metabolic	metabolic:PCR_FORMATE_TWOSTEP_FOLATE	metabolic:RHEA:22192	purine_core_biosynthesis	0.999018003273322	0.997116641285424	1.11787406814207	0.990392544855043	101	0	545	118	0	0.21651376146789	0.985747585718806	0
20	unit	metabolic	metabolic:PCR_FORMATE_TWOSTEP_FOLATE	metabolic:RHEA:18445	purine_core_biosynthesis	1	0.998742912898792	1.10958129007922	0.990392544855043	101	0	545	118	0	0.21651376146789	0.993746011725922	0
20	unit	metabolic	metabolic:PHE_CANONICAL	metabolic:RHEA:25152	phenylalanine_biosynthesis	0.99224710804824	0.990093826456119	1.04838177741519	0.991971996637357	1094	59	1420	79	0.0539305301645338	0.0556338028169014	0.952356972668213	0.843510445314299
20	unit	metabolic	metabolic:PLP_DXP	metabolic:RHEA:16573	plp_biosynthesis_dxp	0.997782705099778	0.99350114849921	1.3371197389754	0.963444576131746	82	19	245	43	0.231707317073171	0.175510204081633	0.968329041910106	0.97254397023838
20	unit	metabolic	metabolic:PLP_DXP	metabolic:RHEA:32275	plp_biosynthesis_dxp	0.991189427312775	0.984663037001491	2.71027999111367	0.963444576131746	82	19	245	47	0.231707317073171	0.191836734693878	0.927747707927734	0.937012092432044
20	unit	metabolic	metabolic:PLP_DXP	metabolic:RHEA:15265	plp_biosynthesis_dxp	0.997045790251108	0.992428619461811	2.18255642197108	0.975029755247836	80	17	245	45	0.2125	0.183673469387755	0.963255911223673	0.965342418725627
20	unit	metabolic	metabolic:PLP_DXP	metabolic:RHEA:15149	plp_biosynthesis_dxp	0.987564008778347	0.980174249326727	1.64235733247859	0.935124903375596	82	19	245	53	0.231707317073171	0.216326530612245	0.908154843339621	0.919714071537308
20	unit	metabolic	metabolic:PRO_CANONICAL	metabolic:RHEA:14877	proline_biosynthesis	0.993198771390961	0.991291471372561	1.25507214522458	0.991107854492082	1044	69	1540	278	0.0660919540229885	0.180519480519481	0.9579230694788	0.882673787354838
20	unit	metabolic	metabolic:PRO_CANONICAL	metabolic:RHEA:19541	proline_biosynthesis	0.991350049271871	0.989233501821702	1.2585481959142	0.989251739968923	1055	80	1540	291	0.0758293838862559	0.188961038961039	0.948390139006006	0.874486298549538
20	unit	metabolic	metabolic:PRO_CANONICAL	metabolic:RHEA:14109	proline_biosynthesis	0.985952303168899	0.98333398636134	1.13210840236999	0.989251739968923	1163	188	1540	271	0.161650902837489	0.175974025974026	0.92187786975901	0.905103381725056
20	unit	metabolic	metabolic:PYR_DHODH_FUMARATE	metabolic:RHEA:20013	pyrimidine_core_biosynthesis	0.989335520918786	0.981839508602731	1.088713219148	0.973773887007491	109	5	220	48	0.0458715596330275	0.218181818181818	0.915346909873624	0.712645910226
20	unit	metabolic	metabolic:PYR_DHODH_FUMARATE	metabolic:RHEA:24296	pyrimidine_core_biosynthesis	0.996694214876033	0.991530924608668	1.10518368977772	0.988458592585769	109	5	220	35	0.0458715596330275	0.159090909090909	0.959042124389013	0.843026160685148
20	unit	metabolic	metabolic:PYR_DHODH_FUMARATE	metabolic:RHEA:10380	pyrimidine_core_biosynthesis	0.994229183841715	0.988136049964858	1.071843556632	0.969526482767292	111	7	220	35	0.0630630630630631	0.159090909090909	0.943367777267786	0.840062871516177
20	unit	metabolic	metabolic:PYR_DHODH_FUMARATE	metabolic:RHEA:11596	pyrimidine_core_biosynthesis	0.989335520918786	0.981839508602731	1.08032684353879	0.969526482767292	109	5	220	29	0.0458715596330275	0.131818181818182	0.915346909873624	0.712645910226
20	unit	metabolic	metabolic:PYR_DHODH_NAD	metabolic:RHEA:20013	pyrimidine_core_biosynthesis	0.988555078683834	0.983026443933056	1.08785438232267	0.973159254042624	236	11	445	90	0.0466101694915254	0.202247191011236	0.920527915212847	0.729688529244716
20	unit	metabolic	metabolic:PYR_DHODH_NAD	metabolic:RHEA:24296	pyrimidine_core_biosynthesis	0.987142857142857	0.981357908966723	1.0945926733713	0.975183788073086	237	12	445	89	0.0506329113924051	0.2	0.913257770954777	0.72717999148756
20	unit	metabolic	metabolic:PYR_DHODH_NAD	metabolic:RHEA:10380	pyrimidine_core_biosynthesis	0.989026717557252	0.983587351943567	1.06623496048915	0.981498916596962	238	13	445	95	0.0546218487394958	0.213483146067416	0.922992357081352	0.76599494889842
20	unit	metabolic	metabolic:PYR_DHODH_NAD	metabolic:RHEA:11596	pyrimidine_core_biosynthesis	0.996634615384615	0.993069335257952	1.08829725147243	0.990978912989976	234	9	445	83	0.0384615384615385	0.186516853932584	0.966281444310053	0.84641403714719
20	unit	metabolic	metabolic:PYR_DHODH_QUINONE	metabolic:RHEA:20013	pyrimidine_core_biosynthesis	0.994647397296936	0.992719956911003	1.09455866784472	0.990964478625266	497	63	1180	223	0.126760563380282	0.188983050847458	0.964629771699399	0.945311265974753
20	unit	metabolic	metabolic:PYR_DHODH_QUINONE	metabolic:RHEA:24296	pyrimidine_core_biosynthesis	0.993185462319615	0.991051958571351	1.10129301193597	0.983179424745784	454	20	1180	125	0.0440528634361234	0.10593220338983	0.95680580658536	0.82990686806124
20	unit	metabolic	metabolic:PYR_DHODH_QUINONE	metabolic:RHEA:10380	pyrimidine_core_biosynthesis	0.996647894877983	0.995056063233864	1.07445108403283	0.992242596250624	515	81	1180	240	0.157281553398058	0.203389830508475	0.97575968647829	0.969377509631427
20	unit	metabolic	metabolic:PYR_DHODH_QUINONE	metabolic:RHEA:11596	pyrimidine_core_biosynthesis	0.989615230994541	0.987059296113924	1.08063227915376	0.986688074899729	483	49	1180	221	0.101449275362319	0.18728813559322	0.938480883261788	0.885558634936086
20	unit	metabolic	metabolic:QUIN_NADB	metabolic:RHEA:25888	quinolinate_biosynthesis_aspartate	0.990627789348408	0.988027807809345	1.58258337671057	0.986174024423487	1001	128	1255	268	0.127872127872128	0.213545816733068	0.942874699359589	0.913441566089295
20	unit	metabolic	metabolic:RIBOFLAVIN_GTP	metabolic:RHEA:23704	riboflavin_biosynthesis	0.994860499265786	0.993060673483741	1.30090338234733	0.99374592662941	985	13	1520	223	0.0131979695431472	0.14671052631579	0.966240441808059	0.653824875424897
20	unit	metabolic	metabolic:RIBOFLAVIN_GTP	metabolic:RHEA:21868	riboflavin_biosynthesis	1	0.999527718987305	1.39755315358119	0.997941165438783	972	0	1520	296	0	0.194736842105263	0.997643047512156	0
20	unit	metabolic	metabolic:RIBOFLAVIN_GTP	metabolic:RHEA:17845	riboflavin_biosynthesis	1	0.999527718987305	1.39755315358119	0.997941165438783	972	0	1520	296	0	0.194736842105263	0.997643047512156	0
20	unit	metabolic	metabolic:RIBOFLAVIN_GTP	metabolic:RHEA:18457	riboflavin_biosynthesis	0.990255785627284	0.987889834234607	1.25148760190017	0.989513929871427	993	21	1520	264	0.0211480362537764	0.173684210526316	0.942246775654285	0.633048584526484
20	unit	metabolic	metabolic:RIBOFLAVIN_GTP	metabolic:RHEA:26152	riboflavin_biosynthesis	0.995469572670503	0.993761993176191	1.23970099407717	0.991580694010263	1016	44	1520	289	0.0433070866141732	0.190131578947368	0.969569274182175	0.873404079717903
20	unit	metabolic	metabolic:RIBOFLAVIN_GTP	metabolic:RHEA:20772	riboflavin_biosynthesis	0.992431640625	0.990310390242166	1.25248854270018	0.986205033837369	1035	63	1520	319	0.0608695652173913	0.209868421052632	0.953359658060301	0.861516412225221
20	unit	metabolic	metabolic:SALVAGE_HMP_HET	metabolic:RHEA:23096	thiamine_precursor_salvage	1	0.99890113469776	1.42514534883721	0.995148702005673	524	0	700	136	0	0.194285714285714	0.994529717901566	0
20	unit	metabolic	metabolic:SALVAGE_HMP_HET	metabolic:RHEA:19893	thiamine_precursor_salvage	1	0.99890113469776	1.42514534883721	0.995148702005673	524	0	700	136	0	0.194285714285714	0.994529717901566	0
20	unit	metabolic	metabolic:SIROHEME_UROGEN	metabolic:RHEA:32459	siroheme_biosynthesis	0.996092852217881	0.99375140998852	1.46171470431474	0.980743080474837	592	3	725	51	0.00506756756756757	0.0703448275862069	0.969518905395733	0.446267516955386
20	unit	metabolic	metabolic:TCA4_FUMARASE_MQO	metabolic:RHEA:12460	fumarate_oxaloacetate_interconversion	0.99149310648284	0.987809413026264	1.10336781338098	0.973317786534375	500	71	610	84	0.142	0.137704918032787	0.941881080121704	0.920040502003381
20	unit	metabolic	metabolic:THR_CANONICAL	metabolic:RHEA:10840	threonine_biosynthesis	0.985311398354877	0.982527640320852	1.21483536760384	0.979823519435518	1253	116	1535	254	0.0925778132482043	0.165472312703583	0.918345022173005	0.838864359572734
20	unit	metabolic	metabolic:TRP_CANONICAL	metabolic:RHEA:11768	tryptophan_biosynthesis	0.991478617642418	0.988898946832917	1.31267440251836	0.990664674919723	695	12	1145	215	0.0172661870503597	0.187772925764192	0.946854613221441	0.606004272197078
20	unit	metabolic	metabolic:TRP_CANONICAL	metabolic:RHEA:23476	tryptophan_biosynthesis	0.995563302170813	0.993595152439733	1.30138849165001	0.989891744387457	693	10	1145	217	0.0144300144300144	0.189519650655022	0.968775709482435	0.691220146884456
20	unit	metabolic	metabolic:TRP_CANONICAL	metabolic:RHEA:10532	tryptophan_biosynthesis	0.990540753586631	0.987844006955207	1.28341619939437	0.986891048142067	744	61	1145	271	0.081989247311828	0.236681222707424	0.942038359949319	0.869498889921633
20	unit	metabolic	metabolic:TYR_NAD	metabolic:RHEA:15093	tyrosine_biosynthesis	0.994015849911046	0.991762971818328	1.05025058279933	0.986924923769473	888	52	1195	80	0.0585585585585586	0.0669456066945607	0.960128548180757	0.875786066253092
20	unit	regulatory	regulatory:CIRCUIT_ASPARTATE_CHEMORECEPTION	regulatory:RF_CHEMOTAXIS_RESPONSE_REGULATOR	aspartate_chemoreception	1	0.992044057504514	2.2137347130762	0.919704395076508	57	1	85	18	0.0175438596491228	0.211764705882353	0.961447183487422	0.686282643606321
20	unit	regulatory	regulatory:CIRCUIT_ASPARTATE_CHEMORECEPTION	regulatory:RF_CHEMOTAXIS_ADAPTATION	aspartate_chemoreception	0.997916666666667	0.988294769565831	2.35867567296103	0.919704395076508	57	1	85	18	0.0175438596491228	0.211764705882353	0.94409153375178	0.596979163722648
20	unit	regulatory	regulatory:CIRCUIT_CHEMOTAXIS_CORE	regulatory:RF_CHEMOTAXIS_RECEPTION	chemotaxis_signal_transduction	0.987848784878488	0.98418019710322	2.36432644484953	0.972278165066074	605	10	785	18	0.0165289256198347	0.0229299363057325	0.92560842568733	0.506975332242072
20	unit	regulatory	regulatory:CIRCUIT_CHEMOTAXIS_CORE	regulatory:RF_CHEMOTAXIS_KINASE_CORE	chemotaxis_signal_transduction	0.98452567840323	0.980463401459267	2.42392323333174	0.962543847401534	624	29	785	120	0.046474358974359	0.152866242038217	0.909397282936233	0.699912499366511
20	unit	regulatory	regulatory:CIRCUIT_CHEMOTAXIS_CORE	regulatory:RF_CHEMOTAXIS_RESPONSE_REGULATOR	chemotaxis_signal_transduction	0.990523465703971	0.987216066850804	2.19275618014542	0.971171426626185	609	14	785	73	0.0229885057471264	0.0929936305732484	0.93918990310788	0.639671542038897
20	unit	structural	structural:ARCH_FLAGELLUM_DIDERM	structural:SF_FLAGELLAR_EXPORT_ATPASE	flagellar_apparatus	0.984279141104294	0.978743402140987	2.62014216611609	0.951527418650569	174	3	530	133	0.0172413793103448	0.250943396226415	0.902045710469404	0.44254470133673
20	unit	structural	structural:ARCH_FLAGELLUM_DIDERM	structural:SF_FLAGELLAR_MS_RING	flagellar_apparatus	0.995347033734005	0.991884332099174	2.33524490506766	0.983080059836372	171	0	530	108	0	0.20377358490566	0.960697523871622	0
20	unit	structural	structural:ARCH_FLAGELLUM_DIDERM	structural:SF_FLAGELLAR_ROD	flagellar_apparatus	0.99419054996127	0.99043658930336	2.60468626382639	0.972529169146535	176	5	530	186	0.0284090909090909	0.350943396226415	0.953944728424102	0.746334104433285
20	unit	structural	structural:ARCH_FLAGELLUM_DIDERM	structural:SF_FLAGELLAR_C_RING	flagellar_apparatus	0.990354938271605	0.985800165938783	2.43725501018693	0.975057673041074	180	9	530	158	0.05	0.29811320754717	0.932816791351926	0.776344789437127
20	unit	structural	structural:ARCH_FLAGELLUM_DIDERM	structural:SF_FLAGELLAR_HOOK	flagellar_apparatus	0.995347033734005	0.991884332099174	2.40922715468305	0.977648323631619	171	0	530	88	0	0.166037735849057	0.960697523871622	0
20	unit	structural	structural:ARCH_FLAGELLUM_DIDERM	structural:SF_FLAGELLAR_HOOK_FILAMENT_JUNCTION	flagellar_apparatus	0.991885625965997	0.987626640332864	2.46265589261784	0.958256356447294	177	6	530	125	0.0338983050847458	0.235849056603774	0.941050800265918	0.730147040119872
20	unit	structural	structural:ARCH_FLAGELLUM_DIDERM	structural:SF_FLAGELLAR_STATOR	flagellar_apparatus	0.99419054996127	0.99043658930336	2.41686901050502	0.98031523826543	184	13	530	77	0.0706521739130435	0.145283018867925	0.953944728424102	0.8797658831342
20	unit	structural	structural:ARCH_FLAGELLUM_MONODERM	structural:SF_FLAGELLAR_MS_RING	flagellar_apparatus	0.995511669658887	0.992607439107146	2.33563116753868	0.987616732307807	220	0	670	135	0	0.201492537313433	0.964098802684845	0
20	unit	structural	structural:ARCH_FLAGELLUM_MONODERM	structural:SF_FLAGELLAR_C_RING	flagellar_apparatus	0.989001189060642	0.984877093139751	2.43392344498798	0.974447856716663	229	9	670	193	0.0393013100436681	0.288059701492537	0.928698603228292	0.719061039076172
20	unit	structural	structural:ARCH_FLAGELLUM_MONODERM	structural:SF_FLAGELLAR_HOOK	flagellar_apparatus	0.995809637832984	0.992978225182699	2.41034688309872	0.981712360247228	220	0	670	114	0	0.170149253731343	0.96585029214795	0
20	unit	structural	structural:ARCH_FLAGELLUM_MONODERM	structural:SF_FLAGELLAR_HOOK_FILAMENT_JUNCTION	flagellar_apparatus	0.991358760429082	0.987617320432757	2.46134778966208	0.964257694121158	233	13	670	152	0.055793991416309	0.226865671641791	0.941008493835863	0.816514273229276
20	unit	structural	structural:ARCH_FLAGELLUM_MONODERM	structural:SF_FLAGELLAR_STATOR	flagellar_apparatus	0.993727598566308	0.990429767027425	2.41574357948991	0.979846599901128	236	16	670	98	0.0677966101694915	0.146268656716418	0.953913085184222	0.875254422005478
20	unit	structural	structural:ARCH_T4AP_CORE	structural:SF_T4AP_PREPILIN_PEPTIDASE	type_iva_pilus	0.989311957247829	0.982708602663519	2.88338976690066	0.953998150582861	159	6	260	55	0.0377358490566038	0.211538461538462	0.919136018270756	0.681995774664591
20	unit	structural	structural:ARCH_T4AP_CORE	structural:SF_T4AP_MAJOR_PILIN	type_iva_pilus	0.987991994663109	0.981098262712512	3.73065269871827	0.961594878971672	156	3	260	14	0.0192307692307692	0.0538461538461538	0.91213455202002	0.499543766130988
20	unit	structural	structural:ARCH_T4AP_CORE	structural:SF_T4AP_ASSEMBLY_ATPASE	type_iva_pilus	0.994627266621894	0.989433860271044	2.96348048089977	0.973851626510583	156	3	260	16	0.0192307692307692	0.0615384615384615	0.949311623241094	0.642959996792741
20	unit	structural	structural:ARCH_T4AP_CORE	structural:SF_T4AP_PLATFORM	type_iva_pilus	0.990635451505017	0.984342365587681	3.29167374256087	0.978304889716931	158	5	260	52	0.0316455696202532	0.2	0.926326066033466	0.665490265265877
50	component	defense	defense:SYS_DF_CASCADE_I_E	defense:COMP_DF_CASC	type_i_e_crispr_cas_machinery	0.993710691823899	0.985362404308052	12.3463569165787	0.967172413336069	164	0	205	38	0	0.185365853658537	0.930860184218747	0
50	component	defense	defense:SYS_DF_CASCADE_I_E	defense:COMP_DF_CASE	type_i_e_crispr_cas_machinery	0.989974937343358	0.980343564867733	12.1969058772586	0.960506010404619	164	0	205	39	0	0.190243902439024	0.908882041315714	0
50	component	metabolic	metabolic:SYS_10532_TRPAB	metabolic:COMP_10532_TRPAB_BETA	tryptophan_biosynthesis	0.991519750055791	0.989399459039767	1.24240909256192	0.991017383375816	1219	19	1605	329	0.0155865463494668	0.204984423676012	0.949153305087293	0.5926294140927
50	component	metabolic	metabolic:SYS_10676_LEUCD	metabolic:COMP_10676_LEUCD_LARGE	leucine_biosynthesis	0.985841516327929	0.983145567774246	1.32549551835384	0.988507572337421	1260	38	1535	293	0.0301587301587302	0.190879478827362	0.921050438973525	0.637576925077073
50	component	metabolic	metabolic:SYS_10676_LEUCD	metabolic:COMP_10676_LEUCD_SMALL	leucine_biosynthesis	0.98663009941721	0.984001286920256	1.32549551835384	0.975365781634761	1242	20	1535	275	0.0161030595813204	0.179153094462541	0.924817713897418	0.497593250955404
50	component	metabolic	metabolic:SYS_10760_CITLYASE	metabolic:COMP_10760_CITE	citrate_fermentation	0.996703296703297	0.990352467841503	2.90637199231995	0.975967068192559	154	1	195	36	0.00649350649350649	0.184615384615385	0.953554670449324	0.399969104191829
50	component	metabolic	metabolic:SYS_12048_PCAIJ	metabolic:COMP_12048_ALPHA	oxoadipate_activation	0.986593059936908	0.978634034633055	9.0831408006398	0.944449522896702	169	2	200	33	0.0118343195266272	0.165	0.90158140622916	0.3515135089213
50	component	metabolic	metabolic:SYS_12633_BENAB	metabolic:COMP_12633_ALPHA	benzoate_degradation_catechol	0.988479262672811	0.978923598950335	13.3223906123806	0.871021551243799	100	0	125	24	0	0.192	0.902811527635508	0
50	component	metabolic	metabolic:SYS_12765_POR_FOUR_SUBUNIT	metabolic:COMP_12765_POR_ALPHA	pyruvate_to_acetyl_coa	0.99402390438247	0.982578830889482	12.4554688593867	0.969538089409661	125	2	145	16	0.016	0.110344827586207	0.918568670309163	0.474354508774306
50	component	metabolic	metabolic:SYS_12765_POR_FOUR_SUBUNIT	metabolic:COMP_12765_POR_BETA	pyruvate_to_acetyl_coa	0.99402390438247	0.982578830889482	14.4748579937675	0.961033733333152	123	0	145	12	0	0.0827586206896552	0.918568670309163	0
50	component	metabolic	metabolic:SYS_13313_SOXABGD	metabolic:COMP_13313_SOXB	sarcosine_demethylation	0.996901626646011	0.992060433127117	8.22548705407922	0.969514049556767	137	0	165	26	0	0.157575757575758	0.961524093757998	0
50	component	metabolic	metabolic:SYS_13513_NAD	metabolic:COMP_13513_CATALYTIC	pyrimidine_core_biosynthesis	0.99297520661157	0.988778419782387	4.28904048494557	0.985919915995088	404	12	515	112	0.0297029702970297	0.21747572815534	0.94630238719048	0.723546724512369
50	component	metabolic	metabolic:SYS_14613_TAUABC	metabolic:COMP_14613_SBP	taurine_uptake_abc	0.988505747126437	0.981669190603775	7.11796733212341	0.961240814111236	188	0	250	55	0	0.22	0.91460722756049	0
50	component	metabolic	metabolic:SYS_15341_COBNST	metabolic:COMP_15341_COBS_SUB	corrin_ring_biosynthesis	0.998774509803922	0.993091253942724	7.46606155168548	0.981337778588563	78	1	125	27	0.0128205128205128	0.216	0.966385213800119	0.648243124755037
50	component	metabolic	metabolic:SYS_16293_LEUCD	metabolic:COMP_16293_LEUCD_LARGE	leucine_biosynthesis	0.985841516327929	0.983145567774246	1.32549551835384	0.988507572337421	1260	38	1535	293	0.0301587301587302	0.190879478827362	0.921050438973525	0.637576925077073
50	component	metabolic	metabolic:SYS_16293_LEUCD	metabolic:COMP_16293_LEUCD_SMALL	leucine_biosynthesis	0.98663009941721	0.984001286920256	1.32549551835384	0.975365781634761	1242	20	1535	275	0.0161030595813204	0.179153094462541	0.924817713897418	0.497593250955404
50	component	metabolic	metabolic:SYS_17129_TRIMER	metabolic:COMP_17129_TRI_A	purine_core_biosynthesis	0.983365323096609	0.979289048288171	2.42208004847283	0.977336353129849	596	41	805	195	0.0687919463087248	0.24223602484472	0.9043677787098	0.764857102514355
50	component	metabolic	metabolic:SYS_17129_TRIMER	metabolic:COMP_17129_TRI_C	purine_core_biosynthesis	0.994607420189819	0.992051228372932	2.26048887501515	0.988598697702476	567	12	805	200	0.0211640211640212	0.248447204968944	0.961480861214567	0.725379473608962
50	component	metabolic	metabolic:SYS_17297_KOR	metabolic:COMP_17297_BETA	oxoglutarate_to_succinate	0.992440278197762	0.988863680905478	3.48881156655957	0.991898080486369	519	7	635	118	0.0134874759152216	0.185826771653543	0.946692980446302	0.544965932863486
50	component	metabolic	metabolic:SYS_17661_LSC	metabolic:COMP_17661_LSC_ALPHA	oxoglutarate_to_succinate	0.987301587301587	0.97947214889114	9.26362876889193	0.978944977166401	107	14	120	14	0.130841121495327	0.116666666666667	0.905149086199818	0.861935531981588
50	component	metabolic	metabolic:SYS_17661_LSC	metabolic:COMP_17661_LSC_BETA	oxoglutarate_to_succinate	0.992025518341308	0.985383035073651	9.26362876889193	0.985921032917883	106	13	120	13	0.122641509433962	0.108333333333333	0.930952249554288	0.892098507996172
50	component	metabolic	metabolic:SYS_17661_SUCCD	metabolic:COMP_17661_ALPHA	oxoglutarate_to_succinate	0.996688335581994	0.995185887002241	1.42456692862703	0.993255892694609	1062	21	1340	273	0.019774011299435	0.203731343283582	0.976384191690153	0.803448872667017
50	component	metabolic	metabolic:SYS_17661_SUCCD	metabolic:COMP_17661_BETA	oxoglutarate_to_succinate	0.98712342079689	0.984450738803924	1.42456692862703	0.977683142146019	1067	26	1340	278	0.0243673851921275	0.207462686567164	0.92680613605344	0.606723685944915
50	component	metabolic	metabolic:SYS_18136_CYSDN	metabolic:COMP_18136_CYSD	assimilatory_sulfate_reduction	0.990178796272979	0.986602996415237	2.1033478456306	0.988243857953583	521	3	675	136	0.00575815738963532	0.201481481481481	0.936422000808507	0.297778053292792
50	component	metabolic	metabolic:SYS_18136_CYSD_CYSNC	metabolic:COMP_18136_CYSD_FUS	assimilatory_sulfate_reduction	0.991266375545852	0.98585982394365	2.10565809255687	0.970116382592929	239	1	310	59	0.00418410041841004	0.190322580645161	0.933083939238888	0.22583690566982
50	component	metabolic	metabolic:SYS_18633_HETERODIMER	metabolic:COMP_18633_LARGE	pyrimidine_core_biosynthesis	0.987726296409942	0.985344291224972	1.17188540925274	0.984281507290565	1376	65	1745	351	0.0472383720930233	0.201146131805158	0.930779365940836	0.760534556369189
50	component	metabolic	metabolic:SYS_20557_UREABC	metabolic:COMP_20557_ALPHA	urea_hydrolysis	0.9895751889497	0.985836296129162	2.96494567689895	0.981813975084066	525	2	660	130	0.00380952380952381	0.196969696969697	0.932978567535515	0.209582571885753
50	component	metabolic	metabolic:SYS_20557_UREABC	metabolic:COMP_20557_GAMMA	urea_hydrolysis	0.997635312664214	0.995511683888289	2.95671966972472	0.989802241023399	525	2	660	134	0.00380952380952381	0.203030303030303	0.977954213280362	0.457981381072658
50	component	metabolic	metabolic:SYS_21448_NIF	metabolic:COMP_21448_NIFD	nitrogen_fixation	0.991891891891892	0.982424342413185	11.7057171514544	0.97141792488371	111	0	165	38	0	0.23030303030303	0.917893981157868	0
50	component	metabolic	metabolic:SYS_21448_NIF	metabolic:COMP_21448_NIFK	nitrogen_fixation	0.994579945799458	0.986147461894587	11.8323838647891	0.965589778368713	111	0	165	37	0	0.224242424242424	0.934373674188996	0
50	component	metabolic	metabolic:SYS_22332_LEUCD	metabolic:COMP_22332_LARGE	oxobutanoate_biosynthesis_citramalate	0.985841516327929	0.983145567774246	1.32549551835384	0.988507572337421	1260	38	1535	293	0.0301587301587302	0.190879478827362	0.921050438973525	0.637576925077073
50	component	metabolic	metabolic:SYS_22332_LEUCD	metabolic:COMP_22332_SMALL	oxobutanoate_biosynthesis_citramalate	0.98663009941721	0.984001286920256	1.32549551835384	0.975365781634761	1242	20	1535	275	0.0161030595813204	0.179153094462541	0.924817713897418	0.497593250955404
50	component	metabolic	metabolic:SYS_24793_HISFH	metabolic:COMP_24793_HISFH_CYCLASE	histidine_biosynthesis	0.991780178487553	0.989628446041016	1.3343951492378	0.990333474027582	1208	50	1505	308	0.0413907284768212	0.204651162790698	0.950207915374764	0.797955414368429
50	component	metabolic	metabolic:SYS_27786_ODH_COMPLEX	metabolic:COMP_27786_E2	oxoglutarate_to_succinate	0.987055947073206	0.984117298896504	1.63711591108871	0.976621356457882	751	18	1025	198	0.0239680426098535	0.193170731707317	0.925330319358979	0.597601358969494
50	component	metabolic	metabolic:SYS_27786_ODH_COMPLEX	metabolic:COMP_27786_E3	oxoglutarate_to_succinate	0.995936729066899	0.994133657005369	1.09937063084728	0.991039244618442	805	72	1025	107	0.0894409937888199	0.104390243902439	0.971340784186521	0.938107414284358
50	component	metabolic	metabolic:SYS_28042_PDH_E1	metabolic:COMP_28042_E1_E3	pyruvate_to_acetyl_coa	0.997511406055579	0.995654941118475	1.1011088473262	0.991834582762904	662	31	855	121	0.0468277945619335	0.141520467836257	0.978645845821459	0.914751591103247
50	component	metabolic	metabolic:SYS_28042_PDH_E1AB	metabolic:COMP_28042_AB_E1_ALPHA	pyruvate_to_acetyl_coa	0.991641901931649	0.988835298089719	2.08985466919717	0.990056759908746	532	20	765	150	0.037593984962406	0.196078431372549	0.946562926437718	0.769033061021925
50	component	metabolic	metabolic:SYS_28042_PDH_E1AB	metabolic:COMP_28042_AB_E1_BETA	pyruvate_to_acetyl_coa	0.991457753017642	0.988625460926731	2.08797063218285	0.987337260697943	536	24	765	152	0.0447761194029851	0.198692810457516	0.945602299703719	0.795573994545254
50	component	metabolic	metabolic:SYS_28042_PDH_E1AB	metabolic:COMP_28042_AB_E3	pyruvate_to_acetyl_coa	0.995153774464119	0.992908392883298	1.09850636179237	0.989366764685063	543	31	765	87	0.0570902394106814	0.113725490196078	0.965520037797836	0.888806171709035
50	component	metabolic	metabolic:SYS_29899_XYLFGH	metabolic:COMP_29899_SBP	xylose_uptake_abc	0.993218570683359	0.988431790796508	5.51236306729264	0.975520555602263	303	2	365	57	0.0066006600660066	0.156164383561644	0.944717052777941	0.360607882793933
50	component	metabolic	metabolic:SYS_29899_XYLFGH	metabolic:COMP_29899_PERMEASE	xylose_uptake_abc	0.986017607457276	0.979732532444241	5.95864569560468	0.960413761588998	304	3	365	60	0.00986842105263158	0.164383561643836	0.90626199048736	0.322970726815622
50	component	metabolic	metabolic:SYS_29899_XYLFGH	metabolic:COMP_29899_ATPASE	xylose_uptake_abc	0.986528497409326	0.980333858079742	5.7462843071872	0.967727180294689	301	0	365	58	0	0.158904109589041	0.908840326689616	0
50	component	metabolic	metabolic:SYS_30007_ARAFGH	metabolic:COMP_30007_SBP	arabinose_uptake_abc	0.990881458966565	0.982761269210756	11.5090930367232	0.941264036528255	169	0	205	36	0	0.175609756097561	0.919366427826852	0
50	component	metabolic	metabolic:SYS_30007_ARAFGH	metabolic:COMP_30007_ATPASE	arabinose_uptake_abc	0.991886409736308	0.984071821671186	11.5435563768125	0.941264036528255	169	0	205	36	0	0.175609756097561	0.92512932237516	0
50	component	metabolic	metabolic:SYS_31507_PDXST	metabolic:COMP_31507_PDXS	plp_biosynthesis_r5p	0.991891891891892	0.988448899855977	2.94117943548387	0.978989889150399	579	19	710	137	0.0328151986183074	0.192957746478873	0.944795203797353	0.737398884878165
50	component	metabolic	metabolic:SYS_32171_PAAABCDE	metabolic:COMP_32171_PAAA	phenylacetate_degradation	0.992886178861789	0.98809421211722	4.91886264441592	0.983625771683657	222	0	285	55	0	0.192982456140351	0.943177144064736	0
50	component	metabolic	metabolic:SYS_32171_PAAABCDE	metabolic:COMP_32171_PAAB	phenylacetate_degradation	0.993896236012208	0.989361208505929	5.01465828169796	0.974677304655283	222	0	285	59	0	0.207017543859649	0.948977321098839	0
50	component	metabolic	metabolic:SYS_32171_PAAABCDE	metabolic:COMP_32171_PAAC	phenylacetate_degradation	0.995415180845644	0.991309132449945	5.11666885881601	0.983625771683657	222	0	285	59	0	0.207017543859649	0.958005535562763	0
50	component	metabolic	metabolic:SYS_32171_PAAABCDE	metabolic:COMP_32171_PAAD	phenylacetate_degradation	0.99440203562341	0.990003486358134	5.24199567703631	0.974677304655283	223	1	285	58	0.00448430493273543	0.203508771929825	0.951939193809557	0.307528417574702
50	component	metabolic	metabolic:SYS_40523_FRD_DEDICATED	metabolic:COMP_40523_FRDB	succinate_fumarate_interconversion	0.995296331138288	0.989036507747344	10.8432005853455	0.95502675026699	151	0	185	32	0	0.172972972972973	0.947485507656558	0
50	component	metabolic	metabolic:SYS_40523_SDH_FRD_SHARED	metabolic:COMP_40523_FLAVOPROTEIN	succinate_fumarate_interconversion	0.982762836185819	0.979707284042873	1.42667335355489	0.97503672692281	1053	16	1300	252	0.0151946818613485	0.193846153846154	0.906153982520076	0.423159174753546
50	component	metabolic	metabolic:SYS_40523_SDH_FRD_SHARED	metabolic:COMP_40523_IRON_SULFUR	succinate_fumarate_interconversion	0.99185687847008	0.989653949110766	1.42667335355489	0.981876475174666	1048	11	1300	247	0.0104961832061069	0.19	0.950325485762622	0.501001711980629
50	component	metabolic	metabolic:SYS_40523_SDH_MITOCHONDRIAL	metabolic:COMP_40523_SDHA	succinate_fumarate_interconversion	0.990243902439024	0.98302475752353	9.27644088861271	0.982880042903022	101	17	125	20	0.168316831683168	0.16	0.920520521308422	0.906951758399063
50	component	metabolic	metabolic:SYS_42424_LEUCD	metabolic:COMP_42424_LARGE	oxobutanoate_biosynthesis_citramalate	0.985841516327929	0.983145567774246	1.32549551835384	0.988507572337421	1260	38	1535	293	0.0301587301587302	0.190879478827362	0.921050438973525	0.637576925077073
50	component	metabolic	metabolic:SYS_42424_LEUCD	metabolic:COMP_42424_SMALL	oxobutanoate_biosynthesis_citramalate	0.98663009941721	0.984001286920256	1.32549551835384	0.975365781634761	1242	20	1535	275	0.0161030595813204	0.179153094462541	0.924817713897418	0.497593250955404
50	component	metabolic	metabolic:SYS_57952_DMP	metabolic:COMP_57952_P2	phenol_hydroxylation	1	0.981693518040832	45.7821011673152	0.927302179716016	30	0	40	9	0	0.225	0.914712822881251	0
50	component	metabolic	metabolic:SYS_57952_DMP	metabolic:COMP_57952_P5	phenol_hydroxylation	1	0.981693518040832	46.8764940239044	0.927302179716016	31	1	40	9	0.032258064516129	0.225	0.914712822881251	0.63367998283254
50	component	metabolic	metabolic:SYS_74155_DGCAB	metabolic:COMP_74155_DGCA	sarcosine_demethylation	0.99822695035461	0.990025925436584	20.1115381812883	0.938870628567801	64	0	85	20	0	0.235294117647059	0.952042936492005	0
50	component	metabolic	metabolic:SYS_74167_DGCAB	metabolic:COMP_74167_DGCA	betaine_demethylation	0.99822695035461	0.990025925436584	20.1115381812883	0.938870628567801	64	0	85	20	0	0.235294117647059	0.952042936492005	0
50	component	regulatory	regulatory:SYS_RF_PST_PHOU	regulatory:COMP_RF_PSTS	phosphate_starvation_response	0.994664634146341	0.992796503001636	1.35516721692518	0.993263654782486	1059	11	1390	212	0.0103871576959396	0.152517985611511	0.964991256522409	0.588743630478432
50	component	regulatory	regulatory:SYS_RF_PST_PHOU	regulatory:COMP_RF_PSTC	phosphate_starvation_response	0.994033261393932	0.992075159823519	1.35792352880077	0.988708510173684	1048	0	1390	252	0	0.181294964028777	0.961593267969758	0
50	component	regulatory	regulatory:SYS_RF_PST_PHOU	regulatory:COMP_RF_PSTA	phosphate_starvation_response	0.993024730500951	0.990932480772479	1.36001966931372	0.988708510173684	1048	0	1390	250	0	0.179856115107914	0.956249247037229	0
50	component	regulatory	regulatory:SYS_RF_PST_PHOU	regulatory:COMP_RF_PSTB	phosphate_starvation_response	0.997325181505541	0.995914145857339	1.33498613032926	0.994916753375466	1051	3	1390	255	0.00285442435775452	0.183453237410072	0.979899244310316	0.410292864162809
50	component	structural	structural:SYS_SF_FLAGELLAR_C_RING	structural:COMP_SF_FLIG	flagellar_apparatus	0.989650175947009	0.986381971146474	2.33304427373122	0.98685145670657	703	56	925	200	0.0796586059743954	0.216216216216216	0.935427268988625	0.852285965739916
50	component	structural	structural:SYS_SF_FLAGELLAR_C_RING	structural:COMP_SF_FLIM	flagellar_apparatus	0.983340189222542	0.97934211593483	2.35401437769938	0.967021919803652	686	39	925	210	0.0568513119533528	0.227027027027027	0.904594114556645	0.729377784850451
50	component	structural	structural:SYS_SF_FLAGELLAR_C_RING	structural:COMP_SF_FLIN	flagellar_apparatus	0.984149855907781	0.980235827803487	2.28753599458928	0.976566632168783	657	10	925	172	0.015220700152207	0.185945945945946	0.908419212809162	0.430165351379855
50	component	structural	structural:SYS_SF_FLAGELLAR_EXPORT_ATPASE	structural:COMP_SF_FLII	flagellar_apparatus	0.991698451873458	0.988578948153362	2.30462650301069	0.986473790271188	672	15	880	196	0.0223214285714286	0.222727272727273	0.945389574758988	0.658946290962019
50	component	structural	structural:SYS_SF_FLAGELLAR_EXPORT_GATE	structural:COMP_SF_FLHA	flagellar_apparatus	0.985510289794204	0.981703805712977	2.29887273388553	0.980925499883354	625	19	900	171	0.0304	0.19	0.914757483163134	0.619937721333985
50	component	structural	structural:SYS_SF_FLAGELLAR_EXPORT_GATE	structural:COMP_SF_FLHB	flagellar_apparatus	0.986131540239546	0.982395176099254	2.37860264503044	0.977562260257239	628	22	900	194	0.035031847133758	0.215555555555556	0.91776669211279	0.661575476993374
50	component	structural	structural:SYS_SF_FLAGELLAR_EXPORT_GATE	structural:COMP_SF_FLIP	flagellar_apparatus	0.993858534519272	0.991193765959311	2.34814046529192	0.990567940436991	625	19	900	195	0.0304	0.216666666666667	0.957467050236778	0.773842636619618
50	component	structural	structural:SYS_SF_FLAGELLAR_EXPORT_GATE	structural:COMP_SF_FLIQ	flagellar_apparatus	0.996602251008707	0.994487509181951	2.3419257210642	0.99478830336736	614	8	900	184	0.0130293159609121	0.204444444444444	0.973032185234857	0.701543261873963
50	component	structural	structural:SYS_SF_FLAGELLAR_EXPORT_GATE	structural:COMP_SF_FLIR	flagellar_apparatus	0.994701144552777	0.992189171895211	2.37252253533508	0.985584377245836	616	10	900	189	0.0162337662337662	0.21	0.962129072689617	0.673430262042275
50	component	structural	structural:SYS_SF_FLAGELLAR_FILAMENT	structural:COMP_SF_FLIC	flagellar_apparatus	0.989695780176644	0.98610184283409	2.40594226230545	0.972130407496907	646	18	820	129	0.0278637770897833	0.157317073170732	0.934168936062462	0.664090272906008
50	component	structural	structural:SYS_SF_FLAGELLAR_HOOK_FILAMENT_JUNCTION	structural:COMP_SF_FLGL	flagellar_apparatus	0.983603154836032	0.979612706534193	2.38964995246763	0.965900062018193	731	19	915	182	0.0259917920656635	0.198907103825137	0.905749576817738	0.555340094946372
50	component	structural	structural:SYS_SF_FLAGELLAR_OUTER_RING	structural:COMP_SF_FLGI	flagellar_apparatus	0.989516129032258	0.985701072567461	3.07925066759946	0.98945271548292	524	26	670	149	0.049618320610687	0.222388059701493	0.932373318861705	0.773778922145222
50	component	structural	structural:SYS_SF_FLAGELLAR_ROD	structural:COMP_SF_FLIE	flagellar_apparatus	0.99358407079646	0.990800863179499	2.38484499734622	0.991520911374442	589	31	835	180	0.0526315789473684	0.215568862275449	0.955636731022027	0.850046388595216
50	component	structural	structural:SYS_SF_FLAGELLAR_ROD	structural:COMP_SF_FLGB	flagellar_apparatus	0.99490474080638	0.992365573125812	2.38704102372102	0.990124199334467	558	0	835	185	0	0.221556886227545	0.962959012471593	0
50	component	structural	structural:SYS_SF_FLAGELLAR_ROD	structural:COMP_SF_FLGC	flagellar_apparatus	0.99866577718479	0.997091959192689	2.36329475751332	0.994542271086637	560	2	835	190	0.00357142857142857	0.227544910179641	0.985626985217491	0.550470974922683
50	component	structural	structural:SYS_SF_FLAGELLAR_ROD	structural:COMP_SF_FLGG	flagellar_apparatus	0.995125193884334	0.992629733612128	2.44694734195258	0.981231798245943	563	5	835	174	0.0088809946714032	0.208383233532934	0.964203973076844	0.544646309494804
50	component	structural	structural:SYS_SF_FLAGELLAR_STATOR_MOTAB	structural:COMP_SF_MOTA	flagellar_apparatus	0.994043951530088	0.991459227268007	2.35614849591116	0.983525618024676	794	10	925	130	0.0125944584382872	0.140540540540541	0.958706838375322	0.593831610489135
50	component	structural	structural:SYS_T4AP_ALIGNMENT_COMPLEX	structural:COMP_T4AP_PILM	type_iva_pilus	0.991277258566978	0.985411491149178	4.14918826904983	0.976052200616361	215	0	275	55	0	0.2	0.931079259100368	0
50	component	structural	structural:SYS_T4AP_ALIGNMENT_COMPLEX	structural:COMP_T4AP_PILN	type_iva_pilus	0.992514036182158	0.986960628174312	4.52457192937593	0.972165259883599	215	0	275	57	0	0.207272727272727	0.938035075627723	0
50	component	structural	structural:SYS_T4AP_ALIGNMENT_COMPLEX	structural:COMP_T4AP_PILO	type_iva_pilus	0.993753903810119	0.988540327615054	5.14861665884186	0.984520616723561	215	0	275	58	0	0.210909090909091	0.945213002255688	0
50	unit	defense	defense:MECH_TYPE_I_RM	defense:DF_TYPE_I_RM_MODIFICATION	type_i_restriction_modification	0.983133038161501	0.979057967438125	2.01771207518022	0.975564899462114	706	11	845	114	0.0155807365439093	0.13491124260355	0.903383242331123	0.421434503981246
50	unit	metabolic	metabolic:ADI_CANONICAL	metabolic:RHEA:19513	arginine_deiminase_pathway	0.995441595441595	0.9910306247976	1.24111113828185	0.974514200638538	298	6	405	68	0.0201342281879195	0.167901234567901	0.95670639049796	0.689887926610614
50	unit	metabolic	metabolic:AMMONIUM_GS_GOGAT_FD	metabolic:RHEA:16169	ammonium_assimilation	1	0.995124071171945	1.0748150178131	0.990784364656036	88	14	100	14	0.159090909090909	0.14	0.976086753020994	0.970121359733161
50	unit	metabolic	metabolic:AMP_ADENYLOSUCCINATE	metabolic:RHEA:15753	adenylate_biosynthesis	0.990148228488792	0.988130232946941	1.04899010052216	0.98285076712946	1487	281	1880	371	0.18897108271688	0.197340425531915	0.94334126851185	0.940232134331834
50	unit	metabolic	metabolic:AMP_ADENYLOSUCCINATE	metabolic:RHEA:16853	adenylate_biosynthesis	0.986403745723033	0.984075571866728	1.04899010052216	0.977326901644165	1509	303	1880	393	0.200795228628231	0.209042553191489	0.925145894620053	0.925420237209981
50	unit	metabolic	metabolic:ARA_ISOMERASE	metabolic:RHEA:22368	arabinose_degradation	0.986887508626639	0.979610682412755	4.17237456934999	0.943785901661889	240	8	285	36	0.0333333333333333	0.126315789473684	0.905740924931945	0.615607810717456
50	unit	metabolic	metabolic:ARG_CANONICAL	metabolic:RHEA:10932	arginine_biosynthesis	0.99184505606524	0.989743433888678	1.15236979655017	0.985393676987736	1073	115	1535	299	0.1071761416589	0.194788273615635	0.950738197192425	0.911834762608398
50	unit	metabolic	metabolic:ARG_CANONICAL	metabolic:RHEA:24020	arginine_biosynthesis	0.988932806324111	0.98653197680118	1.16044513804822	0.984432255666218	1047	89	1535	271	0.0850047755491882	0.176547231270358	0.936102192614772	0.861622248711056
50	unit	metabolic	metabolic:ASA_CANONICAL	metabolic:RHEA:23776	aspartate_semialdehyde_biosynthesis	0.985232273838631	0.982705401195883	1.13951075729729	0.982481947489164	1467	141	1820	246	0.0961145194274029	0.135164835164835	0.91912201517776	0.845234135478057
50	unit	metabolic	metabolic:ASA_CANONICAL	metabolic:RHEA:24284	aspartate_semialdehyde_biosynthesis	0.990268357416691	0.988167072923968	1.13951075729729	0.980543227711261	1574	248	1820	353	0.157560355781449	0.193956043956044	0.943509172012025	0.92936783861785
50	unit	metabolic	metabolic:BETAINE_CODA	metabolic:RHEA:13505	choline_to_betaine	1	0.986418331681325	42.1720430107527	0.908190130459022	44	0	55	11	0	0.2	0.935590796178518	0
50	unit	metabolic	metabolic:BETAINE_CODA	metabolic:RHEA:20369	choline_to_betaine	1	0.986418331681325	42.1720430107527	0.908190130459022	44	0	55	11	0	0.2	0.935590796178518	0
50	unit	metabolic	metabolic:BIOTIN_SAM	metabolic:RHEA:15805	biotin_biosynthesis	0.985239196158634	0.981739605163136	1.8107348300535	0.972459210207391	698	15	1030	189	0.0214899713467049	0.183495145631068	0.914912920485483	0.536043049609808
50	unit	metabolic	metabolic:BIOTIN_SAM	metabolic:RHEA:22060	biotin_biosynthesis	0.991055456171735	0.988227999904269	1.55187097382441	0.982938577577698	725	42	1030	207	0.0579310344827586	0.200970873786408	0.943786959207698	0.829443385598967
50	unit	metabolic	metabolic:CHOR_SHIKIMATE	metabolic:RHEA:21968	chorismate_biosynthesis	0.985022466300549	0.982120896887006	1.26387942622598	0.96819106141687	651	30	1520	319	0.0460829493087558	0.209868421052632	0.916571025393438	0.716825586414708
50	unit	metabolic	metabolic:CHOR_SHIKIMATE	metabolic:RHEA:21096	chorismate_biosynthesis	0.989716578881364	0.98725449363657	1.20299641189237	0.971408943087847	706	85	1520	300	0.120396600566572	0.197368421052632	0.939363823287427	0.903155234144399
50	unit	metabolic	metabolic:CHOR_SHIKIMATE	metabolic:RHEA:21256	chorismate_biosynthesis	0.988105671716539	0.985482500617849	1.21205706144879	0.980720204738307	738	117	1520	330	0.158536585365854	0.217105263157895	0.931396318693185	0.914979301420134
50	unit	metabolic	metabolic:CHOR_SHIKIMATE	metabolic:RHEA:21020	chorismate_biosynthesis	0.993829492507241	0.991852286762579	1.1758067178321	0.990015639984152	713	92	1520	344	0.129032258064516	0.226315789473684	0.960547233136211	0.940146963699124
50	unit	metabolic	metabolic:CORRIN_AEROBIC	metabolic:RHEA:32459	corrin_ring_biosynthesis	1	0.990018074215645	1.46744824145672	0.951276156785991	20	0	45	4	0	0.0888888888888889	0.952006635873629	0
50	unit	metabolic	metabolic:CORRIN_AEROBIC	metabolic:RHEA:16841	corrin_ring_biosynthesis	1	0.990018074215645	3.05293201868189	0.951276156785991	20	0	45	8	0	0.177777777777778	0.952006635873629	0
50	unit	metabolic	metabolic:CORRIN_AEROBIC	metabolic:RHEA:22012	corrin_ring_biosynthesis	1	0.990018074215645	3.06885758998435	0.951276156785991	20	0	45	8	0	0.177777777777778	0.952006635873629	0
50	unit	metabolic	metabolic:CORRIN_AEROBIC	metabolic:RHEA:22512	corrin_ring_biosynthesis	0.994778067885117	0.981162740354264	3.06081557184526	0.951276156785991	20	0	45	8	0	0.177777777777778	0.912413277132051	0
50	unit	metabolic	metabolic:CORRIN_ANAEROBIC	metabolic:RHEA:32459	corrin_ring_biosynthesis	0.998657718120805	0.992436323326374	1.46547851227356	0.979104501755633	86	0	150	25	0	0.166666666666667	0.963292200343867	0
50	unit	metabolic	metabolic:CORRIN_ANAEROBIC	metabolic:RHEA:26277	corrin_ring_biosynthesis	0.998657718120805	0.992436323326374	3.06473831805149	0.969373404312758	87	1	150	29	0.0114942528735632	0.193333333333333	0.963292200343867	0.601303022106698
50	unit	metabolic	metabolic:CORRIN_ANAEROBIC	metabolic:RHEA:34591	corrin_ring_biosynthesis	0.998657718120805	0.992436323326374	3.02295001579866	0.969373404312758	86	0	150	25	0	0.166666666666667	0.963292200343867	0
50	unit	metabolic	metabolic:CORRIN_ANAEROBIC	metabolic:RHEA:16209	corrin_ring_biosynthesis	0.994652406417112	0.986331540024964	3.06042892623006	0.969373404312758	86	0	150	26	0	0.173333333333333	0.935200535663565	0
50	unit	metabolic	metabolic:DAP_ACETYL	metabolic:RHEA:34171	dap_biosynthesis	1	0.993305713935719	1.19512442864398	0.954181869774776	68	4	130	13	0.0588235294117647	0.1	0.967401465343659	0.897207134463517
50	unit	metabolic	metabolic:DAP_ACETYL	metabolic:RHEA:35331	dap_biosynthesis	0.994764397905759	0.984721198985428	1.2209887237387	0.91536621538745	77	13	130	27	0.168831168831169	0.207692307692308	0.928005927367088	0.915833390328997
50	unit	metabolic	metabolic:DAP_AMINOTRANSFERASE	metabolic:RHEA:34171	dap_biosynthesis	0.991658488714426	0.986681563238744	1.18515528473478	0.977850821342132	219	15	395	58	0.0684931506849315	0.146835443037975	0.936775995800612	0.835370319189168
50	unit	metabolic	metabolic:DAP_AMINOTRANSFERASE	metabolic:RHEA:35331	dap_biosynthesis	0.993120393120393	0.988485048916695	1.21897084763765	0.98297295326403	240	36	395	79	0.15	0.2	0.94496035964863	0.927935939521832
50	unit	metabolic	metabolic:DAP_DEHYDROGENASE	metabolic:RHEA:34171	dap_biosynthesis	0.992795389048991	0.983246515527998	1.18651402209756	0.963924851371798	91	12	140	25	0.131868131868132	0.178571428571429	0.921493600612364	0.88557329567958
50	unit	metabolic	metabolic:DAP_SUCCINYL	metabolic:RHEA:34171	dap_biosynthesis	0.99813153961136	0.996563763180146	1.19289138598956	0.992420156474309	396	30	910	117	0.0757575757575758	0.128571428571429	0.983051768449866	0.956466681633745
50	unit	metabolic	metabolic:DAP_SUCCINYL	metabolic:RHEA:35331	dap_biosynthesis	0.994230411315838	0.991822328327433	1.22033330059901	0.98787852254985	423	57	910	168	0.134751773049645	0.184615384615385	0.960406763588476	0.942340714538139
50	unit	metabolic	metabolic:DHB_CHORISMATE	metabolic:RHEA:18985	dihydroxybenzoate_biosynthesis	0.987665198237885	0.979402118092649	2.58126804141869	0.958640701822097	164	0	220	23	0	0.104545454545455	0.904850133331774	0
50	unit	metabolic	metabolic:DHB_CHORISMATE	metabolic:RHEA:23824	dihydroxybenzoate_biosynthesis	0.990282685512368	0.982683617664177	8.61809621134506	0.908392232913437	166	2	220	53	0.0120481927710843	0.240909090909091	0.919026743775897	0.406077116243171
50	unit	metabolic	metabolic:ECT_ABC	metabolic:RHEA:11160	ectoine_biosynthesis	0.990384615384615	0.983268472604222	4.56438127090301	0.979472411794301	167	0	215	33	0	0.153488372093023	0.921590036809974	0
50	unit	metabolic	metabolic:ECT_ABC	metabolic:RHEA:17281	ectoine_biosynthesis	0.99597099113618	0.99060308882827	8.02643471349884	0.979472411794301	168	1	215	40	0.00595238095238095	0.186046511627907	0.954717506420552	0.38555606345961
50	unit	metabolic	metabolic:ETHANOL_ADHE	metabolic:RHEA:23288	ethanol_formation	1	0.998474910412582	3.15611587982833	0.990580999558424	374	0	475	92	0	0.193684210526316	0.992420787972287	0
50	unit	metabolic	metabolic:FOLATE_THF	metabolic:RHEA:17473	folate_biosynthesis	0.989815712900097	0.98699211156081	1.14077497090631	0.983834626754249	445	63	1110	202	0.141573033707865	0.181981981981982	0.938177289489372	0.914836039729514
50	unit	metabolic	metabolic:FOLATE_THF	metabolic:RHEA:19949	folate_biosynthesis	0.99093704482926	0.988250234149996	1.24993195427327	0.979763641306683	439	57	1110	262	0.129840546697039	0.236036036036036	0.943888365038991	0.916111879269298
50	unit	metabolic	metabolic:FOLATE_THF	metabolic:RHEA:23584	folate_biosynthesis	0.98869691587276	0.985744549729043	1.21265588576659	0.979763641306683	475	93	1110	218	0.19578947368421	0.196396396396396	0.932567851219625	0.931217442764842
50	unit	metabolic	metabolic:GAL_LELOIR	metabolic:RHEA:22168	galactose_degradation_leloir	0.992085561497326	0.989110597298912	1.13748574513521	0.976718345074665	546	45	745	98	0.0824175824175824	0.131543624161074	0.947825579592608	0.882161445619153
50	unit	metabolic	metabolic:GLCNAC_PTS	metabolic:RHEA:22936	glcnac_degradation	0.984166666666667	0.978343143833629	1.63763329090652	0.948528263773168	320	23	450	90	0.071875	0.2	0.900348290155487	0.764536094826024
50	unit	metabolic	metabolic:GMP_XMP	metabolic:RHEA:11680	guanylate_biosynthesis	0.990613718411552	0.988640490746136	1.03660272241465	0.985679740191381	1469	145	1840	308	0.0987066031313819	0.167391304347826	0.945671054373087	0.895731566418878
50	unit	metabolic	metabolic:HEME_COPRO	metabolic:RHEA:19865	heme_b_biosynthesis	0.993520518358531	0.988708355683008	1.25615327949779	0.979620108888212	207	9	340	79	0.0434782608695652	0.232352941176471	0.945981604451474	0.79197015827173
50	unit	metabolic	metabolic:HEME_COPRO	metabolic:RHEA:49572	heme_b_biosynthesis	0.988184747583244	0.982174813745783	1.27043069712243	0.963465341052617	225	27	340	72	0.12	0.211764705882353	0.916805872033925	0.868629300575801
50	unit	metabolic	metabolic:HEME_PROTO_HEMF_HEMG	metabolic:RHEA:22584	heme_b_biosynthesis	0.991902834008097	0.984103896539345	1.275210745732	0.975029755247836	91	19	175	36	0.208791208791209	0.205714285714286	0.925271077435105	0.928191614668703
50	unit	metabolic	metabolic:HEME_PROTO_HEMF_HEMJ	metabolic:RHEA:19865	heme_b_biosynthesis	0.99192342207598	0.988274303435049	1.25413399786654	0.98340463012928	283	48	525	110	0.169611307420495	0.20952380952381	0.943998159529011	0.934620492396542
50	unit	metabolic	metabolic:HEME_PROTO_HEMF_HEMJ	metabolic:RHEA:22584	heme_b_biosynthesis	0.983684366656778	0.978824328344702	1.26464491456334	0.986922394010513	295	60	525	114	0.203389830508475	0.217142857142857	0.902389512276127	0.90385994911725
50	unit	metabolic	metabolic:HEME_PROTO_HEMF_HEMY	metabolic:RHEA:19865	heme_b_biosynthesis	0.990182328190743	0.983587902758153	1.25193265350229	0.981961441443835	100	16	165	25	0.16	0.151515151515152	0.922994782276402	0.905561541362714
50	unit	metabolic	metabolic:HEME_PROTO_HEMF_HEMY	metabolic:RHEA:22584	heme_b_biosynthesis	0.986033519553073	0.978525525134339	1.26766503398836	0.979277210703829	96	12	165	23	0.125	0.139393939393939	0.901121114258128	0.850654077837139
50	unit	metabolic	metabolic:HEME_PROTO_HEMN_HEMG	metabolic:RHEA:19865	heme_b_biosynthesis	0.993150684931507	0.986542809626299	1.25568568223771	0.956191187614688	101	24	205	48	0.237623762376238	0.234146341463415	0.936150962730356	0.945711568484249
50	unit	metabolic	metabolic:HEME_PROTO_HEMN_HEMG	metabolic:RHEA:22584	heme_b_biosynthesis	0.988917306052856	0.981130875042772	1.27137248940318	0.971528358995203	103	26	205	44	0.252427184466019	0.214634146341463	0.912275512481074	0.929205356479686
50	unit	metabolic	metabolic:HEME_PROTO_HEMN_HEMJ	metabolic:RHEA:19865	heme_b_biosynthesis	0.991590985536495	0.987615569079952	1.25371368319605	0.980772302886637	245	53	500	108	0.216326530612245	0.216	0.941000544141366	0.945209362106405
50	unit	metabolic	metabolic:HEME_PROTO_HEMN_HEMJ	metabolic:RHEA:22584	heme_b_biosynthesis	0.986283037805286	0.981445263874052	1.26798581980081	0.984840881247999	261	69	500	122	0.264367816091954	0.244	0.913636152942178	0.933260492599066
50	unit	metabolic	metabolic:HEME_PROTO_HEMN_HEMY	metabolic:RHEA:19865	heme_b_biosynthesis	0.989729225023343	0.981702481156166	1.25135977451372	0.95996835286675	123	10	205	51	0.0813008130081301	0.248780487804878	0.914751732877167	0.813501346005533
50	unit	metabolic	metabolic:HIS_CANONICAL	metabolic:RHEA:18473	histidine_biosynthesis	0.994940734316276	0.992972236498959	1.29467735898754	0.986968024728415	645	16	1205	266	0.0248062015503876	0.220746887966805	0.965821963134867	0.77802132084771
50	unit	metabolic	metabolic:HIS_CANONICAL	metabolic:RHEA:20049	histidine_biosynthesis	0.991643855352255	0.989213798591556	1.32062044166097	0.986133131455794	640	11	1205	263	0.0171875	0.218257261410788	0.948299596804824	0.6118439724455
50	unit	metabolic	metabolic:HIS_CANONICAL	metabolic:RHEA:15469	histidine_biosynthesis	0.993361235387502	0.991156850118603	1.29908728415798	0.982067599808125	635	6	1205	252	0.0094488188976378	0.209128630705394	0.957294843008937	0.514337101722207
50	unit	metabolic	metabolic:HIS_CANONICAL	metabolic:RHEA:24793	histidine_biosynthesis	0.986810035842294	0.983852023854344	1.3109186950119	0.979696868126447	639	10	1205	276	0.0156494522691706	0.229045643153527	0.924158843984509	0.488092605921109
50	unit	metabolic	metabolic:HIS_CANONICAL	metabolic:RHEA:11040	histidine_biosynthesis	0.994796935973407	0.992805539991397	1.29434709152528	0.981272421736112	632	3	1205	246	0.00474683544303797	0.204149377593361	0.965033947424634	0.395786287120889
50	unit	metabolic	metabolic:HIS_CANONICAL	metabolic:RHEA:23744	histidine_biosynthesis	0.995372378886479	0.993474659528967	1.27841408252137	0.988666156616612	662	33	1205	164	0.0498489425981873	0.136099585062241	0.968203236476311	0.883577935954524
50	unit	metabolic	metabolic:HIS_CANONICAL	metabolic:RHEA:33799	histidine_biosynthesis	1	0.999442203090599	1.32024236983842	0.997437047888865	629	0	1205	264	0	0.219087136929461	0.997217224347628	0
50	unit	metabolic	metabolic:HIS_CANONICAL	metabolic:RHEA:33803	histidine_biosynthesis	1	0.999442203090599	1.32024236983842	0.997437047888865	629	0	1205	264	0	0.219087136929461	0.997217224347628	0
50	unit	metabolic	metabolic:HUT_FORMAMIDE	metabolic:RHEA:21232	histidine_degradation_glutamate	0.992212551534585	0.987563651379503	2.03599108499406	0.976117036974712	279	6	370	54	0.021505376344086	0.145945945945946	0.940764928877664	0.630686985036664
50	unit	metabolic	metabolic:HUT_FORMAMIDE	metabolic:RHEA:13101	histidine_degradation_glutamate	0.98949291914116	0.984282440228602	2.09019276240842	0.984562798578261	279	6	370	69	0.021505376344086	0.186486486486486	0.926060777725228	0.573875772702677
50	unit	metabolic	metabolic:HUT_FORMAMIDE	metabolic:RHEA:23660	histidine_degradation_glutamate	0.986788154897494	0.981090049722269	2.12842336031603	0.968508549122811	275	2	370	71	0.00727272727272727	0.191891891891892	0.912099058354847	0.273955042933676
50	unit	metabolic	metabolic:ILE_CANONICAL	metabolic:RHEA:27654	isoleucine_biosynthesis	0.993220338983051	0.99124645872286	1.25254346285901	0.991108491056838	915	23	1475	139	0.0251366120218579	0.0942372881355932	0.957712939724734	0.740020482379843
50	unit	metabolic	metabolic:ILE_CANONICAL	metabolic:RHEA:13493	isoleucine_biosynthesis	0.994848378410022	0.993091784529001	1.26984009767545	0.989879616610899	1001	109	1475	316	0.108891108891109	0.214237288135593	0.966387725970859	0.939953144366586
50	unit	metabolic	metabolic:ILE_CANONICAL	metabolic:RHEA:27694	isoleucine_biosynthesis	0.989864864864865	0.987516034826552	1.28169362826015	0.989274087913052	983	91	1475	247	0.0925737538148525	0.167457627118644	0.940548915220409	0.87984869018573
50	unit	metabolic	metabolic:LEU_CANONICAL	metabolic:RHEA:21524	leucine_biosynthesis	0.991421422614083	0.989211287500146	1.30248598241149	0.984205733097708	934	43	1455	181	0.0460385438972163	0.124398625429553	0.948288058576059	0.808474963831264
50	unit	metabolic	metabolic:LEU_CANONICAL	metabolic:RHEA:16293	leucine_biosynthesis	1	0.999538554709988	1.33129667345553	0.998087724213221	891	0	1455	284	0	0.195189003436426	0.997697024339027	0
50	unit	metabolic	metabolic:LEU_CANONICAL	metabolic:RHEA:10676	leucine_biosynthesis	1	0.999538554709988	1.33129667345553	0.998087724213221	891	0	1455	284	0	0.195189003436426	0.997697024339027	0
50	unit	metabolic	metabolic:LEU_CANONICAL	metabolic:RHEA:32271	leucine_biosynthesis	0.992130678430905	0.990001400987832	1.30955907139534	0.981308367359183	947	56	1455	289	0.0591341077085533	0.198625429553265	0.951929553417997	0.854123319065021
50	unit	metabolic	metabolic:LOOP_DMB	metabolic:RHEA:16049	cobamide_nucleotide_loop_assembly	0.990015128593041	0.98601112278593	2.17688619006274	0.978604058895906	399	7	595	137	0.0175438596491228	0.230252100840336	0.933761995194184	0.552889856847018
50	unit	metabolic	metabolic:MK_CLASSIC	metabolic:RHEA:25593	menaquinone_biosynthesis	0.989513822688275	0.985310533199343	3.0438221275164	0.984533680586607	279	0	530	106	0	0.2	0.930628771432564	0
50	unit	metabolic	metabolic:MK_CLASSIC	metabolic:RHEA:17009	menaquinone_biosynthesis	0.988885360431883	0.984582068824259	3.0426844013707	0.982002878965428	281	2	530	102	0.00711743772241993	0.192452830188679	0.9273884251742	0.312486235765855
50	unit	metabolic	metabolic:MK_CLASSIC	metabolic:RHEA:26562	menaquinone_biosynthesis	0.99775712912528	0.995377320953447	2.76486349064721	0.987186320755103	285	6	530	106	0.0210526315789474	0.2	0.977306228848787	0.819271222884086
50	unit	metabolic	metabolic:MK_CLASSIC	metabolic:RHEA:26478	menaquinone_biosynthesis	0.994888178913738	0.991712102722881	2.61408090957996	0.982002878965428	315	36	530	118	0.114285714285714	0.222641509433962	0.959890216670572	0.931857757121578
50	unit	metabolic	metabolic:NEUAC_LYASE	metabolic:RHEA:25257	neuac_degradation	0.997840172786177	0.987868639142216	5.36589921069569	0.932418010429355	49	0	85	19	0	0.223529411764706	0.942150374443533	0
50	unit	metabolic	metabolic:NEUAC_LYASE	metabolic:RHEA:22936	neuac_degradation	0.997840172786177	0.987868639142216	1.6603857266302	0.932418010429355	49	0	85	15	0	0.176470588235294	0.942150374443533	0
50	unit	metabolic	metabolic:OBU_CITRAMALATE	metabolic:RHEA:22332	oxobutanoate_biosynthesis_citramalate	1	0.993476242504062	1.36275191104934	0.980384853629872	53	0	85	16	0	0.188235294117647	0.96821075385171	0
50	unit	metabolic	metabolic:OBU_CITRAMALATE	metabolic:RHEA:42424	oxobutanoate_biosynthesis_citramalate	1	0.993476242504062	1.36275191104934	0.980384853629872	53	0	85	16	0	0.188235294117647	0.96821075385171	0
50	unit	metabolic	metabolic:OBU_CITRAMALATE	metabolic:RHEA:32715	oxobutanoate_biosynthesis_citramalate	0.991525423728814	0.980316768723464	1.30876016778026	0.980384853629872	54	1	85	9	0.0185185185185185	0.105882352941176	0.908766892998101	0.479792172762351
50	unit	metabolic	metabolic:OIV_CANONICAL	metabolic:RHEA:25249	oxoisovalerate_biosynthesis	0.988379888268156	0.98594070920796	1.24643920314717	0.98688352578898	1104	31	1545	152	0.0280797101449275	0.0983818770226537	0.933446335338791	0.663203893871453
50	unit	metabolic	metabolic:OIV_CANONICAL	metabolic:RHEA:22068	oxoisovalerate_biosynthesis	0.99370927881375	0.991840504417761	1.26838613305734	0.988573434993892	1213	140	1545	332	0.115416323165705	0.214886731391586	0.960491984016332	0.933464697597832
50	unit	metabolic	metabolic:OIV_CANONICAL	metabolic:RHEA:24809	oxoisovalerate_biosynthesis	0.988269467098648	0.98582013788458	1.2796278804757	0.988006418156844	1178	105	1545	261	0.0891341256366723	0.168932038834951	0.932906212069522	0.861049963177316
50	unit	metabolic	metabolic:ORN_DEACETYLASE	metabolic:RHEA:14629	ornithine_biosynthesis	0.99721059972106	0.994872659920211	1.36337205627678	0.989853084148818	364	27	630	114	0.0741758241758242	0.180952380952381	0.974878524983909	0.935033507320363
50	unit	metabolic	metabolic:ORN_DEACETYLASE	metabolic:RHEA:21588	ornithine_biosynthesis	0.996099191975481	0.9934626248267	1.38355602559125	0.985001658150138	370	33	630	121	0.0891891891891892	0.192063492063492	0.968146088026726	0.931289314637203
50	unit	metabolic	metabolic:ORN_TRANSACETYLASE	metabolic:RHEA:24292	ornithine_biosynthesis	1	0.999362608273753	1.47001499250375	0.997582226433089	659	0	1110	118	0	0.106306306306306	0.996821146069542	0
50	unit	metabolic	metabolic:ORN_TRANSACETYLASE	metabolic:RHEA:14629	ornithine_biosynthesis	0.991114036531183	0.988424726250029	1.35503692235951	0.98770034086003	708	49	1110	219	0.0692090395480226	0.197297297297297	0.944684786218386	0.855278686141575
50	unit	metabolic	metabolic:ORN_TRANSACETYLASE	metabolic:RHEA:21588	ornithine_biosynthesis	0.993894389438944	0.991596008755436	1.38049361186856	0.989303954059706	725	66	1110	224	0.0910344827586207	0.201801801801802	0.959346645517705	0.914830243455763
50	unit	metabolic	metabolic:OXOPENTENOATE_LOWER	metabolic:RHEA:23288	oxopentenoate_degradation	0.988329686360321	0.981126633816629	3.11928301762756	0.963899995107341	190	0	230	31	0	0.134782608695652	0.912257178670779	0
50	unit	metabolic	metabolic:PAA_COA_EPOXIDASE	metabolic:RHEA:31755	phenylacetate_degradation	1	0.982446384241207	8.86661642803316	0.831820773740436	19	0	25	5	0	0.2	0.917990195586545	0
50	unit	metabolic	metabolic:PAA_COA_EPOXIDASE	metabolic:RHEA:31747	phenylacetate_degradation	1	0.982446384241207	8.86661642803316	0.831820773740436	19	0	25	5	0	0.2	0.917990195586545	0
50	unit	metabolic	metabolic:PANTOTHENATE_PANBCDE	metabolic:RHEA:11824	pantothenate_biosynthesis	0.984677264891783	0.980971274928792	1.39772140170307	0.974212120558339	654	51	975	193	0.0779816513761468	0.197948717948718	0.911585997618975	0.800801578089067
50	unit	metabolic	metabolic:PCR_FOLATE_DIRECT_FOLATE	metabolic:RHEA:14905	purine_core_biosynthesis	0.989247311827957	0.98032046531913	1.09972447760466	0.97767524627903	29	1	90	14	0.0344827586206897	0.155555555555556	0.908782776638214	0.63204604665669
50	unit	metabolic	metabolic:PCR_FOLATE_DIRECT_FOLATE	metabolic:RHEA:17453	purine_core_biosynthesis	1	0.995841863509841	1.11325574794209	0.994495226913783	29	1	90	20	0.0344827586206897	0.222222222222222	0.979549462061389	0.891989472254148
50	unit	metabolic	metabolic:PCR_FOLATE_DIRECT_FOLATE	metabolic:RHEA:15053	purine_core_biosynthesis	0.989247311827957	0.98032046531913	1.15368062949428	0.985358745855079	30	2	90	20	0.0666666666666667	0.222222222222222	0.908782776638214	0.768569267544916
50	unit	metabolic	metabolic:PCR_FOLATE_DIRECT_FOLATE	metabolic:RHEA:23032	purine_core_biosynthesis	0.997830802603037	0.992125525637532	1.10488210271291	0.994495226913783	29	1	90	17	0.0344827586206897	0.188888888888889	0.961829905897357	0.812894297168858
50	unit	metabolic	metabolic:PCR_FOLATE_DIRECT_FOLATE	metabolic:RHEA:22192	purine_core_biosynthesis	1	0.995841863509841	1.11897289586305	0.994495226913783	28	0	90	13	0	0.144444444444444	0.979549462061389	0
50	unit	metabolic	metabolic:PCR_FOLATE_DIRECT_FOLATE	metabolic:RHEA:18445	purine_core_biosynthesis	1	0.995841863509841	1.10958129007922	0.994495226913783	28	0	90	13	0	0.144444444444444	0.979549462061389	0
50	unit	metabolic	metabolic:PCR_FOLATE_TWOSTEP_FOLATE	metabolic:RHEA:14905	purine_core_biosynthesis	0.994569757727652	0.992585751761684	1.10564132364168	0.989045286392504	392	39	1185	263	0.0994897959183673	0.221940928270042	0.963996513940771	0.930163892806173
50	unit	metabolic	metabolic:PCR_FOLATE_TWOSTEP_FOLATE	metabolic:RHEA:17453	purine_core_biosynthesis	0.995540069686411	0.993710863453374	1.10829070488507	0.989965036161508	372	19	1185	253	0.0510752688172043	0.213502109704641	0.969325969921272	0.889747803638269
50	unit	metabolic	metabolic:PCR_FOLATE_TWOSTEP_FOLATE	metabolic:RHEA:17129	purine_core_biosynthesis	0.982530949105915	0.97925460462263	1.12477711103135	0.973135350102726	389	36	1185	302	0.0925449871465296	0.254852320675105	0.904220922444246	0.813726297855297
50	unit	metabolic	metabolic:PCR_FOLATE_TWOSTEP_FOLATE	metabolic:RHEA:23032	purine_core_biosynthesis	0.997207873795896	0.995690992767744	1.10419234359896	0.994914784246602	362	9	1185	269	0.0248618784530387	0.227004219409283	0.978820022542887	0.851739490209071
50	unit	metabolic	metabolic:PCR_FOLATE_TWOSTEP_FOLATE	metabolic:RHEA:13193	purine_core_biosynthesis	0.996929518492673	0.995355112985985	1.23981320310589	0.994914784246602	356	3	1185	258	0.00842696629213483	0.217721518987342	0.977199193608002	0.643597789127085
50	unit	metabolic	metabolic:PCR_FOLATE_TWOSTEP_FOLATE	metabolic:RHEA:22628	purine_core_biosynthesis	0.99346314325452	0.991318879355788	1.10077100890222	0.982076666929357	370	17	1185	238	0.045945945945946	0.20084388185654	0.958051052283054	0.83991502654705
50	unit	metabolic	metabolic:PCR_FOLATE_TWOSTEP_FOLATE	metabolic:RHEA:23920	purine_core_biosynthesis	0.994569757727652	0.992585751761684	1.05767423801731	0.988139668694408	396	43	1185	248	0.108585858585859	0.209282700421941	0.963996513940771	0.93563742633413
50	unit	metabolic	metabolic:PCR_FOLATE_TWOSTEP_FOLATE	metabolic:RHEA:22192	purine_core_biosynthesis	1	0.999462495578865	1.11897289586305	0.997317119952444	353	0	1185	262	0	0.221097046413502	0.997318243717758	0
50	unit	metabolic	metabolic:PCR_FOLATE_TWOSTEP_FOLATE	metabolic:RHEA:18445	purine_core_biosynthesis	0.999860022396417	0.999207475937213	1.10942597354925	0.997317119952444	353	0	1185	261	0	0.220253164556962	0.996049901877316	0
50	unit	metabolic	metabolic:PCR_FORMATE_TWOSTEP_FOLATE	metabolic:RHEA:14905	purine_core_biosynthesis	0.998037933289732	0.99572569954093	1.10949681812991	0.990392544855043	127	24	545	110	0.188976377952756	0.201834862385321	0.9789877484111	0.9777892577678
50	unit	metabolic	metabolic:PCR_FORMATE_TWOSTEP_FOLATE	metabolic:RHEA:17453	purine_core_biosynthesis	0.997059784384188	0.994421191856811	1.1099825360076	0.985871793926585	107	4	545	117	0.0373831775700935	0.214678899082569	0.972714834106749	0.869512039987736
50	unit	metabolic	metabolic:PCR_FORMATE_TWOSTEP_FOLATE	metabolic:RHEA:17129	purine_core_biosynthesis	0.989944858903665	0.985763141231456	1.13326437145948	0.974573435174673	126	23	545	135	0.182539682539683	0.247706422018349	0.932651055785263	0.926681307225983
50	unit	metabolic	metabolic:PCR_FORMATE_TWOSTEP_FOLATE	metabolic:RHEA:23032	purine_core_biosynthesis	0.998037933289732	0.99572569954093	1.1051114552124	0.990392544855043	115	12	545	118	0.104347826086957	0.21651376146789	0.9789877484111	0.960487575704773
50	unit	metabolic	metabolic:PCR_FORMATE_TWOSTEP_FOLATE	metabolic:RHEA:13193	purine_core_biosynthesis	0.997711670480549	0.995283781843428	1.24078591215243	0.985871793926585	104	1	545	112	0.00961538461538462	0.205504587155963	0.976855526756874	0.669877213105744
50	unit	metabolic	metabolic:PCR_FORMATE_TWOSTEP_FOLATE	metabolic:RHEA:22628	purine_core_biosynthesis	0.996408749591903	0.993580425014564	1.10403478177779	0.971147552873341	112	9	545	102	0.0803571428571429	0.187155963302752	0.968705709256983	0.92557951486274
50	unit	metabolic	metabolic:PCR_FORMATE_TWOSTEP_FOLATE	metabolic:RHEA:23920	purine_core_biosynthesis	0.996734160679295	0.99399845078673	1.05997597022348	0.985871793926585	113	10	545	99	0.0884955752212389	0.181651376146789	0.970695737820173	0.936130639524237
50	unit	metabolic	metabolic:PCR_FORMATE_TWOSTEP_FOLATE	metabolic:RHEA:22192	purine_core_biosynthesis	0.999018003273322	0.997116641285424	1.11787406814207	0.990392544855043	103	0	545	122	0	0.223853211009174	0.985747585718806	0
50	unit	metabolic	metabolic:PCR_FORMATE_TWOSTEP_FOLATE	metabolic:RHEA:18445	purine_core_biosynthesis	1	0.998742912898792	1.10958129007922	0.990392544855043	103	0	545	122	0	0.223853211009174	0.993746011725922	0
50	unit	metabolic	metabolic:PHE_CANONICAL	metabolic:RHEA:25152	phenylalanine_biosynthesis	0.99224710804824	0.990093826456119	1.04838177741519	0.991971996637357	1032	46	1420	77	0.0445736434108527	0.0542253521126761	0.952356972668213	0.816682235003021
50	unit	metabolic	metabolic:PLP_DXP	metabolic:RHEA:16573	plp_biosynthesis_dxp	0.997782705099778	0.99350114849921	1.3371197389754	0.963444576131746	66	11	245	44	0.166666666666667	0.179591836734694	0.968329041910106	0.962234066948706
50	unit	metabolic	metabolic:PLP_DXP	metabolic:RHEA:32275	plp_biosynthesis_dxp	0.991189427312775	0.984663037001491	2.71027999111367	0.963444576131746	63	8	245	43	0.126984126984127	0.175510204081633	0.927747707927734	0.890741780152903
50	unit	metabolic	metabolic:PLP_DXP	metabolic:RHEA:15265	plp_biosynthesis_dxp	0.997045790251108	0.992428619461811	2.18255642197108	0.975029755247836	79	24	245	58	0.30379746835443	0.236734693877551	0.963255911223673	0.975502595496919
50	unit	metabolic	metabolic:PLP_DXP	metabolic:RHEA:15149	plp_biosynthesis_dxp	0.987564008778347	0.980174249326727	1.64235733247859	0.935124903375596	72	17	245	51	0.236111111111111	0.208163265306122	0.908154843339621	0.921093355408351
50	unit	metabolic	metabolic:PRO_CANONICAL	metabolic:RHEA:14877	proline_biosynthesis	0.993198771390961	0.991291471372561	1.25507214522458	0.991107854492082	1033	64	1540	310	0.0619554695062924	0.201298701298701	0.9579230694788	0.875813247176724
50	unit	metabolic	metabolic:PRO_CANONICAL	metabolic:RHEA:19541	proline_biosynthesis	0.991350049271871	0.989233501821702	1.2585481959142	0.989251739968923	1042	73	1540	317	0.0700575815738964	0.205844155844156	0.948390139006006	0.865536100805967
50	unit	metabolic	metabolic:PRO_CANONICAL	metabolic:RHEA:14109	proline_biosynthesis	0.985952303168899	0.98333398636134	1.13210840236999	0.989251739968923	1140	171	1540	251	0.15	0.162987012987013	0.92187786975901	0.89848079194327
50	unit	metabolic	metabolic:PYR_DHODH_FUMARATE	metabolic:RHEA:20013	pyrimidine_core_biosynthesis	0.989335520918786	0.981839508602731	1.088713219148	0.973773887007491	105	6	220	46	0.0571428571428571	0.209090909090909	0.915346909873624	0.755465654524099
50	unit	metabolic	metabolic:PYR_DHODH_FUMARATE	metabolic:RHEA:24296	pyrimidine_core_biosynthesis	0.996694214876033	0.991530924608668	1.10518368977772	0.988458592585769	103	4	220	37	0.0388349514563107	0.168181818181818	0.959042124389013	0.819711509850932
50	unit	metabolic	metabolic:PYR_DHODH_FUMARATE	metabolic:RHEA:10380	pyrimidine_core_biosynthesis	0.994229183841715	0.988136049964858	1.071843556632	0.969526482767292	104	5	220	44	0.0480769230769231	0.2	0.943367777267786	0.800170929100835
50	unit	metabolic	metabolic:PYR_DHODH_FUMARATE	metabolic:RHEA:11596	pyrimidine_core_biosynthesis	0.989335520918786	0.981839508602731	1.08032684353879	0.969526482767292	103	4	220	45	0.0388349514563107	0.204545454545455	0.915346909873624	0.67737727863097
50	unit	metabolic	metabolic:PYR_DHODH_NAD	metabolic:RHEA:20013	pyrimidine_core_biosynthesis	0.988555078683834	0.983026443933056	1.08785438232267	0.973159254042624	251	10	445	94	0.0398406374501992	0.21123595505618	0.920527915212847	0.697645635702775
50	unit	metabolic	metabolic:PYR_DHODH_NAD	metabolic:RHEA:24296	pyrimidine_core_biosynthesis	0.987142857142857	0.981357908966723	1.0945926733713	0.975183788073086	247	6	445	71	0.0242914979757085	0.159550561797753	0.913257770954777	0.561163742107903
50	unit	metabolic	metabolic:PYR_DHODH_NAD	metabolic:RHEA:10380	pyrimidine_core_biosynthesis	0.989026717557252	0.983587351943567	1.06623496048915	0.981498916596962	256	15	445	93	0.05859375	0.208988764044944	0.922992357081352	0.77834141075465
50	unit	metabolic	metabolic:PYR_DHODH_NAD	metabolic:RHEA:11596	pyrimidine_core_biosynthesis	0.996634615384615	0.993069335257952	1.08829725147243	0.990978912989976	253	12	445	92	0.0474308300395257	0.206741573033708	0.966281444310053	0.871732190486002
50	unit	metabolic	metabolic:PYR_DHODH_QUINONE	metabolic:RHEA:20013	pyrimidine_core_biosynthesis	0.994647397296936	0.992719956911003	1.09455866784472	0.990964478625266	451	53	1180	242	0.117516629711752	0.205084745762712	0.964629771699399	0.941262096693218
50	unit	metabolic	metabolic:PYR_DHODH_QUINONE	metabolic:RHEA:24296	pyrimidine_core_biosynthesis	0.993185462319615	0.991051958571351	1.10129301193597	0.983179424745784	416	18	1180	154	0.0432692307692308	0.130508474576271	0.95680580658536	0.827358197458931
50	unit	metabolic	metabolic:PYR_DHODH_QUINONE	metabolic:RHEA:10380	pyrimidine_core_biosynthesis	0.996647894877983	0.995056063233864	1.07445108403283	0.992242596250624	479	81	1180	228	0.169102296450939	0.193220338983051	0.97575968647829	0.971457011743041
50	unit	metabolic	metabolic:PYR_DHODH_QUINONE	metabolic:RHEA:11596	pyrimidine_core_biosynthesis	0.989615230994541	0.987059296113924	1.08063227915376	0.986688074899729	473	75	1180	262	0.158562367864693	0.222033898305085	0.938480883261788	0.923631660891101
50	unit	metabolic	metabolic:QUIN_NADB	metabolic:RHEA:25888	quinolinate_biosynthesis_aspartate	0.990627789348408	0.988027807809345	1.58258337671057	0.986174024423487	957	107	1255	273	0.111807732497388	0.217529880478088	0.942874699359589	0.90222099749712
50	unit	metabolic	metabolic:RIBOFLAVIN_GTP	metabolic:RHEA:23704	riboflavin_biosynthesis	0.994860499265786	0.993060673483741	1.30090338234733	0.99374592662941	940	14	1520	267	0.0148936170212766	0.175657894736842	0.966240441808059	0.680650858099574
50	unit	metabolic	metabolic:RIBOFLAVIN_GTP	metabolic:RHEA:21868	riboflavin_biosynthesis	1	0.999527718987305	1.39755315358119	0.997941165438783	926	0	1520	331	0	0.217763157894737	0.997643047512156	0
50	unit	metabolic	metabolic:RIBOFLAVIN_GTP	metabolic:RHEA:17845	riboflavin_biosynthesis	1	0.999527718987305	1.39755315358119	0.997941165438783	926	0	1520	331	0	0.217763157894737	0.997643047512156	0
50	unit	metabolic	metabolic:RIBOFLAVIN_GTP	metabolic:RHEA:18457	riboflavin_biosynthesis	0.990255785627284	0.987889834234607	1.25148760190017	0.989513929871427	954	28	1520	301	0.0293501048218029	0.198026315789474	0.942246775654285	0.70538343032518
50	unit	metabolic	metabolic:RIBOFLAVIN_GTP	metabolic:RHEA:26152	riboflavin_biosynthesis	0.995469572670503	0.993761993176191	1.23970099407717	0.991580694010263	965	39	1520	294	0.0404145077720207	0.193421052631579	0.969569274182175	0.865561381693435
50	unit	metabolic	metabolic:RIBOFLAVIN_GTP	metabolic:RHEA:20772	riboflavin_biosynthesis	0.992431640625	0.990310390242166	1.25248854270018	0.986205033837369	988	62	1520	324	0.062753036437247	0.213157894736842	0.953359658060301	0.865112207774326
50	unit	metabolic	metabolic:SALVAGE_HMP_HET	metabolic:RHEA:23096	thiamine_precursor_salvage	1	0.99890113469776	1.42514534883721	0.995148702005673	527	0	700	126	0	0.18	0.994529717901566	0
50	unit	metabolic	metabolic:SALVAGE_HMP_HET	metabolic:RHEA:19893	thiamine_precursor_salvage	1	0.99890113469776	1.42514534883721	0.995148702005673	527	0	700	126	0	0.18	0.994529717901566	0
50	unit	metabolic	metabolic:SIROHEME_UROGEN	metabolic:RHEA:32459	siroheme_biosynthesis	0.996092852217881	0.99375140998852	1.46171470431474	0.980743080474837	607	0	725	45	0	0.0620689655172414	0.969518905395733	0
50	unit	metabolic	metabolic:TCA4_FUMARASE_MQO	metabolic:RHEA:12460	fumarate_oxaloacetate_interconversion	0.99149310648284	0.987809413026264	1.10336781338098	0.973317786534375	520	76	610	91	0.146153846153846	0.149180327868852	0.941881080121704	0.922136086784185
50	unit	metabolic	metabolic:THR_CANONICAL	metabolic:RHEA:10840	threonine_biosynthesis	0.985311398354877	0.982527640320852	1.21483536760384	0.979823519435518	1221	96	1535	255	0.0786240786240786	0.166123778501629	0.918345022173005	0.815541982004184
50	unit	metabolic	metabolic:TRP_CANONICAL	metabolic:RHEA:11768	tryptophan_biosynthesis	0.991478617642418	0.988898946832917	1.31267440251836	0.990664674919723	685	10	1145	261	0.0145985401459854	0.227947598253275	0.946854613221441	0.565304421913567
50	unit	metabolic	metabolic:TRP_CANONICAL	metabolic:RHEA:23476	tryptophan_biosynthesis	0.995563302170813	0.993595152439733	1.30138849165001	0.989891744387457	691	16	1145	263	0.0231548480463097	0.229694323144105	0.968775709482435	0.782232425877328
50	unit	metabolic	metabolic:TRP_CANONICAL	metabolic:RHEA:10532	tryptophan_biosynthesis	0.990540753586631	0.987844006955207	1.28341619939437	0.986891048142067	712	37	1145	282	0.0519662921348315	0.246288209606987	0.942038359949319	0.808538645982692
50	unit	metabolic	metabolic:TYR_NAD	metabolic:RHEA:15093	tyrosine_biosynthesis	0.994015849911046	0.991762971818328	1.05025058279933	0.986924923769473	830	48	1195	72	0.0578313253012048	0.0602510460251046	0.960128548180757	0.874420222266189
50	unit	regulatory	regulatory:CIRCUIT_ASPARTATE_CHEMORECEPTION	regulatory:RF_CHEMOTAXIS_RESPONSE_REGULATOR	aspartate_chemoreception	1	0.992044057504514	2.2137347130762	0.919704395076508	61	0	85	19	0	0.223529411764706	0.961447183487422	0
50	unit	regulatory	regulatory:CIRCUIT_ASPARTATE_CHEMORECEPTION	regulatory:RF_CHEMOTAXIS_ADAPTATION	aspartate_chemoreception	0.997916666666667	0.988294769565831	2.35867567296103	0.919704395076508	61	0	85	19	0	0.223529411764706	0.94409153375178	0
50	unit	regulatory	regulatory:CIRCUIT_CHEMOTAXIS_CORE	regulatory:RF_CHEMOTAXIS_RECEPTION	chemotaxis_signal_transduction	0.987848784878488	0.98418019710322	2.36432644484953	0.972278165066074	598	4	785	16	0.00668896321070234	0.0203821656050955	0.92560842568733	0.293851734286275
50	unit	regulatory	regulatory:CIRCUIT_CHEMOTAXIS_CORE	regulatory:RF_CHEMOTAXIS_KINASE_CORE	chemotaxis_signal_transduction	0.98452567840323	0.980463401459267	2.42392323333174	0.962543847401534	619	25	785	126	0.0403877221324717	0.160509554140127	0.909397282936233	0.669628724287277
50	unit	regulatory	regulatory:CIRCUIT_CHEMOTAXIS_CORE	regulatory:RF_CHEMOTAXIS_RESPONSE_REGULATOR	chemotaxis_signal_transduction	0.990523465703971	0.987216066850804	2.19275618014542	0.971171426626185	605	11	785	83	0.0181818181818182	0.105732484076433	0.93918990310788	0.584036650222242
50	unit	structural	structural:ARCH_FLAGELLUM_DIDERM	structural:SF_FLAGELLAR_EXPORT_ATPASE	flagellar_apparatus	0.984279141104294	0.978743402140987	2.62014216611609	0.951527418650569	219	1	530	133	0.0045662100456621	0.250943396226415	0.902045710469404	0.173722775125551
50	unit	structural	structural:ARCH_FLAGELLUM_DIDERM	structural:SF_FLAGELLAR_MS_RING	flagellar_apparatus	0.995347033734005	0.991884332099174	2.33524490506766	0.983080059836372	220	2	530	120	0.00909090909090909	0.226415094339623	0.960697523871622	0.526308089923459
50	unit	structural	structural:ARCH_FLAGELLUM_DIDERM	structural:SF_FLAGELLAR_ROD	flagellar_apparatus	0.99419054996127	0.99043658930336	2.60468626382639	0.972529169146535	221	3	530	179	0.0135746606334842	0.337735849056604	0.953944728424102	0.584348650309757
50	unit	structural	structural:ARCH_FLAGELLUM_DIDERM	structural:SF_FLAGELLAR_C_RING	flagellar_apparatus	0.990354938271605	0.985800165938783	2.43725501018693	0.975057673041074	232	14	530	169	0.0603448275862069	0.318867924528302	0.932816791351926	0.807297288591427
50	unit	structural	structural:ARCH_FLAGELLUM_DIDERM	structural:SF_FLAGELLAR_HOOK	flagellar_apparatus	0.995347033734005	0.991884332099174	2.40922715468305	0.977648323631619	218	0	530	102	0	0.192452830188679	0.960697523871622	0
50	unit	structural	structural:ARCH_FLAGELLUM_DIDERM	structural:SF_FLAGELLAR_HOOK_FILAMENT_JUNCTION	flagellar_apparatus	0.991885625965997	0.987626640332864	2.46265589261784	0.958256356447294	221	3	530	128	0.0135746606334842	0.241509433962264	0.941050800265918	0.520041399488605
50	unit	structural	structural:ARCH_FLAGELLUM_DIDERM	structural:SF_FLAGELLAR_STATOR	flagellar_apparatus	0.99419054996127	0.99043658930336	2.41686901050502	0.98031523826543	229	11	530	74	0.0480349344978166	0.139622641509434	0.953944728424102	0.832628919740731
50	unit	structural	structural:ARCH_FLAGELLUM_MONODERM	structural:SF_FLAGELLAR_MS_RING	flagellar_apparatus	0.995511669658887	0.992607439107146	2.33563116753868	0.987616732307807	282	2	670	155	0.00709219858156028	0.23134328358209	0.964098802684845	0.487777724662649
50	unit	structural	structural:ARCH_FLAGELLUM_MONODERM	structural:SF_FLAGELLAR_C_RING	flagellar_apparatus	0.989001189060642	0.984877093139751	2.43392344498798	0.974447856716663	294	14	670	205	0.0476190476190476	0.305970149253731	0.928698603228292	0.756167945062139
50	unit	structural	structural:ARCH_FLAGELLUM_MONODERM	structural:SF_FLAGELLAR_HOOK	flagellar_apparatus	0.995809637832984	0.992978225182699	2.41034688309872	0.981712360247228	280	0	670	133	0	0.198507462686567	0.96585029214795	0
50	unit	structural	structural:ARCH_FLAGELLUM_MONODERM	structural:SF_FLAGELLAR_HOOK_FILAMENT_JUNCTION	flagellar_apparatus	0.991358760429082	0.987617320432757	2.46134778966208	0.964257694121158	289	9	670	158	0.0311418685121107	0.235820895522388	0.941008493835863	0.712958108717878
50	unit	structural	structural:ARCH_FLAGELLUM_MONODERM	structural:SF_FLAGELLAR_STATOR	flagellar_apparatus	0.993727598566308	0.990429767027425	2.41574357948991	0.979846599901128	295	15	670	92	0.0508474576271186	0.137313432835821	0.953913085184222	0.840312659215494
50	unit	structural	structural:ARCH_T4AP_CORE	structural:SF_T4AP_PREPILIN_PEPTIDASE	type_iva_pilus	0.989311957247829	0.982708602663519	2.88338976690066	0.953998150582861	153	10	260	63	0.065359477124183	0.242307692307692	0.919136018270756	0.787889535211882
50	unit	structural	structural:ARCH_T4AP_CORE	structural:SF_T4AP_MAJOR_PILIN	type_iva_pilus	0.987991994663109	0.981098262712512	3.73065269871827	0.961594878971672	144	1	260	8	0.00694444444444444	0.0307692307692308	0.91213455202002	0.264950560532991
50	unit	structural	structural:ARCH_T4AP_CORE	structural:SF_T4AP_ASSEMBLY_ATPASE	type_iva_pilus	0.994627266621894	0.989433860271044	2.96348048089977	0.973851626510583	147	4	260	10	0.0272108843537415	0.0384615384615385	0.949311623241094	0.718157433708676
50	unit	structural	structural:ARCH_T4AP_CORE	structural:SF_T4AP_PLATFORM	type_iva_pilus	0.990635451505017	0.984342365587681	3.29167374256087	0.978304889716931	144	1	260	55	0.00694444444444444	0.211538461538462	0.926326066033466	0.303899254899206
