level	layer	context_id	target_id	context_size	gift_ids	n_context	n_supported	gaps_in_panel	pi	pi_lower	base_rate	n_context_genus	pi_genus	pi_genus_lower	lift	posterior	posterior_genus
component	defense	defense:SYS_DF_AHPCF	defense:COMP_DF_AHPC	1	superoxide_detoxification	3106	1226	1880	0.3947198969736	0.37767030265263	0.431667516573177	454	0.400881057268722	0.356814458956659	0.914407227365893	0.108236112963101	0.0998713152420324
component	defense	defense:SYS_DF_AHPCF	defense:COMP_DF_AHPF	1	superoxide_detoxification	5079	1226	3853	0.241386099625911	0.229815757416431	0.26398096209417	1695	0.107374631268437	0.0935140269174609	0.914407227365893	0.056317218945284	0.0202151234632369
component	defense	defense:SYS_DF_CAS1_CAS2	defense:COMP_DF_CAS1	1	type_i_e_crispr_cas_machinery	3272	3088	184	0.943765281173594	0.935338768039607	0.303331633520313	980	0.958163265306123	0.943736317238733	3.11133154897408	0.743131559464989	0.770362575093811
component	defense	defense:SYS_DF_CAS1_CAS2	defense:COMP_DF_CAS2	1	type_i_e_crispr_cas_machinery	3569	3088	481	0.865228355281591	0.85363167641143	0.278089410164882	1017	0.92330383480826	0.905309338557585	3.11133154897408	0.538408107819369	0.656609998345449
component	defense	defense:SYS_DF_CASCADE_I_E	defense:COMP_DF_CASA	4	type_i_e_crispr_cas_machinery	814	790	24	0.97051597051597	0.956503819571355	0.0747917729049805	220	0.981818181818182	0.954191603909849	12.9762396694215	0.814749802002874	0.806427079590946
component	defense	defense:SYS_DF_CASCADE_I_E	defense:COMP_DF_CASB	4	type_i_e_crispr_cas_machinery	834	790	44	0.947242206235012	0.929916320246899	0.0724120346761856	225	0.96	0.925740854720297	13.0812814537103	0.726307196421416	0.713735347326722
component	defense	defense:SYS_DF_CASCADE_I_E	defense:COMP_DF_CASC	4	type_i_e_crispr_cas_machinery	795	790	5	0.993710691823899	0.985362404308052	0.0804861465238824	218	0.990825688073395	0.967172413336069	12.3463569165787	0.930860184218749	0.854913433961898
component	defense	defense:SYS_DF_CASCADE_I_E	defense:COMP_DF_CASD	4	type_i_e_crispr_cas_machinery	804	790	14	0.982587064676617	0.970984922583567	0.0800611932687404	219	0.986301369863014	0.960506010404619	12.2729505339544	0.87001115815541	0.829469734196464
component	defense	defense:SYS_DF_CASCADE_I_E	defense:COMP_DF_CASE	4	type_i_e_crispr_cas_machinery	798	790	8	0.989974937343358	0.980343564867733	0.0811660717321095	219	0.986301369863014	0.960506010404619	12.1969058772586	0.908882041315713	0.829469734196464
component	defense	defense:SYS_DF_MERTP	defense:COMP_DF_MERT	1	mercury_detoxification	770	698	72	0.906493506493506	0.883863783489264	0.077766445690974	183	0.907103825136612	0.856277021504591	11.6566148605493	0.603507481390704	0.543705262502589
component	defense	defense:SYS_DF_MERTP	defense:COMP_DF_MERP	1	mercury_detoxification	915	698	217	0.762841530054645	0.734218706359934	0.0654428012918579	242	0.68595041322314	0.624953650349393	11.6566148605493	0.355876955704554	0.249962923029122
component	metabolic	metabolic:SYS_10532_TRPAB	metabolic:COMP_10532_TRPAB_ALPHA	1	tryptophan_biosynthesis	9390	8886	504	0.946325878594249	0.941582180002717	0.761686214516403	2173	0.936033133916245	0.924955744179067	1.24240909256192	0.763235875938535	0.711407544984139
component	metabolic	metabolic:SYS_10532_TRPAB	metabolic:COMP_10532_TRPAB_BETA	1	tryptophan_biosynthesis	8962	8886	76	0.991519750055791	0.989399459039767	0.798062213156553	2044	0.995107632093933	0.991017383375816	1.24240909256192	0.949153305087292	0.956644693274826
component	metabolic	metabolic:SYS_10676_LEUCD	metabolic:COMP_10676_LEUCD_LARGE	1	leucine_biosynthesis	8758	8634	124	0.985841516327929	0.983145567774246	0.743753187149414	2039	0.993133889161354	0.988507572337421	1.32549551835384	0.921050438973524	0.945063286510304
component	metabolic	metabolic:SYS_10676_LEUCD	metabolic:COMP_10676_LEUCD_SMALL	1	leucine_biosynthesis	8751	8634	117	0.98663009941721	0.984001286920256	0.744348121706612	2062	0.982056256062076	0.975365781634761	1.32549551835384	0.924817713897418	0.887877143861233
component	metabolic	metabolic:SYS_10760_CITLYASE	metabolic:COMP_10760_CITF	3	citrate_fermentation	920	907	13	0.985869565217391	0.975974757378669	0.0866054733979262	161	0.968944099378882	0.92936839618631	11.3834556470538	0.890405887467221	0.724638795062712
component	metabolic	metabolic:SYS_10760_CITLYASE	metabolic:COMP_10760_CITE	3	citrate_fermentation	910	907	3	0.996703296703297	0.990352467841503	0.342937276899541	156	1	0.975967068192559	2.90637199231995	0.953554670449322	0.8903738884186
component	metabolic	metabolic:SYS_10760_CITLYASE	metabolic:COMP_10760_CITD	3	citrate_fermentation	921	907	14	0.984799131378936	0.974647017324621	0.0835458099609043	157	0.993630573248408	0.964807129713256	11.7875346691806	0.884906900094905	0.84574969278089
component	metabolic	metabolic:SYS_10760_CITLYASE	metabolic:COMP_10760_CITC	3	citrate_fermentation	954	907	47	0.950733752620545	0.935101538562658	0.0813360530341662	168	0.928571428571429	0.87931094973334	11.6889585510275	0.742383381530686	0.593024631494236
component	metabolic	metabolic:SYS_11072_ANDA	metabolic:COMP_11072_ANDAC	1	anthranilate_degradation_catechol	291	271	20	0.93127147766323	0.896233335048504	0.0237973822879483	49	0.877551020408163	0.757556025924438	39.1333578792342	0.633350612027976	0.384589956322725
component	metabolic	metabolic:SYS_11072_ANDA	metabolic:COMP_11072_ANDAD	1	anthranilate_degradation_catechol	280	271	9	0.967857142857143	0.94005140821524	0.0247322794492606	45	0.955555555555556	0.851724891153457	39.1333578792342	0.758231714170882	0.534633518537076
component	metabolic	metabolic:SYS_11072_ANTAB	metabolic:COMP_11072_ANTA	1	anthranilate_degradation_catechol	166	163	3	0.981927710843373	0.948219958586866	0.0141084480707122	12	0.916666666666667	0.646120086278754	69.5985629264044	0.785522424003484	0.267486991866154
component	metabolic	metabolic:SYS_11072_ANTAB	metabolic:COMP_11072_ANTB	1	anthranilate_degradation_catechol	166	163	3	0.981927710843373	0.948219958586866	0.0141084480707122	11	1	0.741167030005574	69.5985629264044	0.785522424003484	0.36415045491927
component	metabolic	metabolic:SYS_11844_PFL	metabolic:COMP_11844_LYASE	1	pyruvate_to_acetyl_coa	4321	2841	1480	0.657486692895163	0.643202997182508	0.247152813190549	1003	0.497507477567298	0.466633084559025	2.66024361368793	0.264999247769837	0.148919068242864
component	metabolic	metabolic:SYS_11844_PFL	metabolic:COMP_11844_ACTIVASE	1	pyruvate_to_acetyl_coa	2908	2841	67	0.976960110041265	0.970845343449179	0.36724460309366	508	0.982283464566929	0.96667586478654	2.66024361368793	0.86945114532993	0.852976983462979
component	metabolic	metabolic:SYS_12048_PCAIJ	metabolic:COMP_12048_ALPHA	1	oxoadipate_activation	1268	1251	17	0.986593059936908	0.978634034633055	0.108618052014278	206	0.975728155339806	0.944449522896702	9.0831408006398	0.901581406229161	0.772744271135118
component	metabolic	metabolic:SYS_12048_PCAIJ	metabolic:COMP_12048_BETA	1	oxoadipate_activation	1278	1251	27	0.97887323943662	0.969435939681557	0.107768145503995	208	0.966346153846154	0.932174957892324	9.0831408006398	0.863827621561043	0.73324536646841
component	metabolic	metabolic:SYS_12232_GRD	metabolic:COMP_12232_SELA	4	glycine_reduction_stickland	132	128	4	0.96969696969697	0.924674890591233	0.0146183919768825	65	0.984615384615385	0.917867151868792	66.3340380549683	0.710577560606757	0.690888568409673
component	metabolic	metabolic:SYS_12232_GRD	metabolic:COMP_12232_B_ALPHABETA	4	glycine_reduction_stickland	130	128	2	0.984615384615385	0.945641538375923	0.0147033826279109	65	0.984615384615385	0.917867151868792	66.9652289906625	0.776749834167511	0.690888568409673
component	metabolic	metabolic:SYS_12232_GRD	metabolic:COMP_12232_B_GAMMA	4	glycine_reduction_stickland	129	128	1	0.992248062015504	0.95739655940697	0.014278429372769	64	1	0.943375939364489	69.4928017718715	0.817998378168912	0.769163334254692
component	metabolic	metabolic:SYS_12232_GRD	metabolic:COMP_12232_C_ALPHA	4	glycine_reduction_stickland	135	128	7	0.948148148148148	0.896838784843487	0.0138534761176271	67	0.955223880597015	0.876421668253033	68.4411724608044	0.634865003824124	0.586504618826937
component	metabolic	metabolic:SYS_12232_GRD	metabolic:COMP_12232_C_BETA	4	glycine_reduction_stickland	144	128	16	0.888888888888889	0.827127668755724	0.0125786163522013	71	0.901408450704225	0.810192776712342	70.6666666666667	0.488993726736597	0.46053858020792
component	metabolic	metabolic:SYS_12460_FUMAB	metabolic:COMP_12460_FUMA_ALPHA	1	fumarate_oxaloacetate_interconversion	1043	999	44	0.957813998082454	0.943841894752197	0.0880503144654088	378	0.944444444444444	0.916566979273261	10.8780304067936	0.770714443431324	0.68721971302928
component	metabolic	metabolic:SYS_12460_FUMAB	metabolic:COMP_12460_FUMB_BETA	1	fumarate_oxaloacetate_interconversion	1036	999	37	0.964285714285714	0.95116138937882	0.0886452490226075	368	0.970108695652174	0.947275376113397	10.8780304067936	0.79571494075154	0.782291314752969
component	metabolic	metabolic:SYS_12633_BENAB	metabolic:COMP_12633_ALPHA	1	benzoate_degradation_catechol	868	858	10	0.988479262672811	0.978923598950335	0.0741968383477817	86	0.941860465116279	0.871021551243799	13.3223906123806	0.90281152763551	0.574585147323331
component	metabolic	metabolic:SYS_12633_BENAB	metabolic:COMP_12633_BETA	1	benzoate_degradation_catechol	873	858	15	0.982817869415808	0.971845092555515	0.0737718850926398	83	0.975903614457831	0.916336906871311	13.3223906123806	0.873474695704838	0.686573467175386
component	metabolic	metabolic:SYS_12737_PRD	metabolic:COMP_12737_PRDA	1	proline_reduction_stickland	153	91	62	0.594771241830065	0.515582878908857	0.0084140744518103	59	0.508474576271186	0.384351429670826	70.687660922955	0.175507509323462	0.111001000534395
component	metabolic	metabolic:SYS_12737_PRD	metabolic:COMP_12737_PRDB	1	proline_reduction_stickland	99	91	8	0.919191919191919	0.848581910888426	0.0130035696073432	34	0.88235294117647	0.733791570871035	70.687660922955	0.528490079237912	0.355375624197581
component	metabolic	metabolic:SYS_12765_POR_FOUR_SUBUNIT	metabolic:COMP_12765_POR_ALPHA	3	pyruvate_to_acetyl_coa	502	499	3	0.99402390438247	0.982578830889482	0.0798062213156553	182	0.994505494505495	0.969538089409661	12.4554688593867	0.918568670309165	0.864233299424599
component	metabolic	metabolic:SYS_12765_POR_FOUR_SUBUNIT	metabolic:COMP_12765_POR_BETA	3	pyruvate_to_acetyl_coa	502	499	3	0.99402390438247	0.982578830889482	0.0686724460309366	183	0.989071038251366	0.961033733333152	14.4748579937675	0.918568670309165	0.83144110938833
component	metabolic	metabolic:SYS_12765_POR_FOUR_SUBUNIT	metabolic:COMP_12765_POR_GAMMA	3	pyruvate_to_acetyl_coa	556	499	57	0.897482014388489	0.86948072681107	0.065697773244943	189	0.957671957671958	0.918711812940373	13.6607676342755	0.571246181254114	0.693287482640467
component	metabolic	metabolic:SYS_12765_POR_FOUR_SUBUNIT	metabolic:COMP_12765_POR_DELTA	3	pyruvate_to_acetyl_coa	620	499	121	0.804838709677419	0.771804859086886	0.0482746897841237	231	0.783549783549784	0.726036567779258	16.6720638346206	0.403498902986093	0.346415667168822
component	metabolic	metabolic:SYS_13313_SOXABGD	metabolic:COMP_13313_SOXA	3	sarcosine_demethylation	1307	1287	20	0.984697781178271	0.976482142503791	0.117627061023287	286	0.986013986013986	0.964597020126098	8.37135411368753	0.892521379995567	0.844943017546875
component	metabolic	metabolic:SYS_13313_SOXABGD	metabolic:COMP_13313_SOXB	3	sarcosine_demethylation	1291	1287	4	0.996901626646011	0.992060433127117	0.12119666836648	285	0.989473684210526	0.969514049556767	8.22548705407922	0.961524093757997	0.864137800863743
component	metabolic	metabolic:SYS_13313_SOXABGD	metabolic:COMP_13313_SOXG	3	sarcosine_demethylation	1329	1287	42	0.968397291196388	0.95755898964843	0.11592724800272	288	0.979166666666667	0.955301199024381	8.35349158960169	0.818591575526003	0.810404721585052
component	metabolic	metabolic:SYS_13313_SOXABGD	metabolic:COMP_13313_SOXD	3	sarcosine_demethylation	1318	1287	31	0.976479514415782	0.966808447434259	0.116097229304776	284	0.992957746478873	0.974691084706614	8.41087698873798	0.853493367541234	0.885088559217129
component	metabolic	metabolic:SYS_13513_NAD	metabolic:COMP_13513_CATALYTIC	1	pyrimidine_core_biosynthesis	2420	2403	17	0.99297520661157	0.988778419782387	0.231514533401326	726	0.994490358126722	0.985919915995088	4.28904048494557	0.94630238719048	0.933353152804161
component	metabolic	metabolic:SYS_13513_NAD	metabolic:COMP_13513_ELECTRON	1	pyrimidine_core_biosynthesis	2724	2403	321	0.88215859030837	0.869509139637087	0.205677375488696	813	0.888068880688807	0.864545866401065	4.28904048494557	0.571307507102633	0.560731998337204
component	metabolic	metabolic:SYS_13804_CYSJI	metabolic:COMP_13804_CYSJ	1	assimilatory_sulfate_reduction	4187	3064	1123	0.731788870312873	0.718161634537531	0.350671426143124	877	0.647662485746864	0.615465304595818	2.08682206691742	0.337584537509362	0.242486860471744
component	metabolic	metabolic:SYS_13804_CYSJI	metabolic:COMP_13804_CYSI	1	assimilatory_sulfate_reduction	4126	3064	1062	0.742607852641784	0.729046326440904	0.355855855855856	748	0.759358288770054	0.727448592985946	2.08682206691742	0.34986140008388	0.348027286512685
component	metabolic	metabolic:SYS_14569_PDUCDE	metabolic:COMP_14569_PDUC	2	propionate_formation_propanediol	354	348	6	0.983050847457627	0.96352102018031	0.0309365969743328	68	0.955882352941177	0.878128047329401	31.7763084373254	0.840830469295469	0.590343020644017
component	metabolic	metabolic:SYS_14569_PDUCDE	metabolic:COMP_14569_PDUD	2	propionate_formation_propanediol	353	348	5	0.985835694050991	0.967276098472486	0.0306816250212477	66	0.984848484848485	0.91904079655458	32.1311434243877	0.855318645900152	0.694225139372914
component	metabolic	metabolic:SYS_14569_PDUCDE	metabolic:COMP_14569_PDUE	2	propionate_formation_propanediol	353	348	5	0.985835694050991	0.967276098472486	0.0305116437191909	66	0.984848484848485	0.91904079655458	32.3101470089247	0.855318645900152	0.694225139372914
component	metabolic	metabolic:SYS_14613_TAUABC	metabolic:COMP_14613_SBP	2	taurine_uptake_abc	1479	1462	17	0.988505747126437	0.981669190603775	0.138874723780384	184	0.989130434782609	0.961240814111236	7.11796733212341	0.914607227560492	0.832216654123626
component	metabolic	metabolic:SYS_14613_TAUABC	metabolic:COMP_14613_ATPASE	2	taurine_uptake_abc	1592	1462	130	0.918341708542714	0.903861451345361	0.129355770865205	212	0.858490566037736	0.805175873445377	7.09934858259761	0.652817675796631	0.452524843740971
component	metabolic	metabolic:SYS_14613_TAUABC	metabolic:COMP_14613_PERMEASE	2	taurine_uptake_abc	1484	1462	22	0.985175202156334	0.977655318698507	0.139214686384498	187	0.973262032085562	0.938945185957243	7.07666143380429	0.897443006805239	0.754646081307857
component	metabolic	metabolic:SYS_15341_COBNST	metabolic:COMP_15341_COBN	2	corrin_ring_biosynthesis	1302	815	487	0.625960061443932	0.599342592151547	0.251232364439912	336	0.601190476190476	0.547974739613261	2.49155821480017	0.230283473653751	0.195140677456317
component	metabolic	metabolic:SYS_15341_COBNST	metabolic:COMP_15341_COBS_SUB	2	corrin_ring_biosynthesis	816	815	1	0.998774509803922	0.993091253942724	0.133775284718681	202	1	0.981337778588563	7.46606155168548	0.96638521380012	0.91317061013736
component	metabolic	metabolic:SYS_15341_COBNST	metabolic:COMP_15341_COBT_SUB	2	corrin_ring_biosynthesis	868	815	53	0.938940092165899	0.920995070839845	0.110827808941016	212	0.952830188679245	0.915362366923201	8.47206221198157	0.699833793669029	0.683845954881834
component	metabolic	metabolic:SYS_15501_GLTBD	metabolic:COMP_15501_GLTB	1	ammonium_assimilation	7350	6242	1108	0.849251700680272	0.840889446404629	0.558728539860615	1670	0.768862275449102	0.748040498759628	1.51997193644723	0.513852208782364	0.372560185090219
component	metabolic	metabolic:SYS_15501_GLTBD	metabolic:COMP_15501_GLTD	1	ammonium_assimilation	6574	6242	332	0.94949802251293	0.943937157640824	0.624681285058644	1344	0.955357142857143	0.942957989088554	1.51997193644723	0.771032143566352	0.76777603355434
component	metabolic	metabolic:SYS_15957_HETERODIMER	metabolic:COMP_15957_SMALL	1	galacturonate_degradation	539	311	228	0.576994434137291	0.534886493376782	0.0268570457249703	147	0.673469387755102	0.594085722250172	21.4839130128461	0.186993564106532	0.22643420886043
component	metabolic	metabolic:SYS_15957_HETERODIMER	metabolic:COMP_15957_LARGE	1	galacturonate_degradation	316	311	5	0.984177215189873	0.963500994932867	0.0458099609043005	100	0.99	0.945513803250993	21.4839130128461	0.840754224178803	0.776319101938139
component	metabolic	metabolic:SYS_16293_LEUCD	metabolic:COMP_16293_LEUCD_LARGE	1	leucine_biosynthesis	8758	8634	124	0.985841516327929	0.983145567774246	0.743753187149414	2039	0.993133889161354	0.988507572337421	1.32549551835384	0.921050438973524	0.945063286510304
component	metabolic	metabolic:SYS_16293_LEUCD	metabolic:COMP_16293_LEUCD_SMALL	1	leucine_biosynthesis	8751	8634	117	0.98663009941721	0.984001286920256	0.744348121706612	2062	0.982056256062076	0.975365781634761	1.32549551835384	0.924817713897418	0.887877143861233
component	metabolic	metabolic:SYS_17129_DIMER	metabolic:COMP_17129_DI_A	1	purine_core_biosynthesis	5177	387	4790	0.0747537183697122	0.0679007703567261	0.0336562978072412	1198	0.126878130217028	0.109215774420909	2.22109154125766	0.0143602095014512	0.023934362864605
component	metabolic	metabolic:SYS_17129_DIMER	metabolic:COMP_17129_DI_B	1	purine_core_biosynthesis	396	387	9	0.977272727272727	0.957376753290518	0.439996600373959	156	0.974358974358974	0.935932940955376	2.22109154125766	0.817926091019871	0.745010431691273
component	metabolic	metabolic:SYS_17129_TRIMER	metabolic:COMP_17129_TRI_A	2	purine_core_biosynthesis	4689	4611	78	0.983365323096609	0.979289048288171	0.406000339962604	1031	0.986420950533463	0.977336353129849	2.42208004847283	0.9043677787098	0.896100712680704
component	metabolic	metabolic:SYS_17129_TRIMER	metabolic:COMP_17129_TRI_B	2	purine_core_biosynthesis	4706	4611	95	0.979813004674883	0.975386094863687	0.402855685874554	1035	0.982608695652174	0.97267691580324	2.43216873692082	0.887961312792522	0.876844528305771
component	metabolic	metabolic:SYS_17129_TRIMER	metabolic:COMP_17129_TRI_C	2	purine_core_biosynthesis	4636	4611	25	0.994607420189819	0.992051228372932	0.439996600373959	1022	0.995107632093933	0.988598697702476	2.26048887501515	0.961480861214566	0.945479889554324
component	metabolic	metabolic:SYS_17297_KOR	metabolic:COMP_17297_ALPHA	1	oxoglutarate_to_succinate	3347	3282	65	0.980579623543472	0.975323894334905	0.281064082950875	913	0.979189485213582	0.967726043573631	3.48881156655957	0.887703620936807	0.857080525445199
component	metabolic	metabolic:SYS_17297_KOR	metabolic:COMP_17297_BETA	1	oxoglutarate_to_succinate	3307	3282	25	0.992440278197762	0.988863680905478	0.284463708992011	896	0.997767857142857	0.991898080486369	3.48881156655957	0.946692980446303	0.960762014435527
component	metabolic	metabolic:SYS_17661_LSC	metabolic:COMP_17661_LSC_ALPHA	1	oxoglutarate_to_succinate	1260	1244	16	0.987301587301587	0.97947214889114	0.106578276389597	930	0.988172043010753	0.978944977166401	9.26362876889193	0.905149086199819	0.902902450333281
component	metabolic	metabolic:SYS_17661_LSC	metabolic:COMP_17661_LSC_BETA	1	oxoglutarate_to_succinate	1254	1244	10	0.992025518341308	0.985383035073651	0.107088220295767	925	0.993513513513513	0.985921032917883	9.26362876889193	0.930952249554289	0.933358157799921
component	metabolic	metabolic:SYS_17661_SUCCD	metabolic:COMP_17661_ALPHA	1	oxoglutarate_to_succinate	8153	8126	27	0.996688335581994	0.995185887002241	0.699643039265681	1731	0.997111496244945	0.993255892694609	1.42456692862703	0.976384191690153	0.967165228366033
component	metabolic	metabolic:SYS_17661_SUCCD	metabolic:COMP_17661_BETA	1	oxoglutarate_to_succinate	8232	8126	106	0.98712342079689	0.984450738803924	0.692928777834438	1753	0.984597832287507	0.977683142146019	1.42456692862703	0.926806136053439	0.897560244572026
component	metabolic	metabolic:SYS_18136_CYSDN	metabolic:COMP_18136_CYSN	1	assimilatory_sulfate_reduction	5539	3932	1607	0.709875428777758	0.697781915352965	0.337497875233724	1085	0.684792626728111	0.656537141794014	2.1033478456306	0.315899612287676	0.276570442747967
component	metabolic	metabolic:SYS_18136_CYSDN	metabolic:COMP_18136_CYSD	1	assimilatory_sulfate_reduction	3971	3932	39	0.990178796272979	0.986602996415237	0.470763216046235	746	0.99597855227882	0.988243857953583	2.1033478456306	0.936422000808506	0.943859282754038
component	metabolic	metabolic:SYS_18136_CYSD_CYSNC	metabolic:COMP_18136_CYSNC	1	assimilatory_sulfate_reduction	5539	1816	3723	0.327857013901426	0.315617549433372	0.155702872684005	1085	0.352073732718894	0.324221732057661	2.10565809255687	0.0844454937167256	0.0875538299193081
component	metabolic	metabolic:SYS_18136_CYSD_CYSNC	metabolic:COMP_18136_CYSD_FUS	1	assimilatory_sulfate_reduction	1832	1816	16	0.991266375545852	0.98585982394365	0.470763216046235	387	0.987080103359173	0.970116382592929	2.10565809255687	0.933083939238888	0.866535518924249
component	metabolic	metabolic:SYS_18633_HETERODIMER	metabolic:COMP_18633_LARGE	1	pyrimidine_core_biosynthesis	9777	9657	120	0.987726296409942	0.985344291224972	0.842852286248513	2265	0.989403973509934	0.984281507290565	1.17188540925274	0.930779365940835	0.926056648574025
component	metabolic	metabolic:SYS_18633_HETERODIMER	metabolic:COMP_18633_SMALL	1	pyrimidine_core_biosynthesis	9917	9657	260	0.973782393869114	0.97044945664474	0.830953595104538	2312	0.969290657439446	0.961442448639761	1.17188540925274	0.867865829374788	0.832972871536016
component	metabolic	metabolic:SYS_18709_TAUXY	metabolic:COMP_18709_TAUX	1	taurine_degradation_sulfoacetaldehyde	295	260	35	0.88135593220339	0.839464652265096	0.0250722420533741	61	0.80327868852459	0.686900593223663	35.1526572823901	0.511201201611978	0.304964179040815
component	metabolic	metabolic:SYS_18709_TAUXY	metabolic:COMP_18709_TAUY	1	taurine_degradation_sulfoacetaldehyde	295	260	35	0.88135593220339	0.839464652265096	0.0250722420533741	60	0.816666666666667	0.700802461507332	35.1526572823901	0.511201201611978	0.319012018622098
component	metabolic	metabolic:SYS_20357_HCAEF	metabolic:COMP_20357_ALPHA	1	phenylpropanoate_dihydroxylation	145	142	3	0.979310344827586	0.940940498178435	0.018018018018018	15	1	0.796116696403513	54.351724137931	0.761132154676225	0.43850296436068
component	metabolic	metabolic:SYS_20357_HCAEF	metabolic:COMP_20357_BETA	1	phenylpropanoate_dihydroxylation	212	142	70	0.669811320754717	0.603977279357922	0.0123236443991161	31	0.483870967741935	0.319702514484354	54.351724137931	0.233729116662349	0.0859140542304995
component	metabolic	metabolic:SYS_20557_UREABC	metabolic:COMP_20557_ALPHA	2	urea_hydrolysis	3837	3797	40	0.9895751889497	0.985836296129162	0.333758286588475	715	0.991608391608392	0.981813975084066	2.96494567689895	0.932978567535514	0.915235959248647
component	metabolic	metabolic:SYS_20557_UREABC	metabolic:COMP_20557_BETA	2	urea_hydrolysis	3887	3797	90	0.976845896578338	0.97162614818576	0.327129015808261	730	0.971232876712329	0.95642345214599	2.98611816553409	0.872591069395889	0.814458323678499
component	metabolic	metabolic:SYS_20557_UREABC	metabolic:COMP_20557_GAMMA	2	urea_hydrolysis	3806	3797	9	0.997635312664214	0.995511683888289	0.337412884582696	711	0.9971870604782	0.989802241023399	2.95671966972472	0.977954213280363	0.951009575290395
component	metabolic	metabolic:SYS_21448_NIF	metabolic:COMP_21448_NIFH	5	nitrogen_fixation	744	734	10	0.986559139784946	0.975436553249486	0.0958694543600204	250	0.996	0.977694214193536	10.2906514527568	0.888170443656898	0.897606904768829
component	metabolic	metabolic:SYS_21448_NIF	metabolic:COMP_21448_NIFD	5	nitrogen_fixation	740	734	6	0.991891891891892	0.982424342413185	0.0847356790753017	251	0.99203187250996	0.97141792488371	11.7057171514544	0.91789398115787	0.871752000266175
component	metabolic	metabolic:SYS_21448_NIF	metabolic:COMP_21448_NIFK	5	nitrogen_fixation	738	734	4	0.994579945799458	0.986147461894587	0.0840557538670746	252	0.988095238095238	0.965589778368713	11.8323838647891	0.934373674188995	0.848765009947949
component	metabolic	metabolic:SYS_21448_NIF	metabolic:COMP_21448_NIFB	5	nitrogen_fixation	745	734	11	0.985234899328859	0.973755670985867	0.0882202957674656	251	0.99203187250996	0.97141792488371	11.1678938588664	0.881244942168613	0.871752000266175
component	metabolic	metabolic:SYS_21448_NIF	metabolic:COMP_21448_NIFE	5	nitrogen_fixation	746	734	12	0.983914209115281	0.972095492263985	0.081506034336223	252	0.988095238095238	0.965589778368713	12.0716731850369	0.874486977724189	0.848765009947949
component	metabolic	metabolic:SYS_21448_NIF	metabolic:COMP_21448_NIFN	5	nitrogen_fixation	849	734	115	0.86454652532391	0.839878928841916	0.0669726330103689	286	0.870629370629371	0.826769260470556	12.9089523057882	0.511970115599216	0.488367918047359
component	metabolic	metabolic:SYS_21732_TRPEG	metabolic:COMP_21732_TRPEG_COMP1	1	tryptophan_biosynthesis	6294	6027	267	0.957578646329838	0.952313986496387	0.715961244263131	1599	0.969355847404628	0.959718723097929	1.3374727389265	0.799763797506085	0.826542046855558
component	metabolic	metabolic:SYS_21732_TRPEG	metabolic:COMP_21732_TRPEG_COMP2	1	tryptophan_biosynthesis	8424	6027	2397	0.71545584045584	0.705724253402858	0.534931157572667	2038	0.760549558390579	0.741542782993171	1.3374727389265	0.324157496367928	0.364604315854962
component	metabolic	metabolic:SYS_22332_LEUCD	metabolic:COMP_22332_LARGE	1	oxobutanoate_biosynthesis_citramalate	8758	8634	124	0.985841516327929	0.983145567774246	0.743753187149414	2039	0.993133889161354	0.988507572337421	1.32549551835384	0.921050438973524	0.945063286510304
component	metabolic	metabolic:SYS_22332_LEUCD	metabolic:COMP_22332_SMALL	1	oxobutanoate_biosynthesis_citramalate	8751	8634	117	0.98663009941721	0.984001286920256	0.744348121706612	2062	0.982056256062076	0.975365781634761	1.32549551835384	0.924817713897418	0.887877143861233
component	metabolic	metabolic:SYS_24628_NASDE	metabolic:COMP_24628_NASD	1	nitrate_assimilation	1608	1573	35	0.978233830845771	0.969879869320524	0.178735339112698	327	0.975535168195719	0.952475027396983	5.4730857126635	0.86559279671183	0.800332001599624
component	metabolic	metabolic:SYS_24628_NASDE	metabolic:COMP_24628_NASE	1	nitrate_assimilation	2103	1573	530	0.747979077508321	0.728982038738127	0.136664966853646	415	0.768674698795181	0.725751700733795	5.4730857126635	0.349787383995639	0.346091585680696
component	metabolic	metabolic:SYS_24628_NIRBD	metabolic:COMP_24628_NIRB	1	nitrate_assimilation	2527	2474	53	0.979026513652552	0.972669520351252	0.225310215876254	396	0.982323232323232	0.963967097991867	4.34523800816142	0.876814479229963	0.842531655645384
component	metabolic	metabolic:SYS_24628_NIRBD	metabolic:COMP_24628_NIRD	1	nitrate_assimilation	2651	2474	177	0.933232742361373	0.92308996854669	0.214771375148734	399	0.974937343358396	0.954486174310956	4.34523800816142	0.705920497791857	0.807480134038904
component	metabolic	metabolic:SYS_24793_HISFH	metabolic:COMP_24793_HISFH_CYCLASE	1	histidine_biosynthesis	8516	8446	70	0.991780178487553	0.989628446041016	0.743243243243243	1899	0.994734070563454	0.990333474027582	1.3343951492378	0.950207915374762	0.953466634098206
component	metabolic	metabolic:SYS_24793_HISFH	metabolic:COMP_24793_HISFH_AMIDOTRANSFERASE	1	histidine_biosynthesis	8745	8446	299	0.965809033733562	0.961791216315289	0.723780384157743	1961	0.963284038755737	0.95401357644289	1.3343951492378	0.834283400404141	0.805791668565177
component	metabolic	metabolic:SYS_27786_ODH_COMPLEX	metabolic:COMP_27786_E1	2	oxoglutarate_to_succinate	7063	6863	200	0.971683420642786	0.967551136260808	0.593659697433282	2085	0.977937649880096	0.970698602218009	1.63676837899542	0.856394962482686	0.868863000621008
component	metabolic	metabolic:SYS_27786_ODH_COMPLEX	metabolic:COMP_27786_E2	2	oxoglutarate_to_succinate	6953	6863	90	0.987055947073206	0.984117298896504	0.602923678395377	2074	0.983124397299904	0.976621356457882	1.63711591108871	0.925330319358978	0.893103191789211
component	metabolic	metabolic:SYS_27786_ODH_COMPLEX	metabolic:COMP_27786_E3	2	oxoglutarate_to_succinate	6891	6863	28	0.995936729066899	0.994133657005369	0.905915349311576	2049	0.995119570522206	0.991039244618442	1.09937063084728	0.971340784186523	0.956746557174488
component	metabolic	metabolic:SYS_28042_PDH_E1	metabolic:COMP_28042_E1_FUSED	2	pyruvate_to_acetyl_coa	9694	4810	4884	0.49618320610687	0.486233690873874	0.423338432772395	2606	0.340368380660015	0.322422977649322	1.1720721949515	0.1591565656484	0.0868992466070995
component	metabolic	metabolic:SYS_28042_PDH_E1	metabolic:COMP_28042_E1_E2	2	pyruvate_to_acetyl_coa	4956	4810	146	0.970540758676352	0.965456445411896	0.827978922318545	910	0.974725274725275	0.962359417887574	1.17218051391767	0.84825014470057	0.836425280136089
component	metabolic	metabolic:SYS_28042_PDH_E1	metabolic:COMP_28042_E1_E3	2	pyruvate_to_acetyl_coa	4822	4810	12	0.997511406055579	0.995654941118475	0.905915349311576	889	0.997750281214848	0.991834582762904	1.1011088473262	0.978645845821458	0.960464218423971
component	metabolic	metabolic:SYS_28042_PDH_E1AB	metabolic:COMP_28042_AB_E1_ALPHA	3	pyruvate_to_acetyl_coa	5384	5339	45	0.991641901931649	0.988835298089719	0.474502804691484	1846	0.994582881906826	0.990056759908746	2.08985466919717	0.946562926437716	0.952185522848356
component	metabolic	metabolic:SYS_28042_PDH_E1AB	metabolic:COMP_28042_AB_E1_BETA	3	pyruvate_to_acetyl_coa	5385	5339	46	0.991457753017642	0.988625460926731	0.474842767295597	1850	0.992432432432432	0.987337260697943	2.08797063218285	0.94560229970372	0.939738601030242
component	metabolic	metabolic:SYS_28042_PDH_E1AB	metabolic:COMP_28042_AB_E2	3	pyruvate_to_acetyl_coa	5475	5339	136	0.975159817351598	0.970692061776543	0.827978922318545	1877	0.97815663292488	0.970502280405408	1.1777592292095	0.868836800656871	0.868077100783783
component	metabolic	metabolic:SYS_28042_PDH_E1AB	metabolic:COMP_28042_AB_E3	3	pyruvate_to_acetyl_coa	5365	5339	26	0.995153774464119	0.992908392883298	0.905915349311576	1847	0.994044396318354	0.989366764685063	1.09850636179237	0.965520037797838	0.949002880896559
component	metabolic	metabolic:SYS_29899_XACGHI	metabolic:COMP_29899_XAC_SBP	2	xylose_uptake_abc	19	18	1	0.947368421052632	0.753612686252676	0.00152983171851096	8	0.875	0.529111814943916	619.263157894737	0.379548724041469	0.183493024962932
component	metabolic	metabolic:SYS_29899_XACGHI	metabolic:COMP_29899_XAC_PERM1	2	xylose_uptake_abc	18	18	0	1	0.824120774066716	0.00161482236953935	7	1	0.645669561324132	619.263157894737	0.483776105925754	0.267101208214351
component	metabolic	metabolic:SYS_29899_XACGHI	metabolic:COMP_29899_XAC_PERM2	2	xylose_uptake_abc	18	18	0	1	0.824120774066716	0.00161482236953935	7	1	0.645669561324132	619.263157894737	0.483776105925754	0.267101208214351
component	metabolic	metabolic:SYS_29899_XYLFGH	metabolic:COMP_29899_SBP	2	xylose_uptake_abc	1917	1904	13	0.993218570683359	0.988431790796508	0.18018018018018	356	0.991573033707865	0.975520555602263	5.51236306729264	0.944717052777941	0.888518772091249
component	metabolic	metabolic:SYS_29899_XYLFGH	metabolic:COMP_29899_PERMEASE	2	xylose_uptake_abc	1931	1904	27	0.986017607457276	0.979732532444241	0.165476797552269	360	0.980555555555556	0.960413761588998	5.95864569560468	0.90626199048736	0.829125864940022
component	metabolic	metabolic:SYS_29899_XYLFGH	metabolic:COMP_29899_ATPASE	2	xylose_uptake_abc	1930	1904	26	0.986528497409326	0.980333858079742	0.171681115077341	358	0.986033519553073	0.967727180294689	5.7462843071872	0.908840326689614	0.85708498369147
component	metabolic	metabolic:SYS_30007_ARAFGH	metabolic:COMP_30007_SBP	2	arabinose_uptake_abc	987	978	9	0.990881458966565	0.982761269210756	0.0860955294917559	120	0.983333333333333	0.941264036528255	11.5090930367232	0.919366427826852	0.76219176569496
component	metabolic	metabolic:SYS_30007_ARAFGH	metabolic:COMP_30007_PERMEASE	2	arabinose_uptake_abc	996	978	18	0.981927710843373	0.971613929210697	0.085245622981472	124	0.951612903225806	0.898447531615991	11.5188050306911	0.872541796412349	0.638914253500985
component	metabolic	metabolic:SYS_30007_ARAFGH	metabolic:COMP_30007_ATPASE	2	arabinose_uptake_abc	986	978	8	0.991886409736308	0.984071821671186	0.0859255481896991	120	0.983333333333333	0.941264036528255	11.5435563768125	0.925129322375158	0.76219176569496
component	metabolic	metabolic:SYS_30007_XACGHI	metabolic:COMP_30007_XAC_SBP	2	arabinose_uptake_abc	19	18	1	0.947368421052632	0.753612686252676	0.00152983171851096	8	0.875	0.529111814943916	619.263157894737	0.379548724041469	0.183493024962932
component	metabolic	metabolic:SYS_30007_XACGHI	metabolic:COMP_30007_XAC_PERM1	2	arabinose_uptake_abc	18	18	0	1	0.824120774066716	0.00161482236953935	7	1	0.645669561324132	619.263157894737	0.483776105925754	0.267101208214351
component	metabolic	metabolic:SYS_30007_XACGHI	metabolic:COMP_30007_XAC_PERM2	2	arabinose_uptake_abc	18	18	0	1	0.824120774066716	0.00161482236953935	7	1	0.645669561324132	619.263157894737	0.483776105925754	0.267101208214351
component	metabolic	metabolic:SYS_30207_MAUAB	metabolic:COMP_30207_MAUA	1	methylamine_degradation	214	213	1	0.995327102803738	0.97401017353477	0.0224375318714941	40	0.975	0.871186309118164	44.3599192863212	0.882288113668456	0.574943785090065
component	metabolic	metabolic:SYS_30207_MAUAB	metabolic:COMP_30207_MAUB	1	methylamine_degradation	264	213	51	0.806818181818182	0.754933075890085	0.0181879993200748	44	0.886363636363636	0.760208474620271	44.3599192863212	0.38122778917587	0.388026555803967
component	metabolic	metabolic:SYS_30571_ENTBDEF	metabolic:COMP_30571_ENTB	3	enterobactin_biosynthesis	559	501	58	0.896243291592129	0.868201362815099	0.0978242393336733	46	0.956521739130435	0.854677408605032	9.16177112847349	0.568494278303722	0.540493654555097
component	metabolic	metabolic:SYS_30571_ENTBDEF	metabolic:COMP_30571_ENTD	3	enterobactin_biosynthesis	607	501	106	0.825370675453048	0.793148068438854	0.164456909739929	69	0.63768115942029	0.51979770779941	5.01876556453776	0.434029065899164	0.177963597674047
component	metabolic	metabolic:SYS_30571_ENTBDEF	metabolic:COMP_30571_ENTE	3	enterobactin_biosynthesis	507	501	6	0.988165680473373	0.97442423282805	0.123491415944246	44	1	0.919704395076508	8.00189772639347	0.883989404101015	0.696122186737502
component	metabolic	metabolic:SYS_30571_ENTBDEF	metabolic:COMP_30571_ENTF	3	enterobactin_biosynthesis	738	501	237	0.678861788617886	0.644323608062176	0.0656127825939147	70	0.628571428571429	0.511472010655613	10.3464867938835	0.265952089531137	0.173139006928384
component	metabolic	metabolic:SYS_31507_PDXST	metabolic:COMP_31507_PDXS	1	plp_biosynthesis_r5p	3700	3670	30	0.991891891891892	0.988448899855977	0.337242903280639	932	0.988197424892704	0.978989889150399	2.94117943548387	0.944795203797353	0.903093510128942
component	metabolic	metabolic:SYS_31507_PDXST	metabolic:COMP_31507_PDXT	1	plp_biosynthesis_r5p	3968	3670	298	0.924899193548387	0.916281575047769	0.314465408805031	1003	0.918245264207378	0.899650431339704	2.94117943548387	0.686418179621732	0.641966275839786
component	metabolic	metabolic:SYS_32171_PAAABCDE	metabolic:COMP_32171_PAAA	4	phenylacetate_degradation	1968	1954	14	0.992886178861789	0.98809421211722	0.201852796192419	342	0.997076023391813	0.983625771683657	4.91886264441592	0.943177144064734	0.923161540345707
component	metabolic	metabolic:SYS_32171_PAAABCDE	metabolic:COMP_32171_PAAB	4	phenylacetate_degradation	1966	1954	12	0.993896236012208	0.989361208505929	0.198198198198198	344	0.991279069767442	0.974677304655283	5.01465828169796	0.948977321098837	0.885031747414558
component	metabolic	metabolic:SYS_32171_PAAABCDE	metabolic:COMP_32171_PAAC	4	phenylacetate_degradation	1963	1954	9	0.995415180845644	0.991309132449945	0.194543600203978	342	0.997076023391813	0.983625771683657	5.11666885881601	0.958005535562765	0.923161540345707
component	metabolic	metabolic:SYS_32171_PAAABCDE	metabolic:COMP_32171_PAAD	4	phenylacetate_degradation	1965	1954	11	0.99440203562341	0.990003486358134	0.18969913309536	344	0.991279069767442	0.974677304655283	5.24199567703631	0.951939193809556	0.885031747414558
component	metabolic	metabolic:SYS_32171_PAAABCDE	metabolic:COMP_32171_PAAE	4	phenylacetate_degradation	2169	1954	215	0.900875979714154	0.887582468750022	0.198453170151283	399	0.854636591478697	0.816669989766218	4.53948898386156	0.612265130834559	0.471159376502463
component	metabolic	metabolic:SYS_34691_LCD	metabolic:COMP_34691_LCDA	1	propionate_formation_acrylate	12	12	0	1	0.757505990446902	0.00110487846336903	4	1	0.510109159603079	905.076923076923	0.384525484449183	0.172359600819435
component	metabolic	metabolic:SYS_34691_LCD	metabolic:COMP_34691_LCDB	1	propionate_formation_acrylate	13	12	1	0.923076923076923	0.666860488286395	0.00101988781234064	5	0.8	0.375534627029995	905.076923076923	0.285892344323732	0.107361205668597
component	metabolic	metabolic:SYS_40523_FRD_DEDICATED	metabolic:COMP_40523_FRDA	1	succinate_fumarate_interconversion	1080	1058	22	0.97962962962963	0.969349596006471	0.0903450620431752	160	0.975	0.937490106722383	10.8432005853455	0.863484946229421	0.749968342513853
component	metabolic	metabolic:SYS_40523_FRD_DEDICATED	metabolic:COMP_40523_FRDB	1	succinate_fumarate_interconversion	1063	1058	5	0.995296331138288	0.989036507747344	0.0917899031106578	158	0.987341772151899	0.95502675026699	10.8432005853455	0.947485507656556	0.80941810073576
component	metabolic	metabolic:SYS_40523_SDH_FRD_SHARED	metabolic:COMP_40523_FLAVOPROTEIN	1	succinate_fumarate_interconversion	8180	8039	141	0.982762836185819	0.979707284042873	0.688849226585076	1708	0.982435597189696	0.97503672692281	1.42667335355489	0.906153982520077	0.88651542077866
component	metabolic	metabolic:SYS_40523_SDH_FRD_SHARED	metabolic:COMP_40523_IRON_SULFUR	1	succinate_fumarate_interconversion	8105	8039	66	0.99185687847008	0.989653949110766	0.695223525412205	1698	0.988221436984688	0.981876475174666	1.42667335355489	0.950325485762623	0.915507577910498
component	metabolic	metabolic:SYS_40523_SDH_MITOCHONDRIAL	metabolic:COMP_40523_SDHA	1	succinate_fumarate_interconversion	1230	1218	12	0.990243902439024	0.98302475752353	0.106748257691654	917	0.991275899672846	0.982880042903022	9.27644088861271	0.92052052130842	0.919886381370401
component	metabolic	metabolic:SYS_40523_SDH_MITOCHONDRIAL	metabolic:COMP_40523_SDHB	1	succinate_fumarate_interconversion	1256	1218	38	0.969745222929936	0.958746694230334	0.104538500764916	927	0.980582524271845	0.969515676809542	9.27644088861271	0.822949195114497	0.86414426462545
component	metabolic	metabolic:SYS_42424_LEUCD	metabolic:COMP_42424_LARGE	1	oxobutanoate_biosynthesis_citramalate	8758	8634	124	0.985841516327929	0.983145567774246	0.743753187149414	2039	0.993133889161354	0.988507572337421	1.32549551835384	0.921050438973524	0.945063286510304
component	metabolic	metabolic:SYS_42424_LEUCD	metabolic:COMP_42424_SMALL	1	oxobutanoate_biosynthesis_citramalate	8751	8634	117	0.98663009941721	0.984001286920256	0.744348121706612	2062	0.982056256062076	0.975365781634761	1.32549551835384	0.924817713897418	0.887877143861233
component	metabolic	metabolic:SYS_45700_GBCAB	metabolic:COMP_45700_GBCA	1	betaine_demethylation	896	883	13	0.985491071428571	0.975335415209303	0.0786163522012579	115	0.982608695652174	0.938799832792219	12.5354464285714	0.887751342198468	0.754176838347746
component	metabolic	metabolic:SYS_45700_GBCAB	metabolic:COMP_45700_GBCB	1	betaine_demethylation	925	883	42	0.954594594594595	0.939194377641491	0.0761516233214346	121	0.933884297520661	0.874946469117122	12.5354464285714	0.755451566894555	0.583214392794472
component	metabolic	metabolic:SYS_55396_CNTAB	metabolic:COMP_55396_CNTA	1	carnitine_degradation_trimethylamine	294	271	23	0.921768707482993	0.885350542392206	0.0317015128335883	16	0.75	0.505016832702968	29.0764895770641	0.606987425814617	0.169472564908844
component	metabolic	metabolic:SYS_55396_CNTAB	metabolic:COMP_55396_CNTB	1	carnitine_degradation_trimethylamine	373	271	102	0.726541554959786	0.679169685528975	0.0249872514023457	38	0.31578947368421	0.190846035967616	29.0764895770641	0.297448150663804	0.0450468115232823
component	metabolic	metabolic:SYS_55543_VNF	metabolic:COMP_55543_VNFH	6	nitrogen_fixation	30	18	12	0.6	0.423203601212157	0.00186979432262451	10	0.3	0.107791266556394	320.890909090909	0.127964878001589	0.0235927250861184
component	metabolic	metabolic:SYS_55543_VNF	metabolic:COMP_55543_VNFD	6	nitrogen_fixation	18	18	0	1	0.824120774066716	0.00365459799422064	3	1	0.43850296436068	273.627906976744	0.483776105925754	0.135090747440382
component	metabolic	metabolic:SYS_55543_VNF	metabolic:COMP_55543_VNFK	6	nitrogen_fixation	18	18	0	1	0.824120774066716	0.00382457929627741	3	1	0.43850296436068	261.466666666667	0.483776105925754	0.135090747440382
component	metabolic	metabolic:SYS_55543_VNF	metabolic:COMP_55543_VNFG	6	nitrogen_fixation	18	18	0	1	0.824120774066716	0.00305966343702193	3	1	0.43850296436068	326.833333333333	0.483776105925754	0.135090747440382
component	metabolic	metabolic:SYS_55543_VNF	metabolic:COMP_55543_NIFB	6	nitrogen_fixation	18	18	0	1	0.824120774066716	0.0882202957674656	3	1	0.43850296436068	11.3352601156069	0.483776105925754	0.135090747440382
component	metabolic	metabolic:SYS_55543_VNF	metabolic:COMP_55543_VNFE	6	nitrogen_fixation	18	18	0	1	0.824120774066716	0.00373958864524902	3	1	0.43850296436068	267.409090909091	0.483776105925754	0.135090747440382
component	metabolic	metabolic:SYS_55543_VNF	metabolic:COMP_55543_VNFN	6	nitrogen_fixation	20	18	2	0.9	0.698966352813588	0.0669726330103689	3	1	0.43850296436068	13.4383248730964	0.317116003887658	0.135090747440382
component	metabolic	metabolic:SYS_57952_DMP	metabolic:COMP_57952_P0	5	phenol_hydroxylation	234	206	28	0.88034188034188	0.832496088927044	0.0186129525752167	57	0.859649122807018	0.746755352862233	47.2972719822035	0.498495982221812	0.370970340722672
component	metabolic	metabolic:SYS_57952_DMP	metabolic:COMP_57952_P1	5	phenol_hydroxylation	207	206	1	0.995169082125604	0.973147828672546	0.0210776814550399	50	0.98	0.895045563061035	47.2143525011688	0.87876123926217	0.630394685850158
component	metabolic	metabolic:SYS_57952_DMP	metabolic:COMP_57952_P2	5	phenol_hydroxylation	206	206	0	1	0.981693518040832	0.0218425973142954	49	1	0.927302179716016	45.7821011673152	0.914712822881249	0.718398236235343
component	metabolic	metabolic:SYS_57952_DMP	metabolic:COMP_57952_P3	5	phenol_hydroxylation	207	206	1	0.995169082125604	0.973147828672546	0.0219275879653238	49	1	0.927302179716016	45.3843388383328	0.87876123926217	0.718398236235343
component	metabolic	metabolic:SYS_57952_DMP	metabolic:COMP_57952_P4	5	phenol_hydroxylation	207	206	1	0.995169082125604	0.973147828672546	0.0207377188509264	49	1	0.927302179716016	47.9883582798765	0.87876123926217	0.718398236235343
component	metabolic	metabolic:SYS_57952_DMP	metabolic:COMP_57952_P5	5	phenol_hydroxylation	206	206	0	1	0.981693518040832	0.0213326534081251	49	1	0.927302179716016	46.8764940239044	0.914712822881249	0.718398236235343
component	metabolic	metabolic:SYS_74155_DGCAB	metabolic:COMP_74155_DGCA	1	sarcosine_demethylation	564	563	1	0.99822695035461	0.990025925436584	0.0496345402005779	59	1	0.938870628567801	20.1115381812883	0.952042936492004	0.754405333258932
component	metabolic	metabolic:SYS_74155_DGCAB	metabolic:COMP_74155_DGCB	1	sarcosine_demethylation	584	563	21	0.964041095890411	0.945655085207719	0.0479347271800102	61	0.967213114754098	0.888105094902072	20.1115381812883	0.776795536285812	0.613510360598855
component	metabolic	metabolic:SYS_74167_DGCAB	metabolic:COMP_74167_DGCA	1	betaine_demethylation	564	563	1	0.99822695035461	0.990025925436584	0.0496345402005779	59	1	0.938870628567801	20.1115381812883	0.952042936492004	0.754405333258932
component	metabolic	metabolic:SYS_74167_DGCAB	metabolic:COMP_74167_DGCB	1	betaine_demethylation	584	563	21	0.964041095890411	0.945655085207719	0.0479347271800102	61	0.967213114754098	0.888105094902072	20.1115381812883	0.776795536285812	0.613510360598855
component	regulatory	regulatory:SYS_RF_CHEMOTAXIS_ADAPTATION	regulatory:COMP_RF_CHER	1	aspartate_chemoreception;chemotaxis_signal_transduction	5123	4978	145	0.971696271715792	0.966789576245782	0.448155702872684	1236	0.983009708737864	0.974165590956677	2.168211328088	0.853419838357364	0.882926095347727
component	regulatory	regulatory:SYS_RF_CHEMOTAXIS_ADAPTATION	regulatory:COMP_RF_CHEB	1	aspartate_chemoreception;chemotaxis_signal_transduction	5273	4978	295	0.944054617864593	0.93752221746693	0.435407105218426	1276	0.952194357366771	0.939069688073784	2.168211328088	0.750071100949161	0.755048359756434
component	regulatory	regulatory:SYS_RF_CHEMOTAXIS_KINASE	regulatory:COMP_RF_CHEA	1	aspartate_chemoreception;chemotaxis_signal_transduction	5009	4779	230	0.95408265122779	0.947930116972027	0.424868264490906	1239	0.939467312348668	0.924781634934058	2.24559641415207	0.78452882117037	0.710892844832538
component	regulatory	regulatory:SYS_RF_CHEMOTAXIS_KINASE	regulatory:COMP_RF_CHEW	1	aspartate_chemoreception;chemotaxis_signal_transduction	4999	4779	220	0.955991198239648	0.949946519192596	0.42571817100119	1195	0.974058577405858	0.963414009720781	2.24559641415207	0.791481002516965	0.840423156050067
component	regulatory	regulatory:SYS_RF_PST_PHOU	regulatory:COMP_RF_PSTS	4	phosphate_starvation_response	7872	7830	42	0.994664634146341	0.992796503001636	0.733979262281149	1733	0.997114829774957	0.993263654782486	1.35516721692518	0.964991256522411	0.967202027766041
component	regulatory	regulatory:SYS_RF_PST_PHOU	regulatory:COMP_RF_PSTC	4	phosphate_starvation_response	7877	7830	47	0.994033261393932	0.992075159823519	0.732024477307496	1739	0.993674525589419	0.988708510173684	1.35792352880077	0.961593267969756	0.945982311585132
component	regulatory	regulatory:SYS_RF_PST_PHOU	regulatory:COMP_RF_PSTA	4	phosphate_starvation_response	7885	7830	55	0.993024730500951	0.990932480772479	0.730154682984872	1739	0.993674525589419	0.988708510173684	1.36001966931372	0.956249247037227	0.945982311585132
component	regulatory	regulatory:SYS_RF_PST_PHOU	regulatory:COMP_RF_PSTB	4	phosphate_starvation_response	7851	7830	21	0.997325181505541	0.995914145857339	0.747067822539521	1731	0.998266897746967	0.994916753375466	1.33498613032926	0.979899244310316	0.975090256358465
component	regulatory	regulatory:SYS_RF_PST_PHOU	regulatory:COMP_RF_PHOU	4	phosphate_starvation_response	8410	7830	580	0.931034482758621	0.925419719122766	0.68969913309536	1832	0.943231441048035	0.931678369086001	1.34991395245076	0.712781839843798	0.731711481883014
component	structural	structural:SYS_SF_FLAGELLAR_C_RING	structural:COMP_SF_FLIG	2	flagellar_apparatus	4831	4781	50	0.989650175947009	0.986381971146474	0.424188339282679	1094	0.993601462522852	0.98685145670657	2.33304427373122	0.935427268988627	0.937542199887992
component	structural	structural:SYS_SF_FLAGELLAR_C_RING	structural:COMP_SF_FLIM	2	flagellar_apparatus	4862	4781	81	0.983340189222542	0.97934211593483	0.417729049804522	1112	0.977517985611511	0.967021919803652	2.35401437769938	0.904594114556647	0.854325818392606
component	structural	structural:SYS_SF_FLAGELLAR_C_RING	structural:COMP_SF_FLIN	2	flagellar_apparatus	4858	4781	77	0.984149855907781	0.980235827803487	0.430222675505694	1103	0.985494106980961	0.976566632168783	2.28753599458928	0.908419212809161	0.892874413897056
component	structural	structural:SYS_SF_FLAGELLAR_EXPORT_ATPASE	structural:COMP_SF_FLII	1	flagellar_apparatus	4457	4420	37	0.991698451873458	0.988578948153362	0.430307666156723	963	0.993769470404984	0.986473790271188	2.30462650301069	0.94538957475899	0.935840301507715
component	structural	structural:SYS_SF_FLAGELLAR_EXPORT_ATPASE	structural:COMP_SF_FLIH	1	flagellar_apparatus	5063	4420	643	0.873000197511357	0.863544759162727	0.37880333163352	1127	0.849157054125998	0.82707778413278	2.30462650301069	0.558631807717122	0.488906560770769
component	structural	structural:SYS_SF_FLAGELLAR_EXPORT_GATE	structural:COMP_SF_FLHA	4	flagellar_apparatus	4762	4693	69	0.985510289794204	0.981703805712977	0.428692843787183	1094	0.989031078610603	0.980925499883354	2.29887273388553	0.914757483163134	0.91138838821415
component	structural	structural:SYS_SF_FLAGELLAR_EXPORT_GATE	structural:COMP_SF_FLHB	4	flagellar_apparatus	4759	4693	66	0.986131540239546	0.982395176099254	0.414584395716471	1097	0.986326344576117	0.977562260257239	2.37860264503044	0.917766692112792	0.897051066768744
component	structural	structural:SYS_SF_FLAGELLAR_EXPORT_GATE	structural:COMP_SF_FLIP	4	flagellar_apparatus	4722	4693	29	0.993858534519272	0.991193765959311	0.423253442121367	1086	0.996316758747698	0.990567940436991	2.34814046529192	0.957467050236779	0.954554288804471
component	structural	structural:SYS_SF_FLAGELLAR_EXPORT_GATE	structural:COMP_SF_FLIQ	4	flagellar_apparatus	4709	4693	16	0.996602251008707	0.994487509181951	0.425548189699133	1083	0.999076638965836	0.99478830336736	2.3419257210642	0.973032185234857	0.974473659018153
component	structural	structural:SYS_SF_FLAGELLAR_EXPORT_GATE	structural:COMP_SF_FLIR	4	flagellar_apparatus	4718	4693	25	0.994701144552777	0.992189171895211	0.419258881523032	1090	0.992660550458716	0.985584377245836	2.37252253533508	0.962129072689618	0.931851498580104
component	structural	structural:SYS_SF_FLAGELLAR_FILAMENT	structural:COMP_SF_FLIC	1	flagellar_apparatus	4076	4034	42	0.989695780176644	0.98610184283409	0.411354750977392	882	0.982993197278912	0.972130407496907	2.40594226230545	0.934168936062462	0.87462827323044
component	structural	structural:SYS_SF_FLAGELLAR_FILAMENT	structural:COMP_SF_FLID	1	flagellar_apparatus	4840	4034	806	0.833471074380165	0.82271164241965	0.346421893591705	1104	0.785326086956522	0.760138281484542	2.40594226230545	0.481356224563727	0.387935131871585
component	structural	structural:SYS_SF_FLAGELLAR_HOOK_FILAMENT_JUNCTION	structural:COMP_SF_FLGK	1	flagellar_apparatus	4843	4739	104	0.978525707206277	0.974047878848601	0.409484956654768	1102	0.983666061705989	0.974328444134041	2.38964995246763	0.882442826299382	0.883595372284068
component	structural	structural:SYS_SF_FLAGELLAR_HOOK_FILAMENT_JUNCTION	structural:COMP_SF_FLGL	1	flagellar_apparatus	4818	4739	79	0.983603154836032	0.979612706534193	0.411609722930478	1110	0.976576576576577	0.965900062018193	2.38964995246763	0.905749576817738	0.849965041245491
component	structural	structural:SYS_SF_FLAGELLAR_OUTER_RING	structural:COMP_SF_FLGH	1	flagellar_apparatus	3781	3681	100	0.973551970378207	0.967936676399052	0.316165221825599	847	0.97874852420307	0.966658219123214	3.07925066759946	0.857907245828643	0.852908293415059
component	structural	structural:SYS_SF_FLAGELLAR_OUTER_RING	structural:COMP_SF_FLGI	1	flagellar_apparatus	3720	3681	39	0.989516129032258	0.985701072567461	0.321349651538331	832	0.996394230769231	0.98945271548292	3.07925066759946	0.932373318861704	0.949398414683975
component	structural	structural:SYS_SF_FLAGELLAR_ROD	structural:COMP_SF_FLIE	4	flagellar_apparatus	4520	4491	29	0.99358407079646	0.990800863179499	0.416624171341152	1036	0.997104247104247	0.991520911374442	2.38484499734622	0.955636731022028	0.958995287246227
component	structural	structural:SYS_SF_FLAGELLAR_ROD	structural:COMP_SF_FLGB	4	flagellar_apparatus	4514	4491	23	0.99490474080638	0.992365573125812	0.416794152643209	1037	0.996142719382835	0.990124199334467	2.38704102372102	0.962959012471593	0.95249749764964
component	structural	structural:SYS_SF_FLAGELLAR_ROD	structural:COMP_SF_FLGC	4	flagellar_apparatus	4497	4491	6	0.99866577718479	0.997091959192689	0.42257351691314	1034	0.999032882011605	0.994542271086637	2.36329475751332	0.98562698521749	0.973294363921878
component	structural	structural:SYS_SF_FLAGELLAR_ROD	structural:COMP_SF_FLGF	4	flagellar_apparatus	4644	4491	153	0.967054263565892	0.961522205451028	0.390702022777494	1049	0.984747378455672	0.975367459544613	2.47517086471966	0.833272286134139	0.887884095897094
component	structural	structural:SYS_SF_FLAGELLAR_ROD	structural:COMP_SF_FLGG	4	flagellar_apparatus	4513	4491	22	0.995125193884334	0.992629733612128	0.406680265170831	1044	0.989463601532567	0.981231798245943	2.44694734195258	0.964203973076847	0.912711950150861
component	structural	structural:SYS_SF_FLAGELLAR_STATOR_MOTAB	structural:COMP_SF_MOTA	1	flagellar_apparatus	4869	4840	29	0.994043951530088	0.991459227268007	0.421893591704912	1112	0.991007194244604	0.983525618024676	2.35614849591116	0.958706838375322	0.922720610827566
component	structural	structural:SYS_SF_FLAGELLAR_STATOR_MOTAB	structural:COMP_SF_MOTB	1	flagellar_apparatus	4964	4840	124	0.975020145044319	0.970297548761511	0.413819479857216	1129	0.976085031000886	0.965428372034367	2.35614849591116	0.867258710520008	0.848141800832444
component	structural	structural:SYS_T4AP_ALIGNMENT_COMPLEX	structural:COMP_T4AP_PILM	3	type_iva_pilus	1605	1591	14	0.991277258566978	0.985411491149178	0.238908720040796	364	0.991758241758242	0.976052200616361	4.14918826904983	0.931079259100369	0.890728272696844
component	structural	structural:SYS_T4AP_ALIGNMENT_COMPLEX	structural:COMP_T4AP_PILN	3	type_iva_pilus	1603	1591	12	0.992514036182158	0.986960628174312	0.219360870304267	365	0.989041095890411	0.972165259883599	4.52457192937593	0.938035075627724	0.87476934982672
component	structural	structural:SYS_T4AP_ALIGNMENT_COMPLEX	structural:COMP_T4AP_PILO	3	type_iva_pilus	1601	1591	10	0.993753903810119	0.988540327615054	0.193013768485467	362	0.997237569060773	0.984520616723561	5.14861665884186	0.945213002255686	0.92711588803338
component	structural	structural:SYS_T4AP_ALIGNMENT_COMPLEX	structural:COMP_T4AP_PILP	3	type_iva_pilus	1989	1591	398	0.79989944695827	0.781746623003522	0.142954275029747	523	0.690248565965583	0.649353337059464	5.59549161290785	0.417373724039049	0.270272598319484
unit	defense	defense:MECH_MG_GLYOXALASE	defense:DF_MG_GLYOXALASE_I	1	methylglyoxal_detoxification	9652	7011	2641	0.726377952755906	0.717395221053649	0.633180350161482	2734	0.769568397951719	0.753411751477281	1.14718966337262	0.336739008647682	0.379293989395932
unit	defense	defense:MECH_MG_GLYOXALASE	defense:DF_MG_GLYOXALASE_II	1	methylglyoxal_detoxification	7450	7011	439	0.941073825503356	0.935495741381313	0.82032976372599	2241	0.938866577420794	0.928176635257095	1.14718966337262	0.743627244898081	0.721029559179606
unit	defense	defense:MECH_SUPEROXIDE_COMPLETE	defense:DF_SUPEROXIDE_REMOVAL	1	superoxide_detoxification	8980	8620	360	0.959910913140312	0.955653047622072	0.884837667856536	2539	0.947617172115006	0.938254966028849	1.08484408836893	0.811672279856883	0.752421741957625
unit	defense	defense:MECH_SUPEROXIDE_COMPLETE	defense:DF_PEROXIDE_REMOVAL	1	superoxide_detoxification	10411	8620	1791	0.827970415906253	0.820600226780554	0.763216046234914	2796	0.860515021459227	0.847177970218201	1.08484408836893	0.477760049002857	0.525776836657308
unit	defense	defense:MECH_TYPE_I_E_CRISPR	defense:DF_CRISPR_I_E_SURVEILLANCE	1	type_i_e_crispr_cas_machinery	2700	724	1976	0.268148148148148	0.251776607820872	0.0671426143124256	822	0.248175182481752	0.219862978216357	3.99371026722925	0.0630561780543037	0.0533577023170355
unit	defense	defense:MECH_TYPE_I_E_CRISPR	defense:DF_CRISPR_I_E_INTERFERENCE_NUCLEASE	1	type_i_e_crispr_cas_machinery	790	724	66	0.916455696202532	0.895086794460118	0.229474757776645	216	0.944444444444444	0.905418987461129	3.99371026722925	0.630496964108832	0.656898490132994
unit	defense	defense:MECH_TYPE_I_RM	defense:DF_TYPE_I_RM_SPECIFICITY	2	type_i_restriction_modification	5153	4663	490	0.904909761304095	0.896596247318028	0.425293217746048	1270	0.936220472440945	0.921421659945563	2.12773146512869	0.634257729660325	0.701066950877609
unit	defense	defense:MECH_TYPE_I_RM	defense:DF_TYPE_I_RM_MODIFICATION	2	type_i_restriction_modification	4743	4663	80	0.983133038161501	0.979057967438125	0.487251402345742	1208	0.984271523178808	0.975564899462114	2.01771207518022	0.903383242331123	0.888702736594217
unit	defense	defense:MECH_TYPE_I_RM	defense:DF_TYPE_I_RM_RESTRICTION	2	type_i_restriction_modification	4873	4663	210	0.956905397085984	0.950834801204386	0.451130375658678	1235	0.962753036437247	0.950676011052246	2.12112827846904	0.794573370358818	0.794019228457316
unit	metabolic	metabolic:ACETATE_PTA_ACKA	metabolic:RHEA:19521	1	acetate_interconversion	7558	6551	1007	0.866763694098968	0.858915688949335	0.59009009009009	1597	0.768315591734502	0.746994001002142	1.46886671824405	0.549060435741988	0.371264956327749
unit	metabolic	metabolic:ACETATE_PTA_ACKA	metabolic:RHEA:11352	1	acetate_interconversion	6943	6551	392	0.943540256373326	0.937861895930532	0.642359340472548	1288	0.952639751552795	0.939632991823096	1.46886671824405	0.751159409651735	0.75687248247043
unit	metabolic	metabolic:ADI_CANONICAL	metabolic:RHEA:19597	2	arginine_deiminase_pathway	2512	1747	765	0.69546178343949	0.677177778199223	0.247577766445691	500	0.56	0.516196873239815	2.8090639697731	0.295544478036477	0.175863543781449
unit	metabolic	metabolic:ADI_CANONICAL	metabolic:RHEA:19513	2	arginine_deiminase_pathway	1755	1747	8	0.995441595441595	0.9910306247976	0.802056773754887	282	0.99290780141844	0.974514200638538	1.24111113828185	0.95670639049796	0.88435974095337
unit	metabolic	metabolic:ADI_CANONICAL	metabolic:RHEA:10152	2	arginine_deiminase_pathway	2740	1747	993	0.637591240875912	0.619411390696834	0.219615842257352	404	0.693069306930693	0.646451716174676	2.90321150934442	0.245568735923297	0.267771333917738
unit	metabolic	metabolic:ALLANTOIN_ALLANTOICASE	metabolic:RHEA:17029	2	allantoin_degradation	756	740	16	0.978835978835979	0.965898863469772	0.370814210436852	170	0.958823529411765	0.917456070667048	2.63969381778229	0.849960400780552	0.689725469133782
unit	metabolic	metabolic:ALLANTOIN_ALLANTOICASE	metabolic:RHEA:11016	2	allantoin_degradation	1637	740	897	0.452046426389737	0.428077227885698	0.160037395886452	342	0.476608187134503	0.424228838939825	2.82462998029827	0.130206037114812	0.128434141001962
unit	metabolic	metabolic:ALLANTOIN_ALLANTOICASE	metabolic:RHEA:11304	2	allantoin_degradation	1660	740	920	0.44578313253012	0.42202470866895	0.147883732789393	517	0.315280464216634	0.276717099461903	3.01441628583299	0.127426721874304	0.0710782803511999
unit	metabolic	metabolic:ALLANTOIN_DEIMINASE	metabolic:RHEA:17029	3	allantoin_degradation	225	204	21	0.906666666666667	0.861537175162734	0.370814210436852	30	0.933333333333333	0.786765414831258	2.44506990602796	0.554452781629521	0.424604207037275
unit	metabolic	metabolic:ALLANTOIN_DEIMINASE	metabolic:RHEA:27485	3	allantoin_degradation	893	204	689	0.228443449048152	0.202105371976602	0.135475097739249	151	0.185430463576159	0.131523979490371	1.68623941122996	0.0482170073621393	0.0293980329212697
unit	metabolic	metabolic:ALLANTOIN_DEIMINASE	metabolic:RHEA:25241	3	allantoin_degradation	272	204	68	0.75	0.695300178015585	0.13224545300017	47	0.595744680851064	0.453421228407727	5.67127249357326	0.313367766879832	0.14230269641174
unit	metabolic	metabolic:ALLANTOIN_DEIMINASE	metabolic:RHEA:11304	3	allantoin_degradation	529	204	325	0.385633270321361	0.345121008922792	0.147883732789393	193	0.145077720207254	0.102320337339124	2.607678769311	0.0953500446816499	0.0222885228056355
unit	metabolic	metabolic:AMMONIUM_GS_GOGAT	metabolic:RHEA:16169	1	ammonium_assimilation	6242	6085	157	0.974847805190644	0.970661415276798	0.930392656807751	1284	0.972741433021807	0.962326823308589	1.04778106110104	0.868714052015612	0.836302183589472
unit	metabolic	metabolic:AMMONIUM_GS_GOGAT	metabolic:RHEA:15501	1	ammonium_assimilation	10947	6085	4862	0.555860052982552	0.546534352476209	0.530511643719191	3049	0.409642505739587	0.392311434882171	1.04778106110104	0.194229225833564	0.114351365646421
unit	metabolic	metabolic:AMMONIUM_GS_GOGAT_FD	metabolic:RHEA:16169	1	ammonium_assimilation	784	784	0	1	0.995124071171945	0.930392656807751	413	1	0.990784364656036	1.0748150178131	0.976086753020996	0.955559994810231
unit	metabolic	metabolic:AMMONIUM_GS_GOGAT_FD	metabolic:RHEA:12128	1	ammonium_assimilation	10947	784	10163	0.0716177948296337	0.0669362740496792	0.0666326704062553	3049	0.135454247294195	0.123765205454512	1.0748150178131	0.0141446890352232	0.0274732245118701
unit	metabolic	metabolic:AMP_ADENYLOSUCCINATE	metabolic:RHEA:15753	1	adenylate_biosynthesis	11064	10955	109	0.990148228488792	0.988130232946941	0.943906170321265	3033	0.987471150675898	0.98285076712946	1.04899010052216	0.943341268511849	0.919758178386526
unit	metabolic	metabolic:AMP_ADENYLOSUCCINATE	metabolic:RHEA:16853	1	adenylate_biosynthesis	11106	10955	151	0.986403745723033	0.984075571866728	0.940336562978072	3048	0.98261154855643	0.977326901644165	1.04899010052216	0.925145894620054	0.896060986156366
unit	metabolic	metabolic:ARA_ISOMERASE	metabolic:RHEA:14821	2	arabinose_degradation	1580	1430	150	0.90506329113924	0.889611392659521	0.182389937106918	360	0.866666666666667	0.827652399468808	4.96224356176342	0.617119530514914	0.489911863135874
unit	metabolic	metabolic:ARA_ISOMERASE	metabolic:RHEA:22072	2	arabinose_degradation	2023	1430	593	0.706870983687593	0.686658034334765	0.162757096719361	440	0.709090909090909	0.664988881287841	4.34310391335155	0.30472522738649	0.284177881418623
unit	metabolic	metabolic:ARA_ISOMERASE	metabolic:RHEA:22368	2	arabinose_degradation	1449	1430	19	0.986887508626639	0.979610682412755	0.236528981812001	322	0.968944099378882	0.943785901661889	4.17237456934999	0.905740924931947	0.770527799653914
unit	metabolic	metabolic:ARG_CANONICAL	metabolic:RHEA:19513	2	arginine_biosynthesis	9921	8757	1164	0.882673117629271	0.876192084550107	0.802056773754887	2779	0.868657790572148	0.855588963839062	1.10051201674536	0.585990858095912	0.542320628352006
unit	metabolic	metabolic:ARG_CANONICAL	metabolic:RHEA:10932	2	arginine_biosynthesis	8829	8757	72	0.99184505606524	0.989743433888678	0.860700322964474	2438	0.990155865463495	0.985393676987736	1.15236979655017	0.950738197192426	0.930999744989149
unit	metabolic	metabolic:ARG_CANONICAL	metabolic:RHEA:24020	2	arginine_biosynthesis	8855	8757	98	0.988932806324111	0.98653197680118	0.852201257861635	2440	0.989344262295082	0.984432255666218	1.16044513804822	0.936102192614771	0.926724232018295
unit	metabolic	metabolic:ASA_CANONICAL	metabolic:RHEA:23776	1	aspartate_semialdehyde_biosynthesis	10225	10074	151	0.985232273838631	0.982705401195883	0.86460989291178	2370	0.987763713080169	0.982481947489164	1.13951075729729	0.919122015177761	0.918145465575045
unit	metabolic	metabolic:ASA_CANONICAL	metabolic:RHEA:24284	1	aspartate_semialdehyde_biosynthesis	10173	10074	99	0.990268357416691	0.988167072923968	0.869029406765256	2374	0.986099410278012	0.980543227711261	1.13951075729729	0.943509172012026	0.909740753018215
unit	metabolic	metabolic:BENZOATE_TO_CATECHOL	metabolic:RHEA:12633	1	benzoate_degradation_catechol	802	753	49	0.938902743142145	0.92014212025565	0.0729219785823559	73	0.89041095890411	0.798373779252647	12.8754425125996	0.697377701700492	0.441943881121148
unit	metabolic	metabolic:BENZOATE_TO_CATECHOL	metabolic:RHEA:11560	1	benzoate_degradation_catechol	858	753	105	0.877622377622378	0.853994973384626	0.0681625021247663	81	0.802469135802469	0.702956092179884	12.8754425125996	0.539131397323197	0.321252134486359
unit	metabolic	metabolic:BETAINE_BETA	metabolic:RHEA:17433	1	choline_to_betaine	3768	2201	1567	0.584129511677282	0.568314455029315	0.244093149753527	734	0.434604904632153	0.399176145786417	2.39305983091745	0.208422512118016	0.117291065538876
unit	metabolic	metabolic:BETAINE_BETA	metabolic:RHEA:15305	1	choline_to_betaine	2872	2201	671	0.766364902506964	0.750539917580626	0.320244773074962	842	0.378859857482185	0.346713681350775	2.39305983091745	0.375675626541077	0.0959589651123165
unit	metabolic	metabolic:BETAINE_CMO	metabolic:RHEA:17769	1	choline_to_betaine	3768	161	3607	0.0427282377919321	0.036722908852262	0.0145334013258542	734	0.158038147138965	0.133437897948917	2.94000260736768	0.0075668841685461	0.0298769539338197
unit	metabolic	metabolic:BETAINE_CMO	metabolic:RHEA:15305	1	choline_to_betaine	171	161	10	0.941520467836257	0.89571126201367	0.320244773074962	125	0.928	0.868817160740154	2.94000260736768	0.632048923643905	0.56981654947214
unit	metabolic	metabolic:BETAINE_CODA	metabolic:RHEA:13505	1	choline_to_betaine	279	279	0	1	0.986418331681325	0.0237123916369199	38	1	0.908190130459022	42.1720430107527	0.935590796178516	0.664250956005632
unit	metabolic	metabolic:BETAINE_CODA	metabolic:RHEA:20369	1	choline_to_betaine	279	279	0	1	0.986418331681325	0.0237123916369199	38	1	0.908190130459022	42.1720430107527	0.935590796178516	0.664250956005632
unit	metabolic	metabolic:BETAINE_GBC_DGC	metabolic:RHEA:45700	1	betaine_demethylation	563	556	7	0.987566607460036	0.974560290768596	0.0750467448580656	59	0.949152542372881	0.860834976898114	13.1593530049544	0.884549556677977	0.553001249981773
unit	metabolic	metabolic:BETAINE_GBC_DGC	metabolic:RHEA:74167	1	betaine_demethylation	883	556	327	0.629671574178935	0.597323329774755	0.0478497365289818	113	0.495575221238938	0.405063316587385	13.1593530049544	0.228797564331744	0.119850198405215
unit	metabolic	metabolic:BETAINE_GBC_DMGDH	metabolic:RHEA:45700	1	betaine_demethylation	962	123	839	0.127858627858628	0.108227032856162	0.0750467448580656	613	0.0456769983686786	0.031788956709424	1.70371983622267	0.0236971438216157	0.00652369654759432
unit	metabolic	metabolic:BETAINE_GBC_DMGDH	metabolic:RHEA:52856	1	betaine_demethylation	883	123	760	0.139297848244621	0.118017854453016	0.0817610062893082	113	0.247787610619469	0.177360186656284	1.70371983622267	0.0260644248933777	0.0413373120338045
unit	metabolic	metabolic:BETAINE_GBC_DMGO	metabolic:RHEA:45700	1	betaine_demethylation	437	79	358	0.180778032036613	0.147528518469739	0.0750467448580656	88	0.159090909090909	0.0971990229101162	2.4088723951787	0.0334540441501865	0.0210788819670079
unit	metabolic	metabolic:BETAINE_GBC_DMGO	metabolic:RHEA:17077	1	betaine_demethylation	883	79	804	0.0894677236693092	0.0723772365966235	0.0371409144994051	113	0.123893805309735	0.0752545984657955	2.4088723951787	0.0153651149684493	0.0160150868365847
unit	metabolic	metabolic:BETAINE_GBS	metabolic:RHEA:33051	1	choline_to_betaine	3768	106	3662	0.0281316348195329	0.0233135500788668	0.00934897161312256	734	0.0122615803814714	0.0064640391219289	3.00906195715113	0.00475132624159289	0.00129952798416955
unit	metabolic	metabolic:BETAINE_GBS	metabolic:RHEA:15305	1	choline_to_betaine	110	106	4	0.963636363636364	0.910213206610605	0.320244773074962	12	0.75	0.467694662918337	3.00906195715113	0.669694367408434	0.149460396327807
unit	metabolic	metabolic:BIOTIN_LYS	metabolic:RHEA:20712	3	biotin_biosynthesis	94	85	9	0.904255319148936	0.827958791967522	0.527112017678055	10	0.9	0.595849970475228	1.71548985570887	0.490449022636557	0.22771915599702
unit	metabolic	metabolic:BIOTIN_LYS	metabolic:RHEA:26329	3	biotin_biosynthesis	5843	85	5758	0.0145473215813794	0.0117807422114863	0.00832908380078191	1228	0.00732899022801303	0.00386055354737541	1.74656924210725	0.00237856545546848	0.000774502716843852
unit	metabolic	metabolic:BIOTIN_LYS	metabolic:RHEA:15805	3	biotin_biosynthesis	85	85	0	1	0.956760515533309	0.544110147883733	9	1	0.700854948272956	1.83786316776007	0.815681862619344	0.319066404253662
unit	metabolic	metabolic:BIOTIN_LYS	metabolic:RHEA:22060	3	biotin_biosynthesis	86	85	1	0.988372093023256	0.937035933453681	0.638619751827299	10	0.9	0.595849970475228	1.54766915710828	0.748517189045246	0.22771915599702
unit	metabolic	metabolic:BIOTIN_SAM	metabolic:RHEA:20712	3	biotin_biosynthesis	5898	5540	358	0.939301458121397	0.932917009082669	0.527112017678055	1233	0.922952149229522	0.906719132582312	1.78197693586849	0.735546399369856	0.660333285833157
unit	metabolic	metabolic:BIOTIN_SAM	metabolic:RHEA:16861	3	biotin_biosynthesis	5843	5540	303	0.948143077186377	0.94215736385849	0.519887812340643	1228	0.92671009771987	0.910765299248222	1.82374553640263	0.765129040982968	0.671191137897947
unit	metabolic	metabolic:BIOTIN_SAM	metabolic:RHEA:15805	3	biotin_biosynthesis	5623	5540	83	0.985239196158634	0.981739605163136	0.544110147883733	1159	0.981880931837791	0.972459210207391	1.8107348300535	0.914912920485481	0.875960620900136
unit	metabolic	metabolic:BIOTIN_SAM	metabolic:RHEA:22060	3	biotin_biosynthesis	5590	5540	50	0.991055456171735	0.988227999904269	0.638619751827299	1149	0.990426457789382	0.982938577577698	1.55187097382441	0.943786959207696	0.920142797733797
unit	metabolic	metabolic:CARNITINE_CDH	metabolic:RHEA:19265	1	carnitine_to_betaine	1082	944	138	0.872458410351202	0.851256049297054	0.100373958864525	186	0.827956989247312	0.767224437565114	8.69207930244897	0.533710948966357	0.397298712519544
unit	metabolic	metabolic:CARNITINE_CDH	metabolic:RHEA:47044	1	carnitine_to_betaine	1181	944	237	0.799322607959357	0.775526609584819	0.0919598844127146	207	0.743961352657005	0.68043779072745	8.69207930244897	0.40862492252	0.298667019883795
unit	metabolic	metabolic:CATECHOL_META_HYDROLYTIC	metabolic:RHEA:17337	1	catechol_meta_cleavage	355	183	172	0.515492957746479	0.463618781910503	0.0283868774434812	79	0.658227848101266	0.548490993440472	18.1595513198954	0.147389958980982	0.195468264951609
unit	metabolic	metabolic:CATECHOL_META_HYDROLYTIC	metabolic:RHEA:14549	1	catechol_meta_cleavage	334	183	151	0.547904191616767	0.494285464607088	0.0301716811150773	96	0.541666666666667	0.442315528411403	18.1595513198954	0.163515931432395	0.136908515630316
unit	metabolic	metabolic:CATECHOL_META_OXALOCROTONATE	metabolic:RHEA:17337	3	catechol_meta_cleavage	479	241	238	0.503131524008351	0.458509432461343	0.0283868774434812	104	0.644230769230769	0.548590472299311	17.7240883577313	0.144824667300583	0.195531444410821
unit	metabolic	metabolic:CATECHOL_META_OXALOCROTONATE	metabolic:RHEA:34219	3	catechol_meta_cleavage	252	241	11	0.956349206349206	0.92354027266374	0.0801461839197688	69	0.971014492753623	0.900334161555053	11.9325607231228	0.707239052270969	0.643710410458645
unit	metabolic	metabolic:CATECHOL_META_OXALOCROTONATE	metabolic:RHEA:33431	3	catechol_meta_cleavage	248	241	7	0.971774193548387	0.942894483079888	0.357300696923338	70	0.957142857142857	0.881403311689154	2.71976573769989	0.767565568779058	0.597810113086153
unit	metabolic	metabolic:CATECHOL_META_OXALOCROTONATE	metabolic:RHEA:24260	3	catechol_meta_cleavage	247	241	6	0.975708502024291	0.948026215288427	0.0560938296787353	68	0.985294117647059	0.921290267914681	17.3942215679058	0.7848580433844	0.700686789884543
unit	metabolic	metabolic:CATECHOL_ORTHO	metabolic:RHEA:23852	3	catechol_ortho_cleavage	921	874	47	0.948968512486428	0.932798863493552	0.111592724800272	89	0.910112359550562	0.832539082302486	8.50385644928813	0.735179320105139	0.498573068165467
unit	metabolic	metabolic:CATECHOL_ORTHO	metabolic:RHEA:30031	3	catechol_ortho_cleavage	1010	874	136	0.865346534653465	0.842904706419088	0.0960394356620772	101	0.801980198019802	0.713835910800918	9.01032506790502	0.517633536735764	0.33284395821214
unit	metabolic	metabolic:CATECHOL_ORTHO	metabolic:RHEA:12348	3	catechol_ortho_cleavage	933	874	59	0.936763129689175	0.919284351258737	0.0976542580316165	103	0.786407766990291	0.697717537757604	9.59265011655599	0.694920511591776	0.315833647389738
unit	metabolic	metabolic:CATECHOL_ORTHO	metabolic:RHEA:10184	3	catechol_ortho_cleavage	887	874	13	0.985343855693348	0.975086800980862	0.251062383137855	82	0.98780487804878	0.934106602434099	3.92469729386863	0.886722431352762	0.739257776224356
unit	metabolic	metabolic:CHITIN_SACCHARIFICATION	metabolic:RXN_CHITIN_ENDO	1	chitin_degradation	6911	1890	5021	0.273477065547678	0.263096040260464	0.285738568757437	1501	0.247834776815456	0.226654732703053	0.957088385851866	0.0666468194964737	0.0553710316415828
unit	metabolic	metabolic:CHITIN_SACCHARIFICATION	metabolic:RXN_CHITOBIOSE_EXO	1	chitin_degradation	3362	1890	1472	0.562165377751338	0.545333723984093	0.587370389257182	1263	0.294536817102138	0.270050946727606	0.957088385851866	0.193472336673801	0.0688941291962606
unit	metabolic	metabolic:CHOR_SHIKIMATE	metabolic:RHEA:14717	5	chorismate_biosynthesis	8524	7892	632	0.925856405443454	0.920100467284955	0.760411354750977	1868	0.909528907922912	0.895666295260103	1.21757309337741	0.697258086206282	0.631936987138705
unit	metabolic	metabolic:CHOR_SHIKIMATE	metabolic:RHEA:21968	5	chorismate_biosynthesis	8012	7892	120	0.985022466300549	0.982120896887006	0.779364269930308	1740	0.976436781609195	0.96819106141687	1.26387942622598	0.916571025393437	0.858907338323536
unit	metabolic	metabolic:CHOR_SHIKIMATE	metabolic:RHEA:21096	5	chorismate_biosynthesis	7974	7892	82	0.989716578881364	0.98725449363657	0.822709501954785	1735	0.979250720461095	0.971408943087847	1.20299641189237	0.939363823287426	0.8717158349004
unit	metabolic	metabolic:CHOR_SHIKIMATE	metabolic:RHEA:13121	5	chorismate_biosynthesis	8086	7892	194	0.976007914914667	0.972439669028927	0.800696923338433	1769	0.960429621254946	0.950302593560422	1.21894800200467	0.875881349495035	0.792718399576818
unit	metabolic	metabolic:CHOR_SHIKIMATE	metabolic:RHEA:21256	5	chorismate_biosynthesis	7987	7892	95	0.988105671716539	0.985482500617849	0.815230324664287	1721	0.987216734456711	0.980720204738307	1.21205706144879	0.931396318693185	0.910502961970481
unit	metabolic	metabolic:CHOR_SHIKIMATE	metabolic:RHEA:21020	5	chorismate_biosynthesis	7941	7892	49	0.993829492507241	0.991852286762579	0.845232024477307	1708	0.994730679156909	0.990015639984152	1.1758067178321	0.960547233136213	0.951995381495069
unit	metabolic	metabolic:CITRATE_LYASE_OAD	metabolic:RHEA:10760	1	citrate_fermentation	1744	345	1399	0.197821100917431	0.179798072688792	0.0770865204827469	381	0.16010498687664	0.12670384751559	2.56622169062238	0.0420009691863759	0.0281991190024458
unit	metabolic	metabolic:CITRATE_LYASE_OAD	metabolic:RHEA:15641	1	citrate_fermentation	907	345	562	0.380374862183021	0.349347292303832	0.148223695393507	156	0.391025641025641	0.317949891743578	2.56622169062238	0.0969705884739544	0.0852824029864564
unit	metabolic	metabolic:COBINAMIDE_ARM	metabolic:RHEA:11528	2	cobinamide_biosynthesis	4791	4543	248	0.948236276351492	0.941595960371196	0.693523712391637	1113	0.929020664869721	0.912412686406803	1.36727304259212	0.763281150195457	0.675686444415893
unit	metabolic	metabolic:COBINAMIDE_ARM	metabolic:RHEA:23256	2	cobinamide_biosynthesis	4839	4543	296	0.938830336846456	0.931723962694302	0.424698283188849	1115	0.927354260089686	0.910607667840336	2.21058189780576	0.731852113798468	0.67076328893897
unit	metabolic	metabolic:COBINAMIDE_ARM	metabolic:RHEA:21896	2	cobinamide_biosynthesis	4726	4543	183	0.961278036394414	0.955392354774757	0.435662077171511	1077	0.960074280408542	0.946653115672444	2.20647627315971	0.810732825725136	0.780173758641809
unit	metabolic	metabolic:CORRIN_AEROBIC	metabolic:RHEA:32459	10	corrin_ring_biosynthesis	381	381	0	1	0.990018074215645	0.681455039945606	75	1	0.951276156785991	1.46744824145672	0.952006635873628	0.796116696403513
unit	metabolic	metabolic:CORRIN_AEROBIC	metabolic:RHEA:16841	10	corrin_ring_biosynthesis	381	381	0	1	0.990018074215645	0.327553969063403	75	1	0.951276156785991	3.05293201868189	0.952006635873628	0.796116696403513
unit	metabolic	metabolic:CORRIN_AEROBIC	metabolic:RHEA:17293	10	corrin_ring_biosynthesis	417	381	36	0.913669064748201	0.882795862086851	0.14541900390957	87	0.862068965517241	0.774213725355813	6.28301006185116	0.601025268331569	0.406807513486388
unit	metabolic	metabolic:CORRIN_AEROBIC	metabolic:RHEA:12761	10	corrin_ring_biosynthesis	384	381	3	0.9921875	0.977285487806801	0.29874213836478	76	0.986842105263158	0.929163251752946	3.32121710526316	0.895886947807955	0.724015606713996
unit	metabolic	metabolic:CORRIN_AEROBIC	metabolic:RHEA:22012	10	corrin_ring_biosynthesis	381	381	0	1	0.990018074215645	0.325854156042835	75	1	0.951276156785991	3.06885758998435	0.952006635873628	0.796116696403513
unit	metabolic	metabolic:CORRIN_AEROBIC	metabolic:RHEA:18261	10	corrin_ring_biosynthesis	581	381	200	0.655765920826162	0.616223027220569	0.119666836647969	108	0.694444444444444	0.602133919473007	5.47993027304021	0.243075661347446	0.232352772267076
unit	metabolic	metabolic:CORRIN_AEROBIC	metabolic:RHEA:23408	10	corrin_ring_biosynthesis	386	381	5	0.987046632124352	0.970039900033708	0.265340812510624	75	1	0.951276156785991	3.71992013887736	0.866230491550852	0.796116696403513
unit	metabolic	metabolic:CORRIN_AEROBIC	metabolic:RHEA:17477	10	corrin_ring_biosynthesis	384	381	3	0.9921875	0.977285487806801	0.254207037225905	76	0.986842105263158	0.929163251752946	3.90306858074223	0.895886947807955	0.724015606713996
unit	metabolic	metabolic:CORRIN_AEROBIC	metabolic:RHEA:22512	10	corrin_ring_biosynthesis	383	381	2	0.994778067885117	0.981162740354264	0.325004249532551	75	1	0.951276156785991	3.06081557184526	0.912413277132053	0.796116696403513
unit	metabolic	metabolic:CORRIN_AEROBIC	metabolic:RHEA:12544	10	corrin_ring_biosynthesis	385	381	4	0.98961038961039	0.973594347426692	0.365459799422064	76	0.986842105263158	0.929163251752946	2.70785019631531	0.880584693513526	0.724015606713996
unit	metabolic	metabolic:CORRIN_AEROBIC	metabolic:RHEA:15341	10	corrin_ring_biosynthesis	1120	381	739	0.340178571428571	0.31302059554137	0.0692673805881353	150	0.5	0.420990119680884	4.91109333917616	0.0835185368141118	0.12695570031048
unit	metabolic	metabolic:CORRIN_ANAEROBIC	metabolic:RHEA:32459	12	corrin_ring_biosynthesis	745	744	1	0.998657718120805	0.992436323326374	0.681455039945606	180	1	0.979104501755633	1.46547851227356	0.963292200343867	0.903581370031121
unit	metabolic	metabolic:CORRIN_ANAEROBIC	metabolic:RHEA:15613	12	corrin_ring_biosynthesis	1060	744	316	0.70188679245283	0.673660720139137	0.520482746897841	276	0.652173913043478	0.594243241882867	1.34853037230568	0.292215342454955	0.226548653341031
unit	metabolic	metabolic:CORRIN_ANAEROBIC	metabolic:RHEA:15893	12	corrin_ring_biosynthesis	1151	744	407	0.646394439617724	0.618329460620661	0.218425973142954	236	0.76271186440678	0.704500024847747	2.95932956285686	0.244719922045206	0.322868953683782
unit	metabolic	metabolic:CORRIN_ANAEROBIC	metabolic:RHEA:17997	12	corrin_ring_biosynthesis	764	744	20	0.973821989528796	0.95991209536949	0.266360700322964	187	0.962566844919786	0.924760479072943	3.65602729061768	0.827259668575415	0.710830341617941
unit	metabolic	metabolic:CORRIN_ANAEROBIC	metabolic:RHEA:36155	12	corrin_ring_biosynthesis	753	744	9	0.98804780876494	0.977441917301204	0.251997280299167	183	0.983606557377049	0.952917867623305	3.92086695377008	0.89654460768769	0.801897660421243
unit	metabolic	metabolic:CORRIN_ANAEROBIC	metabolic:RHEA:26277	12	corrin_ring_biosynthesis	745	744	1	0.998657718120805	0.992436323326374	0.325854156042835	181	0.994475138121547	0.969373404312758	3.06473831805149	0.963292200343867	0.863579414077634
unit	metabolic	metabolic:CORRIN_ANAEROBIC	metabolic:RHEA:26281	12	corrin_ring_biosynthesis	755	744	11	0.985430463576159	0.974100709540751	0.257946625871154	180	1	0.979104501755633	3.82028824857894	0.882659672592226	0.903581370031121
unit	metabolic	metabolic:CORRIN_ANAEROBIC	metabolic:RHEA:26285	12	corrin_ring_biosynthesis	846	744	102	0.879432624113475	0.855757931419023	0.215026347101819	196	0.918367346938776	0.871521085532643	4.08988310486923	0.542660207787573	0.575673473619499
unit	metabolic	metabolic:CORRIN_ANAEROBIC	metabolic:RHEA:15625	12	corrin_ring_biosynthesis	1023	744	279	0.727272727272727	0.699169084359023	0.265340812510624	277	0.649819494584838	0.591942134500234	2.74090035525013	0.317324729107403	0.22488225030586
unit	metabolic	metabolic:CORRIN_ANAEROBIC	metabolic:RHEA:36067	12	corrin_ring_biosynthesis	758	744	14	0.981530343007916	0.969237953622964	0.324324324324324	188	0.957446808510638	0.918291220807871	3.02638522427441	0.863042179427424	0.692091435629434
unit	metabolic	metabolic:CORRIN_ANAEROBIC	metabolic:RHEA:34591	12	corrin_ring_biosynthesis	745	744	1	0.998657718120805	0.992436323326374	0.33035866054734	181	0.994475138121547	0.969373404312758	3.02295001579866	0.963292200343867	0.863579414077634
unit	metabolic	metabolic:CORRIN_ANAEROBIC	metabolic:RHEA:16209	12	corrin_ring_biosynthesis	748	744	4	0.994652406417112	0.986331540024964	0.325004249532551	181	0.994475138121547	0.969373404312758	3.06042892623006	0.935200535663564	0.863579414077634
unit	metabolic	metabolic:CORRIN_ANAEROBIC	metabolic:RHEA:26289	12	corrin_ring_biosynthesis	758	744	14	0.981530343007916	0.969237953622964	0.365459799422064	181	0.994475138121547	0.969373404312758	2.68574093391422	0.863042179427424	0.863579414077634
unit	metabolic	metabolic:CREATININE_AMIDOHYDROLASE	metabolic:RHEA:14533	1	creatinine_degradation	404	194	210	0.48019801980198	0.431896479075104	0.228454869964304	129	0.581395348837209	0.49511685975456	2.10193820721358	0.131980998745375	0.163971359723831
unit	metabolic	metabolic:CREATININE_AMIDOHYDROLASE	metabolic:RHEA:22456	1	creatinine_degradation	2688	194	2494	0.072172619047619	0.0629885187842063	0.0343362230154683	785	0.0955414012738854	0.0769030031186635	2.10193820721358	0.0132661983015721	0.0163888841509076
unit	metabolic	metabolic:CYS_OAS_SULFIDE	metabolic:RHEA:24560	1	cysteine_biosynthesis_sulfide	8262	7395	867	0.895061728395062	0.888268673090929	0.701852796192419	2095	0.843914081145585	0.827744808913609	1.27528412403685	0.613900847820553	0.490073790913004
unit	metabolic	metabolic:CYS_OAS_SULFIDE	metabolic:RHEA:14829	1	cysteine_biosynthesis_sulfide	8258	7395	863	0.895495277306854	0.888712388734634	0.702192758796532	1979	0.893380495199596	0.879012611578486	1.27528412403685	0.614961848277904	0.592346693588784
unit	metabolic	metabolic:CYS_RT_OAS	metabolic:RHEA:24560	2	cysteine_biosynthesis_homocysteine	532	512	20	0.962406015037594	0.94264810716115	0.701852796192419	76	0.907894736842105	0.821872920673847	1.37123627669319	0.76674987947398	0.479923462192246
unit	metabolic	metabolic:CYS_RT_OAS	metabolic:RHEA:32743	2	cysteine_biosynthesis_homocysteine	1793	512	1281	0.285554935861684	0.265123942927761	0.0466598674145844	354	0.194915254237288	0.157016205028754	6.11992600245643	0.0672988090795658	0.035914577542498
unit	metabolic	metabolic:CYS_RT_OAS	metabolic:RHEA:14005	2	cysteine_biosynthesis_homocysteine	522	512	10	0.980842911877395	0.965098765568459	0.292622811490736	71	0.971830985915493	0.902984998038762	3.35190174300012	0.846871344287176	0.650537435655033
unit	metabolic	metabolic:CYS_RT_SERINE	metabolic:RHEA:10112	1	cysteine_biosynthesis_homocysteine	3443	2593	850	0.753122277083938	0.738442429320051	0.315825259221486	1208	0.852649006622517	0.831543233038552	2.38461698389925	0.360879435494686	0.496791603512988
unit	metabolic	metabolic:CYS_RT_SERINE	metabolic:RHEA:14005	1	cysteine_biosynthesis_homocysteine	3716	2593	1123	0.697793326157158	0.682830542705836	0.292622811490736	1289	0.799069045771916	0.776320412195413	2.38461698389925	0.300981714514152	0.409728660566474
unit	metabolic	metabolic:DAP_ACETYL	metabolic:RHEA:34171	5	dap_biosynthesis	570	570	0	1	0.993305713935719	0.836732959374469	80	1	0.954181869774776	1.19512442864398	0.967401465343657	0.806392317002595
unit	metabolic	metabolic:DAP_ACETYL	metabolic:RHEA:35331	5	dap_biosynthesis	573	570	3	0.994764397905759	0.984721198985428	0.814720380758117	82	0.975609756097561	0.91536621538745	1.2209887237387	0.928005927367089	0.683856694600704
unit	metabolic	metabolic:DAP_ACETYL	metabolic:RHEA:13085	5	dap_biosynthesis	603	570	33	0.945273631840796	0.924140524237671	0.0775114737378888	86	0.930232558139535	0.856038592844728	12.1952736318408	0.709002340714274	0.54322490559801
unit	metabolic	metabolic:DAP_ACETYL	metabolic:RHEA:25315	5	dap_biosynthesis	636	570	66	0.89622641509434	0.870098100419511	0.095784463708992	100	0.8	0.711170833635751	9.3566992014197	0.57258077768256	0.329961181590437
unit	metabolic	metabolic:DAP_ACETYL	metabolic:RHEA:20405	5	dap_biosynthesis	617	570	47	0.923824959481361	0.900171454566827	0.0774264830868604	89	0.898876404494382	0.81886309993001	11.9316404755847	0.643294741322634	0.474827775004341
unit	metabolic	metabolic:DAP_ACETYL	metabolic:RHEA:15393	5	dap_biosynthesis	581	570	11	0.981067125645439	0.966418678979849	0.755481896991331	82	0.975609756097561	0.91536621538745	1.29859779506629	0.851976670662995	0.683856694600704
unit	metabolic	metabolic:DAP_AMINOTRANSFERASE	metabolic:RHEA:34171	3	dap_biosynthesis	2038	2021	17	0.991658488714426	0.986681563238744	0.836732959374469	767	0.988265971316819	0.977850821342132	1.18515528473478	0.936775995800611	0.898267290539425
unit	metabolic	metabolic:DAP_AMINOTRANSFERASE	metabolic:RHEA:35331	3	dap_biosynthesis	2035	2021	14	0.993120393120393	0.988485048916695	0.814720380758117	764	0.992146596858639	0.98297295326403	1.21897084763765	0.94496035964863	0.920293435889258
unit	metabolic	metabolic:DAP_AMINOTRANSFERASE	metabolic:RHEA:23988	3	dap_biosynthesis	8731	2021	6710	0.231474057954415	0.222746298904823	0.189614142444331	1981	0.382635032811711	0.36147896375853	1.22076367812266	0.0542091740987032	0.10170804882899
unit	metabolic	metabolic:DAP_AMINOTRANSFERASE	metabolic:RHEA:15393	3	dap_biosynthesis	2164	2021	143	0.933918669131238	0.922664017354244	0.755481896991331	793	0.955863808322825	0.939236569271652	1.23618934199552	0.704676590927032	0.755588074721605
unit	metabolic	metabolic:DAP_DEHYDROGENASE	metabolic:RHEA:34171	2	dap_biosynthesis	694	689	5	0.992795389048991	0.983246515527998	0.836732959374469	198	0.98989898989899	0.963924851371798	1.18651402209756	0.921493600612365	0.842370314228662
unit	metabolic	metabolic:DAP_DEHYDROGENASE	metabolic:RHEA:35331	2	dap_biosynthesis	697	689	8	0.988522238163558	0.977516282284537	0.814720380758117	198	0.98989898989899	0.963924851371798	1.21332700336245	0.896857517285945	0.842370314228662
unit	metabolic	metabolic:DAP_DEHYDROGENASE	metabolic:RHEA:13561	2	dap_biosynthesis	9510	689	8821	0.0724500525762355	0.0674107815979451	0.0601733809280979	2128	0.0921052631578947	0.0805430238478605	1.20402163645761	0.0142506756676321	0.0172180391177944
unit	metabolic	metabolic:DAP_SUCCINYL	metabolic:RHEA:34171	5	dap_biosynthesis	5352	5342	10	0.99813153961136	0.996563763180146	0.836732959374469	958	0.997912317327766	0.992420156474309	1.19289138598956	0.983051768449866	0.963216048750458
unit	metabolic	metabolic:DAP_SUCCINYL	metabolic:RHEA:35331	5	dap_biosynthesis	5373	5342	31	0.994230411315838	0.991822328327433	0.814720380758117	961	0.994797086368366	0.98787852254985	1.22033330059901	0.960406763588477	0.942195325007013
unit	metabolic	metabolic:DAP_SUCCINYL	metabolic:RHEA:17325	5	dap_biosynthesis	6166	5342	824	0.866363931235809	0.857642460913213	0.603518612952575	1195	0.8	0.776375662877414	1.43552147794966	0.546467427967216	0.409805621262062
unit	metabolic	metabolic:DAP_SUCCINYL	metabolic:RHEA:11960	5	dap_biosynthesis	5803	5342	461	0.920558331897295	0.913319060218653	0.704827468978412	1034	0.924564796905222	0.906849518116151	1.30607612843405	0.678178471293769	0.660679181577767
unit	metabolic	metabolic:DAP_SUCCINYL	metabolic:RHEA:22608	5	dap_biosynthesis	6046	5342	704	0.883559378101224	0.875229651872446	0.656892741798402	1166	0.819897084048027	0.796801211778881	1.3450588229705	0.583843983552401	0.43954288520191
unit	metabolic	metabolic:DAP_SUCCINYL	metabolic:RHEA:15393	5	dap_biosynthesis	5452	5342	110	0.97982391782832	0.975739942338927	0.755481896991331	975	0.98051282051282	0.969764592786902	1.29695221252874	0.889429498648264	0.865133890851869
unit	metabolic	metabolic:DHB_CHORISMATE	metabolic:RHEA:18985	2	dihydroxybenzoate_biosynthesis	1135	1121	14	0.987665198237885	0.979402118092649	0.382627910929798	133	0.992481203007519	0.958640701822097	2.58126804141869	0.904850133331775	0.822558871312177
unit	metabolic	metabolic:DHB_CHORISMATE	metabolic:RHEA:11112	2	dihydroxybenzoate_biosynthesis	1291	1121	170	0.868319132455461	0.848776109116114	0.0978242393336733	144	0.916666666666667	0.859991763461254	8.87631877712507	0.528866879815084	0.551265129099278
unit	metabolic	metabolic:DHB_CHORISMATE	metabolic:RHEA:23824	2	dihydroxybenzoate_biosynthesis	1132	1121	11	0.990282685512368	0.982683617664177	0.114907360190379	138	0.956521739130435	0.908392232913437	8.61809621134506	0.919026743775898	0.664791846406738
unit	metabolic	metabolic:DHPP_EXTRADIOL	metabolic:RHEA:23840	1	dihydroxyphenylpropanoate_degradation	753	495	258	0.657370517928287	0.622750930534738	0.0498895121536631	155	0.425806451612903	0.350684243850976	13.1765272809953	0.248207195853491	0.0974864060407012
unit	metabolic	metabolic:DHPP_EXTRADIOL	metabolic:RHEA:34187	1	dihydroxyphenylpropanoate_degradation	587	495	92	0.843270868824532	0.811640468303466	0.0639979602243753	77	0.857142857142857	0.762027297470464	13.1765272809953	0.462885148842472	0.390404675056768
unit	metabolic	metabolic:ECTOINE_DEG_DOEAB	metabolic:RHEA:52304	1	ectoine_degradation	571	450	121	0.788091068301226	0.75270347668724	0.0669726330103689	124	0.629032258064516	0.541328423581695	11.7673597837972	0.378397717157298	0.190965900705945
unit	metabolic	metabolic:ECTOINE_DEG_DOEAB	metabolic:RHEA:40951	1	ectoine_degradation	788	450	338	0.571065989847716	0.536247433362535	0.0485296617372089	213	0.366197183098592	0.304401113967157	11.7673597837972	0.187826796857919	0.0804783927052407
unit	metabolic	metabolic:ECT_ABC	metabolic:RHEA:11160	2	ectoine_biosynthesis	1248	1236	12	0.990384615384615	0.983268472604222	0.216981132075472	272	0.996323529411765	0.979472411794301	4.56438127090301	0.921590036809974	0.905150208792705
unit	metabolic	metabolic:ECT_ABC	metabolic:RHEA:16901	2	ectoine_biosynthesis	1320	1236	84	0.936363636363636	0.921887219719445	0.107173210946796	282	0.960992907801418	0.931513343308984	8.73691875135174	0.70241642136827	0.731202802173203
unit	metabolic	metabolic:ECT_ABC	metabolic:RHEA:17281	2	ectoine_biosynthesis	1241	1236	5	0.99597099113618	0.99060308882827	0.124086350501445	272	0.996323529411765	0.979472411794301	8.02643471349884	0.954717506420554	0.905150208792705
unit	metabolic	metabolic:ETHANOL_ADHE	metabolic:RHEA:23288	1	ethanol_formation	2515	2515	0	1	0.998474910412582	0.316845147033826	404	1	0.990580999558424	3.15611587982833	0.992420787972289	0.954614925923201
unit	metabolic	metabolic:ETHANOL_ADHE	metabolic:RHEA:25290	1	ethanol_formation	3728	2515	1213	0.674624463519313	0.65941186943835	0.213751487336393	629	0.642289348171701	0.604070685975165	3.15611587982833	0.279133559969809	0.233799067815623
unit	metabolic	metabolic:FOLATE_THF	metabolic:RHEA:17473	5	folate_biosynthesis	6186	6123	63	0.989815712900097	0.98699211156081	0.867669556348802	1213	0.990931574608409	0.983834626754249	1.14077497090631	0.938177289489371	0.924082098618697
unit	metabolic	metabolic:FOLATE_THF	metabolic:RHEA:10540	5	folate_biosynthesis	6497	6123	374	0.942434969986147	0.936505514189903	0.705082440931498	1349	0.891030392883618	0.873278544023814	1.33663088920649	0.746827740661762	0.579525356314598
unit	metabolic	metabolic:FOLATE_THF	metabolic:RHEA:11412	5	folate_biosynthesis	6407	6123	284	0.955673482128921	0.95035482302223	0.738228794832568	1285	0.935408560311284	0.920628692458053	1.29454918152532	0.792900149943625	0.698777239681699
unit	metabolic	metabolic:FOLATE_THF	metabolic:RHEA:19949	5	folate_biosynthesis	6179	6123	56	0.99093704482926	0.988250234149996	0.792792792792793	1217	0.987674609695974	0.979763641306683	1.24993195427327	0.943888365038989	0.90639509617078
unit	metabolic	metabolic:FOLATE_THF	metabolic:RHEA:23584	5	folate_biosynthesis	6193	6123	70	0.98869691587276	0.985744549729043	0.815315315315315	1217	0.987674609695974	0.979763641306683	1.21265588576659	0.932567851219623	0.90639509617078
unit	metabolic	metabolic:FOLATE_THF	metabolic:RHEA:15009	5	folate_biosynthesis	7491	6123	1368	0.817380857028434	0.80846981034464	0.74655787863335	1580	0.760759493670886	0.739107179223186	1.09486602502238	0.457765872689078	0.361674283316103
unit	metabolic	metabolic:FUC_ISOMERASE	metabolic:RHEA:17233	2	fucose_degradation_isomerase	341	332	9	0.973607038123167	0.950608661189209	0.0697773244943056	44	0.931818181818182	0.817749555108887	13.9530577473291	0.793784370119983	0.472960505173617
unit	metabolic	metabolic:FUC_ISOMERASE	metabolic:RHEA:12376	2	fucose_degradation_isomerase	638	332	306	0.520376175548589	0.481604583246333	0.0313615502294748	129	0.317829457364341	0.243740650543817	16.5928078089558	0.15669165014057	0.0605561207146902
unit	metabolic	metabolic:FUC_ISOMERASE	metabolic:RHEA:12933	2	fucose_degradation_isomerase	350	332	18	0.948571428571429	0.920178510487305	0.282593914669386	45	0.911111111111111	0.792664245473068	3.35665907626208	0.697482228831459	0.433305420376
unit	metabolic	metabolic:GALUA_ISOMERASE	metabolic:RHEA:27702	2	galacturonate_degradation	1162	1086	76	0.934595524956971	0.918899455473133	0.234574196838348	273	0.871794871794872	0.826917842268174	3.98422135747961	0.693822066033004	0.488627224734163
unit	metabolic	metabolic:GALUA_ISOMERASE	metabolic:RHEA:17813	2	galacturonate_degradation	1382	1086	296	0.785817655571635	0.763411345851522	0.118986911439742	288	0.826388888888889	0.778424254324993	6.60423609675419	0.39222623634098	0.412671909796149
unit	metabolic	metabolic:GALUA_ISOMERASE	metabolic:RHEA:15957	2	galacturonate_degradation	1172	1086	86	0.926621160409556	0.91025811391462	0.140234574196838	274	0.868613138686131	0.823468357555401	6.60765125659324	0.66981593320956	0.482653732813245
unit	metabolic	metabolic:GAL_LELOIR	metabolic:RHEA:13553	2	galactose_degradation_leloir	5218	4638	580	0.888846301264852	0.880030111054193	0.468553459119497	1693	0.828115770821028	0.809406493716479	1.8970008308874	0.594663334333607	0.459270553340627
unit	metabolic	metabolic:GAL_LELOIR	metabolic:RHEA:13989	2	galactose_degradation_leloir	5447	4638	809	0.851477877730861	0.84178634820238	0.450195478497365	1646	0.85176184690158	0.833777132138721	1.89135146486338	0.51553049763002	0.500799689612805
unit	metabolic	metabolic:GAL_LELOIR	metabolic:RHEA:22168	2	galactose_degradation_leloir	4675	4638	37	0.992085561497326	0.989110597298912	0.872174060853306	1424	0.984550561797753	0.976718345074665	1.13748574513521	0.947825579592608	0.893508883116869
unit	metabolic	metabolic:GLCNAC_KINASE	metabolic:RHEA:17417	2	glcnac_degradation	5090	1532	3558	0.30098231827112	0.288535299113101	0.156127825939147	1497	0.441549766199065	0.41657643213436	1.92779420619379	0.0750249330128663	0.124959398856812
unit	metabolic	metabolic:GLCNAC_KINASE	metabolic:RHEA:22936	2	glcnac_degradation	1560	1532	28	0.982051282051282	0.97418131843965	0.600968893421724	680	0.972058823529412	0.95677355894347	1.63411333398605	0.882990696033124	0.815729266685587
unit	metabolic	metabolic:GLCNAC_KINASE	metabolic:RHEA:12172	2	glcnac_degradation	1634	1532	102	0.937576499388005	0.924789049453105	0.477307496175421	689	0.959361393323657	0.941892975040587	1.96430290096141	0.710914752330697	0.7642579515711
unit	metabolic	metabolic:GLCNAC_PTS	metabolic:RHEA:49240	2	glcnac_degradation	5090	2362	2728	0.464047151277014	0.450378995243618	0.248937616862145	1497	0.212424849699399	0.19245454156883	1.86411020209127	0.140810143982159	0.04549557185332
unit	metabolic	metabolic:GLCNAC_PTS	metabolic:RHEA:22936	2	glcnac_degradation	2400	2362	38	0.984166666666667	0.978343143833629	0.600968893421724	327	0.972477064220184	0.948528263773168	1.63763329090652	0.900348290155485	0.786581418580712
unit	metabolic	metabolic:GLCNAC_PTS	metabolic:RHEA:12172	2	glcnac_degradation	2879	2362	517	0.820423758249392	0.805978889900021	0.477307496175421	382	0.832460732984293	0.791740499999509	1.71885789522122	0.453795366687938	0.431928034224419
unit	metabolic	metabolic:GLCUA_ISOMERASE	metabolic:RHEA:13049	2	glucuronate_degradation	2001	1605	396	0.802098950524738	0.784070513082566	0.234574196838348	386	0.813471502590674	0.771591748387211	3.41938269995437	0.420702346115685	0.403207796785514
unit	metabolic	metabolic:GLCUA_ISOMERASE	metabolic:RHEA:15729	2	glucuronate_degradation	2444	1605	839	0.65671031096563	0.637653425571647	0.184174740778514	547	0.574040219378428	0.532226336814358	3.56569151768417	0.260331915046197	0.185374012767555
unit	metabolic	metabolic:GLCUA_ISOMERASE	metabolic:RHEA:20097	2	glucuronate_degradation	1715	1605	110	0.935860058309038	0.923262623074537	0.276389597144314	352	0.892045454545455	0.855293696073814	3.38601766484137	0.706425625193438	0.541727917419936
unit	metabolic	metabolic:GLYOXYLATE_BYPASS_DIRECT	metabolic:RHEA:13245	1	glyoxylate_bypass	5453	4819	634	0.883733724555291	0.874954480068458	0.425378208397076	1177	0.825828377230246	0.803110989767508	2.07752467594756	0.583232190207316	0.449278775813761
unit	metabolic	metabolic:GLYOXYLATE_BYPASS_DIRECT	metabolic:RHEA:18181	1	glyoxylate_bypass	5005	4819	186	0.962837162837163	0.95723164346394	0.463454020057794	1013	0.959526159921027	0.945553781090543	2.07752467594756	0.817396776405068	0.77645387129258
unit	metabolic	metabolic:GMP_XMP	metabolic:RHEA:11708	1	guanylate_biosynthesis	11244	10976	268	0.976165065812878	0.973178838997037	0.941696413394527	3099	0.979025492094224	0.973355581783235	1.03660272241465	0.878887686431801	0.87960891101421
unit	metabolic	metabolic:GMP_XMP	metabolic:RHEA:11680	1	guanylate_biosynthesis	11080	10976	104	0.990613718411552	0.988640490746136	0.955634880163182	3065	0.989885807504078	0.985679740191381	1.03660272241465	0.945671054373088	0.932277893591154
unit	metabolic	metabolic:HEME_COPRO	metabolic:RHEA:19865	3	heme_b_biosynthesis	1852	1840	12	0.993520518358531	0.988708355683008	0.790922998470168	274	0.996350364963504	0.979620108888212	1.25615327949779	0.945981604451474	0.905781218473814
unit	metabolic	metabolic:HEME_COPRO	metabolic:RHEA:43436	3	heme_b_biosynthesis	1899	1840	59	0.968931016324381	0.960131338716451	0.347101818799932	276	0.989130434782609	0.968535408286447	2.79148930902857	0.828074458329639	0.860263987727566
unit	metabolic	metabolic:HEME_COPRO	metabolic:RHEA:49572	3	heme_b_biosynthesis	1862	1840	22	0.988184747583244	0.982174813745783	0.777834438211797	277	0.985559566787004	0.963465341052617	1.27043069712243	0.916805872033927	0.840618500212168
unit	metabolic	metabolic:HEME_COPRO	metabolic:RHEA:56516	3	heme_b_biosynthesis	3909	1840	2069	0.470708621130724	0.455097758408748	0.170236274009859	1401	0.194860813704497	0.174965916480001	2.76503127120524	0.14313010285948	0.0406884579666319
unit	metabolic	metabolic:HEME_PROTO_HEMF_HEMG	metabolic:RHEA:19865	3	heme_b_biosynthesis	997	980	17	0.982948846539619	0.972863143985059	0.790922998470168	152	0.986842105263158	0.95329891857362	1.2427870329234	0.877601736173095	0.803248604614675
unit	metabolic	metabolic:HEME_PROTO_HEMF_HEMG	metabolic:RHEA:18257	3	heme_b_biosynthesis	1478	980	498	0.663058186738836	0.638565959189576	0.494560598334183	265	0.566037735849057	0.505842029426875	1.34070160253809	0.261093558981108	0.169937718008077
unit	metabolic	metabolic:HEME_PROTO_HEMF_HEMG	metabolic:RHEA:27409	3	heme_b_biosynthesis	5602	980	4622	0.17493752231346	0.165212601594335	0.147798742138365	1826	0.0821467688937568	0.0704122066880784	1.18361983182298	0.0380748803491706	0.0149230534359767
unit	metabolic	metabolic:HEME_PROTO_HEMF_HEMG	metabolic:RHEA:22584	3	heme_b_biosynthesis	988	980	8	0.991902834008097	0.984103896539345	0.777834438211797	150	1	0.975029755247836	1.275210745732	0.925271077435104	0.886486605238548
unit	metabolic	metabolic:HEME_PROTO_HEMF_HEMJ	metabolic:RHEA:19865	3	heme_b_biosynthesis	3343	3316	27	0.99192342207598	0.988274303435049	0.790922998470168	784	0.99234693877551	0.98340463012928	1.25413399786654	0.943998159529013	0.922188399789314
unit	metabolic	metabolic:HEME_PROTO_HEMF_HEMJ	metabolic:RHEA:18257	3	heme_b_biosynthesis	3732	3316	416	0.888531618435155	0.878032454838692	0.494560598334183	847	0.9185360094451	0.898169094709109	1.7966081839677	0.590127059645704	0.638210771994652
unit	metabolic	metabolic:HEME_PROTO_HEMF_HEMJ	metabolic:RHEA:62000	3	heme_b_biosynthesis	5602	3316	2286	0.591931453052481	0.579002704432786	0.327129015808261	1826	0.426067907995619	0.403565135016174	1.8094740131503	0.215724678868988	0.119195567110732
unit	metabolic	metabolic:HEME_PROTO_HEMF_HEMJ	metabolic:RHEA:22584	3	heme_b_biosynthesis	3371	3316	55	0.983684366656778	0.978824328344702	0.777834438211797	782	0.994884910485934	0.986922394010513	1.26464491456334	0.902389512276127	0.93786241354381
unit	metabolic	metabolic:HEME_PROTO_HEMF_HEMY	metabolic:RHEA:19865	3	heme_b_biosynthesis	1426	1412	14	0.990182328190743	0.983587902758153	0.790922998470168	943	0.990455991516437	0.981961441443835	1.25193265350229	0.922994782276402	0.915877035316613
unit	metabolic	metabolic:HEME_PROTO_HEMF_HEMY	metabolic:RHEA:18257	3	heme_b_biosynthesis	3909	1412	2497	0.361217702737273	0.346302420995989	0.494560598334183	1401	0.666666666666667	0.641556074769322	0.730381077574627	0.0958015239394738	0.26360525932036
unit	metabolic	metabolic:HEME_PROTO_HEMF_HEMY	metabolic:RHEA:25576	3	heme_b_biosynthesis	5602	1412	4190	0.252052838272046	0.240855442826349	0.347101818799932	1826	0.511500547645126	0.488573176100866	0.726163980193166	0.0596682212459535	0.160413699900592
unit	metabolic	metabolic:HEME_PROTO_HEMF_HEMY	metabolic:RHEA:22584	3	heme_b_biosynthesis	1432	1412	20	0.986033519553073	0.978525525134339	0.777834438211797	945	0.988359788359788	0.979277210703829	1.26766503398836	0.901121114258127	0.904317302996332
unit	metabolic	metabolic:HEME_PROTO_HEMN_HEMG	metabolic:RHEA:19865	3	heme_b_biosynthesis	1168	1160	8	0.993150684931507	0.986542809626299	0.790922998470168	197	0.984771573604061	0.956191187614688	1.25568568223771	0.936150962730354	0.813616837980255
unit	metabolic	metabolic:HEME_PROTO_HEMN_HEMG	metabolic:RHEA:15425	3	heme_b_biosynthesis	1478	1160	318	0.784844384303112	0.763170355038981	0.439061703212647	265	0.732075471698113	0.675715577853955	1.78754917261139	0.391908320979553	0.29415545320247
unit	metabolic	metabolic:HEME_PROTO_HEMN_HEMG	metabolic:RHEA:27409	3	heme_b_biosynthesis	4876	1160	3716	0.237899917965546	0.226157752291714	0.147798742138365	973	0.199383350462487	0.175482752550366	1.60962072155412	0.0552228023403832	0.0408282772954259
unit	metabolic	metabolic:HEME_PROTO_HEMN_HEMG	metabolic:RHEA:22584	3	heme_b_biosynthesis	1173	1160	13	0.988917306052856	0.981130875042772	0.777834438211797	195	0.994871794871795	0.971528358995203	1.27137248940318	0.912275512481074	0.872196855925509
unit	metabolic	metabolic:HEME_PROTO_HEMN_HEMJ	metabolic:RHEA:19865	3	heme_b_biosynthesis	2973	2948	25	0.991590985536495	0.987615569079952	0.790922998470168	676	0.99112426035503	0.980772302886637	1.25371368319605	0.941000544141366	0.910727530453215
unit	metabolic	metabolic:HEME_PROTO_HEMN_HEMJ	metabolic:RHEA:15425	3	heme_b_biosynthesis	3732	2948	784	0.789924973204716	0.776560718339785	0.439061703212647	847	0.791027154663518	0.762362642853068	1.7991206416428	0.410063522621427	0.390845077637969
unit	metabolic	metabolic:HEME_PROTO_HEMN_HEMJ	metabolic:RHEA:62000	3	heme_b_biosynthesis	4876	2948	1928	0.604593929450369	0.590793092386952	0.327129015808261	973	0.688591983556012	0.658801852596699	1.84818191060354	0.224054498505705	0.2785875833214
unit	metabolic	metabolic:HEME_PROTO_HEMN_HEMJ	metabolic:RHEA:22584	3	heme_b_biosynthesis	2989	2948	41	0.986283037805286	0.981445263874052	0.777834438211797	674	0.99406528189911	0.984840881247999	1.26798581980081	0.91363615294218	0.928537632312304
unit	metabolic	metabolic:HEME_PROTO_HEMN_HEMY	metabolic:RHEA:19865	3	heme_b_biosynthesis	1071	1060	11	0.989729225023343	0.981702481156166	0.790922998470168	216	0.986111111111111	0.95996835286675	1.25135977451372	0.914751732877167	0.82746862485123
unit	metabolic	metabolic:HEME_PROTO_HEMN_HEMY	metabolic:RHEA:15425	3	heme_b_biosynthesis	3909	1060	2849	0.271169096955743	0.257462444053098	0.439061703212647	1401	0.15203426124197	0.134186038198686	0.617610451951466	0.0648495471306055	0.0300646081677592
unit	metabolic	metabolic:HEME_PROTO_HEMN_HEMY	metabolic:RHEA:25576	3	heme_b_biosynthesis	4876	1060	3816	0.217391304347826	0.20603883292584	0.347101818799932	973	0.218910585817061	0.194061396234054	0.626304134906102	0.0493406362765608	0.0459452366695243
unit	metabolic	metabolic:HEME_PROTO_HEMN_HEMY	metabolic:RHEA:22584	3	heme_b_biosynthesis	1087	1060	27	0.975160993560258	0.964101571379086	0.777834438211797	221	0.963800904977376	0.930208273306987	1.25368709027863	0.843045531965336	0.727198513643811
unit	metabolic	metabolic:HIS_CANONICAL	metabolic:RHEA:18473	9	histidine_biosynthesis	6918	6883	35	0.994940734316276	0.992972236498959	0.768485466598674	1506	0.99269588313413	0.986968024728415	1.29467735898754	0.965821963134867	0.938068483602948
unit	metabolic	metabolic:HIS_CANONICAL	metabolic:RHEA:22828	9	histidine_biosynthesis	7055	6883	172	0.9756201275691	0.971754190221945	0.730494645588985	1583	0.944409349336703	0.932008704181681	1.33556095648377	0.873107658833275	0.732731301483622
unit	metabolic	metabolic:HIS_CANONICAL	metabolic:RHEA:20049	9	histidine_biosynthesis	6941	6883	58	0.991643855352255	0.989213798591556	0.750892401835798	1507	0.992037159920372	0.986133131455794	1.32062044166097	0.948299596804823	0.934309351621561
unit	metabolic	metabolic:HIS_CANONICAL	metabolic:RHEA:15469	9	histidine_biosynthesis	6929	6883	46	0.993361235387502	0.991156850118603	0.764660887302397	1512	0.988756613756614	0.982067599808125	1.29908728415798	0.957294843008938	0.916338971233823
unit	metabolic	metabolic:HIS_CANONICAL	metabolic:RHEA:24793	9	histidine_biosynthesis	6975	6883	92	0.986810035842294	0.983852023854344	0.752762196158423	1515	0.986798679867987	0.979696868126447	1.3109186950119	0.92415884398451	0.906109431044944
unit	metabolic	metabolic:HIS_CANONICAL	metabolic:RHEA:11040	9	histidine_biosynthesis	6919	6883	36	0.994796935973407	0.992805539991397	0.768570457249703	1513	0.988103106411104	0.981272421736112	1.29434709152528	0.965033947424634	0.912887717066119
unit	metabolic	metabolic:HIS_CANONICAL	metabolic:RHEA:23744	9	histidine_biosynthesis	6915	6883	32	0.995372378886479	0.993474659528967	0.778599354071052	1504	0.994015957446808	0.988666156616612	1.27841408252137	0.96820323647631	0.945788482479665
unit	metabolic	metabolic:HIS_CANONICAL	metabolic:RHEA:14465	9	histidine_biosynthesis	7924	6883	1041	0.868626956082787	0.861010174400024	0.674145843957165	1810	0.825966850828729	0.807814844186937	1.288485220029	0.553362914487548	0.456717527469673
unit	metabolic	metabolic:HIS_CANONICAL	metabolic:RHEA:33799	9	histidine_biosynthesis	6883	6883	0	1	0.999442203090599	0.757436681964984	1495	1	0.997437047888865	1.32024236983842	0.99721722434763	0.987315280756186
unit	metabolic	metabolic:HIS_CANONICAL	metabolic:RHEA:33803	9	histidine_biosynthesis	6883	6883	0	1	0.999442203090599	0.757436681964984	1495	1	0.997437047888865	1.32024236983842	0.99721722434763	0.987315280756186
unit	metabolic	metabolic:HMP_THIC	metabolic:RHEA:24840	1	hmp_phosphate_biosynthesis	8256	6447	1809	0.780886627906977	0.771834507346478	0.588645249022608	1805	0.771191135734072	0.751248424610214	1.32658274096932	0.403539422650135	0.376564436925887
unit	metabolic	metabolic:HMP_THIC	metabolic:RHEA:19893	1	hmp_phosphate_biosynthesis	6926	6447	479	0.930840311868322	0.924622911189527	0.701682814890362	1547	0.899806076276665	0.8838392232858	1.32658274096932	0.710424107125828	0.603450232447797
unit	metabolic	metabolic:HUT_FORMAMIDE	metabolic:RHEA:21232	3	histidine_degradation_glutamate	2183	2166	17	0.992212551534585	0.987563651379503	0.48733639299677	365	0.991780821917808	0.976117036974712	2.03599108499406	0.940764928877662	0.89099831748624
unit	metabolic	metabolic:HUT_FORMAMIDE	metabolic:RHEA:13101	3	histidine_degradation_glutamate	2189	2166	23	0.98949291914116	0.984282440228602	0.473397926228115	363	0.997245179063361	0.984562798578261	2.09019276240842	0.926060777725226	0.927302948969406
unit	metabolic	metabolic:HUT_FORMAMIDE	metabolic:RHEA:23660	3	histidine_degradation_glutamate	2195	2166	29	0.986788154897494	0.981090049722269	0.46362400135985	367	0.986376021798365	0.968508549122811	2.12842336031603	0.912099058354847	0.860158049298413
unit	metabolic	metabolic:HUT_FORMAMIDE	metabolic:RHEA:22492	3	histidine_degradation_glutamate	5273	2166	3107	0.410771856628105	0.397562613460872	0.198708142104369	1400	0.258571428571429	0.2363184057904	2.06721200388635	0.11659584027484	0.0582822079290747
unit	metabolic	metabolic:IAA_IAM	metabolic:RHEA:16165	1	indole_3_acetate_biosynthesis	5498	86	5412	0.0156420516551473	0.0126840233494185	0.00781913989461159	1337	0.0074794315632012	0.00406771715606576	2.00048238885286	0.00256281006403761	0.00081619948613517
unit	metabolic	metabolic:IAA_IAM	metabolic:RHEA:34371	1	indole_3_acetate_biosynthesis	92	86	6	0.934782608695652	0.864942038022307	0.467278599354071	12	0.833333333333333	0.551969135388189	2.00048238885286	0.561566129927483	0.197687940237123
unit	metabolic	metabolic:ILE_CANONICAL	metabolic:RHEA:27654	3	isoleucine_biosynthesis	8555	8497	58	0.993220338983051	0.99124645872286	0.79296277409485	2065	0.995157384987893	0.991108491056838	1.25254346285901	0.957712939724732	0.957069329062497
unit	metabolic	metabolic:ILE_CANONICAL	metabolic:RHEA:13493	3	isoleucine_biosynthesis	8541	8497	44	0.994848378410022	0.993091784529001	0.78344382117967	2067	0.994194484760523	0.989879616610899	1.26984009767545	0.966387725970859	0.951366828421697
unit	metabolic	metabolic:ILE_CANONICAL	metabolic:RHEA:27694	3	isoleucine_biosynthesis	8584	8497	87	0.989864864864865	0.987516034826552	0.772310045894952	2068	0.993713733075435	0.989274087913052	1.28169362826015	0.940548915220408	0.948576687290623
unit	metabolic	metabolic:ILE_CANONICAL	metabolic:RHEA:24801	3	isoleucine_biosynthesis	8846	8497	349	0.96054713995026	0.956286483596015	0.886792452830189	2145	0.958041958041958	0.948706595964256	1.08317017909285	0.813961930748109	0.787194959511715
unit	metabolic	metabolic:KDG_ED	metabolic:RHEA:14797	1	kdg_degradation	6143	4410	1733	0.717890281621358	0.706503089806237	0.394781574026857	1344	0.709077380952381	0.68422682405445	1.81844931185294	0.324980269692039	0.302341491760781
unit	metabolic	metabolic:KDG_ED	metabolic:RHEA:17089	1	kdg_degradation	4645	4410	235	0.94940796555436	0.94272563369687	0.522097569267381	1005	0.948258706467662	0.932777235720256	1.81844931185294	0.767006409482642	0.735112152053567
unit	metabolic	metabolic:LEU_CANONICAL	metabolic:RHEA:21524	4	leucine_biosynthesis	8393	8321	72	0.991421422614083	0.989211287500146	0.761176270610233	2026	0.989634748272458	0.984205733097708	1.30248598241149	0.948288058576057	0.925721371427765
unit	metabolic	metabolic:LEU_CANONICAL	metabolic:RHEA:16293	4	leucine_biosynthesis	8321	8321	0	1	0.999538554709988	0.751147373788883	2005	1	0.998087724213221	1.33129667345553	0.997697024339028	0.990511201861807
unit	metabolic	metabolic:LEU_CANONICAL	metabolic:RHEA:10676	4	leucine_biosynthesis	8321	8321	0	1	0.999538554709988	0.751147373788883	2005	1	0.998087724213221	1.33129667345553	0.997697024339028	0.990511201861807
unit	metabolic	metabolic:LEU_CANONICAL	metabolic:RHEA:32271	4	leucine_biosynthesis	8387	8321	66	0.992130678430905	0.990001400987832	0.757606663267041	2031	0.987198424421467	0.981308367359183	1.30955907139534	0.951929553417997	0.913043288429251
unit	metabolic	metabolic:LEU_CANONICAL	metabolic:RHEA:18321	4	leucine_biosynthesis	8625	8321	304	0.964753623188406	0.960650437323064	0.886792452830189	2076	0.965799614643545	0.957081309425429	1.08791366019118	0.830008544367187	0.81684895862063
unit	metabolic	metabolic:LOOP_DMB	metabolic:RHEA:22712	3	cobamide_nucleotide_loop_assembly	3477	3272	205	0.941041127408686	0.932714261532713	0.437871834098249	643	0.934681181959565	0.912884055512021	2.14912459337939	0.734916629122993	0.676980776523738
unit	metabolic	metabolic:LOOP_DMB	metabolic:RHEA:11196	3	cobamide_nucleotide_loop_assembly	3501	3272	229	0.934590117109397	0.925914421598862	0.399796022437532	656	0.916158536585366	0.892450690267587	2.3376673720045	0.714251484258278	0.624005323164719
unit	metabolic	metabolic:LOOP_DMB	metabolic:RHEA:24456	3	cobamide_nucleotide_loop_assembly	4147	3272	875	0.789004099348927	0.776321329174067	0.347016828148904	893	0.673012318029115	0.641560252547951	2.27367676535378	0.409729937713065	0.263608785929338
unit	metabolic	metabolic:LOOP_DMB	metabolic:RHEA:16049	3	cobamide_nucleotide_loop_assembly	3305	3272	33	0.990015128593041	0.98601112278593	0.454784973652898	607	0.990115321252059	0.978604058895906	2.17688619006274	0.933761995194185	0.90145421382754
unit	metabolic	metabolic:MET_SH_ACETYL_B12	metabolic:RHEA:13701	2	methionine_biosynthesis_sulfhydrylation	4763	4512	251	0.947302120512282	0.940588726789666	0.672361040285569	1124	0.942170818505338	0.926959099892632	1.40891881556662	0.759982592934054	0.717369766169346
unit	metabolic	metabolic:MET_SH_ACETYL_B12	metabolic:RHEA:27822	2	methionine_biosynthesis_sulfhydrylation	6180	4512	1668	0.730097087378641	0.718889204083138	0.530851606323304	1351	0.783863804589193	0.76112683294306	1.37533178515804	0.33838947052569	0.389225101842422
unit	metabolic	metabolic:MET_SH_ACETYL_B12	metabolic:RHEA:11172	2	methionine_biosynthesis_sulfhydrylation	5880	4512	1368	0.76734693877551	0.756374857228826	0.663437021927588	1432	0.739525139664804	0.716173786752122	1.1566236333119	0.383071480609048	0.335396505912858
unit	metabolic	metabolic:MET_SH_ACETYL_FOLATE	metabolic:RHEA:13701	2	methionine_biosynthesis_sulfhydrylation	3900	3772	128	0.967179487179487	0.96111197391298	0.672361040285569	772	0.963730569948187	0.948080036946262	1.43848234687825	0.831733999961175	0.785042521995734
unit	metabolic	metabolic:MET_SH_ACETYL_FOLATE	metabolic:RHEA:27822	2	methionine_biosynthesis_sulfhydrylation	5376	3772	1604	0.701636904761905	0.689265861273602	0.530851606323304	969	0.767801857585139	0.740190650628024	1.32171947189058	0.30730510845975	0.362974242988997
unit	metabolic	metabolic:MET_SH_ACETYL_FOLATE	metabolic:RHEA:21196	2	methionine_biosynthesis_sulfhydrylation	5880	3772	2108	0.641496598639456	0.629150333670193	0.535951045385008	1432	0.519553072625698	0.493658326644027	1.19693133199997	0.25334246267275	0.163173055258746
unit	metabolic	metabolic:MET_SH_SUCCINYL_B12	metabolic:RHEA:22008	2	methionine_biosynthesis_sulfhydrylation	2847	2629	218	0.923428170003513	0.913079872066691	0.672361040285569	642	0.904984423676013	0.879832316184979	1.37341118041478	0.677519533834016	0.594211998139096
unit	metabolic	metabolic:MET_SH_SUCCINYL_B12	metabolic:RHEA:27826	2	methionine_biosynthesis_sulfhydrylation	6180	2629	3551	0.425404530744337	0.413128219206167	0.264235934047255	1351	0.430051813471503	0.403887178229721	1.60994200988674	0.123414431185111	0.119336088473606
unit	metabolic	metabolic:MET_SH_SUCCINYL_B12	metabolic:RHEA:11172	2	methionine_biosynthesis_sulfhydrylation	2871	2629	242	0.915708812260536	0.90498242319279	0.663437021927588	641	0.906396255850234	0.881363683350726	1.38024979311523	0.65575095591324	0.597718973649895
unit	metabolic	metabolic:MET_SH_SUCCINYL_FOLATE	metabolic:RHEA:22008	2	methionine_biosynthesis_sulfhydrylation	2031	1937	94	0.953717380600689	0.943692190172356	0.672361040285569	383	0.93733681462141	0.908455522655289	1.41846020732495	0.770215580451052	0.66496136148793
unit	metabolic	metabolic:MET_SH_SUCCINYL_FOLATE	metabolic:RHEA:27826	2	methionine_biosynthesis_sulfhydrylation	5376	1937	3439	0.36030505952381	0.347575651208929	0.264235934047255	969	0.370485036119711	0.340645166682106	1.36357328091256	0.0962894151943478	0.0936502326158039
unit	metabolic	metabolic:MET_SH_SUCCINYL_FOLATE	metabolic:RHEA:21196	2	methionine_biosynthesis_sulfhydrylation	2871	1937	934	0.674677812608847	0.657317195803484	0.535951045385008	641	0.5600624024961	0.521390879171946	1.25884223646617	0.277263483582331	0.178899379745409
unit	metabolic	metabolic:MET_TS_ACETYL_B12	metabolic:RHEA:13701	3	methionine_biosynthesis_transsulfuration	2784	2594	190	0.931752873563218	0.921778397403196	0.672361040285569	488	0.950819672131147	0.927866083756474	1.3857924801346	0.702100646415657	0.720093443261519
unit	metabolic	metabolic:MET_TS_ACETYL_B12	metabolic:RHEA:30931	3	methionine_biosynthesis_transsulfuration	4775	2594	2181	0.543246073298429	0.529088291120898	0.408975012748598	981	0.472986748216106	0.441910209084166	1.32831115927459	0.183478879800531	0.136714451182255
unit	metabolic	metabolic:MET_TS_ACETYL_B12	metabolic:RHEA:13965	3	methionine_biosynthesis_transsulfuration	3266	2594	672	0.794243723208818	0.780037719857387	0.602838687744348	607	0.764415156507414	0.729058371486491	1.31750622406245	0.414946982351796	0.349875269887164
unit	metabolic	metabolic:MET_TS_ACETYL_B12	metabolic:RHEA:11172	3	methionine_biosynthesis_transsulfuration	3388	2594	794	0.765643447461629	0.751083926075667	0.663437021927588	625	0.7424	0.70670737673337	1.15405595731918	0.376357851215262	0.325196471693368
unit	metabolic	metabolic:MET_TS_ACETYL_FOLATE	metabolic:RHEA:13701	3	methionine_biosynthesis_transsulfuration	2756	2643	113	0.95899854862119	0.950934122076253	0.672361040285569	404	0.965346534653465	0.942679517963879	1.42631486829439	0.794920276995554	0.766853800077244
unit	metabolic	metabolic:MET_TS_ACETYL_FOLATE	metabolic:RHEA:30931	3	methionine_biosynthesis_transsulfuration	4118	2643	1475	0.641816415735794	0.627046358635377	0.408975012748598	669	0.582959641255605	0.545226663843666	1.56932916615697	0.251642464622965	0.19340497003519
unit	metabolic	metabolic:MET_TS_ACETYL_FOLATE	metabolic:RHEA:13965	3	methionine_biosynthesis_transsulfuration	3273	2643	630	0.807516040329972	0.793651984672899	0.602838687744348	524	0.744274809160305	0.705236902492791	1.339522589951	0.434784395908913	0.323643848913362
unit	metabolic	metabolic:MET_TS_ACETYL_FOLATE	metabolic:RHEA:21196	3	methionine_biosynthesis_transsulfuration	3388	2643	745	0.780106257378985	0.765846988043419	0.535951045385008	625	0.624	0.585376404613483	1.4555550625311	0.395457101954423	0.220190950440547
unit	metabolic	metabolic:MET_TS_PHOSPHO_B12	metabolic:RHEA:13985	3	methionine_biosynthesis_transsulfuration	10	9	1	0.9	0.595849970475228	0.723270440251572	8	0.875	0.529111814943916	1.24434782608696	0.22771915599702	0.183493024962932
unit	metabolic	metabolic:MET_TS_PHOSPHO_B12	metabolic:RHEA:80891	3	methionine_biosynthesis_transsulfuration	4686	9	4677	0.00192061459667093	0.00101078978929355	0.0152133265340813	885	0.00790960451977401	0.00383659927025657	0.12624553823704	0.000202321561513536	0.000769682223858021
unit	metabolic	metabolic:MET_TS_PHOSPHO_B12	metabolic:RHEA:13965	3	methionine_biosynthesis_transsulfuration	9	9	0	1	0.700854948272956	0.602838687744348	7	1	0.645669561324132	1.65881855350345	0.319066404253662	0.267101208214351
unit	metabolic	metabolic:MET_TS_PHOSPHO_B12	metabolic:RHEA:11172	3	methionine_biosynthesis_transsulfuration	173	9	164	0.0520231213872832	0.0276078302489105	0.663437021927588	126	0.0555555555555556	0.0271687550216599	0.0784145588320234	0.00564627108469865	0.00555447759722175
unit	metabolic	metabolic:MET_TS_PHOSPHO_FOLATE	metabolic:RHEA:13985	3	methionine_biosynthesis_transsulfuration	171	166	5	0.970760233918129	0.93338703135047	0.723270440251572	126	0.96031746031746	0.91046434525407	1.34218154080854	0.73700947511066	0.670374622317176
unit	metabolic	metabolic:MET_TS_PHOSPHO_FOLATE	metabolic:RHEA:80891	3	methionine_biosynthesis_transsulfuration	4354	166	4188	0.0381258612769867	0.0328327807693161	0.0152133265340813	767	0.157757496740548	0.133674256855497	2.50608314963701	0.00674368736081888	0.0299362120949927
unit	metabolic	metabolic:MET_TS_PHOSPHO_FOLATE	metabolic:RHEA:13965	3	methionine_biosynthesis_transsulfuration	167	166	1	0.994011976047904	0.966865537147025	0.602838687744348	122	0.991803278688525	0.955029198617953	1.64888550827289	0.853715870018528	0.809426894241133
unit	metabolic	metabolic:MET_TS_PHOSPHO_FOLATE	metabolic:RHEA:21196	3	methionine_biosynthesis_transsulfuration	173	166	7	0.959537572254335	0.918846376252485	0.535951045385008	126	0.96031746031746	0.91046434525407	1.79034555584277	0.693670784766236	0.670374622317176
unit	metabolic	metabolic:MET_TS_SUCCINYL_B12	metabolic:RHEA:22008	3	methionine_biosynthesis_transsulfuration	2784	2594	190	0.931752873563218	0.921778397403196	0.672361040285569	488	0.950819672131147	0.927866083756474	1.3857924801346	0.702100646415657	0.720093443261519
unit	metabolic	metabolic:MET_TS_SUCCINYL_B12	metabolic:RHEA:20397	3	methionine_biosynthesis_transsulfuration	4775	2594	2181	0.543246073298429	0.529088291120898	0.408975012748598	981	0.472986748216106	0.441910209084166	1.32831115927459	0.183478879800531	0.136714451182255
unit	metabolic	metabolic:MET_TS_SUCCINYL_B12	metabolic:RHEA:13965	3	methionine_biosynthesis_transsulfuration	3266	2594	672	0.794243723208818	0.780037719857387	0.602838687744348	607	0.764415156507414	0.729058371486491	1.31750622406245	0.414946982351796	0.349875269887164
unit	metabolic	metabolic:MET_TS_SUCCINYL_B12	metabolic:RHEA:11172	3	methionine_biosynthesis_transsulfuration	3388	2594	794	0.765643447461629	0.751083926075667	0.663437021927588	625	0.7424	0.70670737673337	1.15405595731918	0.376357851215262	0.325196471693368
unit	metabolic	metabolic:MET_TS_SUCCINYL_FOLATE	metabolic:RHEA:22008	3	methionine_biosynthesis_transsulfuration	2756	2643	113	0.95899854862119	0.950934122076253	0.672361040285569	404	0.965346534653465	0.942679517963879	1.42631486829439	0.794920276995554	0.766853800077244
unit	metabolic	metabolic:MET_TS_SUCCINYL_FOLATE	metabolic:RHEA:20397	3	methionine_biosynthesis_transsulfuration	4118	2643	1475	0.641816415735794	0.627046358635377	0.408975012748598	669	0.582959641255605	0.545226663843666	1.56932916615697	0.251642464622965	0.19340497003519
unit	metabolic	metabolic:MET_TS_SUCCINYL_FOLATE	metabolic:RHEA:13965	3	methionine_biosynthesis_transsulfuration	3273	2643	630	0.807516040329972	0.793651984672899	0.602838687744348	524	0.744274809160305	0.705236902492791	1.339522589951	0.434784395908913	0.323643848913362
unit	metabolic	metabolic:MET_TS_SUCCINYL_FOLATE	metabolic:RHEA:21196	3	methionine_biosynthesis_transsulfuration	3388	2643	745	0.780106257378985	0.765846988043419	0.535951045385008	625	0.624	0.585376404613483	1.4555550625311	0.395457101954423	0.220190950440547
unit	metabolic	metabolic:MK_CLASSIC	metabolic:RHEA:18985	6	menaquinone_biosynthesis	3170	3114	56	0.982334384858044	0.977130561952046	0.382627910929798	579	0.972366148531952	0.955585630280634	2.5673359334162	0.895236352724418	0.811429169703479
unit	metabolic	metabolic:MK_CLASSIC	metabolic:RHEA:25593	6	menaquinone_biosynthesis	3147	3114	33	0.989513822688275	0.985310533199343	0.32508924018358	566	0.99469964664311	0.984533680586607	3.0438221275164	0.930628771432562	0.927173815083353
unit	metabolic	metabolic:MK_CLASSIC	metabolic:RHEA:10196	6	menaquinone_biosynthesis	3189	3114	75	0.976481655691439	0.97062073147666	0.342852286248513	600	0.938333333333333	0.916156937017961	2.84811183957994	0.868551142508605	0.686068574283399
unit	metabolic	metabolic:MK_CLASSIC	metabolic:RHEA:17009	6	menaquinone_biosynthesis	3149	3114	35	0.988885360431883	0.984582068824259	0.325004249532551	567	0.99294532627866	0.982002878965428	3.0426844013707	0.927388425174202	0.91605730238306
unit	metabolic	metabolic:MK_CLASSIC	metabolic:RHEA:26562	6	menaquinone_biosynthesis	3121	3114	7	0.99775712912528	0.995377320953447	0.360870304266531	565	0.99646017699115	0.987186320755103	2.76486349064721	0.977306228848788	0.939055306778017
unit	metabolic	metabolic:MK_CLASSIC	metabolic:RHEA:26478	6	menaquinone_biosynthesis	3130	3114	16	0.994888178913738	0.991712102722881	0.380588135305116	567	0.99294532627866	0.982002878965428	2.61408090957996	0.959890216670571	0.91605730238306
unit	metabolic	metabolic:MK_CLASSIC	metabolic:RHEA:42640	6	menaquinone_biosynthesis	3296	3114	182	0.944781553398058	0.936453501671246	0.702022777494476	606	0.929042904290429	0.905784169549206	1.3457990020922	0.746662382344143	0.657860627998259
unit	metabolic	metabolic:MK_FUTALOSINE	metabolic:RHEA:40051	6	menaquinone_biosynthesis	81	72	9	0.888888888888889	0.802129052364896	0.105813360530342	18	0.777777777777778	0.547854154939964	8.40053547523427	0.447745637778239	0.195064230171839
unit	metabolic	metabolic:MK_FUTALOSINE	metabolic:RHEA:33075	6	menaquinone_biosynthesis	73	72	1	0.986301369863014	0.926402626534879	0.122386537480877	14	1	0.78468919459702	8.05890410958904	0.71570623133838	0.421594118106414
unit	metabolic	metabolic:MK_FUTALOSINE	metabolic:RHEA:25904	6	menaquinone_biosynthesis	83	72	11	0.867469879518072	0.778072535330839	0.0673975862655108	17	0.823529411764706	0.589705412292216	12.8709339248545	0.412178032420881	0.223273605171966
unit	metabolic	metabolic:MK_FUTALOSINE	metabolic:RHEA:33083	6	menaquinone_biosynthesis	72	72	0	1	0.949348826644955	0.124511303756587	14	1	0.78468919459702	8.03139931740614	0.789410545160131	0.421594118106414
unit	metabolic	metabolic:MK_FUTALOSINE	metabolic:RHEA:33087	6	menaquinone_biosynthesis	72	72	0	1	0.949348826644955	0.10853306136325	14	1	0.78468919459702	9.21378230227095	0.789410545160131	0.421594118106414
unit	metabolic	metabolic:MK_FUTALOSINE	metabolic:RHEA:26478	6	menaquinone_biosynthesis	724	72	652	0.0994475138121547	0.0797179555452323	0.380588135305116	156	0.0897435897435897	0.054211014234647	0.26129956398254	0.0170296459564952	0.0113337333927586
unit	metabolic	metabolic:MK_FUTALOSINE	metabolic:RHEA:42640	6	menaquinone_biosynthesis	72	72	0	1	0.949348826644955	0.702022777494476	14	1	0.78468919459702	1.42445520581114	0.789410545160131	0.421594118106414
unit	metabolic	metabolic:NAD_GLN	metabolic:RHEA:22860	1	nad_biosynthesis_namn	5743	5339	404	0.929653491206686	0.922748322762405	0.852711201767806	2078	0.939364773820982	0.928270152879149	1.09023253040346	0.704922531300323	0.72131180957114
unit	metabolic	metabolic:NAD_GLN	metabolic:RHEA:24384	1	nad_biosynthesis_namn	10033	5339	4694	0.532143925047344	0.522370031620541	0.488101308856026	2784	0.701149425287356	0.683877920178977	1.09023253040346	0.179476538323434	0.302001080930805
unit	metabolic	metabolic:NAD_NH3	metabolic:RHEA:22860	1	nad_biosynthesis_namn	5793	5133	660	0.886069394096323	0.877630435115851	0.852711201767806	1057	0.845789971617786	0.822769237075228	1.03912015259019	0.589220036946963	0.481454818142452
unit	metabolic	metabolic:NAD_NH3	metabolic:RHEA:21188	1	nad_biosynthesis_namn	10033	5133	4900	0.511611681451211	0.50182805663425	0.492350841407445	2784	0.321120689655172	0.30403358805671	1.03912015259019	0.167684735134784	0.0803499955754603
unit	metabolic	metabolic:NEUAC_LYASE	metabolic:RHEA:23296	4	neuac_degradation	479	462	17	0.964509394572025	0.943902321595789	0.167601563827979	58	0.913793103448276	0.813563708374038	5.75477562704587	0.770915943006058	0.466026613725839
unit	metabolic	metabolic:NEUAC_LYASE	metabolic:RHEA:25253	4	neuac_degradation	921	462	459	0.501628664495114	0.469397698497311	0.0498895121536631	117	0.452991452991453	0.365720416766207	10.0547919360298	0.150331896791011	0.103395018866311
unit	metabolic	metabolic:NEUAC_LYASE	metabolic:RHEA:25257	4	neuac_degradation	463	462	1	0.997840172786177	0.987868639142216	0.18595954445011	53	1	0.932418010429355	5.36589921069569	0.942150374443531	0.733997865944741
unit	metabolic	metabolic:NEUAC_LYASE	metabolic:RHEA:22936	4	neuac_degradation	463	462	1	0.997840172786177	0.987868639142216	0.600968893421724	53	1	0.932418010429355	1.6603857266302	0.942150374443531	0.733997865944741
unit	metabolic	metabolic:NEUAC_LYASE	metabolic:RHEA:12172	4	neuac_degradation	466	462	4	0.991416309012876	0.978139853381531	0.477307496175421	54	0.981481481481482	0.902285624134036	2.07710190381864	0.899488087485532	0.648726143323053
unit	metabolic	metabolic:NITRATE_ASSIM_NARB_FD	metabolic:RHEA:21828	1	nitrate_assimilation	1093	228	865	0.208600182982617	0.185553730835388	0.0369709331973483	445	0.22247191011236	0.186297269867985	5.64227529419188	0.0435798725146109	0.0437850878329662
unit	metabolic	metabolic:NITRATE_ASSIM_NARB_FD	metabolic:RHEA:18041	1	nitrate_assimilation	435	228	207	0.524137931034483	0.477200265770369	0.0928947815740269	189	0.523809523809524	0.452844052952404	5.64227529419188	0.154373845070634	0.142018652256685
unit	metabolic	metabolic:NITRATE_ASSIM_NARB_NADH	metabolic:RHEA:21828	1	nitrate_assimilation	3838	207	3631	0.0539343408025013	0.0472235973099416	0.0369709331973483	692	0.13728323699422	0.113637064967796	1.4588309284649	0.00981553953093943	0.0250001697223113
unit	metabolic	metabolic:NITRATE_ASSIM_NARB_NADH	metabolic:RHEA:24628	1	nitrate_assimilation	435	207	228	0.475862068965517	0.429346993079284	0.326194118646949	189	0.502645502645503	0.432024132762611	1.4588309284649	0.130794315459312	0.132040610874536
unit	metabolic	metabolic:NITRATE_ASSIM_NAS_FD	metabolic:RHEA:21068	1	nitrate_assimilation	1093	274	819	0.250686184812443	0.225895331008505	0.242308346081931	445	0.182022471910112	0.148943077181647	1.03457511417159	0.0551445906478873	0.0338182055112102
unit	metabolic	metabolic:NITRATE_ASSIM_NAS_FD	metabolic:RHEA:18041	1	nitrate_assimilation	2851	274	2577	0.0961066292528937	0.0858247951463077	0.0928947815740269	577	0.140381282495667	0.114409176231787	1.03457511417159	0.0184303863345667	0.0251871479227317
unit	metabolic	metabolic:NITRATE_ASSIM_NAS_NADH	metabolic:RHEA:21068	1	nitrate_assimilation	3838	2390	1448	0.622720166753517	0.607269986015714	0.242308346081931	692	0.702312138728324	0.667203534094416	2.56994930972357	0.236207261526206	0.286207781415453
unit	metabolic	metabolic:NITRATE_ASSIM_NAS_NADH	metabolic:RHEA:24628	1	nitrate_assimilation	2851	2390	461	0.838302350052613	0.824334005369231	0.326194118646949	577	0.842287694974003	0.810297336408359	2.56994930972357	0.484143680589445	0.460707543700995
unit	metabolic	metabolic:OBU_CITRAMALATE	metabolic:RHEA:19045	3	oxobutanoate_biosynthesis_citramalate	8519	585	7934	0.0686700316938608	0.0634919502577077	0.0506544280129186	1988	0.096579476861167	0.0843621658519751	1.35565703508384	0.0133779012859411	0.0180935628933227
unit	metabolic	metabolic:OBU_CITRAMALATE	metabolic:RHEA:22332	3	oxobutanoate_biosynthesis_citramalate	585	585	0	1	0.993476242504062	0.733809280979092	192	1	0.980384853629872	1.36275191104934	0.96821075385171	0.909059512075778
unit	metabolic	metabolic:OBU_CITRAMALATE	metabolic:RHEA:42424	3	oxobutanoate_biosynthesis_citramalate	585	585	0	1	0.993476242504062	0.733809280979092	192	1	0.980384853629872	1.36275191104934	0.96821075385171	0.909059512075778
unit	metabolic	metabolic:OBU_CITRAMALATE	metabolic:RHEA:32715	3	oxobutanoate_biosynthesis_citramalate	590	585	5	0.991525423728814	0.980316768723464	0.757606663267041	192	1	0.980384853629872	1.30876016778026	0.908766892998101	0.909059512075778
unit	metabolic	metabolic:OIV_CANONICAL	metabolic:RHEA:25249	2	oxoisovalerate_biosynthesis	8950	8846	104	0.988379888268156	0.98594070920796	0.79296277409485	2163	0.991678224687933	0.98688352578898	1.24643920314717	0.933446335338793	0.937686939546681
unit	metabolic	metabolic:OIV_CANONICAL	metabolic:RHEA:22068	2	oxoisovalerate_biosynthesis	8902	8846	56	0.99370927881375	0.991840504417761	0.78344382117967	2160	0.993055555555556	0.988573434993892	1.26838613305734	0.960491984016334	0.945364365487107
unit	metabolic	metabolic:OIV_CANONICAL	metabolic:RHEA:24809	2	oxoisovalerate_biosynthesis	8951	8846	105	0.988269467098648	0.98582013788458	0.772310045894952	2161	0.992596020360944	0.988006418156844	1.2796278804757	0.93290621206952	0.942777310808629
unit	metabolic	metabolic:ORN_DEACETYLASE	metabolic:RHEA:24292	4	ornithine_biosynthesis	4108	3575	533	0.870253164556962	0.859630709802937	0.680265170831209	1018	0.846758349705305	0.82332994979691	1.27928519917257	0.550524036719811	0.482416066820846
unit	metabolic	metabolic:ORN_DEACETYLASE	metabolic:RHEA:14629	4	ornithine_biosynthesis	3585	3575	10	0.99721059972106	0.994872659920211	0.731429542750297	865	0.996531791907514	0.989853084148818	1.36337205627678	0.974878524983908	0.951244300658041
unit	metabolic	metabolic:ORN_DEACETYLASE	metabolic:RHEA:21588	4	ornithine_biosynthesis	3589	3575	14	0.996099191975481	0.9934626248267	0.719955804861465	868	0.993087557603687	0.985001658150138	1.38355602559125	0.968146088026729	0.929252661803636
unit	metabolic	metabolic:ORN_DEACETYLASE	metabolic:RHEA:18049	4	ornithine_biosynthesis	3753	3575	178	0.952571276312284	0.945295950464354	0.711541730409655	892	0.966367713004484	0.952394260993153	1.33874267045991	0.775585319513261	0.800046954883521
unit	metabolic	metabolic:ORN_DEACETYLASE	metabolic:RHEA:15941	4	ornithine_biosynthesis	7319	3575	3744	0.488454706927176	0.477011895763572	0.462264150943396	1754	0.491448118586089	0.468096476819002	1.05665712110777	0.154275302928101	0.149665675796758
unit	metabolic	metabolic:ORN_TRANSACETYLASE	metabolic:RHEA:24292	4	ornithine_biosynthesis	6023	6023	0	1	0.999362608273753	0.680265170831209	1585	1	0.997582226433089	1.47001499250375	0.99682114606954	0.988026924903377
unit	metabolic	metabolic:ORN_TRANSACETYLASE	metabolic:RHEA:14629	4	ornithine_biosynthesis	6077	6023	54	0.991114036531183	0.988424726250029	0.731429542750297	1596	0.993107769423559	0.98770034086003	1.35503692235951	0.944684786218388	0.941385459762423
unit	metabolic	metabolic:ORN_TRANSACETYLASE	metabolic:RHEA:21588	4	ornithine_biosynthesis	6060	6023	37	0.993894389438944	0.991596008755436	0.719955804861465	1594	0.99435382685069	0.989303954059706	1.38049361186856	0.959346645517706	0.948713999949082
unit	metabolic	metabolic:ORN_TRANSACETYLASE	metabolic:RHEA:18049	4	ornithine_biosynthesis	6406	6023	383	0.940212300967843	0.934138273288474	0.711541730409655	1654	0.958282950423216	0.947538091339137	1.32137337950163	0.739356967219404	0.78318795210802
unit	metabolic	metabolic:ORN_TRANSACETYLASE	metabolic:RHEA:15349	4	ornithine_biosynthesis	7319	6023	1296	0.822926629320946	0.814012485236789	0.560343362230155	1754	0.903648802736602	0.888944635711696	1.46861136365695	0.466763644412436	0.615518230468577
unit	metabolic	metabolic:OXOPENTENOATE_LOWER	metabolic:RHEA:22580	2	oxopentenoate_degradation	1615	1355	260	0.839009287925697	0.82028360362488	0.152898181200068	284	0.834507042253521	0.786879800612184	5.48737258573304	0.477223821655629	0.424770827126702
unit	metabolic	metabolic:OXOPENTENOATE_LOWER	metabolic:RHEA:22624	2	oxopentenoate_degradation	1410	1355	55	0.960992907801418	0.94957088842584	0.164711881693014	246	0.963414634146341	0.931943708096041	5.83438728234855	0.790178824091287	0.732530476379834
unit	metabolic	metabolic:OXOPENTENOATE_LOWER	metabolic:RHEA:23288	2	oxopentenoate_degradation	1371	1355	16	0.988329686360321	0.981126633816629	0.316845147033826	240	0.9875	0.963899995107341	3.11928301762756	0.91225717867078	0.842275409492727
unit	metabolic	metabolic:PAA_COA_EPOXIDASE	metabolic:RHEA:20956	7	phenylacetate_degradation	216	215	1	0.99537037037037	0.97424647715685	0.26398096209417	20	0.95	0.763868804535719	3.77061422336696	0.883258414173557	0.392830583422127
unit	metabolic	metabolic:PAA_COA_EPOXIDASE	metabolic:RHEA:32171	7	phenylacetate_degradation	220	215	5	0.977272727272727	0.947909899191033	0.166071732109468	19	1	0.831820773740436	5.88464222573741	0.784459583955767	0.497287240437982
unit	metabolic	metabolic:PAA_COA_EPOXIDASE	metabolic:RHEA:31843	7	phenylacetate_degradation	217	215	2	0.990783410138249	0.967023984339871	0.278599354071052	19	1	0.831820773740436	3.55630189252185	0.854333875332146	0.497287240437982
unit	metabolic	metabolic:PAA_COA_EPOXIDASE	metabolic:RHEA:31755	7	phenylacetate_degradation	215	215	0	1	0.982446384241207	0.112782593914669	19	1	0.831820773740436	8.86661642803316	0.917990195586544	0.497287240437982
unit	metabolic	metabolic:PAA_COA_EPOXIDASE	metabolic:RHEA:31747	7	phenylacetate_degradation	215	215	0	1	0.982446384241207	0.112782593914669	19	1	0.831820773740436	8.86661642803316	0.917990195586544	0.497287240437982
unit	metabolic	metabolic:PAA_COA_EPOXIDASE	metabolic:RHEA:34799	7	phenylacetate_degradation	684	215	469	0.314327485380117	0.280655009193631	0.0199728029916709	106	0.179245283018868	0.117861974879121	15.737775289287	0.0723826428813962	0.0260264146826393
unit	metabolic	metabolic:PAA_COA_EPOXIDASE	metabolic:RHEA:76647	7	phenylacetate_degradation	216	215	1	0.99537037037037	0.97424647715685	0.279279279279279	19	1	0.831820773740436	3.56406810035842	0.883258414173557	0.497287240437982
unit	metabolic	metabolic:PAA_COA_EPOXIDASE	metabolic:RHEA:34851	7	phenylacetate_degradation	216	215	1	0.99537037037037	0.97424647715685	0.481387047424783	19	1	0.831820773740436	2.06771323760201	0.883258414173557	0.497287240437982
unit	metabolic	metabolic:PABA_ADC	metabolic:RHEA:11672	1	paba_biosynthesis	6007	5259	748	0.875478608290328	0.866888295646957	0.586690464048955	1150	0.874782608695652	0.854397472932203	1.49223255180994	0.565688992137986	0.539934286608954
unit	metabolic	metabolic:PABA_ADC	metabolic:RHEA:16201	1	paba_biosynthesis	6903	5259	1644	0.761842677096914	0.751650456767994	0.51053884072752	1566	0.642401021711367	0.618340552688099	1.49223255180994	0.377069903532581	0.24472860942693
unit	metabolic	metabolic:PANTOTHENATE_PANBCDE	metabolic:RHEA:11824	3	pantothenate_biosynthesis	5221	5141	80	0.984677264891783	0.980971274928792	0.704487506374299	1097	0.98359161349134	0.974212120558339	1.39772140170307	0.911585997618974	0.883117237177586
unit	metabolic	metabolic:PANTOTHENATE_PANBCDE	metabolic:RHEA:16233	3	pantothenate_biosynthesis	5395	5141	254	0.95291936978684	0.946937937488395	0.828063912969573	1132	0.953180212014134	0.939266842944184	1.15077997587108	0.781141929841628	0.755686045740741
unit	metabolic	metabolic:PANTOTHENATE_PANBCDE	metabolic:RHEA:19497	3	pantothenate_biosynthesis	7501	5141	2360	0.685375283295561	0.674773953951722	0.481812000679925	1777	0.607203151378728	0.58428845665938	1.42249525194136	0.29326469071912	0.219422534618879
unit	metabolic	metabolic:PANTOTHENATE_PANBCDE	metabolic:RHEA:10912	3	pantothenate_biosynthesis	5244	5141	103	0.980358504958047	0.976236075207104	0.685534591194969	1098	0.982695810564663	0.97313148053699	1.43006424117734	0.891494447219108	0.878694589786147
unit	metabolic	metabolic:PCR_FOLATE_DIRECT_FOLATE	metabolic:RHEA:14905	9	purine_core_biosynthesis	930	920	10	0.989247311827957	0.98032046531913	0.899541050484447	702	0.988603988603989	0.97767524627903	1.09972447760466	0.908782776638212	0.897526971860203
unit	metabolic	metabolic:PCR_FOLATE_DIRECT_FOLATE	metabolic:RHEA:17453	9	purine_core_biosynthesis	920	920	0	1	0.995841863509841	0.898266190719021	694	1	0.994495226913783	1.11325574794209	0.979549462061388	0.973069127927998
unit	metabolic	metabolic:PCR_FOLATE_DIRECT_FOLATE	metabolic:RHEA:15053	9	purine_core_biosynthesis	930	920	10	0.989247311827957	0.98032046531913	0.857470678225395	698	0.994269340974212	0.985358745855079	1.15368062949428	0.908782776638212	0.930843859774302
unit	metabolic	metabolic:PCR_FOLATE_DIRECT_FOLATE	metabolic:RHEA:17129	9	purine_core_biosynthesis	1008	920	88	0.912698412698413	0.893668489164487	0.87353391126976	770	0.901298701298701	0.878197942140073	1.04483455183981	0.626992324555472	0.590500996144919
unit	metabolic	metabolic:PCR_FOLATE_DIRECT_FOLATE	metabolic:RHEA:23032	9	purine_core_biosynthesis	922	920	2	0.997830802603037	0.992125525637532	0.903110657827639	694	1	0.994495226913783	1.10488210271291	0.961829905897356	0.973069127927998
unit	metabolic	metabolic:PCR_FOLATE_DIRECT_FOLATE	metabolic:RHEA:10792	9	purine_core_biosynthesis	9222	920	8302	0.0997614400346996	0.0938106971922463	0.0967193608703043	2540	0.273228346456693	0.256250716614263	1.03145263923399	0.0202844588175205	0.0644656355728902
unit	metabolic	metabolic:PCR_FOLATE_DIRECT_FOLATE	metabolic:RHEA:22628	9	purine_core_biosynthesis	946	920	26	0.972515856236786	0.960033594438399	0.90251572327044	701	0.990014265335235	0.979532613461405	1.07756112293832	0.827711052060518	0.905407326551761
unit	metabolic	metabolic:PCR_FOLATE_DIRECT_FOLATE	metabolic:RHEA:23920	9	purine_core_biosynthesis	938	920	18	0.980810234541578	0.969870722254311	0.940336562978072	705	0.984397163120567	0.972278410468517	1.04304168651629	0.865556369240699	0.875227608437601
unit	metabolic	metabolic:PCR_FOLATE_DIRECT_FOLATE	metabolic:RHEA:22192	9	purine_core_biosynthesis	920	920	0	1	0.995841863509841	0.893676695563488	694	1	0.994495226913783	1.11897289586305	0.979549462061388	0.973069127927998
unit	metabolic	metabolic:PCR_FOLATE_DIRECT_FOLATE	metabolic:RHEA:18445	9	purine_core_biosynthesis	920	920	0	1	0.995841863509841	0.901240863505014	694	1	0.994495226913783	1.10958129007922	0.979549462061388	0.973069127927998
unit	metabolic	metabolic:PCR_FOLATE_DIRECT_FORMATE	metabolic:RHEA:14905	9	purine_core_biosynthesis	0	0	0			0.899541050484447	0					
unit	metabolic	metabolic:PCR_FOLATE_DIRECT_FORMATE	metabolic:RHEA:17453	9	purine_core_biosynthesis	0	0	0			0.898266190719021	0					
unit	metabolic	metabolic:PCR_FOLATE_DIRECT_FORMATE	metabolic:RHEA:15053	9	purine_core_biosynthesis	0	0	0			0.857470678225395	0					
unit	metabolic	metabolic:PCR_FOLATE_DIRECT_FORMATE	metabolic:RHEA:17129	9	purine_core_biosynthesis	0	0	0			0.87353391126976	0					
unit	metabolic	metabolic:PCR_FOLATE_DIRECT_FORMATE	metabolic:RHEA:23032	9	purine_core_biosynthesis	0	0	0			0.903110657827639	0					
unit	metabolic	metabolic:PCR_FOLATE_DIRECT_FORMATE	metabolic:RHEA:10792	9	purine_core_biosynthesis	51	0	51	0	0	0.0967193608703043	11	0	0	0	0	0
unit	metabolic	metabolic:PCR_FOLATE_DIRECT_FORMATE	metabolic:RHEA:22628	9	purine_core_biosynthesis	0	0	0			0.90251572327044	0					
unit	metabolic	metabolic:PCR_FOLATE_DIRECT_FORMATE	metabolic:RHEA:23920	9	purine_core_biosynthesis	0	0	0			0.940336562978072	0					
unit	metabolic	metabolic:PCR_FOLATE_DIRECT_FORMATE	metabolic:RHEA:24836	9	purine_core_biosynthesis	920	0	920	0	0	0.0232024477307496	694	0	0	0	0	0
unit	metabolic	metabolic:PCR_FOLATE_DIRECT_FORMATE	metabolic:RHEA:18445	9	purine_core_biosynthesis	0	0	0			0.901240863505014	0					
unit	metabolic	metabolic:PCR_FOLATE_TWOSTEP_FOLATE	metabolic:RHEA:14905	10	purine_core_biosynthesis	7182	7143	39	0.994569757727652	0.992585751761684	0.899541050484447	1436	0.994428969359331	0.989045286392504	1.10564132364168	0.963996513940769	0.947525791659138
unit	metabolic	metabolic:PCR_FOLATE_TWOSTEP_FOLATE	metabolic:RHEA:17453	10	purine_core_biosynthesis	7175	7143	32	0.995540069686411	0.993710863453374	0.898266190719021	1435	0.995121951219512	0.989965036161508	1.10829070488507	0.969325969921273	0.951761468485037
unit	metabolic	metabolic:PCR_FOLATE_TWOSTEP_FOLATE	metabolic:RHEA:15053	10	purine_core_biosynthesis	7356	7143	213	0.971044045676998	0.966959390727481	0.857470678225395	1465	0.974744027303754	0.965382992376801	1.1324516048603	0.854081851728621	0.847966711861841
unit	metabolic	metabolic:PCR_FOLATE_TWOSTEP_FOLATE	metabolic:RHEA:17129	10	purine_core_biosynthesis	7270	7143	127	0.982530949105915	0.97925460462263	0.87353391126976	1455	0.981443298969072	0.973135350102726	1.12477711103135	0.904220922444245	0.878710364851374
unit	metabolic	metabolic:PCR_FOLATE_TWOSTEP_FOLATE	metabolic:RHEA:23032	10	purine_core_biosynthesis	7163	7143	20	0.997207873795896	0.995690992767744	0.903110657827639	1430	0.998601398601399	0.994914784246602	1.10419234359896	0.978820022542886	0.975080799281237
unit	metabolic	metabolic:PCR_FOLATE_TWOSTEP_FOLATE	metabolic:RHEA:19317	10	purine_core_biosynthesis	8238	7143	1095	0.86707938820102	0.859577014400972	0.680435152133265	1821	0.784184514003295	0.764701845035143	1.27430128423347	0.550413939564879	0.393934036845102
unit	metabolic	metabolic:PCR_FOLATE_TWOSTEP_FOLATE	metabolic:RHEA:13193	10	purine_core_biosynthesis	7165	7143	22	0.996929518492673	0.995355112985985	0.804096549379568	1430	0.998601398601399	0.994914784246602	1.23981320310589	0.977199193608	0.975080799281237
unit	metabolic	metabolic:PCR_FOLATE_TWOSTEP_FOLATE	metabolic:RHEA:22628	10	purine_core_biosynthesis	7190	7143	47	0.99346314325452	0.991318879355788	0.90251572327044	1444	0.988919667590028	0.982076666929357	1.10077100890222	0.958051052283054	0.916378442737587
unit	metabolic	metabolic:PCR_FOLATE_TWOSTEP_FOLATE	metabolic:RHEA:23920	10	purine_core_biosynthesis	7182	7143	39	0.994569757727652	0.992585751761684	0.940336562978072	1437	0.993736951983299	0.988139668694408	1.05767423801731	0.963996513940769	0.943384268789117
unit	metabolic	metabolic:PCR_FOLATE_TWOSTEP_FOLATE	metabolic:RHEA:22192	10	purine_core_biosynthesis	7143	7143	0	1	0.999462495578865	0.893676695563488	1428	1	0.997317119952444	1.11897289586305	0.99731824371776	0.986728028195603
unit	metabolic	metabolic:PCR_FOLATE_TWOSTEP_FOLATE	metabolic:RHEA:18445	10	purine_core_biosynthesis	7144	7143	1	0.999860022396417	0.999207475937213	0.901240863505014	1428	1	0.997317119952444	1.10942597354925	0.996049901877313	0.986728028195603
unit	metabolic	metabolic:PCR_FOLATE_TWOSTEP_FORMATE	metabolic:RHEA:14905	10	purine_core_biosynthesis	0	0	0			0.899541050484447	0					
unit	metabolic	metabolic:PCR_FOLATE_TWOSTEP_FORMATE	metabolic:RHEA:17453	10	purine_core_biosynthesis	0	0	0			0.898266190719021	0					
unit	metabolic	metabolic:PCR_FOLATE_TWOSTEP_FORMATE	metabolic:RHEA:15053	10	purine_core_biosynthesis	3	0	3	0	0	0.857470678225395	0			0	0	
unit	metabolic	metabolic:PCR_FOLATE_TWOSTEP_FORMATE	metabolic:RHEA:17129	10	purine_core_biosynthesis	1	0	1	0	0	0.87353391126976	1	0	0	0	0	0
unit	metabolic	metabolic:PCR_FOLATE_TWOSTEP_FORMATE	metabolic:RHEA:23032	10	purine_core_biosynthesis	0	0	0			0.903110657827639	0					
unit	metabolic	metabolic:PCR_FOLATE_TWOSTEP_FORMATE	metabolic:RHEA:19317	10	purine_core_biosynthesis	51	0	51	0	0	0.680435152133265	11	0	0	0	0	0
unit	metabolic	metabolic:PCR_FOLATE_TWOSTEP_FORMATE	metabolic:RHEA:13193	10	purine_core_biosynthesis	0	0	0			0.804096549379568	0					
unit	metabolic	metabolic:PCR_FOLATE_TWOSTEP_FORMATE	metabolic:RHEA:22628	10	purine_core_biosynthesis	0	0	0			0.90251572327044	0					
unit	metabolic	metabolic:PCR_FOLATE_TWOSTEP_FORMATE	metabolic:RHEA:23920	10	purine_core_biosynthesis	0	0	0			0.940336562978072	0					
unit	metabolic	metabolic:PCR_FOLATE_TWOSTEP_FORMATE	metabolic:RHEA:24836	10	purine_core_biosynthesis	7143	0	7143	0	0	0.0232024477307496	1428	0	0	0	0	0
unit	metabolic	metabolic:PCR_FOLATE_TWOSTEP_FORMATE	metabolic:RHEA:18445	10	purine_core_biosynthesis	28	0	28	0	0	0.901240863505014	5	0	0	0	0	0
unit	metabolic	metabolic:PCR_FORMATE_DIRECT_FOLATE	metabolic:RHEA:14905	9	purine_core_biosynthesis	0	0	0			0.899541050484447	0					
unit	metabolic	metabolic:PCR_FORMATE_DIRECT_FOLATE	metabolic:RHEA:17453	9	purine_core_biosynthesis	0	0	0			0.898266190719021	0					
unit	metabolic	metabolic:PCR_FORMATE_DIRECT_FOLATE	metabolic:RHEA:24829	9	purine_core_biosynthesis	930	0	930	0	0	0.30350161482237	698	0	0	0	0	0
unit	metabolic	metabolic:PCR_FORMATE_DIRECT_FOLATE	metabolic:RHEA:17129	9	purine_core_biosynthesis	0	0	0			0.87353391126976	0					
unit	metabolic	metabolic:PCR_FORMATE_DIRECT_FOLATE	metabolic:RHEA:23032	9	purine_core_biosynthesis	0	0	0			0.903110657827639	0					
unit	metabolic	metabolic:PCR_FORMATE_DIRECT_FOLATE	metabolic:RHEA:10792	9	purine_core_biosynthesis	3305	0	3305	0	0	0.0967193608703043	473	0	0	0	0	0
unit	metabolic	metabolic:PCR_FORMATE_DIRECT_FOLATE	metabolic:RHEA:22628	9	purine_core_biosynthesis	0	0	0			0.90251572327044	0					
unit	metabolic	metabolic:PCR_FORMATE_DIRECT_FOLATE	metabolic:RHEA:23920	9	purine_core_biosynthesis	0	0	0			0.940336562978072	0					
unit	metabolic	metabolic:PCR_FORMATE_DIRECT_FOLATE	metabolic:RHEA:22192	9	purine_core_biosynthesis	0	0	0			0.893676695563488	0					
unit	metabolic	metabolic:PCR_FORMATE_DIRECT_FOLATE	metabolic:RHEA:18445	9	purine_core_biosynthesis	0	0	0			0.901240863505014	0					
unit	metabolic	metabolic:PCR_FORMATE_DIRECT_FORMATE	metabolic:RHEA:14905	9	purine_core_biosynthesis	0	0	0			0.899541050484447	0					
unit	metabolic	metabolic:PCR_FORMATE_DIRECT_FORMATE	metabolic:RHEA:17453	9	purine_core_biosynthesis	0	0	0			0.898266190719021	0					
unit	metabolic	metabolic:PCR_FORMATE_DIRECT_FORMATE	metabolic:RHEA:24829	9	purine_core_biosynthesis	0	0	0			0.30350161482237	0					
unit	metabolic	metabolic:PCR_FORMATE_DIRECT_FORMATE	metabolic:RHEA:17129	9	purine_core_biosynthesis	0	0	0			0.87353391126976	0					
unit	metabolic	metabolic:PCR_FORMATE_DIRECT_FORMATE	metabolic:RHEA:23032	9	purine_core_biosynthesis	0	0	0			0.903110657827639	0					
unit	metabolic	metabolic:PCR_FORMATE_DIRECT_FORMATE	metabolic:RHEA:10792	9	purine_core_biosynthesis	47	0	47	0	0	0.0967193608703043	6	0	0	0	0	0
unit	metabolic	metabolic:PCR_FORMATE_DIRECT_FORMATE	metabolic:RHEA:22628	9	purine_core_biosynthesis	0	0	0			0.90251572327044	0					
unit	metabolic	metabolic:PCR_FORMATE_DIRECT_FORMATE	metabolic:RHEA:23920	9	purine_core_biosynthesis	0	0	0			0.940336562978072	0					
unit	metabolic	metabolic:PCR_FORMATE_DIRECT_FORMATE	metabolic:RHEA:24836	9	purine_core_biosynthesis	0	0	0			0.0232024477307496	0					
unit	metabolic	metabolic:PCR_FORMATE_DIRECT_FORMATE	metabolic:RHEA:18445	9	purine_core_biosynthesis	0	0	0			0.901240863505014	0					
unit	metabolic	metabolic:PCR_FORMATE_TWOSTEP_FOLATE	metabolic:RHEA:14905	10	purine_core_biosynthesis	3058	3052	6	0.998037933289732	0.99572569954093	0.899541050484447	396	1	0.990392544855043	1.10949681812991	0.978987748411098	0.953740469723837
unit	metabolic	metabolic:PCR_FORMATE_TWOSTEP_FOLATE	metabolic:RHEA:17453	10	purine_core_biosynthesis	3061	3052	9	0.997059784384188	0.994421191856811	0.898266190719021	397	0.997481108312343	0.985871793926585	1.1099825360076	0.972714834106751	0.933137555226266
unit	metabolic	metabolic:PCR_FORMATE_TWOSTEP_FOLATE	metabolic:RHEA:24829	10	purine_core_biosynthesis	7356	3052	4304	0.414899401848831	0.403687305839707	0.30350161482237	1465	0.270307167235495	0.248187726696159	1.36704182642211	0.11924886292774	0.0619346890904194
unit	metabolic	metabolic:PCR_FORMATE_TWOSTEP_FOLATE	metabolic:RHEA:17129	10	purine_core_biosynthesis	3083	3052	31	0.989944858903665	0.985763141231456	0.87353391126976	400	0.99	0.974573435174673	1.13326437145948	0.932651055785265	0.884603701709689
unit	metabolic	metabolic:PCR_FORMATE_TWOSTEP_FOLATE	metabolic:RHEA:23032	10	purine_core_biosynthesis	3058	3052	6	0.998037933289732	0.99572569954093	0.903110657827639	396	1	0.990392544855043	1.1051114552124	0.978987748411098	0.953740469723837
unit	metabolic	metabolic:PCR_FORMATE_TWOSTEP_FOLATE	metabolic:RHEA:19317	10	purine_core_biosynthesis	3296	3052	244	0.925970873786408	0.91652814701013	0.680435152133265	472	0.838983050847458	0.803109279009416	1.36085102435309	0.68711057529492	0.449276098880075
unit	metabolic	metabolic:PCR_FORMATE_TWOSTEP_FOLATE	metabolic:RHEA:13193	10	purine_core_biosynthesis	3059	3052	7	0.997711670480549	0.995283781843428	0.804096549379568	397	0.997481108312343	0.985871793926585	1.24078591215243	0.976855526756876	0.933137555226266
unit	metabolic	metabolic:PCR_FORMATE_TWOSTEP_FOLATE	metabolic:RHEA:22628	10	purine_core_biosynthesis	3063	3052	11	0.996408749591903	0.993580425014564	0.90251572327044	401	0.987531172069825	0.971147552873341	1.10403478177779	0.968705709256982	0.870664362891739
unit	metabolic	metabolic:PCR_FORMATE_TWOSTEP_FOLATE	metabolic:RHEA:23920	10	purine_core_biosynthesis	3062	3052	10	0.996734160679295	0.99399845078673	0.940336562978072	397	0.997481108312343	0.985871793926585	1.05997597022348	0.970695737820173	0.933137555226266
unit	metabolic	metabolic:PCR_FORMATE_TWOSTEP_FOLATE	metabolic:RHEA:22192	10	purine_core_biosynthesis	3055	3052	3	0.999018003273322	0.997116641285424	0.893676695563488	396	1	0.990392544855043	1.11787406814207	0.985747585718804	0.953740469723837
unit	metabolic	metabolic:PCR_FORMATE_TWOSTEP_FOLATE	metabolic:RHEA:18445	10	purine_core_biosynthesis	3052	3052	0	1	0.998742912898792	0.901240863505014	396	1	0.990392544855043	1.10958129007922	0.993746011725921	0.953740469723837
unit	metabolic	metabolic:PCR_FORMATE_TWOSTEP_FORMATE	metabolic:RHEA:14905	10	purine_core_biosynthesis	3	3	0	1	0.43850296436068	0.899541050484447	0			1.11167800453515	0.135090747440382	
unit	metabolic	metabolic:PCR_FORMATE_TWOSTEP_FORMATE	metabolic:RHEA:17453	10	purine_core_biosynthesis	3	3	0	1	0.43850296436068	0.898266190719021	0			1.11325574794209	0.135090747440382	
unit	metabolic	metabolic:PCR_FORMATE_TWOSTEP_FORMATE	metabolic:RHEA:24829	10	purine_core_biosynthesis	3	3	0	1	0.43850296436068	0.30350161482237	0			3.29487538504621	0.135090747440382	
unit	metabolic	metabolic:PCR_FORMATE_TWOSTEP_FORMATE	metabolic:RHEA:17129	10	purine_core_biosynthesis	3	3	0	1	0.43850296436068	0.87353391126976	0			1.14477524810274	0.135090747440382	
unit	metabolic	metabolic:PCR_FORMATE_TWOSTEP_FORMATE	metabolic:RHEA:23032	10	purine_core_biosynthesis	3	3	0	1	0.43850296436068	0.903110657827639	0			1.1072840203275	0.135090747440382	
unit	metabolic	metabolic:PCR_FORMATE_TWOSTEP_FORMATE	metabolic:RHEA:19317	10	purine_core_biosynthesis	47	3	44	0.0638297872340425	0.0219453850345071	0.680435152133265	6	0	0	0.0938073040963958	0.00446750998837372	0
unit	metabolic	metabolic:PCR_FORMATE_TWOSTEP_FORMATE	metabolic:RHEA:13193	10	purine_core_biosynthesis	3	3	0	1	0.43850296436068	0.804096549379568	0			1.24363175140049	0.135090747440382	
unit	metabolic	metabolic:PCR_FORMATE_TWOSTEP_FORMATE	metabolic:RHEA:22628	10	purine_core_biosynthesis	3	3	0	1	0.43850296436068	0.90251572327044	0			1.10801393728223	0.135090747440382	
unit	metabolic	metabolic:PCR_FORMATE_TWOSTEP_FORMATE	metabolic:RHEA:23920	10	purine_core_biosynthesis	3	3	0	1	0.43850296436068	0.940336562978072	0			1.06344902386117	0.135090747440382	
unit	metabolic	metabolic:PCR_FORMATE_TWOSTEP_FORMATE	metabolic:RHEA:24836	10	purine_core_biosynthesis	3055	3	3052	0.000981996726677578	0.000334022445444794	0.0232024477307496	396	0	0	0.0423229798025215	6.68223452194872e-05	0
unit	metabolic	metabolic:PCR_FORMATE_TWOSTEP_FORMATE	metabolic:RHEA:18445	10	purine_core_biosynthesis	57	3	54	0.0526315789473684	0.0180602954930618	0.901240863505014	13	0	0	0.0583990152673271	0.00366501205923267	0
unit	metabolic	metabolic:PECTATE_LYASE	metabolic:RXN_PECTATE_ENDO_PL	4	pectate_lyase_degradation	149	96	53	0.644295302013423	0.564686754222912	0.0964643889172191	21	0.428571428571429	0.244699688097164	6.67910002069598	0.205995855801169	0.0608523854016308
unit	metabolic	metabolic:PECTATE_LYASE	metabolic:RHEA:57104	4	pectate_lyase_degradation	127	96	31	0.755905511811024	0.674407979169592	0.0216726160122387	20	0.45	0.25819785703764	34.8783696155628	0.292919270404679	0.0650830054335342
unit	metabolic	metabolic:PECTATE_LYASE	metabolic:RHEA:20269	4	pectate_lyase_degradation	104	96	8	0.923076923076923	0.855504453175878	0.0382457929627741	15	0.6	0.357468299543445	24.1353846153846	0.542150893757291	0.100127619937922
unit	metabolic	metabolic:PECTATE_LYASE	metabolic:RHEA:23896	4	pectate_lyase_degradation	114	96	18	0.842105263157895	0.764178877283508	0.166921638619752	10	0.9	0.595849970475228	5.04491370993676	0.393240866623174	0.22771915599702
unit	metabolic	metabolic:PECTATE_LYASE	metabolic:RHEA:24232	4	pectate_lyase_degradation	98	96	2	0.979591836734694	0.928617888336521	0.217831038585756	11	0.818181818181818	0.523019435645767	4.49702596606337	0.722362768987033	0.179860185158581
unit	metabolic	metabolic:PECTIN_SACCHARIFICATION	metabolic:RXN_PECTIN_ENDO_PG	1	pectin_degradation	393	255	138	0.648854961832061	0.600428843607823	0.0472548019717831	217	0.764976958525346	0.704255575101933	13.7309846779065	0.231086632195425	0.322612354323854
unit	metabolic	metabolic:PECTIN_SACCHARIFICATION	metabolic:RXN_OLIGOGALACTURONIDE_EXO	1	pectin_degradation	556	255	301	0.45863309352518	0.417640296283273	0.033401325854156	224	0.741071428571429	0.679982898648805	13.7309846779065	0.125438645821749	0.298229165860525
unit	metabolic	metabolic:PHENYLPROPANOATE_DIOXYGENASE	metabolic:RHEA:20357	1	phenylpropanoate_dihydroxylation	169	128	41	0.757396449704142	0.687515254864524	0.0120686724460309	20	0.65	0.432854275068444	62.7572297691474	0.305570622497031	0.132428727784356
unit	metabolic	metabolic:PHENYLPROPANOATE_DIOXYGENASE	metabolic:RHEA:25062	1	phenylpropanoate_dihydroxylation	142	128	14	0.901408450704225	0.84131107068244	0.0143634200237974	15	0.866666666666667	0.621180169460194	62.7572297691474	0.514640237556277	0.246962698729995
unit	metabolic	metabolic:PHE_CANONICAL	metabolic:RHEA:13897	2	phenylalanine_biosynthesis	8907	8063	844	0.905243067250477	0.898984832575765	0.748342682304946	2105	0.849406175771972	0.833491765149816	1.20966381933778	0.640274919722527	0.500285285745682
unit	metabolic	metabolic:PHE_CANONICAL	metabolic:RHEA:21648	2	phenylalanine_biosynthesis	8656	8063	593	0.931492606284658	0.925977267566924	0.763131055583886	1913	0.934657605854678	0.922689137597217	1.22061944599012	0.714438506068533	0.704749859830326
unit	metabolic	metabolic:PHE_CANONICAL	metabolic:RHEA:25152	2	phenylalanine_biosynthesis	8126	8063	63	0.99224710804824	0.990093826456119	0.946455889852116	1795	0.996100278551532	0.991971996637357	1.04838177741519	0.952356972668215	0.961108856122102
unit	metabolic	metabolic:PLP_DXP	metabolic:RHEA:12056	5	plp_biosynthesis_dxp	1597	1350	247	0.84533500313087	0.826774261685994	0.126211116777155	193	0.77720207253886	0.71340955303014	6.69778562076621	0.488376643265834	0.332380848866572
unit	metabolic	metabolic:PLP_DXP	metabolic:RHEA:18829	5	plp_biosynthesis_dxp	1388	1350	38	0.972622478386167	0.962646580889715	0.150263471018188	167	0.898203592814371	0.843031714055745	6.4727805886265	0.837510985488098	0.517873101647053
unit	metabolic	metabolic:PLP_DXP	metabolic:RHEA:16573	5	plp_biosynthesis_dxp	1353	1350	3	0.997782705099778	0.99350114849921	0.746217916029237	151	0.993377483443709	0.963444576131746	1.3371197389754	0.968329041910107	0.840539469752541
unit	metabolic	metabolic:PLP_DXP	metabolic:RHEA:32275	5	plp_biosynthesis_dxp	1362	1350	12	0.991189427312775	0.984663037001491	0.365714771375149	151	0.993377483443709	0.963444576131746	2.71027999111367	0.927747707927736	0.840539469752541
unit	metabolic	metabolic:PLP_DXP	metabolic:RHEA:15265	5	plp_biosynthesis_dxp	1354	1350	4	0.997045790251108	0.992428619461811	0.45682474927758	150	1	0.975029755247836	2.18255642197108	0.963255911223675	0.886486605238548
unit	metabolic	metabolic:PLP_DXP	metabolic:RHEA:15149	5	plp_biosynthesis_dxp	1367	1350	17	0.987564008778347	0.980174249326727	0.601308856025837	154	0.974025974025974	0.935124903375596	1.64235733247859	0.908154843339621	0.742457019783826
unit	metabolic	metabolic:PRD_STICKLAND	metabolic:RHEA:10680	1	proline_reduction_stickland	91	90	1	0.989010989010989	0.940350642692402	0.0939996600373959	30	1	0.886486605238548	10.521431552173	0.759206034584371	0.609665708343627
unit	metabolic	metabolic:PRD_STICKLAND	metabolic:RHEA:12737	1	proline_reduction_stickland	1106	90	1016	0.081374321880651	0.0666728139788824	0.00773414924358321	223	0.134529147982063	0.0958850678584647	10.521431552173	0.0140858789450842	0.0207702597869832
unit	metabolic	metabolic:PROPIONATE_ACRYLATE	metabolic:RXN_LACTATE_COA_TRANSFER	2	propionate_formation_acrylate	3	3	0	1	0.43850296436068	0.0985041645419004	1	1	0.206549311791803	10.1518550474547	0.135090747440382	0.0494870802535209
unit	metabolic	metabolic:PROPIONATE_ACRYLATE	metabolic:RHEA:34691	2	propionate_formation_acrylate	13	3	10	0.230769230769231	0.0817952865426959	0.00101988781234064	4	0.25	0.0455872602953689	226.269230769231	0.0175044847877352	0.00946254942191757
unit	metabolic	metabolic:PROPIONATE_ACRYLATE	metabolic:RHEA:34471	2	propionate_formation_acrylate	12	3	9	0.25	0.0889416676948856	0.00178480367159612	4	0.25	0.0455872602953689	140.071428571429	0.0191509903551324	0.00946254942191757
unit	metabolic	metabolic:PROPIONATE_PDU	metabolic:RHEA:14569	3	propionate_formation_propanediol	170	168	2	0.988235294117647	0.958125303009715	0.0295767465578786	12	0.833333333333333	0.551969135388189	33.4125760649087	0.8206649230728	0.197687940237123
unit	metabolic	metabolic:PROPIONATE_PDU	metabolic:RHEA:36027	3	propionate_formation_propanediol	169	168	1	0.994082840236686	0.967248658484073	0.0341662417134115	10	1	0.722467196973942	29.0954693985693	0.855211378749187	0.342380223954649
unit	metabolic	metabolic:PROPIONATE_PDU	metabolic:RHEA:28046	3	propionate_formation_propanediol	169	168	1	0.994082840236686	0.967248658484073	0.0203977562468129	10	1	0.722467196973942	48.7349112426035	0.855211378749187	0.342380223954649
unit	metabolic	metabolic:PROPIONATE_PDU	metabolic:RHEA:23148	3	propionate_formation_propanediol	232	168	64	0.724137931034483	0.663328402166769	0.0319564847866735	18	0.555555555555556	0.337164154934269	22.6601247248716	0.282665977276153	0.0923397554874696
unit	metabolic	metabolic:PRO_CANONICAL	metabolic:RHEA:14877	2	proline_biosynthesis	9116	9054	62	0.993198771390961	0.991291471372561	0.79134795172531	2637	0.994690936670459	0.991107854492082	1.25507214522458	0.957923069478798	0.957066361116938
unit	metabolic	metabolic:PRO_CANONICAL	metabolic:RHEA:19541	2	proline_biosynthesis	9133	9054	79	0.991350049271871	0.989233501821702	0.78769335373109	2641	0.993184399848542	0.989251739968923	1.2585481959142	0.948390139006008	0.948473960910632
unit	metabolic	metabolic:PRO_CANONICAL	metabolic:RHEA:14109	2	proline_biosynthesis	9183	9054	129	0.985952303168899	0.98333398636134	0.87089920108788	2641	0.993184399848542	0.989251739968923	1.13210840236999	0.921877869759012	0.948473960910632
unit	metabolic	metabolic:PYR_DHODH_FUMARATE	metabolic:RHEA:18633	5	pyrimidine_core_biosynthesis	1243	1206	37	0.970233306516492	0.959241019564851	0.891806901240863	342	0.961988304093567	0.93606006702363	1.08794101634166	0.824773338152146	0.745413348780708
unit	metabolic	metabolic:PYR_DHODH_FUMARATE	metabolic:RHEA:20013	5	pyrimidine_core_biosynthesis	1219	1206	13	0.989335520918786	0.981839508602731	0.908720040795512	332	0.990963855421687	0.973773887007491	1.088713219148	0.915346909873623	0.881319543306447
unit	metabolic	metabolic:PYR_DHODH_FUMARATE	metabolic:RHEA:24296	5	pyrimidine_core_biosynthesis	1210	1206	4	0.996694214876033	0.991530924608668	0.901835798062213	329	1	0.988458592585769	1.10518368977772	0.959042124389013	0.944839482931514
unit	metabolic	metabolic:PYR_DHODH_FUMARATE	metabolic:RHEA:30059	5	pyrimidine_core_biosynthesis	9855	1206	8649	0.122374429223744	0.116050926518978	0.114652388237294	2710	0.12140221402214	0.109638921165521	1.06735176741777	0.0255855684423998	0.024036009997285
unit	metabolic	metabolic:PYR_DHODH_FUMARATE	metabolic:RHEA:10380	5	pyrimidine_core_biosynthesis	1213	1206	7	0.994229183841715	0.988136049964858	0.927587965323814	333	0.987987987987988	0.969526482767292	1.071843556632	0.943367777267784	0.86418718987547
unit	metabolic	metabolic:PYR_DHODH_FUMARATE	metabolic:RHEA:11596	5	pyrimidine_core_biosynthesis	1219	1206	13	0.989335520918786	0.981839508602731	0.915774264830869	333	0.987987987987988	0.969526482767292	1.08032684353879	0.915346909873623	0.86418718987547
unit	metabolic	metabolic:PYR_DHODH_NAD	metabolic:RHEA:18633	5	pyrimidine_core_biosynthesis	2286	2073	213	0.906824146981627	0.8942163085848	0.891806901240863	690	0.902898550724638	0.87852344791799	1.01683912259467	0.628342677138936	0.591237483896454
unit	metabolic	metabolic:PYR_DHODH_NAD	metabolic:RHEA:20013	5	pyrimidine_core_biosynthesis	2097	2073	24	0.988555078683834	0.983026443933056	0.908720040795512	632	0.985759493670886	0.973159254042624	1.08785438232267	0.920527915212846	0.87880782386027
unit	metabolic	metabolic:PYR_DHODH_NAD	metabolic:RHEA:24296	5	pyrimidine_core_biosynthesis	2100	2073	27	0.987142857142857	0.981357908966723	0.901835798062213	631	0.987321711568938	0.975183788073086	1.0945926733713	0.913257770954775	0.887123599109602
unit	metabolic	metabolic:PYR_DHODH_NAD	metabolic:RHEA:13513	5	pyrimidine_core_biosynthesis	9855	2073	7782	0.210350076103501	0.202417187306745	0.204232534421214	2710	0.229889298892989	0.214436628301289	1.02995380584011	0.0483057723108176	0.0517681085874863
unit	metabolic	metabolic:PYR_DHODH_NAD	metabolic:RHEA:10380	5	pyrimidine_core_biosynthesis	2096	2073	23	0.989026717557252	0.983587351943567	0.927587965323814	628	0.99203821656051	0.981498916596962	1.06623496048915	0.922992357081351	0.913868674343176
unit	metabolic	metabolic:PYR_DHODH_NAD	metabolic:RHEA:11596	5	pyrimidine_core_biosynthesis	2080	2073	7	0.996634615384615	0.993069335257952	0.915774264830869	624	0.998397435897436	0.990978912989976	1.08829725147243	0.966281444310051	0.956465479731024
unit	metabolic	metabolic:PYR_DHODH_QUINONE	metabolic:RHEA:18633	5	pyrimidine_core_biosynthesis	7584	7433	151	0.980089662447257	0.976694104782423	0.891806901240863	2056	0.983463035019455	0.976980801832197	1.09899313526679	0.893407461998655	0.894608152456485
unit	metabolic	metabolic:PYR_DHODH_QUINONE	metabolic:RHEA:20013	5	pyrimidine_core_biosynthesis	7473	7433	40	0.994647397296936	0.992719956911003	0.908720040795512	2032	0.99507874015748	0.990964478625266	1.09455866784472	0.964629771699398	0.956398251257293
unit	metabolic	metabolic:PYR_DHODH_QUINONE	metabolic:RHEA:24296	5	pyrimidine_core_biosynthesis	7484	7433	51	0.993185462319615	0.991051958571351	0.901835798062213	2045	0.988753056234719	0.983179424745784	1.10129301193597	0.956805806585362	0.921199034040993
unit	metabolic	metabolic:PYR_DHODH_QUINONE	metabolic:RHEA:30187	5	pyrimidine_core_biosynthesis	9855	7433	2422	0.754236428209031	0.745638183344025	0.681115077341492	2710	0.746125461254613	0.729398738388284	1.10735535491733	0.36959488145225	0.350267465800101
unit	metabolic	metabolic:PYR_DHODH_QUINONE	metabolic:RHEA:10380	5	pyrimidine_core_biosynthesis	7458	7433	25	0.996647894877983	0.995056063233864	0.927587965323814	2030	0.996059113300493	0.992242596250624	1.07445108403283	0.975759686478291	0.96238030587805
unit	metabolic	metabolic:PYR_DHODH_QUINONE	metabolic:RHEA:11596	5	pyrimidine_core_biosynthesis	7511	7433	78	0.989615230994541	0.987059296113924	0.915774264830869	2039	0.991662579695929	0.986688074899729	1.08063227915376	0.938480883261787	0.93680534457753
unit	metabolic	metabolic:QUIN_NADB	metabolic:RHEA:25876	1	quinolinate_biosynthesis_aspartate	7365	6659	706	0.904141208418194	0.897205470453394	0.571307156212817	1723	0.922809053975624	0.909245278332411	1.58258337671057	0.635784709875206	0.667081936445911
unit	metabolic	metabolic:QUIN_NADB	metabolic:RHEA:25888	1	quinolinate_biosynthesis_aspartate	6722	6659	63	0.990627789348408	0.988027807809345	0.625956144824069	1603	0.991890205864005	0.986174024423487	1.58258337671057	0.94287469935959	0.934492919308359
unit	metabolic	metabolic:QUIN_NADX	metabolic:RHEA:42440	1	quinolinate_biosynthesis_aspartate	7365	992	6373	0.1346911065852	0.127084446055695	0.144229134795173	1723	0.105629715612304	0.0919836454537227	0.933868921674406	0.0282934112029404	0.0198580195116853
unit	metabolic	metabolic:QUIN_NADX	metabolic:RHEA:25888	1	quinolinate_biosynthesis_aspartate	1697	992	705	0.584560989982322	0.560949341394296	0.625956144824069	664	0.274096385542169	0.241540806749294	0.933868921674406	0.203522532918472	0.059878676392126
unit	metabolic	metabolic:RHA_ISOMERASE	metabolic:RHEA:23160	2	rhamnose_degradation	841	807	34	0.959571938168847	0.944037593699228	0.187914329423763	138	0.927536231884058	0.871749024034556	5.10643302781305	0.771367310377345	0.576171034198598
unit	metabolic	metabolic:RHA_ISOMERASE	metabolic:RHEA:20117	2	rhamnose_degradation	830	807	23	0.972289156626506	0.95876175123156	0.15383307836138	136	0.941176470588235	0.888219702577984	6.32041669440192	0.823004666528073	0.613783910364442
unit	metabolic	metabolic:RHA_ISOMERASE	metabolic:RHEA:19689	2	rhamnose_degradation	1577	807	770	0.511731135066582	0.487061836280902	0.0769165391806901	360	0.355555555555556	0.307871313781972	6.6530702046336	0.159600692245692	0.0816956638423394
unit	metabolic	metabolic:RIBOFLAVIN_GTP	metabolic:RHEA:23704	5	riboflavin_biosynthesis	8172	8130	42	0.994860499265786	0.993060673483741	0.764745877953425	1867	0.997321906802357	0.99374592662941	1.30090338234733	0.966240441808059	0.969492809966258
unit	metabolic	metabolic:RIBOFLAVIN_GTP	metabolic:RHEA:21868	5	riboflavin_biosynthesis	8130	8130	0	1	0.999527718987305	0.715536291007989	1862	1	0.997941165438783	1.39755315358119	0.997643047512158	0.989789910732543
unit	metabolic	metabolic:RIBOFLAVIN_GTP	metabolic:RHEA:17845	5	riboflavin_biosynthesis	8130	8130	0	1	0.999527718987305	0.715536291007989	1862	1	0.997941165438783	1.39755315358119	0.997643047512158	0.989789910732543
unit	metabolic	metabolic:RIBOFLAVIN_GTP	metabolic:RHEA:18457	5	riboflavin_biosynthesis	8210	8130	80	0.990255785627284	0.987889834234607	0.791262961074282	1873	0.994127068873465	0.989513929871427	1.25148760190017	0.942246775654286	0.94968027405747
unit	metabolic	metabolic:RIBOFLAVIN_GTP	metabolic:RHEA:26152	5	riboflavin_biosynthesis	8167	8130	37	0.995469572670503	0.993761993176191	0.802991670916199	1870	0.99572192513369	0.991580694010263	1.23970099407717	0.969569274182175	0.959274975811641
unit	metabolic	metabolic:RIBOFLAVIN_GTP	metabolic:RHEA:20772	5	riboflavin_biosynthesis	8192	8130	62	0.992431640625	0.990310390242166	0.792367839537651	1878	0.991480298189563	0.986205033837369	1.25248854270018	0.953359658060302	0.934632157868176
unit	metabolic	metabolic:SALVAGE_HMP_HET	metabolic:RHEA:23096	2	thiamine_precursor_salvage	3492	3492	0	1	0.99890113469776	0.701682814890362	788	1	0.995148702005673	1.42514534883721	0.994529717901567	0.97620525168742
unit	metabolic	metabolic:SALVAGE_HMP_HET	metabolic:RHEA:19893	2	thiamine_precursor_salvage	3492	3492	0	1	0.99890113469776	0.701682814890362	788	1	0.995148702005673	1.42514534883721	0.994529717901567	0.97620525168742
unit	metabolic	metabolic:SALVAGE_HMP_HET	metabolic:RHEA:24212	2	thiamine_precursor_salvage	8256	3492	4764	0.42296511627907	0.41234681310047	0.307241203467619	1805	0.436565096952909	0.413843733477618	1.37665492617968	0.123066090939951	0.123733968770818
unit	metabolic	metabolic:SAL_ISOCHORISMATE	metabolic:RHEA:18985	1	salicylate_biosynthesis	1369	661	708	0.482834185536888	0.456448848967414	0.382627910929798	237	0.350210970464135	0.292306037955247	1.26188961062351	0.143799441401311	0.0763046572130283
unit	metabolic	metabolic:SAL_ISOCHORISMATE	metabolic:RHEA:27874	1	salicylate_biosynthesis	4502	661	3841	0.146823633940471	0.136786133216162	0.116352201257862	943	0.088016967126193	0.0715649827088121	1.26188961062351	0.0307187453591797	0.0151822081104894
unit	metabolic	metabolic:SER_PHOSPHORYLATED	metabolic:RHEA:12641	2	serine_biosynthesis	7015	6764	251	0.964219529579473	0.959612671793804	0.853816080231175	1930	0.958549222797927	0.948707714039605	1.12930589140275	0.826148886834697	0.787198808472244
unit	metabolic	metabolic:SER_PHOSPHORYLATED	metabolic:RHEA:14329	2	serine_biosynthesis	7569	6764	805	0.89364513145726	0.88649905397557	0.750467448580656	2099	0.881372081943783	0.866837529968286	1.1907846678059	0.609695149126236	0.565580920475156
unit	metabolic	metabolic:SER_PHOSPHORYLATED	metabolic:RHEA:21208	2	serine_biosynthesis	8387	6764	1623	0.806486228687254	0.797891966325135	0.67542070372259	2343	0.789586000853607	0.772614318965716	1.19405020343957	0.441206474390446	0.404606982184616
unit	metabolic	metabolic:SIROHEME_UROGEN	metabolic:RHEA:32459	2	siroheme_biosynthesis	4351	4334	17	0.996092852217881	0.99375140998852	0.681455039945606	883	0.989807474518686	0.980743080474837	1.46171470431474	0.969518905395734	0.910601556873993
unit	metabolic	metabolic:SIROHEME_UROGEN	metabolic:RHEA:15613	2	siroheme_biosynthesis	4541	4334	207	0.95441532702048	0.947954980906257	0.520482746897841	1021	0.856023506366308	0.833154057142105	1.83371174685222	0.784613982172677	0.49967744164067
unit	metabolic	metabolic:SIROHEME_UROGEN	metabolic:RHEA:24360	2	siroheme_biosynthesis	6082	4334	1748	0.712594541269319	0.701089660114932	0.387727349991501	1376	0.635174418604651	0.60939595503382	1.83787535567181	0.319309734747267	0.237820834813021
unit	metabolic	metabolic:STARCH_SACCHARIFICATION	metabolic:RXN_STARCH_ENDO_1_4	1	starch_degradation	5874	2841	3033	0.483656792645557	0.470891994744216	0.355770865204827	1588	0.568010075566751	0.543511426288847	1.35946149600278	0.151099716460242	0.192328456012319
unit	metabolic	metabolic:STARCH_SACCHARIFICATION	metabolic:RXN_MALTOOLIGO_EXO	1	starch_degradation	4186	2841	1345	0.678690874343048	0.664386176236051	0.499235084140745	1469	0.614023144996596	0.588861569008565	1.35946149600278	0.283628113474937	0.222669542944854
unit	metabolic	metabolic:TAURINE_TAUXY_XSC	metabolic:RHEA:18709	1	taurine_degradation_sulfoacetaldehyde	522	237	285	0.454022988505747	0.411802914994655	0.0220975692673806	152	0.31578947368421	0.247209697996968	20.5462864721485	0.122824011906469	0.0616304569118729
unit	metabolic	metabolic:TAURINE_TAUXY_XSC	metabolic:RHEA:24204	1	taurine_degradation_sulfoacetaldehyde	260	237	23	0.911538461538462	0.870762354393237	0.044365119836818	49	0.979591836734694	0.89306478370606	20.5462864721485	0.574021569641417	0.625509016018898
unit	metabolic	metabolic:TAURINE_TPA_XSC	metabolic:RHEA:10420	1	taurine_degradation_sulfoacetaldehyde	522	179	343	0.342911877394636	0.303471484031647	0.0534591194968553	152	0.473684210526316	0.395937753926257	6.41446923597025	0.0801538144155062	0.115898389065447
unit	metabolic	metabolic:TAURINE_TPA_XSC	metabolic:RHEA:24204	1	taurine_degradation_sulfoacetaldehyde	629	179	450	0.284578696343402	0.250707381233777	0.044365119836818	148	0.486486486486487	0.40732816056724	6.41446923597025	0.0627212131175632	0.12084424253498
unit	metabolic	metabolic:TCA1_CS_ACN	metabolic:RHEA:16845	1	acetyl_coa_to_isocitrate	9985	9741	244	0.975563345017526	0.972347053402271	0.855855855855856	2818	0.965223562810504	0.957800767838534	1.13986875049416	0.875505793578912	0.819475774074985
unit	metabolic	metabolic:TCA1_CS_ACN	metabolic:RHEA:10336	1	acetyl_coa_to_isocitrate	10070	9741	329	0.967328699106256	0.963674392689844	0.848631650518443	2823	0.963513992206872	0.955943696577613	1.13986875049416	0.841414781010109	0.81272165011583
unit	metabolic	metabolic:TCA2_KGD_SSADH_NAD	metabolic:RHEA:10524	1	oxoglutarate_to_succinate	1697	12	1685	0.00707130229817325	0.00404969933768688	0.124766275709672	840	0.00119047619047619	0.000210179196772348	0.0566763915805902	0.000812572406687122	4.20429085902757e-05
unit	metabolic	metabolic:TCA2_KGD_SSADH_NAD	metabolic:RHEA:13217	1	oxoglutarate_to_succinate	1468	12	1456	0.00817438692098093	0.00468223840595932	0.144229134795173	225	0.00444444444444444	0.000784984869275577	0.0566763915805902	0.000939968606881092	0.000157095628007928
unit	metabolic	metabolic:TCA2_KGD_SSADH_NADP	metabolic:RHEA:10524	1	oxoglutarate_to_succinate	7128	1418	5710	0.198933782267116	0.189829734678855	0.124766275709672	1515	0.13993399339934	0.123373977823891	1.59445155460142	0.0447639735069706	0.0273768702735958
unit	metabolic	metabolic:TCA2_KGD_SSADH_NADP	metabolic:RHEA:13213	1	oxoglutarate_to_succinate	1468	1418	50	0.965940054495913	0.955378032982617	0.605813360530342	225	0.942222222222222	0.90367074245948	1.59445155460142	0.810681262716444	0.652320532256615
unit	metabolic	metabolic:TCA2_ODH_SCS	metabolic:RHEA:27786	1	oxoglutarate_to_succinate	9370	6676	2694	0.712486659551761	0.703236821971251	0.583290838007819	2645	0.754253308128544	0.737485013084064	1.22149468691331	0.321545437874327	0.359738267129458
unit	metabolic	metabolic:TCA2_ODH_SCS	metabolic:RHEA:17661	1	oxoglutarate_to_succinate	6863	6676	187	0.972752440623634	0.968628246929839	0.796362400135985	2039	0.978420794507111	0.971156221249271	1.22149468691331	0.86063031946237	0.870699200821541
unit	metabolic	metabolic:TCA2_OFOR_SCS	metabolic:RHEA:17297	1	oxoglutarate_to_succinate	9370	2553	6817	0.272465314834578	0.263545028153376	0.278939316675166	2645	0.255198487712665	0.23894698629826	0.976790644224147	0.0667909422312569	0.0590836936985654
unit	metabolic	metabolic:TCA2_OFOR_SCS	metabolic:RHEA:17661	1	oxoglutarate_to_succinate	3282	2553	729	0.777879341864717	0.763338101670182	0.796362400135985	894	0.75503355704698	0.725790259606041	0.976790644224147	0.392129579226304	0.346135431907745
unit	metabolic	metabolic:TCA4_FUMARASE_MDH	metabolic:RHEA:12460	1	fumarate_oxaloacetate_interconversion	8732	8536	196	0.977553825011452	0.974230481451172	0.898606153323134	2540	0.974409448818898	0.967514965096029	1.08785569895817	0.883192680773629	0.856253292696486
unit	metabolic	metabolic:TCA4_FUMARASE_MDH	metabolic:RHEA:21432	1	fumarate_oxaloacetate_interconversion	10573	8536	2037	0.807339449541284	0.799710861284213	0.742138364779874	2960	0.836148648648649	0.822380224820935	1.08785569895817	0.443998529236663	0.480789402499315
unit	metabolic	metabolic:TCA4_FUMARASE_MQO	metabolic:RHEA:12460	1	fumarate_oxaloacetate_interconversion	3409	3380	29	0.99149310648284	0.987809413026264	0.898606153323134	434	0.988479262672811	0.973317786534375	1.10336781338098	0.941881080121706	0.879454604565048
unit	metabolic	metabolic:TCA4_FUMARASE_MQO	metabolic:RHEA:46012	1	fumarate_oxaloacetate_interconversion	10573	3380	7193	0.319682209401305	0.310859843437926	0.289733129355771	2960	0.144932432432432	0.132710579971153	1.10336781338098	0.0827511850243673	0.0296947634140595
unit	metabolic	metabolic:THR_CANONICAL	metabolic:RHEA:13985	1	threonine_biosynthesis	9543	8385	1158	0.878654511160013	0.871950409006745	0.723270440251572	2274	0.815743183817062	0.799280632217605	1.21483536760384	0.576611131039618	0.443336080802442
unit	metabolic	metabolic:THR_CANONICAL	metabolic:RHEA:10840	1	threonine_biosynthesis	8510	8385	125	0.985311398354877	0.982527640320852	0.811065782763896	1881	0.986177565124934	0.979823519435518	1.21483536760384	0.918345022173003	0.906651383373901
unit	metabolic	metabolic:THZ_THIH	metabolic:RHEA:26361	1	thiazole_phosphate_biosynthesis	6622	1770	4852	0.267290848686198	0.256769127733841	0.175250722420534	1339	0.274831964152353	0.251589924326568	1.52519113755664	0.0646297690958789	0.0629976425660742
unit	metabolic	metabolic:THZ_THIH	metabolic:RHEA:26297	1	thiazole_phosphate_biosynthesis	2062	1770	292	0.85838991270611	0.842674218630634	0.562808091109978	494	0.744939271255061	0.704712696451109	1.52519113755664	0.517199166596878	0.323092382614004
unit	metabolic	metabolic:THZ_THIO	metabolic:RHEA:33343	1	thiazole_phosphate_biosynthesis	6622	3689	2933	0.55708245243129	0.545088827921938	0.329933707292198	1339	0.510828976848394	0.48406152401511	1.6884678349579	0.193318268142576	0.157996216142776
unit	metabolic	metabolic:THZ_THIO	metabolic:RHEA:26297	1	thiazole_phosphate_biosynthesis	3882	3689	193	0.950283359093251	0.94298961054815	0.562808091109978	761	0.898817345597897	0.875348306670832	1.6884678349579	0.767880862461858	0.584108067744506
unit	metabolic	metabolic:TRP_CANONICAL	metabolic:RHEA:21732	4	tryptophan_biosynthesis	8389	6283	2106	0.748956967457385	0.739565563045179	0.566122726500085	2037	0.823760432007855	0.806608924176545	1.32295866673226	0.362223583236919	0.454795421106825
unit	metabolic	metabolic:TRP_CANONICAL	metabolic:RHEA:11768	4	tryptophan_biosynthesis	6337	6283	54	0.991478617642418	0.988898946832917	0.755311915689274	1686	0.995255041518387	0.990664674919723	1.31267440251836	0.946854613221441	0.955003598731741
unit	metabolic	metabolic:TRP_CANONICAL	metabolic:RHEA:21540	4	tryptophan_biosynthesis	6416	6283	133	0.979270573566085	0.975486786049195	0.757266700662927	1703	0.985320023487962	0.978418519942734	1.29316471027818	0.888378715918579	0.900667563686985
unit	metabolic	metabolic:TRP_CANONICAL	metabolic:RHEA:23476	4	tryptophan_biosynthesis	6311	6283	28	0.995563302170813	0.993595152439733	0.76500084990651	1687	0.994665085951393	0.989891744387457	1.30138849165001	0.968775709482436	0.951422843208407
unit	metabolic	metabolic:TRP_CANONICAL	metabolic:RHEA:10532	4	tryptophan_biosynthesis	6343	6283	60	0.990540753586631	0.987844006955207	0.771800101988781	1691	0.992312241277351	0.986891048142067	1.28341619939437	0.942038359949318	0.93772089582393
unit	metabolic	metabolic:TYR_NAD	metabolic:RHEA:13897	2	tyrosine_biosynthesis	6466	6146	320	0.950510361892979	0.944951206165811	0.748342682304946	1344	0.962797619047619	0.951289149050947	1.27015388052615	0.774426276439764	0.796162196676609
unit	metabolic	metabolic:TYR_NAD	metabolic:RHEA:13869	2	tyrosine_biosynthesis	8656	6146	2510	0.710027726432532	0.700377381777638	0.553544110147884	1913	0.676424464192368	0.655124259681283	1.28269403181409	0.318571943073804	0.275319791714101
unit	metabolic	metabolic:TYR_NAD	metabolic:RHEA:15093	2	tyrosine_biosynthesis	6183	6146	37	0.994015849911046	0.991762971818328	0.946455889852116	1303	0.993092862624712	0.986924923769473	1.05025058279933	0.960128548180756	0.937873836159848
unit	metabolic	metabolic:TYR_NADP	metabolic:RHEA:13897	2	tyrosine_biosynthesis	222	30	192	0.135135135135135	0.0963248413378926	0.748342682304946	119	0.0588235294117647	0.0287833123234265	0.180579216354344	0.0208734756518461	0.00589234339283968
unit	metabolic	metabolic:TYR_NADP	metabolic:RHEA:21640	2	tyrosine_biosynthesis	8656	30	8626	0.00346580406654344	0.00242884559218892	0.0189529151793303	1913	0.003659174072138	0.00177363013131818	0.182863904246413	0.000486714842597862	0.000355230063659201
unit	metabolic	metabolic:TYR_NADP	metabolic:RHEA:15093	2	tyrosine_biosynthesis	30	30	0	1	0.886486605238548	0.946455889852116	7	1	0.645669561324132	1.05657327586207	0.609665708343627	0.267101208214351
unit	metabolic	metabolic:URATE_HPXO	metabolic:RHEA:27329	1	urate_degradation	4202	402	3800	0.0956687291765826	0.0871410039226877	0.0350161482236954	1240	0.0451612903225806	0.034940616007463	2.73213171721279	0.0187342154587619	0.00718907579081697
unit	metabolic	metabolic:URATE_HPXO	metabolic:RHEA:23736	1	urate_degradation	412	402	10	0.975728155339806	0.955903329931544	0.357130715621282	57	0.982456140350877	0.907092507279576	2.73213171721279	0.812575784782806	0.661324501896448
unit	metabolic	metabolic:URATE_URICASE	metabolic:RHEA:21368	1	urate_degradation	4202	1665	2537	0.396239885768682	0.381552361034077	0.163437021927588	1240	0.615322580645161	0.587926648007282	2.42441939467203	0.109837468580259	0.222002081128069
unit	metabolic	metabolic:URATE_URICASE	metabolic:RHEA:23736	1	urate_degradation	1923	1665	258	0.865834633385335	0.849869635003439	0.357130715621282	940	0.811702127659575	0.785459917885222	2.42441939467203	0.530995463822611	0.422708366902101
unit	metabolic	metabolic:XYLAN_SACCHARIFICATION	metabolic:RXN_XYLAN_ENDO_1_4	1	xylan_degradation	2155	1087	1068	0.504408352668213	0.483309814274083	0.139299677035526	642	0.457943925233645	0.419768302854887	3.62103030963649	0.157596191810019	0.126400950571488
unit	metabolic	metabolic:XYLAN_SACCHARIFICATION	metabolic:RXN_XYLOOLIGO_EXO	1	xylan_degradation	1639	1087	552	0.663209273947529	0.639970802446034	0.183154852966174	448	0.65625	0.611107810971096	3.62103030963649	0.2622705622174	0.239127908223436
unit	metabolic	metabolic:XYL_ISOMERASE	metabolic:RHEA:22816	1	xylose_degradation_isomerase	5815	3732	2083	0.641788478073947	0.629374946675641	0.330783613802482	1924	0.542619542619543	0.520296290521976	1.94020638052879	0.253524629445916	0.178256011228913
unit	metabolic	metabolic:XYL_ISOMERASE	metabolic:RHEA:10964	1	xylose_degradation_isomerase	3892	3732	160	0.958890030832477	0.95218659351035	0.49422063573007	1084	0.96309963099631	0.950143036713686	1.94020638052879	0.79931474940454	0.792163558835264
unit	regulatory	regulatory:CIRCUIT_ASPARTATE_CHEMORECEPTION	regulatory:RF_ASPARTATE_RECEPTION	3	aspartate_chemoreception	4444	479	3965	0.107785778577858	0.0990046538095852	0.0418154003059663	1064	0.0413533834586466	0.0309478140055858	2.57765746086804	0.0215041385999675	0.00634669589233803
unit	regulatory	regulatory:CIRCUIT_ASPARTATE_CHEMORECEPTION	regulatory:RF_CHEMOTAXIS_KINASE_CORE	3	aspartate_chemoreception	485	479	6	0.987628865979381	0.973275671931419	0.406170321264661	44	1	0.919704395076508	2.43156334737673	0.879282713164825	0.696122186737502
unit	regulatory	regulatory:CIRCUIT_ASPARTATE_CHEMORECEPTION	regulatory:RF_CHEMOTAXIS_RESPONSE_REGULATOR	3	aspartate_chemoreception	479	479	0	1	0.992044057504514	0.451725310215876	44	1	0.919704395076508	2.2137347130762	0.961447183487423	0.696122186737502
unit	regulatory	regulatory:CIRCUIT_ASPARTATE_CHEMORECEPTION	regulatory:RF_CHEMOTAXIS_ADAPTATION	3	aspartate_chemoreception	480	479	1	0.997916666666667	0.988294769565831	0.42308346081931	44	1	0.919704395076508	2.35867567296103	0.944091533751781	0.696122186737502
unit	regulatory	regulatory:CIRCUIT_CHEMOTAXIS_CORE	regulatory:RF_CHEMOTAXIS_RECEPTION	3	chemotaxis_signal_transduction	4444	4390	54	0.987848784878488	0.98418019710322	0.41781404045555	1064	0.982142857142857	0.972278165066074	2.36432644484953	0.925608425687329	0.875226614156386
unit	regulatory	regulatory:CIRCUIT_CHEMOTAXIS_CORE	regulatory:RF_CHEMOTAXIS_KINASE_CORE	3	chemotaxis_signal_transduction	4459	4390	69	0.98452567840323	0.980463401459267	0.406170321264661	1073	0.973904939422181	0.962543847401534	2.42392323333174	0.909397282936235	0.837122321700718
unit	regulatory	regulatory:CIRCUIT_CHEMOTAXIS_CORE	regulatory:RF_CHEMOTAXIS_RESPONSE_REGULATOR	3	chemotaxis_signal_transduction	4432	4390	42	0.990523465703971	0.987216066850804	0.451725310215876	1065	0.981220657276995	0.971171426626185	2.19275618014542	0.939189903107879	0.8707603159847
unit	regulatory	regulatory:CIRCUIT_CHEMOTAXIS_CORE	regulatory:RF_CHEMOTAXIS_ADAPTATION	3	chemotaxis_signal_transduction	4577	4390	187	0.959143543805986	0.953013046513513	0.42308346081931	1076	0.971189591078067	0.959396654341903	2.26703152599864	0.802234774394621	0.825348940984544
unit	regulatory	regulatory:CIRCUIT_PHO_PHOR_PHOB	regulatory:RF_PHO_SIGNAL_RECEPTION	1	phosphate_starvation_response	4367	4094	273	0.937485688115411	0.929913985098489	0.558983511813701	1008	0.932539682539683	0.915356231275182	1.67712583341431	0.72630007389156	0.683828832943167
unit	regulatory	regulatory:CIRCUIT_PHO_PHOR_PHOB	regulatory:RF_PHO_RESPONSE_PHOB	1	phosphate_starvation_response	6577	4094	2483	0.622472251786529	0.610688252411353	0.371154173040965	1600	0.5875	0.563196933054226	1.67712583341431	0.238806910210373	0.205006704308548
unit	regulatory	regulatory:CIRCUIT_PHO_PHOR_PHOP	regulatory:RF_PHO_SIGNAL_RECEPTION	1	phosphate_starvation_response	2828	2563	265	0.906294200848656	0.894995656688833	0.558983511813701	794	0.908060453400504	0.885950420060776	1.62132546254908	0.6302709203084	0.60839956209308
unit	regulatory	regulatory:CIRCUIT_PHO_PHOR_PHOP	regulatory:RF_PHO_RESPONSE_PHOP	1	phosphate_starvation_response	6577	2563	4014	0.389691348639197	0.377972925825244	0.240353561108278	1600	0.450625	0.426392385289085	1.62132546254908	0.108360433127303	0.129428254933858
unit	structural	structural:ARCH_FLAGELLUM_DIDERM	structural:SF_FLAGELLAR_EXPORT_GATE	9	flagellar_apparatus	2628	2567	61	0.976788432267884	0.970297879534971	0.39886112527622	522	0.984674329501916	0.970052983619151	2.44894368081482	0.867260031781104	0.86628265962608
unit	structural	structural:ARCH_FLAGELLUM_DIDERM	structural:SF_FLAGELLAR_EXPORT_ATPASE	9	flagellar_apparatus	2608	2567	41	0.984279141104294	0.978743402140987	0.37565867754547	530	0.969811320754717	0.951527418650569	2.62014216611609	0.902045710469402	0.796997344235604
unit	structural	structural:ARCH_FLAGELLUM_DIDERM	structural:SF_FLAGELLAR_MS_RING	9	flagellar_apparatus	2579	2567	12	0.995347033734005	0.991884332099174	0.42622811490736	517	0.994197292069632	0.983080059836372	2.33524490506766	0.960697523871624	0.92076303781737
unit	structural	structural:ARCH_FLAGELLUM_DIDERM	structural:SF_FLAGELLAR_ROD	9	flagellar_apparatus	2582	2567	15	0.99419054996127	0.99043658930336	0.381693013768485	521	0.986564299424184	0.972529169146535	2.60468626382639	0.953944728424103	0.87624451023839
unit	structural	structural:ARCH_FLAGELLUM_DIDERM	structural:SF_FLAGELLAR_OUTER_RING	9	flagellar_apparatus	3327	2567	760	0.771565975353171	0.756992013915804	0.312850586435492	705	0.729078014184397	0.695095323540695	2.46624429937664	0.38386397141776	0.313159788081039
unit	structural	structural:ARCH_FLAGELLUM_DIDERM	structural:SF_FLAGELLAR_C_RING	9	flagellar_apparatus	2592	2567	25	0.990354938271605	0.985800165938783	0.406340302566718	520	0.988461538461539	0.975057673041074	2.43725501018693	0.932816791351925	0.886602004705828
unit	structural	structural:ARCH_FLAGELLUM_DIDERM	structural:SF_FLAGELLAR_HOOK	9	flagellar_apparatus	2579	2567	12	0.995347033734005	0.991884332099174	0.413139554648989	519	0.990366088631985	0.977648323631619	2.40922715468305	0.960697523871624	0.897413535936217
unit	structural	structural:ARCH_FLAGELLUM_DIDERM	structural:SF_FLAGELLAR_HOOK_FILAMENT_JUNCTION	9	flagellar_apparatus	2588	2567	21	0.991885625965997	0.987626640332864	0.402770695223525	527	0.975332068311195	0.958256356447294	2.46265589261784	0.941050800265919	0.821145873803911
unit	structural	structural:ARCH_FLAGELLUM_DIDERM	structural:SF_FLAGELLAR_FILAMENT	9	flagellar_apparatus	2816	2567	249	0.911576704545455	0.900522125438533	0.342852286248513	598	0.859531772575251	0.829381761964124	2.65880305049128	0.644191085464659	0.492953994242508
unit	structural	structural:ARCH_FLAGELLUM_DIDERM	structural:SF_FLAGELLAR_STATOR	9	flagellar_apparatus	2582	2567	15	0.99419054996127	0.99043658930336	0.411354750977392	518	0.992277992277992	0.98031523826543	2.41686901050502	0.953944728424103	0.908760317008824
unit	structural	structural:ARCH_FLAGELLUM_MONODERM	structural:SF_FLAGELLAR_EXPORT_GATE	8	flagellar_apparatus	3416	3327	89	0.973946135831382	0.968048419554324	0.39886112527622	719	0.980528511821975	0.967583186570224	2.44181765058428	0.858346332040546	0.85652052264482
unit	structural	structural:ARCH_FLAGELLUM_MONODERM	structural:SF_FLAGELLAR_EXPORT_ATPASE	8	flagellar_apparatus	3385	3327	58	0.982865583456425	0.977914851149106	0.37565867754547	726	0.971074380165289	0.956185591798812	2.61637928844984	0.898537512318447	0.813596580961466
unit	structural	structural:ARCH_FLAGELLUM_MONODERM	structural:SF_FLAGELLAR_MS_RING	8	flagellar_apparatus	3342	3327	15	0.995511669658887	0.992607439107146	0.42622811490736	708	0.995762711864407	0.987616732307807	2.33563116753868	0.964098802684842	0.941005824222753
unit	structural	structural:ARCH_FLAGELLUM_MONODERM	structural:SF_FLAGELLAR_ROD	8	flagellar_apparatus	3581	3327	254	0.92907009215303	0.920194396128079	0.381693013768485	758	0.930079155672823	0.909672804275259	2.43407675445837	0.697527865904179	0.668233993420707
unit	structural	structural:ARCH_FLAGELLUM_MONODERM	structural:SF_FLAGELLAR_C_RING	8	flagellar_apparatus	3364	3327	37	0.989001189060642	0.984877093139751	0.406340302566718	715	0.986013986013986	0.974447856716663	2.43392344498798	0.928698603228292	0.884086624318764
unit	structural	structural:ARCH_FLAGELLUM_MONODERM	structural:SF_FLAGELLAR_HOOK	8	flagellar_apparatus	3341	3327	14	0.995809637832984	0.992978225182699	0.413139554648989	711	0.991561181434599	0.981712360247228	2.41034688309872	0.965850292147951	0.914794622249353
unit	structural	structural:ARCH_FLAGELLUM_MONODERM	structural:SF_FLAGELLAR_HOOK_FILAMENT_JUNCTION	8	flagellar_apparatus	3356	3327	29	0.991358760429082	0.987617320432757	0.402770695223525	721	0.977808599167822	0.964257694121158	2.46134778966208	0.941008493835862	0.843642745826035
unit	structural	structural:ARCH_FLAGELLUM_MONODERM	structural:SF_FLAGELLAR_FILAMENT	8	flagellar_apparatus	3597	3327	270	0.924937447873228	0.915865934040421	0.342852286248513	796	0.885678391959799	0.861696388731281	2.69777243720287	0.685253336419172	0.554782626097545
unit	structural	structural:ARCH_FLAGELLUM_MONODERM	structural:SF_FLAGELLAR_STATOR	8	flagellar_apparatus	3348	3327	21	0.993727598566308	0.990429767027425	0.411354750977392	712	0.990168539325843	0.979846599901128	2.41574357948991	0.953913085184223	0.906750201498964
unit	structural	structural:ARCH_T4AP_CORE	structural:SF_T4AP_PREPILIN_PEPTIDASE	5	type_iva_pilus	1497	1481	16	0.989311957247829	0.982708602663519	0.343107258201598	338	0.976331360946746	0.953998150582861	2.88338976690066	0.919136018270756	0.805736646968079
unit	structural	structural:ARCH_T4AP_CORE	structural:SF_T4AP_MAJOR_PILIN	5	type_iva_pilus	1499	1481	18	0.987991994663109	0.981098262712512	0.264830868604453	336	0.982142857142857	0.961594878971672	3.73065269871827	0.912134552020021	0.833545253585512
unit	structural	structural:ARCH_T4AP_CORE	structural:SF_T4AP_ASSEMBLY_ATPASE	5	type_iva_pilus	1489	1481	8	0.994627266621894	0.989433860271044	0.3356280809111	333	0.990990990990991	0.973851626510583	2.96348048089977	0.949311623241096	0.881638025063278
unit	structural	structural:ARCH_T4AP_CORE	structural:SF_T4AP_PLATFORM	5	type_iva_pilus	1495	1481	14	0.990635451505017	0.984342365587681	0.300951895291518	332	0.993975903614458	0.978304889716931	3.29167374256087	0.926326066033466	0.900186323465365
unit	structural	structural:ARCH_T4AP_CORE	structural:SF_T4AP_ALIGNMENT_COMPLEX	5	type_iva_pilus	2070	1481	589	0.715458937198068	0.69563680980895	0.135220125786164	474	0.69620253164557	0.653360060274957	5.29106841927873	0.313709866617052	0.273766478228081
unit	structural	structural:ARCH_T4AP_CORE	structural:SF_T4AP_SECRETIN	5	type_iva_pilus	1522	1481	41	0.973061760840999	0.963660347486053	0.197348291687914	339	0.973451327433628	0.950321816575525	4.93068246255607	0.841361246185696	0.792785285298409
