origin	gift_id	gift_type	mode	prevalence_in_group	prevalence_outside	prevalence_difference	odds_ratio	p_value	q_value
origin_food_fermentation	malolactic_fermentation	metabolic	catabolic	0.25	0.001634	0.2484	200.7	9.175e-20	1.541e-16
origin_food_fermentation	ethanol_formation	metabolic	catabolic	0.5476	0.1095	0.4381	9.793	8.744e-19	7.345e-16
origin_food_fermentation	nad_biosynthesis_namn	metabolic	anabolic	0.881	0.4134	0.4676	10.47	1.004e-16	5.621e-14
origin_food_fermentation	thiamine_precursor_salvage	metabolic	anabolic	0.6548	0.2092	0.4456	7.144	5.783e-16	2.429e-13
origin_food_fermentation	lactate_formation	metabolic	catabolic	0.5833	0.1683	0.415	6.891	4.558e-15	1.531e-12
origin_food_fermentation	acetoin_formation	metabolic	catabolic	0.4167	0.0768	0.3399	8.541	1.96e-14	5.489e-12
origin_food_fermentation	glcnac_degradation	metabolic	catabolic	0.4524	0.09804	0.3543	7.566	4.167e-14	1e-11
origin_food_fermentation	acetate_interconversion	metabolic	interconversion	0.8095	0.3824	0.4272	6.847	7.74e-14	1.625e-11
origin_food_fermentation	rhamnose_degradation	metabolic	catabolic	0.25	0.01797	0.232	18.06	2.103e-13	3.925e-11
origin_algal_associated	heme_b_biosynthesis	metabolic	anabolic	1	0.5535	0.4465	Inf	4.292e-13	7.211e-11
origin_algal_associated	acetyl_coa_to_isocitrate	metabolic	catabolic	0.9412	0.4946	0.4466	16.31	5.392e-11	8.234e-09
origin_algal_associated	nitrate_assimilation	metabolic	anabolic	0.5098	0.1194	0.3904	7.634	1.705e-10	2.387e-08
origin_plant_associated	fumarate_oxaloacetate_interconversion	metabolic	interconversion	0.8941	0.5565	0.3377	6.716	2.413e-10	3.118e-08
origin_algal_associated	superoxide_detoxification	defense		0.9608	0.5535	0.4073	19.72	3.496e-10	4.195e-08
origin_food_fermentation	namn_salvage_nicotinate	metabolic	anabolic	0.9286	0.6127	0.3158	8.198	5.998e-10	6.718e-08
origin_algal_associated	purine_core_biosynthesis	metabolic	anabolic	0.9412	0.5566	0.3846	12.72	4.477e-09	4.701e-07
origin_plant_associated	superoxide_detoxification	defense		0.8588	0.545	0.3138	5.068	8.232e-09	8.135e-07
origin_plant_associated	succinate_fumarate_interconversion	metabolic	interconversion	0.9294	0.6465	0.2829	7.185	9.636e-09	8.994e-07
origin_thermal_geothermal	superoxide_detoxification	defense		0.2941	0.6236	-0.3295	0.252	1.479e-08	1.13e-06
origin_plant_associated	purine_core_biosynthesis	metabolic	anabolic	0.8588	0.5466	0.3122	5.035	1.448e-08	1.13e-06
origin_plant_associated	heme_b_biosynthesis	metabolic	anabolic	0.8588	0.5483	0.3105	5.002	1.454e-08	1.13e-06
origin_algal_associated	threonine_deamination	metabolic	catabolic	0.9804	0.6403	0.3401	28.02	1.392e-08	1.13e-06
origin_plant_associated	beta_lactam_detoxification	defense		0.7412	0.4157	0.3255	4.017	2.152e-08	1.572e-06
origin_plant_associated	kdg_degradation	metabolic	catabolic	0.6118	0.2995	0.3123	3.678	3.588e-08	2.511e-06
origin_animal_associated	chemotaxis_signal_transduction	regulatory		0.1059	0.3928	-0.2869	0.1834	4.936e-08	3.317e-06
origin_algal_associated	succinate_fumarate_interconversion	metabolic	interconversion	0.9804	0.6574	0.323	26	5.833e-08	3.769e-06
origin_thermal_geothermal	folate_biosynthesis	metabolic	anabolic	0.1412	0.4272	-0.286	0.2208	1.094e-07	6.806e-06
origin_algal_associated	lactate_formation_lactaldehyde	metabolic	catabolic	0.2745	0.04186	0.2326	8.605	1.742e-07	1.045e-05
origin_soil_terrestrial	dmb_biosynthesis_aerobic	metabolic	anabolic	0.3294	0.1015	0.2279	4.337	1.821e-07	1.055e-05
origin_plant_associated	acetyl_coa_to_isocitrate	metabolic	catabolic	0.7882	0.491	0.2972	3.852	1.929e-07	1.08e-05
origin_algal_associated	methylglyoxal_detoxification	defense		0.7059	0.3349	0.371	4.755	2.487e-07	1.348e-05
origin_plant_associated	chitin_degradation	metabolic	catabolic	0.4353	0.1751	0.2602	3.622	2.719e-07	1.427e-05
origin_plant_associated	xylan_degradation	metabolic	catabolic	0.5882	0.2979	0.2904	3.361	2.833e-07	1.442e-05
origin_algal_associated	tyrosine_biosynthesis	metabolic	anabolic	0.8824	0.5333	0.349	6.549	5.247e-07	2.519e-05
origin_engineered_wastewater	purine_core_biosynthesis	metabolic	anabolic	0.3294	0.6203	-0.2909	0.3012	5.133e-07	2.519e-05
origin_algal_associated	lpt_lipopolysaccharide_export_apparatus	structural		0.549	0.2171	0.332	4.379	1.25e-06	5.834e-05
origin_algal_associated	plp_biosynthesis_dxp	metabolic	anabolic	0.1765	0.0155	0.161	13.49	1.589e-06	7.213e-05
origin_plant_associated	serine_biosynthesis	metabolic	anabolic	0.5647	0.293	0.2717	3.125	1.679e-06	7.231e-05
origin_soil_terrestrial	succinate_fumarate_interconversion	metabolic	interconversion	0.8941	0.6514	0.2427	4.512	1.642e-06	7.231e-05
origin_food_fermentation	aspartate_semialdehyde_biosynthesis	metabolic	anabolic	0.5119	0.7729	-0.261	0.3088	1.82e-06	7.642e-05
origin_plant_associated	oxoglutarate_to_succinate	metabolic	catabolic	0.8118	0.545	0.2668	3.595	1.873e-06	7.677e-05
origin_engineered_wastewater	ammonium_assimilation	metabolic	anabolic	0.5412	0.7938	-0.2526	0.307	1.964e-06	7.858e-05
origin_algal_associated	glucuronate_degradation	metabolic	catabolic	0.1961	0.02326	0.1728	10.17	2.61e-06	0.000102
origin_algal_associated	urea_hydrolysis	metabolic	catabolic	0.4902	0.1891	0.301	4.111	3.626e-06	0.0001384
origin_algal_associated	folate_biosynthesis	metabolic	anabolic	0.7059	0.3674	0.3384	4.123	3.927e-06	0.0001466
origin_plant_associated	leucine_biosynthesis	metabolic	anabolic	0.8941	0.6596	0.2345	4.351	4.496e-06	0.0001642
origin_plant_associated	aspartate_semialdehyde_biosynthesis	metabolic	anabolic	0.9294	0.7152	0.2142	5.233	4.715e-06	0.0001686
origin_engineered_wastewater	assimilatory_sulfate_reduction	metabolic	anabolic	0.05882	0.2668	-0.208	0.172	5.04e-06	0.0001764
origin_engineered_wastewater	namn_salvage_nicotinate	metabolic	anabolic	0.4235	0.6825	-0.259	0.3424	5.272e-06	0.0001808
origin_animal_associated	propanediol_formation	metabolic	catabolic	0.1294	0.01637	0.113	8.88	6.158e-06	0.0002069
origin_algal_associated	phosphate_starvation_response	regulatory		0.6275	0.3008	0.3267	3.907	6.688e-06	0.0002203
origin_algal_associated	histidine_biosynthesis	metabolic	anabolic	0.6667	0.3442	0.3225	3.803	7.774e-06	0.0002512
origin_food_fermentation	folate_biosynthesis	metabolic	anabolic	0.619	0.3611	0.2579	2.87	8.314e-06	0.0002635
origin_food_fermentation	menaquinone_biosynthesis	metabolic	anabolic	0.2857	0.09804	0.1877	3.671	8.513e-06	0.0002648
origin_animal_associated	quinolinate_biosynthesis_aspartate	metabolic	anabolic	0.3765	0.6334	-0.2569	0.35	9.222e-06	0.0002767
origin_plant_associated	pectin_degradation	metabolic	catabolic	0.3176	0.1195	0.1982	3.423	9.074e-06	0.0002767
origin_engineered_wastewater	lysine_biosynthesis_dap	metabolic	anabolic	0.6471	0.856	-0.2089	0.3092	9.434e-06	0.0002781
origin_soil_terrestrial	fumarate_oxaloacetate_interconversion	metabolic	interconversion	0.8118	0.5679	0.2438	3.276	1.001e-05	0.0002901
origin_animal_associated	pantothenate_biosynthesis	metabolic	anabolic	0.2353	0.4861	-0.2508	0.3258	1.293e-05	0.0003682
origin_algal_associated	dap_biosynthesis	metabolic	anabolic	0.8431	0.538	0.3052	4.607	1.359e-05	0.0003807
origin_sediment	urea_hydrolysis	metabolic	catabolic	0.04706	0.234	-0.187	0.1619	1.407e-05	0.0003875
origin_plant_associated	tryptophan_biosynthesis	metabolic	anabolic	0.7412	0.4926	0.2485	2.945	1.472e-05	0.000399
origin_food_fermentation	quinolinate_biosynthesis_aspartate	metabolic	anabolic	0.381	0.6324	-0.2514	0.3583	1.504e-05	0.0004011
origin_plant_associated	quinolinate_biosynthesis_aspartate	metabolic	anabolic	0.8118	0.5728	0.2389	3.211	1.618e-05	0.0004247
origin_plant_associated	urate_degradation	metabolic	catabolic	0.2118	0.05892	0.1528	4.278	1.722e-05	0.0004451
origin_engineered_wastewater	threonine_biosynthesis	metabolic	anabolic	0.4235	0.671	-0.2475	0.3608	1.809e-05	0.0004469
origin_animal_associated	purine_core_biosynthesis	metabolic	anabolic	0.3647	0.6154	-0.2507	0.3593	1.809e-05	0.0004469
origin_food_fermentation	oxoglutarate_to_succinate	metabolic	catabolic	0.3571	0.6078	-0.2507	0.359	1.78e-05	0.0004469
origin_plant_associated	isoleucine_biosynthesis	metabolic	anabolic	0.8941	0.6792	0.2149	3.982	2.024e-05	0.0004608
origin_algal_associated	serine_biosynthesis	metabolic	anabolic	0.6078	0.3039	0.304	3.543	1.896e-05	0.0004608
origin_algal_associated	ammonium_assimilation	metabolic	anabolic	0.9804	0.7457	0.2347	17.02	2.004e-05	0.0004608
origin_algal_associated	riboflavin_biosynthesis	metabolic	anabolic	0.9804	0.7488	0.2316	16.74	1.995e-05	0.0004608
origin_plant_associated	namn_biosynthesis_quinolinate	metabolic	anabolic	0.8941	0.6809	0.2133	3.952	2.03e-05	0.0004608
origin_soil_terrestrial	oxoglutarate_to_succinate	metabolic	catabolic	0.7882	0.5483	0.24	3.062	1.971e-05	0.0004608
origin_soil_terrestrial	beta_lactam_detoxification	defense		0.6706	0.4255	0.2451	2.744	2.412e-05	0.0005065
origin_plant_associated	serine_deamination	metabolic	catabolic	0.6706	0.4255	0.2451	2.744	2.412e-05	0.0005065
origin_plant_associated	mucin_fucose_release	metabolic	catabolic	0.3765	0.1653	0.2112	3.043	2.296e-05	0.0005065
origin_algal_associated	mucin_galnac_release	metabolic	catabolic	0.5882	0.2853	0.303	3.572	2.347e-05	0.0005065
origin_plant_associated	sarcosine_demethylation	metabolic	catabolic	0.3176	0.1244	0.1933	3.27	2.408e-05	0.0005065
origin_thermal_geothermal	flagellar_apparatus	structural		0.3176	0.1244	0.1933	3.27	2.408e-05	0.0005065
origin_plant_associated	threonine_deamination	metabolic	catabolic	0.8588	0.6383	0.2205	3.442	2.505e-05	0.0005195
origin_algal_associated	thiazole_phosphate_biosynthesis	metabolic	anabolic	0.7059	0.4016	0.3043	3.57	2.808e-05	0.0005753
origin_soil_terrestrial	assimilatory_sulfate_reduction	metabolic	anabolic	0.4353	0.2144	0.2209	2.819	3.472e-05	0.0006945
origin_sediment	heme_b_biosynthesis	metabolic	anabolic	0.3765	0.6154	-0.2389	0.3779	3.471e-05	0.0006945
origin_engineered_wastewater	homoserine_biosynthesis	metabolic	anabolic	0.6118	0.82	-0.2082	0.3467	4.04e-05	0.0007984
origin_algal_associated	alanine_biosynthesis	metabolic	anabolic	0.9608	0.7209	0.2399	9.467	4.102e-05	0.0008013
origin_algal_associated	plp_biosynthesis_r5p	metabolic	anabolic	0.05882	0.3054	-0.2466	0.1424	4.185e-05	0.0008081
origin_food_fermentation	type_i_e_crispr_cas_machinery	defense		0.1667	0.03922	0.1275	4.882	4.243e-05	0.00081
origin_algal_associated	oxoglutarate_to_succinate	metabolic	catabolic	0.8431	0.5566	0.2865	4.274	4.752e-05	0.0008969
origin_animal_associated	nitrogen_fixation	metabolic	anabolic	0	0.1227	-0.1227	0	4.894e-05	0.0009135
origin_animal_associated	asparagine_biosynthesis	metabolic	anabolic	0.4471	0.6776	-0.2305	0.3853	5.201e-05	0.0009602
origin_algal_associated	leucine_biosynthesis	metabolic	anabolic	0.9216	0.6698	0.2518	5.784	6.141e-05	0.001109
origin_animal_associated	tyrosine_biosynthesis	metabolic	anabolic	0.3529	0.5876	-0.2346	0.3834	6.141e-05	0.001109
origin_air_built_environment	benzoate_degradation_catechol	metabolic	catabolic	0.1429	0.01546	0.1274	10.53	6.335e-05	0.001132
origin_algal_associated	phenylalanine_biosynthesis	metabolic	anabolic	0.8824	0.6171	0.2653	4.647	6.51e-05	0.001139
origin_plant_associated	oxoisovalerate_biosynthesis	metabolic	anabolic	0.9059	0.7136	0.1923	3.858	6.47e-05	0.001139
origin_food_fermentation	guanylate_biosynthesis	metabolic	anabolic	0.9643	0.8088	0.1555	6.372	9.213e-05	0.001596
origin_engineered_wastewater	heme_b_biosynthesis	metabolic	anabolic	0.3882	0.6137	-0.2255	0.3999	9.55e-05	0.001637
origin_aquatic_unspecified	namn_salvage_nicotinate	metabolic	anabolic	0.4598	0.6782	-0.2184	0.4045	0.0001041	0.001766
origin_engineered_wastewater	oxoisovalerate_biosynthesis	metabolic	anabolic	0.5529	0.7627	-0.2097	0.3855	0.0001073	0.001785
origin_engineered_wastewater	serine_deamination	metabolic	catabolic	0.2588	0.4828	-0.224	0.3746	0.0001063	0.001785
origin_algal_associated	homoserine_biosynthesis	metabolic	anabolic	0.9804	0.7798	0.2005	14.09	0.0001088	0.001792
origin_algal_associated	tryptophan_biosynthesis	metabolic	anabolic	0.7843	0.5023	0.282	3.597	0.0001119	0.001817
origin_algal_associated	glyoxylate_bypass	metabolic	catabolic	0.5098	0.2465	0.2633	3.173	0.0001125	0.001817
origin_algal_associated	lysine_biosynthesis_dap	metabolic	anabolic	1	0.8171	0.1829	Inf	0.0001179	0.001887
origin_animal_associated	assimilatory_sulfate_reduction	metabolic	anabolic	0.08235	0.2635	-0.1811	0.2512	0.0001193	0.001891
origin_algal_associated	pyruvate_to_acetyl_coa	metabolic	catabolic	0.9412	0.7101	0.2311	6.522	0.0001206	0.001894
origin_food_fermentation	nitrate_assimilation	metabolic	anabolic	0.02381	0.165	-0.1412	0.1236	0.0001282	0.001975
origin_aquatic_unspecified	pectin_degradation	metabolic	catabolic	0.02299	0.1609	-0.1379	0.1229	0.0001276	0.001975
origin_thermal_geothermal	quinolinate_biosynthesis_aspartate	metabolic	anabolic	0.7882	0.5761	0.2121	2.735	0.0001377	0.002103
origin_plant_associated	mucin_galnac_release	metabolic	catabolic	0.4941	0.2815	0.2126	2.489	0.0001398	0.002116
origin_food_fermentation	purine_core_biosynthesis	metabolic	anabolic	0.7738	0.5588	0.215	2.697	0.0001413	0.00212
origin_air_built_environment	glyoxylate_bypass	metabolic	catabolic	0.5102	0.2473	0.2629	3.164	0.0001607	0.00239
origin_plant_associated	xylose_degradation_isomerase	metabolic	catabolic	0.3765	0.1866	0.1899	2.628	0.0001689	0.002489
origin_plant_associated	dmb_biosynthesis_aerobic	metabolic	anabolic	0.2706	0.1097	0.1609	3.006	0.0001847	0.002652
origin_algal_associated	namn_biosynthesis_quinolinate	metabolic	anabolic	0.9216	0.6899	0.2316	5.273	0.0001847	0.002652
origin_soil_terrestrial	acetyl_coa_to_isocitrate	metabolic	catabolic	0.7176	0.5008	0.2168	2.53	0.0001827	0.002652
origin_air_built_environment	oxoadipate_activation	metabolic	catabolic	0.2041	0.04637	0.1577	5.251	0.0002018	0.002872
origin_algal_associated	oxoisovalerate_biosynthesis	metabolic	anabolic	0.9412	0.7209	0.2202	6.184	0.0002072	0.002926
origin_engineered_wastewater	adenylate_biosynthesis	metabolic	anabolic	0.7647	0.9116	-0.1469	0.3158	0.0002124	0.002973
origin_animal_associated	cysteine_biosynthesis_sulfide	metabolic	anabolic	0.4118	0.6268	-0.2151	0.4173	0.0002184	0.003032
origin_aquatic_unspecified	guanylate_biosynthesis	metabolic	anabolic	0.6782	0.8489	-0.1708	0.3756	0.0002244	0.00309
origin_sediment	flagellar_apparatus	structural		0.2941	0.1277	0.1665	2.842	0.0002319	0.003167
origin_plant_associated	mucin_sialic_acid_release	metabolic	catabolic	0.3176	0.144	0.1736	2.762	0.0002442	0.003309
origin_algal_associated	aspartate_biosynthesis	metabolic	anabolic	0.902	0.6682	0.2337	4.561	0.000256	0.003441
origin_soil_terrestrial	urate_degradation	metabolic	catabolic	0.1882	0.06219	0.126	3.488	0.0002798	0.00373
origin_plant_associated	dap_biosynthesis	metabolic	anabolic	0.7412	0.5352	0.206	2.484	0.0002855	0.003776
origin_algal_associated	oxoadipate_activation	metabolic	catabolic	0.1961	0.04651	0.1496	4.98	0.0002884	0.003785
origin_engineered_wastewater	acetyl_coa_to_isocitrate	metabolic	catabolic	0.3412	0.5532	-0.212	0.4188	0.0002924	0.003809
origin_soil_terrestrial	chitin_degradation	metabolic	catabolic	0.3647	0.1849	0.1798	2.526	0.0002999	0.003876
origin_plant_associated	alanine_biosynthesis	metabolic	anabolic	0.8941	0.7169	0.1773	3.331	0.0003152	0.004042
origin_algal_associated	aspartate_semialdehyde_biosynthesis	metabolic	anabolic	0.9412	0.7256	0.2156	6.042	0.0003508	0.004465
origin_engineered_wastewater	galactose_degradation_leloir	metabolic	catabolic	0.04706	0.1931	-0.1461	0.2066	0.0003719	0.004698
origin_engineered_wastewater	methionine_biosynthesis_sulfhydrylation	metabolic	anabolic	0.3882	0.5974	-0.2091	0.4282	0.0003979	0.004988
origin_food_fermentation	threonine_biosynthesis	metabolic	anabolic	0.8095	0.6176	0.1919	2.628	0.0004178	0.005199
origin_engineered_wastewater	glutamine_biosynthesis	metabolic	anabolic	0.7765	0.9133	-0.1368	0.3307	0.0004267	0.005271
origin_engineered_wastewater	leucine_biosynthesis	metabolic	anabolic	0.5176	0.7119	-0.1943	0.4348	0.0004405	0.005402
origin_engineered_wastewater	starch_degradation	metabolic	catabolic	0.08235	0.2455	-0.1631	0.2762	0.0004462	0.005432
origin_engineered_wastewater	arginine_biosynthesis	metabolic	anabolic	0.5529	0.743	-0.1901	0.4283	0.0004507	0.005448
origin_engineered_wastewater	serine_biosynthesis	metabolic	anabolic	0.1647	0.3486	-0.1839	0.3689	0.0005033	0.005984
origin_plant_associated	homoserine_biosynthesis	metabolic	anabolic	0.9294	0.7758	0.1536	3.801	0.0005062	0.005984
origin_engineered_wastewater	aspartate_semialdehyde_biosynthesis	metabolic	anabolic	0.5765	0.7643	-0.1879	0.4203	0.0004987	0.005984
origin_food_fermentation	cysteine_biosynthesis_sulfide	metabolic	anabolic	0.7738	0.5768	0.197	2.507	0.000516	0.005984
origin_thermal_geothermal	siroheme_biosynthesis	metabolic	anabolic	0.07059	0.2226	-0.152	0.2656	0.0005149	0.005984
origin_animal_associated	phosphate_starvation_response	regulatory		0.1647	0.347	-0.1823	0.3716	0.0005165	0.005984
origin_air_built_environment	acetate_interconversion	metabolic	interconversion	0.6735	0.4158	0.2577	2.894	0.000526	0.006053
origin_engineered_wastewater	threonine_deamination	metabolic	catabolic	0.4941	0.689	-0.1949	0.4414	0.0005455	0.006235
origin_plant_associated	urea_hydrolysis	metabolic	catabolic	0.3647	0.1899	0.1749	2.446	0.0005503	0.006247
origin_plant_associated	assimilatory_sulfate_reduction	metabolic	anabolic	0.4	0.2193	0.1807	2.37	0.0006126	0.006907
origin_food_fermentation	serine_deamination	metabolic	catabolic	0.631	0.4314	0.1996	2.251	0.0006631	0.007427
origin_food_fermentation	succinate_fumarate_interconversion	metabolic	interconversion	0.5119	0.7042	-0.1923	0.441	0.0006706	0.007461
origin_algal_associated	serine_deamination	metabolic	catabolic	0.6863	0.4372	0.2491	2.812	0.0006889	0.007614
origin_plant_associated	histidine_biosynthesis	metabolic	anabolic	0.5412	0.3437	0.1975	2.249	0.000695	0.007631
origin_algal_associated	isoleucine_biosynthesis	metabolic	anabolic	0.902	0.6899	0.212	4.129	0.0007274	0.007935
origin_algal_associated	betaine_demethylation	metabolic	catabolic	0.1176	0.01705	0.1006	7.637	0.0007663	0.008305
origin_food_fermentation	arginine_deiminase_pathway	metabolic	catabolic	0.2381	0.09967	0.1384	2.817	0.0007817	0.008418
origin_plant_associated	cysteine_degradation_sulfide	metabolic	catabolic	0.2	0.07529	0.1247	3.064	0.0007956	0.008514
origin_soil_terrestrial	threonine_deamination	metabolic	catabolic	0.8235	0.6432	0.1803	2.586	0.0008406	0.008938
origin_engineered_wastewater	proline_biosynthesis	metabolic	anabolic	0.5059	0.6923	-0.1864	0.4556	0.0008564	0.009049
origin_soil_terrestrial	catechol_meta_cleavage	metabolic	catabolic	0.09412	0.018	0.07611	5.643	0.0008767	0.009206
origin_animal_associated	nitrate_assimilation	metabolic	anabolic	0.03529	0.1637	-0.1284	0.1872	0.0008878	0.009207
origin_air_built_environment	assimilatory_sulfate_reduction	metabolic	anabolic	0.449	0.2257	0.2233	2.791	0.0008839	0.009207
origin_soil_terrestrial	alanine_biosynthesis	metabolic	anabolic	0.8824	0.7185	0.1639	2.935	0.0008934	0.009208
origin_soil_terrestrial	quinolinate_biosynthesis_aspartate	metabolic	anabolic	0.7647	0.5794	0.1853	2.357	0.0009041	0.009262
origin_animal_associated	superoxide_detoxification	defense		0.4118	0.6072	-0.1954	0.4534	0.0009219	0.009312
origin_algal_associated	thiamine_phosphate_biosynthesis	metabolic	anabolic	0.8824	0.6682	0.2141	3.719	0.0009301	0.009312
origin_engineered_wastewater	urate_degradation	metabolic	catabolic	0	0.08838	-0.08838	0	0.0009312	0.009312
origin_engineered_wastewater	xylose_uptake_abc	metabolic	transport	0	0.08838	-0.08838	0	0.0009312	0.009312
origin_algal_associated	ectoine_biosynthesis	metabolic	anabolic	0.2157	0.06667	0.149	3.838	0.0009515	0.009459
origin_air_built_environment	threonine_biosynthesis	metabolic	anabolic	0.8571	0.6244	0.2327	3.604	0.0009753	0.009638
origin_food_fermentation	adenylate_biosynthesis	metabolic	anabolic	0.9881	0.8807	0.1074	11.22	0.0009915	0.009646
origin_food_fermentation	glutamine_biosynthesis	metabolic	anabolic	0.9881	0.884	0.1041	10.88	0.0009913	0.009646
origin_food_fermentation	assimilatory_sulfate_reduction	metabolic	anabolic	0.3929	0.2206	0.1723	2.283	0.0009933	0.009646
origin_food_fermentation	aspartate_biosynthesis	metabolic	anabolic	0.5238	0.7075	-0.1837	0.4553	0.00104	0.01005
origin_animal_associated	phenylalanine_biosynthesis	metabolic	anabolic	0.4706	0.6596	-0.189	0.4593	0.00106	0.01013
origin_food_fermentation	biotin_biosynthesis	metabolic	anabolic	0.131	0.2958	-0.1648	0.3592	0.001063	0.01013
origin_plant_associated	corrin_ring_biosynthesis	metabolic	anabolic	0.1882	0.06874	0.1195	3.134	0.001068	0.01013
origin_engineered_wastewater	pyrimidine_core_biosynthesis	metabolic	anabolic	0.3412	0.5303	-0.1891	0.4592	0.001148	0.01084
origin_aquatic_unspecified	menaquinone_biosynthesis	metabolic	anabolic	0.02299	0.1346	-0.1117	0.1515	0.001239	0.01163
origin_engineered_wastewater	menaquinone_biosynthesis	metabolic	anabolic	0.02353	0.1342	-0.1107	0.1557	0.001256	0.01172
origin_thermal_geothermal	serine_biosynthesis	metabolic	anabolic	0.1765	0.347	-0.1705	0.4038	0.001286	0.01194
origin_engineered_wastewater	cysteine_biosynthesis_sulfide	metabolic	anabolic	0.4353	0.6236	-0.1883	0.4659	0.00131	0.01209
origin_animal_associated	namn_biosynthesis_quinolinate	metabolic	anabolic	0.5529	0.7283	-0.1754	0.4619	0.001373	0.0126
origin_engineered_wastewater	alanine_biosynthesis	metabolic	anabolic	0.5882	0.7594	-0.1712	0.4532	0.001413	0.0129
origin_engineered_wastewater	isoleucine_biosynthesis	metabolic	anabolic	0.5529	0.7267	-0.1737	0.4658	0.001439	0.01307
origin_soil_terrestrial	thiazole_phosphate_biosynthesis	metabolic	anabolic	0.5882	0.401	0.1873	2.132	0.001456	0.01315
origin_soil_terrestrial	superoxide_detoxification	defense		0.7412	0.5614	0.1798	2.235	0.001489	0.0133
origin_sediment	purine_core_biosynthesis	metabolic	anabolic	0.4235	0.6072	-0.1837	0.4758	0.001488	0.0133
origin_thermal_geothermal	chitin_degradation	metabolic	catabolic	0.08235	0.2242	-0.1419	0.3109	0.001544	0.01365
origin_engineered_wastewater	xylose_degradation_isomerase	metabolic	catabolic	0.08235	0.2275	-0.1451	0.3051	0.001544	0.01365
origin_plant_associated	methionine_biosynthesis_sulfhydrylation	metabolic	anabolic	0.7294	0.5499	0.1795	2.204	0.00157	0.01367
origin_plant_associated	glucuronate_degradation	metabolic	catabolic	0.1059	0.02619	0.0797	4.389	0.001565	0.01367
origin_thermal_geothermal	chemotaxis_signal_transduction	regulatory		0.5176	0.3355	0.1821	2.123	0.001566	0.01367
origin_thermal_geothermal	beta_lactam_detoxification	defense		0.2941	0.4779	-0.1838	0.4557	0.001597	0.01383
origin_sediment	threonine_biosynthesis	metabolic	anabolic	0.4824	0.6628	-0.1805	0.4745	0.001609	0.01383
origin_animal_associated	nad_biosynthesis_namn	metabolic	anabolic	0.3059	0.4926	-0.1868	0.4543	0.001615	0.01383
origin_soil_terrestrial	cysteine_biosynthesis_homocysteine	metabolic	anabolic	0.2706	0.1309	0.1397	2.458	0.00164	0.01383
origin_sediment	acetyl_coa_to_isocitrate	metabolic	catabolic	0.3647	0.5499	-0.1852	0.4704	0.001647	0.01383
origin_freshwater_groundwater	acetyl_coa_to_isocitrate	metabolic	catabolic	0.3647	0.5499	-0.1852	0.4704	0.001647	0.01383
origin_plant_associated	xylose_uptake_abc	metabolic	transport	0.1765	0.06383	0.1126	3.136	0.001626	0.01383
origin_engineered_wastewater	chorismate_biosynthesis	metabolic	anabolic	0.5294	0.7054	-0.176	0.4704	0.001714	0.01433
origin_algal_associated	quinolinate_biosynthesis_aspartate	metabolic	anabolic	0.8039	0.586	0.2179	2.892	0.001761	0.01464
origin_algal_associated	corrin_ring_biosynthesis	metabolic	anabolic	0.2157	0.07287	0.1428	3.489	0.0018	0.01475
origin_algal_associated	kdg_degradation	metabolic	catabolic	0.549	0.3209	0.2281	2.572	0.001795	0.01475
origin_algal_associated	type_ii_secretion_system	structural		0.2157	0.07287	0.1428	3.489	0.0018	0.01475
origin_food_fermentation	lactate_formation_lactaldehyde	metabolic	catabolic	0.1429	0.04739	0.09547	3.342	0.001829	0.01485
origin_algal_associated	type_iva_pilus	structural		0.2353	0.08527	0.15	3.292	0.001829	0.01485
origin_food_fermentation	plp_biosynthesis_r5p	metabolic	anabolic	0.4405	0.2663	0.1741	2.166	0.001841	0.01487
origin_plant_associated	folate_biosynthesis	metabolic	anabolic	0.5529	0.3699	0.1831	2.105	0.001905	0.01529
origin_animal_associated	acetoin_formation	metabolic	catabolic	0.02353	0.1309	-0.1074	0.1602	0.001912	0.01529
origin_plant_associated	valine_biosynthesis	metabolic	anabolic	0.9412	0.8118	0.1294	3.705	0.001933	0.01539
origin_animal_associated	lysine_biosynthesis_dap	metabolic	anabolic	0.7059	0.8478	-0.1419	0.4315	0.001945	0.01541
origin_plant_associated	hydroxyphenylpropanoate_hydroxylation	metabolic	catabolic	0.1882	0.07692	0.1113	2.777	0.002079	0.01632
origin_animal_associated	xylan_degradation	metabolic	catabolic	0.1882	0.3535	-0.1653	0.4245	0.002071	0.01632
origin_soil_terrestrial	purine_core_biosynthesis	metabolic	anabolic	0.7412	0.563	0.1782	2.22	0.002107	0.01641
origin_food_fermentation	namn_biosynthesis_quinolinate	metabolic	anabolic	0.5595	0.7271	-0.1676	0.4773	0.00212	0.01641
origin_soil_terrestrial	heme_b_biosynthesis	metabolic	anabolic	0.7412	0.5646	0.1765	2.206	0.002115	0.01641
origin_food_fermentation	choline_to_betaine	metabolic	anabolic	0.1905	0.07843	0.112	2.759	0.002167	0.01664
origin_soil_terrestrial	oxopentenoate_degradation	metabolic	catabolic	0.1294	0.04092	0.0885	3.475	0.002169	0.01664
origin_animal_associated	methionine_biosynthesis_sulfhydrylation	metabolic	anabolic	0.4118	0.5941	-0.1823	0.4788	0.0022	0.01672
origin_food_fermentation	asparagine_biosynthesis	metabolic	anabolic	0.7976	0.6291	0.1685	2.321	0.002192	0.01672
origin_air_built_environment	oxopentenoate_degradation	metabolic	catabolic	0.1633	0.04328	0.12	4.298	0.002242	0.01696
origin_engineered_wastewater	tyrosine_biosynthesis	metabolic	anabolic	0.4	0.581	-0.181	0.4813	0.002286	0.01723
origin_engineered_wastewater	phenylalanine_biosynthesis	metabolic	anabolic	0.4824	0.6579	-0.1756	0.485	0.002454	0.01833
origin_food_fermentation	type_iva_pilus	structural		0.0119	0.1078	-0.09594	0.09983	0.002449	0.01833
origin_air_built_environment	siroheme_biosynthesis	metabolic	anabolic	0.3878	0.1901	0.1976	2.693	0.002606	0.01937
origin_algal_associated	chloramphenicol_detoxification	defense		0.2941	0.1287	0.1654	2.816	0.002743	0.0203
origin_aquatic_unspecified	arabinose_degradation	metabolic	catabolic	0.02299	0.1232	-0.1002	0.1678	0.002943	0.02169
origin_engineered_wastewater	arabinose_degradation	metabolic	catabolic	0.02353	0.1227	-0.09922	0.1725	0.002983	0.02189
origin_plant_associated	ornithine_biosynthesis	metabolic	anabolic	0.7412	0.5712	0.17	2.148	0.003073	0.02231
origin_algal_associated	xylan_degradation	metabolic	catabolic	0.5294	0.3178	0.2116	2.411	0.003081	0.02231
origin_sediment	fumarate_oxaloacetate_interconversion	metabolic	interconversion	0.4471	0.6187	-0.1716	0.4989	0.003074	0.02231
origin_animal_associated	flagellar_apparatus	structural		0.04706	0.162	-0.115	0.2557	0.003096	0.02233
origin_animal_associated	dmb_biosynthesis_aerobic	metabolic	anabolic	0.03529	0.1424	-0.1071	0.2207	0.003158	0.02258
origin_engineered_wastewater	dmb_biosynthesis_aerobic	metabolic	anabolic	0.03529	0.1424	-0.1071	0.2207	0.003158	0.02258
origin_engineered_wastewater	guanylate_biosynthesis	metabolic	anabolic	0.7059	0.8445	-0.1386	0.4425	0.003176	0.02259
origin_freshwater_groundwater	heme_b_biosynthesis	metabolic	anabolic	0.4353	0.6072	-0.1719	0.4992	0.003186	0.02259
origin_thermal_geothermal	purine_core_biosynthesis	metabolic	anabolic	0.4353	0.6056	-0.1703	0.5026	0.003276	0.02313
origin_aquatic_unspecified	mucin_fucose_release	metabolic	catabolic	0.08046	0.2069	-0.1264	0.3358	0.003429	0.02411
origin_animal_associated	beta_lactam_detoxification	defense		0.3059	0.4763	-0.1704	0.4851	0.003514	0.0245
origin_animal_associated	serine_deamination	metabolic	catabolic	0.3059	0.4763	-0.1704	0.4851	0.003514	0.0245
origin_algal_associated	siroheme_biosynthesis	metabolic	anabolic	0.3725	0.1907	0.1819	2.516	0.003529	0.0245
origin_plant_associated	galactose_degradation_leloir	metabolic	catabolic	0.2941	0.1588	0.1354	2.205	0.003576	0.02472
origin_soil_terrestrial	leucine_biosynthesis	metabolic	anabolic	0.8235	0.6694	0.1541	2.302	0.003855	0.02601
origin_animal_associated	riboflavin_biosynthesis	metabolic	anabolic	0.6353	0.784	-0.1487	0.4806	0.003853	0.02601
origin_animal_associated	glutamine_biosynthesis	metabolic	anabolic	0.8	0.91	-0.11	0.3964	0.003822	0.02601
origin_food_fermentation	hydroxyphenylpropanoate_hydroxylation	metabolic	catabolic	0.0119	0.1013	-0.0894	0.107	0.003787	0.02601
origin_soil_terrestrial	arabinoxylan_debranching	metabolic	catabolic	0.8235	0.6678	0.1558	2.319	0.003852	0.02601
origin_plant_associated	arabinoxylan_debranching	metabolic	catabolic	0.8235	0.6678	0.1558	2.319	0.003852	0.02601
origin_aquatic_unspecified	nad_biosynthesis_namn	metabolic	anabolic	0.3218	0.491	-0.1691	0.4925	0.003903	0.02623
origin_algal_associated	adenylate_biosynthesis	metabolic	anabolic	1	0.8853	0.1147	Inf	0.003939	0.02637
origin_animal_associated	homoserine_biosynthesis	metabolic	anabolic	0.6706	0.8118	-0.1412	0.4726	0.003969	0.02646
origin_food_fermentation	chloramphenicol_detoxification	defense		0.25	0.1258	0.1242	2.312	0.004043	0.02685
origin_algal_associated	ectoine_degradation	metabolic	catabolic	0.09804	0.01705	0.08098	6.232	0.004089	0.02705
origin_algal_associated	choline_to_betaine	metabolic	anabolic	0.2157	0.08217	0.1335	3.065	0.004167	0.0271
origin_algal_associated	cobinamide_biosynthesis	metabolic	anabolic	0.5686	0.3612	0.2074	2.328	0.004166	0.0271
origin_sediment	assimilatory_sulfate_reduction	metabolic	anabolic	0.1176	0.2586	-0.1409	0.3827	0.004172	0.0271
origin_sediment	xylose_degradation_isomerase	metabolic	catabolic	0.09412	0.2259	-0.1317	0.3565	0.004177	0.0271
origin_freshwater_groundwater	succinate_fumarate_interconversion	metabolic	interconversion	0.5412	0.7005	-0.1593	0.5048	0.004166	0.0271
origin_air_built_environment	superoxide_detoxification	defense		0.7755	0.5688	0.2067	2.616	0.004232	0.02735
origin_aquatic_unspecified	chitin_degradation	metabolic	catabolic	0.09195	0.2233	-0.1314	0.3526	0.004266	0.02746
origin_algal_associated	hmp_phosphate_biosynthesis	metabolic	anabolic	0.5686	0.3628	0.2058	2.312	0.004299	0.02746
origin_food_fermentation	histidine_degradation_glutamate	metabolic	catabolic	0.2262	0.1095	0.1167	2.374	0.004298	0.02746
origin_engineered_wastewater	ornithine_biosynthesis	metabolic	anabolic	0.4471	0.6121	-0.1651	0.5128	0.004574	0.029
origin_air_built_environment	taurine_uptake_abc	metabolic	transport	0.1633	0.04946	0.1138	3.739	0.004568	0.029
origin_engineered_wastewater	kdg_degradation	metabolic	catabolic	0.2	0.3568	-0.1568	0.4512	0.004613	0.02913
origin_air_built_environment	namn_salvage_nicotinate	metabolic	anabolic	0.8367	0.6368	0.1999	2.919	0.004687	0.0294
origin_plant_associated	arabinose_degradation	metabolic	catabolic	0.2118	0.09656	0.1152	2.509	0.004707	0.0294
origin_soil_terrestrial	arabinose_degradation	metabolic	catabolic	0.2118	0.09656	0.1152	2.509	0.004707	0.0294
origin_engineered_wastewater	thiazole_phosphate_biosynthesis	metabolic	anabolic	0.2824	0.4435	-0.1612	0.4941	0.004867	0.03024
origin_plant_associated	nitrate_assimilation	metabolic	anabolic	0.2588	0.1326	0.1263	2.282	0.004897	0.03024
origin_plant_associated	cysteine_biosynthesis_homocysteine	metabolic	anabolic	0.2588	0.1326	0.1263	2.282	0.004897	0.03024
origin_food_fermentation	pyrimidine_core_biosynthesis	metabolic	anabolic	0.6548	0.4869	0.1678	1.996	0.004998	0.03064
origin_soil_terrestrial	namn_biosynthesis_quinolinate	metabolic	anabolic	0.8353	0.689	0.1463	2.286	0.004983	0.03064
origin_plant_associated	oxobutanoate_biosynthesis_citramalate	metabolic	anabolic	0.1059	0.03273	0.07315	3.49	0.005045	0.03082
origin_aquatic_unspecified	plp_biosynthesis_r5p	metabolic	anabolic	0.1609	0.3054	-0.1445	0.4366	0.005097	0.03102
origin_thermal_geothermal	pantothenate_biosynthesis	metabolic	anabolic	0.6	0.4354	0.1646	1.944	0.00513	0.03111
origin_algal_associated	beta_lactam_detoxification	defense		0.6471	0.4403	0.2067	2.328	0.005238	0.03154
origin_engineered_wastewater	type_i_restriction_modification	defense		0.6471	0.4795	0.1675	1.988	0.005224	0.03154
origin_aquatic_unspecified	kdg_degradation	metabolic	catabolic	0.2069	0.3563	-0.1494	0.4717	0.005284	0.0317
origin_plant_associated	threonine_biosynthesis	metabolic	anabolic	0.7765	0.6219	0.1545	2.11	0.005364	0.03207
origin_thermal_geothermal	mucin_galnac_release	metabolic	catabolic	0.1765	0.3257	-0.1492	0.4441	0.005489	0.0327
origin_aquatic_unspecified	nitrate_assimilation	metabolic	anabolic	0.2529	0.133	0.1199	2.203	0.005605	0.03328
origin_animal_associated	galactose_degradation_leloir	metabolic	catabolic	0.07059	0.1899	-0.1193	0.3245	0.005643	0.03338
origin_animal_associated	leucine_biosynthesis	metabolic	anabolic	0.5529	0.707	-0.1541	0.513	0.005728	0.03376
origin_soil_terrestrial	cobinamide_biosynthesis	metabolic	anabolic	0.5176	0.3568	0.1609	1.933	0.005747	0.03376
origin_engineered_wastewater	corrin_ring_biosynthesis	metabolic	anabolic	0.01176	0.09329	-0.08152	0.1159	0.005851	0.03425
origin_plant_associated	riboflavin_biosynthesis	metabolic	anabolic	0.8824	0.7496	0.1328	2.503	0.005976	0.03486
origin_animal_associated	ammonium_assimilation	metabolic	anabolic	0.6353	0.7807	-0.1454	0.4899	0.006043	0.03498
origin_sediment	siroheme_to_heme_b	metabolic	anabolic	0.1176	0.04092	0.07673	3.118	0.00604	0.03498
origin_thermal_geothermal	lactate_formation_lactaldehyde	metabolic	catabolic	0	0.0671	-0.0671	0	0.006081	0.03498
origin_freshwater_groundwater	lactate_formation_lactaldehyde	metabolic	catabolic	0	0.0671	-0.0671	0	0.006081	0.03498
origin_air_built_environment	chorismate_biosynthesis	metabolic	anabolic	0.8571	0.6708	0.1864	2.941	0.0063	0.03612
origin_engineered_wastewater	pyruvate_to_acetyl_coa	metabolic	catabolic	0.6	0.7447	-0.1447	0.5148	0.006362	0.03636
origin_algal_associated	glutamine_biosynthesis	metabolic	anabolic	1	0.8884	0.1116	Inf	0.006575	0.03744
origin_freshwater_groundwater	threonine_deamination	metabolic	catabolic	0.5294	0.6841	-0.1547	0.5199	0.006667	0.03784
origin_thermal_geothermal	heme_b_biosynthesis	metabolic	anabolic	0.4471	0.6056	-0.1585	0.5271	0.006697	0.03788
origin_aquatic_unspecified	galacturonate_degradation	metabolic	catabolic	0.02299	0.11	-0.08703	0.1906	0.006826	0.03848
origin_engineered_wastewater	glcnac_degradation	metabolic	catabolic	0.04706	0.1538	-0.1068	0.2719	0.00694	0.039
origin_animal_associated	adenylate_biosynthesis	metabolic	anabolic	0.8	0.9067	-0.1067	0.4122	0.007297	0.04066
origin_soil_terrestrial	hydroxyphenylpropanoate_hydroxylation	metabolic	catabolic	0.1765	0.07856	0.09791	2.509	0.007279	0.04066
origin_thermal_geothermal	serine_deamination	metabolic	catabolic	0.3176	0.4746	-0.157	0.5158	0.00732	0.04066
origin_aquatic_unspecified	xylan_degradation	metabolic	catabolic	0.2069	0.3514	-0.1445	0.482	0.007333	0.04066
origin_engineered_wastewater	nad_biosynthesis_namn	metabolic	anabolic	0.3294	0.4894	-0.1599	0.5131	0.00736	0.04067
origin_plant_associated	isocitrate_to_oxoglutarate	metabolic	catabolic	0.7765	0.6252	0.1513	2.08	0.007509	0.04136
origin_soil_terrestrial	aspartate_semialdehyde_biosynthesis	metabolic	anabolic	0.8588	0.725	0.1338	2.305	0.007896	0.04335
origin_marine_coastal	histidine_biosynthesis	metabolic	anabolic	0.2353	0.3863	-0.151	0.4894	0.007954	0.04346
origin_sediment	alanine_biosynthesis	metabolic	anabolic	0.6118	0.7561	-0.1444	0.5087	0.007968	0.04346
origin_air_built_environment	asparagine_biosynthesis	metabolic	anabolic	0.4694	0.6631	-0.1937	0.4501	0.008022	0.04362
origin_food_fermentation	lysine_biosynthesis_dap	metabolic	anabolic	0.9286	0.817	0.1116	2.909	0.008192	0.04439
origin_engineered_wastewater	valine_biosynthesis	metabolic	anabolic	0.7176	0.8429	-0.1252	0.4744	0.008425	0.04524
origin_engineered_wastewater	hmp_phosphate_biosynthesis	metabolic	anabolic	0.2471	0.3961	-0.149	0.5008	0.008421	0.04524
origin_air_built_environment	histidine_biosynthesis	metabolic	anabolic	0.551	0.3539	0.1971	2.237	0.008429	0.04524
origin_soil_terrestrial	starch_degradation	metabolic	catabolic	0.3412	0.2095	0.1317	1.952	0.008482	0.04538
origin_engineered_wastewater	thiamine_phosphate_biosynthesis	metabolic	anabolic	0.5529	0.7021	-0.1492	0.5252	0.008549	0.0456
origin_animal_associated	glycine_biosynthesis	metabolic	anabolic	0.9176	0.9771	-0.05944	0.2621	0.008806	0.04682
origin_aquatic_unspecified	histidine_biosynthesis	metabolic	anabolic	0.2414	0.3859	-0.1445	0.5068	0.008863	0.04697
origin_engineered_wastewater	succinate_fumarate_interconversion	metabolic	interconversion	0.5529	0.6989	-0.1459	0.5335	0.00889	0.04697
origin_thermal_geothermal	galactose_degradation_leloir	metabolic	catabolic	0.2824	0.1604	0.122	2.057	0.009042	0.04762
origin_sediment	xylose_uptake_abc	metabolic	transport	0.01176	0.08674	-0.07498	0.1255	0.009084	0.04769
origin_plant_associated	siroheme_biosynthesis	metabolic	anabolic	0.3176	0.1882	0.1294	2.006	0.009124	0.04775
origin_aquatic_unspecified	leucine_biosynthesis	metabolic	anabolic	0.5632	0.7061	-0.1429	0.5373	0.009181	0.0479
origin_sediment	type_i_e_crispr_cas_machinery	defense		0	0.06219	-0.06219	0	0.009641	0.05015
origin_freshwater_groundwater	carnitine_to_betaine	metabolic	catabolic	0	0.06383	-0.06383	0	0.009743	0.05036
origin_sediment	carnitine_to_betaine	metabolic	catabolic	0	0.06383	-0.06383	0	0.009743	0.05036
origin_thermal_geothermal	lpt_lipopolysaccharide_export_apparatus	structural		0.1294	0.257	-0.1275	0.4303	0.009775	0.05038
origin_thermal_geothermal	kdg_degradation	metabolic	catabolic	0.2118	0.3552	-0.1434	0.4882	0.009813	0.05042
origin_freshwater_groundwater	thiazole_phosphate_biosynthesis	metabolic	anabolic	0.2941	0.4419	-0.1478	0.5267	0.009965	0.05089
origin_aquatic_unspecified	cysteine_biosynthesis_sulfide	metabolic	anabolic	0.4713	0.619	-0.1478	0.549	0.009953	0.05089
origin_animal_associated	mercury_detoxification	defense		0.02353	0.1064	-0.08285	0.2027	0.01034	0.05165
origin_aquatic_unspecified	serine_biosynthesis	metabolic	anabolic	0.2069	0.3432	-0.1363	0.4997	0.01035	0.05165
origin_aquatic_unspecified	arginine_biosynthesis	metabolic	anabolic	0.5977	0.7373	-0.1396	0.5299	0.01025	0.05165
origin_soil_terrestrial	serine_deamination	metabolic	catabolic	0.5882	0.437	0.1512	1.839	0.01036	0.05165
origin_plant_associated	tryptophan_degradation_indole	metabolic	catabolic	0.02353	0.1064	-0.08285	0.2027	0.01034	0.05165
origin_algal_associated	taurine_degradation_sulfoacetaldehyde	metabolic	catabolic	0.1176	0.03256	0.08509	3.949	0.01032	0.05165
origin_freshwater_groundwater	urea_hydrolysis	metabolic	catabolic	0.1059	0.2259	-0.12	0.4063	0.01029	0.05165
origin_engineered_wastewater	urea_hydrolysis	metabolic	catabolic	0.1059	0.2259	-0.12	0.4063	0.01029	0.05165
origin_food_fermentation	arabinose_uptake_abc	metabolic	transport	0.07143	0.01797	0.05345	4.189	0.01069	0.05311
origin_sediment	methionine_degradation_methanethiol	metabolic	catabolic	0.2118	0.1064	0.1054	2.253	0.01105	0.05477
origin_algal_associated	fumarate_oxaloacetate_interconversion	metabolic	interconversion	0.7647	0.5845	0.1802	2.308	0.01156	0.05711
origin_air_built_environment	glutamine_biosynthesis	metabolic	anabolic	0.7755	0.9057	-0.1302	0.3603	0.01163	0.05732
origin_algal_associated	methionine_biosynthesis_sulfhydrylation	metabolic	anabolic	0.7451	0.5581	0.187	2.311	0.01182	0.05788
origin_engineered_wastewater	ethanol_formation	metabolic	catabolic	0.07059	0.1751	-0.1045	0.3581	0.01181	0.05788
origin_animal_associated	glyoxylate_bypass	metabolic	catabolic	0.1529	0.2815	-0.1286	0.4613	0.01238	0.06044
origin_air_built_environment	histidine_degradation_glutamate	metabolic	catabolic	0.2449	0.1144	0.1305	2.507	0.0125	0.06068
origin_engineered_wastewater	mucin_fucose_release	metabolic	catabolic	0.09412	0.2046	-0.1105	0.4044	0.01249	0.06068
origin_thermal_geothermal	thiamine_precursor_salvage	metabolic	anabolic	0.1529	0.2782	-0.1253	0.4688	0.01256	0.06081
origin_engineered_wastewater	aspartate_biosynthesis	metabolic	anabolic	0.5647	0.7021	-0.1374	0.5509	0.01264	0.06104
origin_algal_associated	sarcosine_demethylation	metabolic	catabolic	0.2745	0.138	0.1365	2.36	0.01313	0.06321
origin_thermal_geothermal	cysteine_biosynthesis_homocysteine	metabolic	anabolic	0.05882	0.1604	-0.1016	0.3275	0.01345	0.06378
origin_animal_associated	cysteine_biosynthesis_homocysteine	metabolic	anabolic	0.05882	0.1604	-0.1016	0.3275	0.01345	0.06378
origin_animal_associated	pyruvate_to_acetyl_coa	metabolic	catabolic	0.6118	0.743	-0.1313	0.5454	0.01348	0.06378
origin_thermal_geothermal	sarcosine_demethylation	metabolic	catabolic	0.05882	0.1604	-0.1016	0.3275	0.01345	0.06378
origin_freshwater_groundwater	sarcosine_demethylation	metabolic	catabolic	0.05882	0.1604	-0.1016	0.3275	0.01345	0.06378
origin_sediment	sarcosine_demethylation	metabolic	catabolic	0.05882	0.1604	-0.1016	0.3275	0.01345	0.06378
origin_marine_coastal	purine_core_biosynthesis	metabolic	anabolic	0.4588	0.6023	-0.1435	0.5603	0.01359	0.064
origin_marine_coastal	xylan_degradation	metabolic	catabolic	0.2118	0.3502	-0.1385	0.4988	0.0136	0.064
origin_sediment	superoxide_detoxification	defense		0.4588	0.6007	-0.1418	0.5642	0.0139	0.06523
origin_animal_associated	valine_biosynthesis	metabolic	anabolic	0.7294	0.8412	-0.1118	0.5093	0.01405	0.06558
origin_freshwater_groundwater	guanylate_biosynthesis	metabolic	anabolic	0.7294	0.8412	-0.1118	0.5093	0.01405	0.06558
origin_soil_terrestrial	kdg_degradation	metabolic	catabolic	0.4588	0.3208	0.138	1.794	0.01422	0.06615
origin_marine_coastal	beta_lactam_detoxification	defense		0.3294	0.473	-0.1436	0.5478	0.01445	0.06686
origin_thermal_geothermal	dap_biosynthesis	metabolic	anabolic	0.4353	0.5777	-0.1424	0.5639	0.01441	0.06686
origin_freshwater_groundwater	nad_biosynthesis_namn	metabolic	anabolic	0.3412	0.4877	-0.1465	0.5444	0.0145	0.06691
origin_plant_associated	tyrosine_biosynthesis	metabolic	anabolic	0.6824	0.5417	0.1406	1.816	0.01455	0.06696
origin_algal_associated	dmb_biosynthesis_aerobic	metabolic	anabolic	0.2549	0.1194	0.1355	2.519	0.01459	0.06696
origin_algal_associated	namn_salvage_nicotinate	metabolic	anabolic	0.4902	0.6636	-0.1734	0.488	0.0147	0.06726
origin_algal_associated	oxobutanoate_biosynthesis_citramalate	metabolic	anabolic	0.1176	0.03566	0.08199	3.595	0.01477	0.06726
origin_soil_terrestrial	xylose_uptake_abc	metabolic	transport	0.1529	0.0671	0.08584	2.506	0.01477	0.06726
origin_aquatic_unspecified	methionine_biosynthesis_sulfhydrylation	metabolic	anabolic	0.4483	0.5895	-0.1412	0.5663	0.01488	0.06737
origin_soil_terrestrial	xylose_degradation_isomerase	metabolic	catabolic	0.3176	0.1948	0.1229	1.923	0.01487	0.06737
origin_soil_terrestrial	urea_hydrolysis	metabolic	catabolic	0.3176	0.1964	0.1212	1.903	0.01524	0.06884
origin_plant_associated	siroheme_to_heme_b	metabolic	anabolic	0	0.05728	-0.05728	0	0.0153	0.06891
origin_engineered_wastewater	cysteine_degradation_sulfide	metabolic	catabolic	0.02353	0.09984	-0.07631	0.2176	0.01559	0.06982
origin_thermal_geothermal	cysteine_degradation_sulfide	metabolic	catabolic	0.02353	0.09984	-0.07631	0.2176	0.01559	0.06982
origin_food_fermentation	thiamine_phosphate_biosynthesis	metabolic	anabolic	0.7976	0.6683	0.1293	1.954	0.01727	0.07714
origin_engineered_wastewater	folate_biosynthesis	metabolic	anabolic	0.2706	0.4092	-0.1386	0.5361	0.01732	0.07719
origin_food_fermentation	galacturonate_degradation	metabolic	catabolic	0.1786	0.08824	0.09034	2.243	0.01746	0.07762
origin_marine_coastal	oxobutanoate_biosynthesis_citramalate	metabolic	anabolic	0.09412	0.03437	0.05975	2.913	0.01757	0.07787
origin_plant_associated	glyoxylate_bypass	metabolic	catabolic	0.3765	0.2504	0.1261	1.806	0.01795	0.07936
origin_algal_associated	cysteine_degradation_sulfide	metabolic	catabolic	0.1961	0.08217	0.1139	2.719	0.01809	0.07977
origin_plant_associated	galacturonate_degradation	metabolic	catabolic	0.1765	0.08838	0.08809	2.207	0.01834	0.08047
origin_plant_associated	starch_degradation	metabolic	catabolic	0.3294	0.2111	0.1183	1.834	0.01835	0.08047
origin_air_built_environment	galactose_degradation_leloir	metabolic	catabolic	0.3061	0.1654	0.1407	2.223	0.01841	0.08054
origin_algal_associated	carnitine_to_betaine	metabolic	catabolic	0.1373	0.04961	0.08764	3.04	0.01847	0.08058
origin_sediment	serine_biosynthesis	metabolic	anabolic	0.2118	0.3421	-0.1303	0.5172	0.01855	0.08074
origin_soil_terrestrial	mucin_sialic_acid_release	metabolic	catabolic	0.2588	0.1522	0.1066	1.943	0.01866	0.08101
origin_aquatic_unspecified	folate_biosynthesis	metabolic	anabolic	0.2759	0.4089	-0.133	0.5512	0.01877	0.08129
origin_thermal_geothermal	chloramphenicol_detoxification	defense		0.05882	0.1522	-0.09339	0.3485	0.01907	0.08214
origin_thermal_geothermal	glcnac_degradation	metabolic	catabolic	0.05882	0.1522	-0.09339	0.3485	0.01907	0.08214
origin_air_built_environment	type_iva_pilus	structural		0.2041	0.0881	0.116	2.649	0.01922	0.08259
origin_freshwater_groundwater	oxoglutarate_to_succinate	metabolic	catabolic	0.4588	0.5941	-0.1353	0.5797	0.01935	0.0827
origin_sediment	oxoglutarate_to_succinate	metabolic	catabolic	0.4588	0.5941	-0.1353	0.5797	0.01935	0.0827
origin_sediment	type_ii_secretion_system	structural		0.1529	0.07365	0.07929	2.268	0.02	0.08528
origin_plant_associated	lysine_biosynthesis_dap	metabolic	anabolic	0.9176	0.8183	0.09932	2.471	0.02046	0.08704
origin_soil_terrestrial	valine_biosynthesis	metabolic	anabolic	0.9176	0.8151	0.1026	2.526	0.02054	0.08713
origin_marine_coastal	pyrimidine_core_biosynthesis	metabolic	anabolic	0.3882	0.5237	-0.1355	0.5776	0.02069	0.08735
origin_plant_associated	namn_salvage_nicotinate	metabolic	anabolic	0.7647	0.635	0.1297	1.866	0.02074	0.08735
origin_thermal_geothermal	plp_biosynthesis_r5p	metabolic	anabolic	0.4	0.2717	0.1283	1.786	0.0207	0.08735
origin_algal_associated	valine_biosynthesis	metabolic	anabolic	0.9412	0.8186	0.1226	3.541	0.02112	0.08832
origin_soil_terrestrial	menaquinone_biosynthesis	metabolic	anabolic	0.2	0.1097	0.09034	2.027	0.02119	0.08832
origin_thermal_geothermal	assimilatory_sulfate_reduction	metabolic	anabolic	0.1412	0.2553	-0.1141	0.4799	0.02124	0.08832
origin_air_built_environment	creatinine_degradation	metabolic	catabolic	0.08163	0.01855	0.06309	4.685	0.02105	0.08832
origin_air_built_environment	methionine_degradation_methanethiol	metabolic	catabolic	0.02041	0.1267	-0.1063	0.1438	0.02121	0.08832
origin_soil_terrestrial	galactose_degradation_leloir	metabolic	catabolic	0.2706	0.162	0.1086	1.917	0.02132	0.08842
origin_air_built_environment	galacturonate_degradation	metabolic	catabolic	0.2041	0.09119	0.1129	2.551	0.0214	0.08857
origin_thermal_geothermal	methylglyoxal_detoxification	defense		0.2471	0.3781	-0.131	0.5402	0.02169	0.08947
origin_thermal_geothermal	phenylalanine_biosynthesis	metabolic	anabolic	0.7529	0.6203	0.1326	1.864	0.02173	0.08947
origin_soil_terrestrial	isoleucine_biosynthesis	metabolic	anabolic	0.8118	0.6907	0.1211	1.93	0.02218	0.0911
origin_air_built_environment	folate_biosynthesis	metabolic	anabolic	0.551	0.3802	0.1708	1.999	0.02244	0.09195
origin_marine_coastal	glutamine_biosynthesis	metabolic	anabolic	0.9647	0.8871	0.07764	3.476	0.0228	0.09319
origin_plant_associated	hmp_phosphate_biosynthesis	metabolic	anabolic	0.4941	0.3617	0.1324	1.722	0.02295	0.0936
origin_aquatic_unspecified	isoleucine_biosynthesis	metabolic	anabolic	0.5977	0.7209	-0.1232	0.5759	0.02327	0.09466
origin_aquatic_unspecified	xylose_degradation_isomerase	metabolic	catabolic	0.1149	0.2233	-0.1084	0.4521	0.02345	0.09517
origin_animal_associated	aspartate_semialdehyde_biosynthesis	metabolic	anabolic	0.6353	0.7561	-0.1208	0.5623	0.02394	0.09672
origin_soil_terrestrial	cysteine_degradation_sulfide	metabolic	catabolic	0.1647	0.0802	0.08451	2.258	0.02395	0.09672
origin_marine_coastal	glutamate_decarboxylation_gaba	metabolic	catabolic	0.1412	0.06547	0.07571	2.343	0.02441	0.0974
origin_plant_associated	glutamate_decarboxylation_gaba	metabolic	catabolic	0.1412	0.06547	0.07571	2.343	0.02441	0.0974
origin_thermal_geothermal	rhamnose_degradation	metabolic	catabolic	0	0.05237	-0.05237	0	0.0243	0.0974
origin_engineered_wastewater	rhamnose_degradation	metabolic	catabolic	0	0.05237	-0.05237	0	0.0243	0.0974
origin_thermal_geothermal	taurine_desulfonation_aerobic	metabolic	catabolic	0	0.05074	-0.05074	0	0.02426	0.0974
origin_engineered_wastewater	fumarate_oxaloacetate_interconversion	metabolic	interconversion	0.4824	0.6137	-0.1314	0.5869	0.02467	0.09823
origin_soil_terrestrial	cobamide_nucleotide_loop_assembly	metabolic	anabolic	0.2471	0.1457	0.1014	1.922	0.02505	0.09878
origin_plant_associated	choline_to_betaine	metabolic	anabolic	0.1647	0.08183	0.08287	2.209	0.02494	0.09878
origin_animal_associated	alanine_biosynthesis	metabolic	anabolic	0.6353	0.7529	-0.1176	0.5723	0.02503	0.09878
origin_freshwater_groundwater	alanine_biosynthesis	metabolic	anabolic	0.6353	0.7529	-0.1176	0.5723	0.02503	0.09878
origin_animal_associated	thiamine_phosphate_biosynthesis	metabolic	anabolic	0.5765	0.6989	-0.1224	0.587	0.0254	0.09995
origin_freshwater_groundwater	purine_core_biosynthesis	metabolic	anabolic	0.4706	0.6007	-0.1301	0.5915	0.02561	0.1005
origin_animal_associated	oxoisovalerate_biosynthesis	metabolic	anabolic	0.6353	0.7512	-0.1159	0.5774	0.02579	0.101
origin_animal_associated	acetate_interconversion	metabolic	interconversion	0.3176	0.4501	-0.1324	0.5692	0.02605	0.1018
origin_aquatic_unspecified	lactate_formation	metabolic	catabolic	0.1264	0.2315	-0.1051	0.4808	0.02634	0.1027
origin_animal_associated	threonine_deamination	metabolic	catabolic	0.5529	0.6809	-0.1279	0.5802	0.02668	0.1038
origin_thermal_geothermal	acetyl_coa_to_isocitrate	metabolic	catabolic	0.4118	0.5434	-0.1316	0.5887	0.0273	0.1059
origin_thermal_geothermal	arginine_biosynthesis	metabolic	anabolic	0.8235	0.7054	0.1181	1.947	0.02777	0.107
origin_air_built_environment	catechol_ortho_cleavage	metabolic	catabolic	0.06122	0.01082	0.05041	5.933	0.02771	0.107
origin_aquatic_unspecified	acetate_interconversion	metabolic	interconversion	0.3218	0.4499	-0.1281	0.5807	0.02777	0.107
origin_engineered_wastewater	siroheme_to_heme_b	metabolic	anabolic	0.1059	0.04255	0.06333	2.659	0.02825	0.1086
origin_marine_coastal	mucin_sialic_acid_release	metabolic	catabolic	0.08235	0.1768	-0.09441	0.4184	0.02851	0.1093
origin_food_fermentation	mucin_sialic_acid_release	metabolic	catabolic	0.08333	0.1765	-0.09314	0.4246	0.02868	0.1097
origin_food_fermentation	methylglyoxal_detoxification	defense		0.25	0.3775	-0.1275	0.5502	0.02878	0.1098
origin_food_fermentation	lpt_lipopolysaccharide_export_apparatus	structural		0.1429	0.2549	-0.112	0.4876	0.02881	0.1098
origin_food_fermentation	phenylalanine_biosynthesis	metabolic	anabolic	0.5238	0.652	-0.1282	0.5877	0.02896	0.1101
origin_soil_terrestrial	riboflavin_biosynthesis	metabolic	anabolic	0.8588	0.7529	0.106	1.995	0.02923	0.1106
origin_thermal_geothermal	riboflavin_biosynthesis	metabolic	anabolic	0.8588	0.7529	0.106	1.995	0.02923	0.1106
origin_food_fermentation	isocitrate_to_oxoglutarate	metabolic	catabolic	0.5357	0.6585	-0.1228	0.5988	0.02937	0.1109
origin_air_built_environment	methionine_biosynthesis_transsulfuration	metabolic	anabolic	0.1224	0.04482	0.07763	2.967	0.02996	0.1126
origin_engineered_wastewater	namn_biosynthesis_quinolinate	metabolic	anabolic	0.6	0.7218	-0.1218	0.5787	0.02995	0.1126
origin_plant_associated	methylglyoxal_detoxification	defense		0.4706	0.347	0.1236	1.672	0.03016	0.1127
origin_sediment	histidine_biosynthesis	metabolic	anabolic	0.2588	0.383	-0.1242	0.563	0.03033	0.1127
origin_thermal_geothermal	histidine_biosynthesis	metabolic	anabolic	0.2588	0.383	-0.1242	0.563	0.03033	0.1127
origin_thermal_geothermal	acetoin_formation	metabolic	catabolic	0.04706	0.1277	-0.0806	0.3378	0.03031	0.1127
origin_sediment	acetoin_formation	metabolic	catabolic	0.04706	0.1277	-0.0806	0.3378	0.03031	0.1127
origin_freshwater_groundwater	methionine_degradation_methanethiol	metabolic	catabolic	0.04706	0.1293	-0.08224	0.3329	0.03052	0.1132
origin_thermal_geothermal	menaquinone_biosynthesis	metabolic	anabolic	0.04706	0.1309	-0.08387	0.3281	0.03104	0.1149
origin_food_fermentation	dihydroxybenzoate_biosynthesis	metabolic	anabolic	0.07143	0.02451	0.04692	3.054	0.03139	0.1157
origin_food_fermentation	propanediol_formation	metabolic	catabolic	0.07143	0.02451	0.04692	3.054	0.03139	0.1157
origin_animal_associated	xylose_degradation_isomerase	metabolic	catabolic	0.1176	0.2226	-0.1049	0.4661	0.03194	0.1174
origin_thermal_geothermal	type_vi_secretion_apparatus	structural		0.01176	0.07038	-0.05861	0.1575	0.0321	0.1178
origin_algal_associated	thiamine_precursor_salvage	metabolic	anabolic	0.1373	0.2729	-0.1356	0.4244	0.0325	0.1189
origin_sediment	nitrate_assimilation	metabolic	anabolic	0.07059	0.1588	-0.08817	0.4028	0.03326	0.1207
origin_air_built_environment	cysteine_degradation_sulfide	metabolic	catabolic	0.1837	0.08346	0.1002	2.466	0.03323	0.1207
origin_engineered_wastewater	sarcosine_demethylation	metabolic	catabolic	0.07059	0.1588	-0.08817	0.4028	0.03326	0.1207
origin_plant_associated	flagellar_apparatus	structural		0.07059	0.1588	-0.08817	0.4028	0.03326	0.1207
origin_thermal_geothermal	aspartate_biosynthesis	metabolic	anabolic	0.7882	0.671	0.1172	1.823	0.03363	0.1215
origin_plant_associated	aspartate_biosynthesis	metabolic	anabolic	0.7882	0.671	0.1172	1.823	0.03363	0.1215
origin_thermal_geothermal	type_ii_secretion_system	structural		0.02353	0.09165	-0.06812	0.2391	0.03415	0.1226
origin_animal_associated	type_ii_secretion_system	structural		0.02353	0.09165	-0.06812	0.2391	0.03415	0.1226
origin_food_fermentation	type_ii_secretion_system	structural		0.02381	0.0915	-0.06769	0.2425	0.034	0.1226
origin_sediment	succinate_fumarate_interconversion	metabolic	interconversion	0.5765	0.6956	-0.1191	0.5961	0.03428	0.1228
origin_food_fermentation	serine_biosynthesis	metabolic	anabolic	0.4286	0.3121	0.1165	1.652	0.03544	0.1261
origin_sediment	thiazole_phosphate_biosynthesis	metabolic	anabolic	0.3176	0.4386	-0.121	0.5962	0.03549	0.1261
origin_engineered_wastewater	oxoglutarate_to_succinate	metabolic	catabolic	0.4706	0.5925	-0.1219	0.6119	0.03536	0.1261
origin_soil_terrestrial	glyoxylate_bypass	metabolic	catabolic	0.3647	0.252	0.1127	1.702	0.03544	0.1261
origin_engineered_wastewater	tryptophan_biosynthesis	metabolic	anabolic	0.4118	0.5385	-0.1267	0.6005	0.03651	0.1294
origin_aquatic_unspecified	oxoglutarate_to_succinate	metabolic	catabolic	0.4713	0.5928	-0.1215	0.6128	0.03666	0.1297
origin_air_built_environment	type_i_restriction_modification	defense		0.3469	0.5116	-0.1647	0.5077	0.0371	0.1307
origin_soil_terrestrial	xylan_degradation	metabolic	catabolic	0.4353	0.3191	0.1161	1.643	0.0371	0.1307
origin_plant_associated	biotin_biosynthesis	metabolic	anabolic	0.3765	0.2619	0.1146	1.7	0.03748	0.1317
origin_aquatic_unspecified	oxoisovalerate_biosynthesis	metabolic	anabolic	0.6437	0.7504	-0.1067	0.6013	0.03781	0.1326
origin_air_built_environment	catechol_meta_cleavage	metabolic	catabolic	0.08163	0.02318	0.05845	3.733	0.03829	0.134
origin_food_fermentation	oxobutanoate_biosynthesis_citramalate	metabolic	anabolic	0	0.04739	-0.04739	0	0.03848	0.1344
origin_aquatic_unspecified	starch_degradation	metabolic	catabolic	0.1379	0.2381	-0.1002	0.5124	0.03937	0.1372
origin_soil_terrestrial	ethanol_formation	metabolic	catabolic	0.08235	0.1735	-0.09113	0.4279	0.03987	0.1387
origin_engineered_wastewater	methylglyoxal_detoxification	defense		0.2588	0.3764	-0.1176	0.5789	0.04022	0.1396
origin_sediment	chemotaxis_signal_transduction	regulatory		0.4588	0.3437	0.1151	1.618	0.0407	0.141
origin_aquatic_unspecified	threonine_biosynthesis	metabolic	anabolic	0.5402	0.6552	-0.1149	0.6188	0.04221	0.1459
origin_aquatic_unspecified	nitrogen_fixation	metabolic	anabolic	0.1724	0.09852	0.07389	1.904	0.04305	0.1485
origin_animal_associated	siroheme_biosynthesis	metabolic	anabolic	0.1176	0.216	-0.09839	0.4843	0.04322	0.1488
origin_algal_associated	proline_biosynthesis	metabolic	anabolic	0.8039	0.6589	0.145	2.12	0.04331	0.1488
origin_algal_associated	allantoin_degradation	metabolic	catabolic	0.07843	0.02326	0.05518	3.564	0.04359	0.1494
origin_sediment	homoserine_biosynthesis	metabolic	anabolic	0.7059	0.8069	-0.101	0.575	0.04374	0.1497
origin_food_fermentation	xylose_degradation_isomerase	metabolic	catabolic	0.2976	0.1977	0.09991	1.718	0.04463	0.1524
origin_thermal_geothermal	arabinoxylan_debranching	metabolic	catabolic	0.5882	0.7005	-0.1123	0.6113	0.04535	0.1536
origin_engineered_wastewater	arabinoxylan_debranching	metabolic	catabolic	0.5882	0.7005	-0.1123	0.6113	0.04535	0.1536
origin_engineered_wastewater	benzoate_degradation_catechol	metabolic	catabolic	0.05882	0.01964	0.03918	3.112	0.04545	0.1536
origin_plant_associated	betaine_demethylation	metabolic	catabolic	0.05882	0.01964	0.03918	3.112	0.04545	0.1536
origin_plant_associated	arabinose_uptake_abc	metabolic	transport	0.05882	0.01964	0.03918	3.112	0.04545	0.1536
origin_food_fermentation	valine_biosynthesis	metabolic	anabolic	0.9048	0.817	0.08777	2.126	0.04575	0.1543
origin_plant_associated	thiazole_phosphate_biosynthesis	metabolic	anabolic	0.5294	0.4092	0.1202	1.623	0.04595	0.1547
origin_marine_coastal	glcnac_degradation	metabolic	catabolic	0.07059	0.1506	-0.07998	0.4289	0.04636	0.1555
origin_animal_associated	pectin_degradation	metabolic	catabolic	0.07059	0.1538	-0.08326	0.4181	0.04634	0.1555
origin_freshwater_groundwater	superoxide_detoxification	defense		0.4824	0.5974	-0.115	0.6285	0.04657	0.1555
origin_aquatic_unspecified	glcnac_degradation	metabolic	catabolic	0.06897	0.1511	-0.0821	0.4167	0.04652	0.1555
origin_engineered_wastewater	acetate_interconversion	metabolic	interconversion	0.3294	0.4484	-0.119	0.6046	0.04664	0.1555
origin_aquatic_unspecified	valine_biosynthesis	metabolic	anabolic	0.7471	0.8391	-0.09195	0.5672	0.0472	0.1568
origin_food_fermentation	tryptophan_biosynthesis	metabolic	anabolic	0.4167	0.5376	-0.1209	0.6149	0.04722	0.1568
origin_soil_terrestrial	serine_biosynthesis	metabolic	anabolic	0.4235	0.3126	0.1109	1.614	0.04801	0.1571
origin_aquatic_unspecified	homoserine_biosynthesis	metabolic	anabolic	0.7126	0.8062	-0.0936	0.5965	0.0477	0.1571
origin_engineered_wastewater	dap_biosynthesis	metabolic	anabolic	0.4588	0.5745	-0.1156	0.6285	0.04781	0.1571
origin_animal_associated	lactate_formation_lactaldehyde	metabolic	catabolic	0.01176	0.06547	-0.0537	0.1702	0.04835	0.1571
origin_soil_terrestrial	lactate_formation_lactaldehyde	metabolic	catabolic	0.01176	0.06547	-0.0537	0.1702	0.04835	0.1571
origin_engineered_wastewater	lactate_formation_lactaldehyde	metabolic	catabolic	0.01176	0.06547	-0.0537	0.1702	0.04835	0.1571
origin_thermal_geothermal	methionine_degradation_methanethiol	metabolic	catabolic	0.1882	0.1097	0.07858	1.881	0.04786	0.1571
origin_soil_terrestrial	methionine_degradation_methanethiol	metabolic	catabolic	0.1882	0.1097	0.07858	1.881	0.04786	0.1571
origin_freshwater_groundwater	serine_deamination	metabolic	catabolic	0.3529	0.4697	-0.1168	0.6162	0.04813	0.1571
origin_algal_associated	chemotaxis_signal_transduction	regulatory		0.4902	0.3473	0.1429	1.806	0.04826	0.1571
origin_animal_associated	type_iva_pilus	structural		0.03529	0.1047	-0.06945	0.313	0.04762	0.1571
origin_plant_associated	pyrimidine_core_biosynthesis	metabolic	anabolic	0.6118	0.4926	0.1191	1.622	0.04862	0.1577
origin_sediment	threonine_deamination	metabolic	catabolic	0.5647	0.6792	-0.1145	0.6131	0.04905	0.1588
origin_plant_associated	proline_biosynthesis	metabolic	anabolic	0.7647	0.6563	0.1084	1.701	0.04927	0.1592
origin_freshwater_groundwater	glyoxylate_bypass	metabolic	catabolic	0.1765	0.2782	-0.1018	0.5563	0.04951	0.1593
origin_thermal_geothermal	glyoxylate_bypass	metabolic	catabolic	0.1765	0.2782	-0.1018	0.5563	0.04951	0.1593
origin_engineered_wastewater	ectoine_biosynthesis	metabolic	anabolic	0.02353	0.08511	-0.06158	0.2594	0.04985	0.1595
origin_sediment	urate_degradation	metabolic	catabolic	0.02353	0.08511	-0.06158	0.2594	0.04985	0.1595
origin_animal_associated	xylose_uptake_abc	metabolic	transport	0.02353	0.08511	-0.06158	0.2594	0.04985	0.1595
origin_plant_associated	menaquinone_biosynthesis	metabolic	anabolic	0.1882	0.1113	0.07694	1.85	0.05005	0.1598
origin_marine_coastal	glycine_reduction_stickland	metabolic	catabolic	0.07059	0.02782	0.04276	2.649	0.05034	0.1605
origin_aquatic_unspecified	serine_deamination	metabolic	catabolic	0.3563	0.4696	-0.1133	0.6256	0.05077	0.1615
origin_air_built_environment	nitrogen_fixation	metabolic	anabolic	0.02041	0.1144	-0.09397	0.1615	0.0512	0.1626
origin_air_built_environment	chloramphenicol_detoxification	defense		0.2449	0.1329	0.112	2.113	0.05146	0.1631
origin_sediment	namn_salvage_nicotinate	metabolic	anabolic	0.5529	0.6645	-0.1115	0.6249	0.05171	0.1636
origin_engineered_wastewater	paba_biosynthesis	metabolic	anabolic	0.1059	0.198	-0.09215	0.48	0.0522	0.1645
origin_animal_associated	starch_degradation	metabolic	catabolic	0.1412	0.2373	-0.09614	0.5287	0.05214	0.1645
origin_soil_terrestrial	isocitrate_to_oxoglutarate	metabolic	catabolic	0.7412	0.6301	0.1111	1.68	0.05277	0.166
origin_algal_associated	ornithine_biosynthesis	metabolic	anabolic	0.7255	0.5814	0.1441	1.901	0.05369	0.1686
origin_food_fermentation	dmb_biosynthesis_aerobic	metabolic	anabolic	0.05952	0.1389	-0.07937	0.3928	0.05435	0.1704
origin_thermal_geothermal	namn_biosynthesis_quinolinate	metabolic	anabolic	0.8	0.6939	0.1061	1.763	0.05571	0.1743
origin_soil_terrestrial	plp_biosynthesis_r5p	metabolic	anabolic	0.3765	0.275	0.1015	1.591	0.05594	0.1747
origin_animal_associated	isoleucine_biosynthesis	metabolic	anabolic	0.6118	0.7185	-0.1067	0.6178	0.05608	0.1747
origin_soil_terrestrial	corrin_ring_biosynthesis	metabolic	anabolic	0.1412	0.07529	0.06589	2.017	0.05616	0.1747
origin_plant_associated	ammonium_assimilation	metabolic	anabolic	0.8471	0.7512	0.09583	1.833	0.05658	0.1757
origin_animal_associated	cytidylate_biosynthesis	metabolic	anabolic	0.9412	0.9787	-0.03755	0.3486	0.05703	0.1768
origin_plant_associated	lpt_lipopolysaccharide_export_apparatus	structural		0.3294	0.2291	0.1003	1.651	0.0573	0.1773
origin_food_fermentation	fumarate_oxaloacetate_interconversion	metabolic	interconversion	0.5	0.6111	-0.1111	0.6368	0.05777	0.1784
origin_air_built_environment	cysteine_biosynthesis_homocysteine	metabolic	anabolic	0.2449	0.1406	0.1042	1.979	0.05897	0.1818
origin_air_built_environment	taurine_desulfonation_aerobic	metabolic	catabolic	0.102	0.04019	0.06186	2.708	0.05915	0.182
origin_soil_terrestrial	mucin_galnac_release	metabolic	catabolic	0.4	0.2946	0.1054	1.595	0.05937	0.1824
origin_plant_associated	methionine_biosynthesis_transsulfuration	metabolic	anabolic	0.09412	0.04419	0.04993	2.244	0.06104	0.1834
origin_soil_terrestrial	methionine_biosynthesis_sulfhydrylation	metabolic	anabolic	0.6706	0.5581	0.1125	1.611	0.0608	0.1834
origin_algal_associated	hydroxyectoine_biosynthesis	metabolic	anabolic	0.09804	0.03876	0.05928	2.69	0.06063	0.1834
origin_sediment	aspartate_biosynthesis	metabolic	anabolic	0.7765	0.6727	0.1038	1.689	0.06125	0.1834
origin_algal_associated	chorismate_biosynthesis	metabolic	anabolic	0.8039	0.6744	0.1295	1.978	0.06078	0.1834
origin_freshwater_groundwater	siroheme_to_heme_b	metabolic	anabolic	0.09412	0.04419	0.04993	2.244	0.06104	0.1834
origin_thermal_geothermal	siroheme_to_heme_b	metabolic	anabolic	0.09412	0.04419	0.04993	2.244	0.06104	0.1834
origin_plant_associated	thiamine_phosphate_biosynthesis	metabolic	anabolic	0.7765	0.671	0.1054	1.702	0.06124	0.1834
origin_freshwater_groundwater	glucuronate_degradation	metabolic	catabolic	0	0.04092	-0.04092	0	0.06035	0.1834
origin_engineered_wastewater	glucuronate_degradation	metabolic	catabolic	0	0.04092	-0.04092	0	0.06035	0.1834
origin_sediment	glucuronate_degradation	metabolic	catabolic	0	0.04092	-0.04092	0	0.06035	0.1834
origin_thermal_geothermal	glucuronate_degradation	metabolic	catabolic	0	0.04092	-0.04092	0	0.06035	0.1834
origin_animal_associated	glucuronate_degradation	metabolic	catabolic	0	0.04092	-0.04092	0	0.06035	0.1834
origin_aquatic_unspecified	glucuronate_degradation	metabolic	catabolic	0	0.04105	-0.04105	0	0.0605	0.1834
origin_air_built_environment	aspartate_semialdehyde_biosynthesis	metabolic	anabolic	0.8571	0.7326	0.1245	2.188	0.0623	0.1862
origin_animal_associated	collagen_cleavage	metabolic	catabolic	0.04706	0.01473	0.03233	3.295	0.06243	0.1863
origin_plant_associated	pantothenate_biosynthesis	metabolic	anabolic	0.5529	0.4419	0.111	1.561	0.06278	0.1869
origin_algal_associated	collagen_cleavage	metabolic	catabolic	0.05882	0.0155	0.04332	3.956	0.06286	0.1869
origin_food_fermentation	proline_biosynthesis	metabolic	anabolic	0.7619	0.6569	0.105	1.67	0.06328	0.1878
origin_freshwater_groundwater	chitin_degradation	metabolic	catabolic	0.1294	0.2177	-0.08826	0.5347	0.06359	0.1884
origin_algal_associated	taurine_uptake_abc	metabolic	transport	0.1176	0.05271	0.06493	2.392	0.06372	0.1885
origin_animal_associated	serine_biosynthesis	metabolic	anabolic	0.2353	0.3388	-0.1035	0.6009	0.06389	0.1886
origin_animal_associated	proline_biosynthesis	metabolic	anabolic	0.5765	0.6825	-0.106	0.6337	0.06434	0.1896
origin_sediment	guanylate_biosynthesis	metabolic	anabolic	0.7529	0.838	-0.08503	0.5898	0.06483	0.1906
origin_soil_terrestrial	oxoisovalerate_biosynthesis	metabolic	anabolic	0.8235	0.725	0.09849	1.768	0.06491	0.1906
origin_aquatic_unspecified	lysine_biosynthesis_dap	metabolic	anabolic	0.7586	0.8407	-0.0821	0.5959	0.06629	0.1944
origin_thermal_geothermal	threonine_deamination	metabolic	catabolic	0.5765	0.6776	-0.1011	0.6481	0.06694	0.1959
origin_air_built_environment	homoserine_biosynthesis	metabolic	anabolic	0.898	0.7867	0.1113	2.384	0.06736	0.1964
origin_food_fermentation	plp_biosynthesis_dxp	metabolic	anabolic	0.05952	0.02288	0.03665	2.698	0.06723	0.1964
origin_sediment	hydroxyphenylpropanoate_hydroxylation	metabolic	catabolic	0.03529	0.0982	-0.06291	0.3363	0.06767	0.1964
origin_freshwater_groundwater	hydroxyphenylpropanoate_hydroxylation	metabolic	catabolic	0.03529	0.0982	-0.06291	0.3363	0.06767	0.1964
origin_marine_coastal	cysteine_degradation_sulfide	metabolic	catabolic	0.03529	0.0982	-0.06291	0.3363	0.06767	0.1964
origin_thermal_geothermal	choline_to_betaine	metabolic	anabolic	0.03529	0.09984	-0.06454	0.3302	0.06851	0.1971
origin_algal_associated	threonine_biosynthesis	metabolic	anabolic	0.7647	0.631	0.1337	1.899	0.06813	0.1971
origin_marine_coastal	asparagine_biosynthesis	metabolic	anabolic	0.7412	0.6367	0.1045	1.633	0.06849	0.1971
origin_air_built_environment	quinolinate_biosynthesis_aspartate	metabolic	anabolic	0.4694	0.6121	-0.1427	0.5612	0.06827	0.1971
origin_soil_terrestrial	pectin_degradation	metabolic	catabolic	0.2118	0.1342	0.07756	1.732	0.06838	0.1971
origin_aquatic_unspecified	cysteine_degradation_sulfide	metabolic	catabolic	0.03448	0.09852	-0.06404	0.3271	0.06901	0.1982
origin_engineered_wastewater	lactate_formation	metabolic	catabolic	0.1412	0.2291	-0.08796	0.5534	0.06931	0.1987
origin_aquatic_unspecified	galactose_degradation_leloir	metabolic	catabolic	0.1034	0.1856	-0.0821	0.5069	0.06967	0.1994
origin_air_built_environment	menaquinone_biosynthesis	metabolic	anabolic	0.2041	0.1144	0.08971	1.983	0.07005	0.2002
origin_plant_associated	phenylalanine_biosynthesis	metabolic	anabolic	0.7294	0.6236	0.1058	1.626	0.07054	0.2012
origin_soil_terrestrial	threonine_biosynthesis	metabolic	anabolic	0.7294	0.6285	0.1009	1.593	0.07147	0.2032
origin_sediment	arginine_biosynthesis	metabolic	anabolic	0.6353	0.7316	-0.09629	0.6395	0.07135	0.2032
origin_marine_coastal	arginine_deiminase_pathway	metabolic	catabolic	0.1765	0.108	0.06845	1.768	0.07174	0.2036
origin_food_fermentation	cobinamide_biosynthesis	metabolic	anabolic	0.2857	0.3889	-0.1032	0.629	0.07222	0.2046
origin_air_built_environment	hydroxyphenylpropanoate_hydroxylation	metabolic	catabolic	0.1633	0.08501	0.07826	2.097	0.07248	0.205
origin_freshwater_groundwater	type_i_e_crispr_cas_machinery	defense		0.01176	0.06056	-0.04879	0.1849	0.07264	0.2051
origin_soil_terrestrial	hmp_phosphate_biosynthesis	metabolic	anabolic	0.4706	0.365	0.1056	1.546	0.0729	0.2055
origin_thermal_geothermal	carnitine_to_betaine	metabolic	catabolic	0.01176	0.06219	-0.05043	0.1798	0.07373	0.2075
origin_marine_coastal	menaquinone_biosynthesis	metabolic	anabolic	0.05882	0.1293	-0.07047	0.4213	0.07405	0.2078
origin_engineered_wastewater	glutamate_decarboxylation_gaba	metabolic	catabolic	0.02353	0.08183	-0.0583	0.2707	0.07422	0.2078
origin_engineered_wastewater	acetoin_formation	metabolic	catabolic	0.05882	0.126	-0.0672	0.4338	0.07413	0.2078
origin_marine_coastal	tryptophan_degradation_indole	metabolic	catabolic	0.1529	0.08838	0.06456	1.86	0.07492	0.2094
origin_soil_terrestrial	paba_biosynthesis	metabolic	anabolic	0.2588	0.1768	0.08206	1.625	0.07525	0.21
origin_aquatic_unspecified	hmp_phosphate_biosynthesis	metabolic	anabolic	0.2874	0.3908	-0.1034	0.629	0.07581	0.2111
origin_thermal_geothermal	oxoadipate_activation	metabolic	catabolic	0.01176	0.06383	-0.05207	0.1748	0.0759	0.2111
origin_aquatic_unspecified	allantoin_degradation	metabolic	catabolic	0.05747	0.02299	0.03448	2.587	0.07626	0.2112
origin_soil_terrestrial	histidine_degradation_glutamate	metabolic	catabolic	0.1882	0.1146	0.07367	1.79	0.07613	0.2112
origin_freshwater_groundwater	fumarate_oxaloacetate_interconversion	metabolic	interconversion	0.5059	0.6105	-0.1046	0.6537	0.07642	0.2112
origin_animal_associated	fumarate_oxaloacetate_interconversion	metabolic	interconversion	0.5059	0.6105	-0.1046	0.6537	0.07642	0.2112
origin_aquatic_unspecified	paba_biosynthesis	metabolic	anabolic	0.1149	0.197	-0.0821	0.5296	0.07701	0.2124
origin_soil_terrestrial	ornithine_biosynthesis	metabolic	anabolic	0.6824	0.5794	0.103	1.559	0.07758	0.2137
origin_marine_coastal	oxoglutarate_to_succinate	metabolic	catabolic	0.6706	0.5646	0.1059	1.569	0.07835	0.2154
origin_marine_coastal	lactate_formation_lactaldehyde	metabolic	catabolic	0.1059	0.05237	0.05351	2.14	0.07913	0.2172
origin_soil_terrestrial	hydroxyectoine_biosynthesis	metabolic	anabolic	0.08235	0.03764	0.04471	2.291	0.07963	0.2179
origin_freshwater_groundwater	mucin_galnac_release	metabolic	catabolic	0.2235	0.3191	-0.09562	0.6145	0.07958	0.2179
origin_animal_associated	lpt_lipopolysaccharide_export_apparatus	structural		0.1647	0.252	-0.08734	0.5856	0.08018	0.219
origin_animal_associated	aspartate_biosynthesis	metabolic	anabolic	0.6	0.6972	-0.09722	0.6518	0.08085	0.2205
origin_aquatic_unspecified	superoxide_detoxification	defense		0.4943	0.5961	-0.1018	0.6627	0.08125	0.2209
origin_algal_associated	guanylate_biosynthesis	metabolic	anabolic	0.9216	0.8202	0.1014	2.574	0.08114	0.2209
origin_sediment	serine_deamination	metabolic	catabolic	0.3647	0.4681	-0.1034	0.6528	0.08146	0.2211
origin_algal_associated	pyrimidine_core_biosynthesis	metabolic	anabolic	0.6275	0.4977	0.1298	1.699	0.08173	0.2213
origin_freshwater_groundwater	chorismate_biosynthesis	metabolic	anabolic	0.6	0.6956	-0.09558	0.6569	0.08194	0.2213
origin_freshwater_groundwater	thiamine_phosphate_biosynthesis	metabolic	anabolic	0.6	0.6956	-0.09558	0.6569	0.08194	0.2213
origin_plant_associated	ethanol_formation	metabolic	catabolic	0.09412	0.1718	-0.07773	0.5011	0.08314	0.2242
origin_soil_terrestrial	tryptophan_biosynthesis	metabolic	anabolic	0.6118	0.5106	0.1011	1.509	0.08339	0.2245
origin_sediment	siroheme_biosynthesis	metabolic	anabolic	0.1294	0.2144	-0.08499	0.5451	0.08383	0.2253
origin_soil_terrestrial	glutamine_biosynthesis	metabolic	anabolic	0.9529	0.8887	0.06423	2.533	0.08514	0.2285
origin_plant_associated	taurine_desulfonation_aerobic	metabolic	catabolic	0.08235	0.03928	0.04307	2.192	0.0875	0.2345
origin_sediment	adenylate_biosynthesis	metabolic	anabolic	0.8353	0.9018	-0.06651	0.5528	0.08801	0.2347
origin_aquatic_unspecified	proline_biosynthesis	metabolic	anabolic	0.5862	0.6814	-0.09524	0.6626	0.08801	0.2347
origin_sediment	oxoisovalerate_biosynthesis	metabolic	anabolic	0.6588	0.748	-0.08913	0.6512	0.0878	0.2347
origin_freshwater_groundwater	namn_salvage_nicotinate	metabolic	anabolic	0.5647	0.6628	-0.09814	0.6602	0.08882	0.2365
origin_sediment	glyoxylate_bypass	metabolic	catabolic	0.1882	0.2766	-0.08836	0.6069	0.0895	0.2375
origin_engineered_wastewater	glyoxylate_bypass	metabolic	catabolic	0.1882	0.2766	-0.08836	0.6069	0.0895	0.2375
origin_freshwater_groundwater	nitrogen_fixation	metabolic	anabolic	0.1647	0.09984	0.06487	1.776	0.09043	0.239
origin_sediment	nitrogen_fixation	metabolic	anabolic	0.1647	0.09984	0.06487	1.776	0.09043	0.239
origin_animal_associated	threonine_biosynthesis	metabolic	anabolic	0.5529	0.653	-0.1001	0.6576	0.09063	0.239
origin_freshwater_groundwater	threonine_biosynthesis	metabolic	anabolic	0.5529	0.653	-0.1001	0.6576	0.09063	0.239
origin_air_built_environment	chemotaxis_signal_transduction	regulatory		0.2449	0.3663	-0.1214	0.5615	0.09146	0.2408
origin_air_built_environment	urate_degradation	metabolic	catabolic	0.1429	0.07264	0.07021	2.125	0.09166	0.241
origin_soil_terrestrial	methylglyoxal_detoxification	defense		0.4471	0.3502	0.09681	1.499	0.09188	0.2412
origin_plant_associated	guanylate_biosynthesis	metabolic	anabolic	0.8941	0.8183	0.07579	1.873	0.09226	0.2418
origin_aquatic_unspecified	adenylate_biosynthesis	metabolic	anabolic	0.8391	0.9015	-0.0624	0.5704	0.09257	0.2422
origin_animal_associated	hmp_phosphate_biosynthesis	metabolic	anabolic	0.2941	0.3895	-0.09541	0.6534	0.09553	0.2424
origin_marine_coastal	dihydroxybenzoate_biosynthesis	metabolic	anabolic	0	0.03437	-0.03437	0	0.09526	0.2424
origin_aquatic_unspecified	dihydroxybenzoate_biosynthesis	metabolic	anabolic	0	0.03448	-0.03448	0	0.09467	0.2424
origin_plant_associated	arginine_biosynthesis	metabolic	anabolic	0.8	0.7087	0.09133	1.643	0.09343	0.2424
origin_thermal_geothermal	biotin_biosynthesis	metabolic	anabolic	0.3529	0.2651	0.0878	1.511	0.09353	0.2424
origin_thermal_geothermal	glycine_biosynthesis	metabolic	anabolic	1	0.9656	0.03437	Inf	0.09526	0.2424
origin_plant_associated	glycine_biosynthesis	metabolic	anabolic	1	0.9656	0.03437	Inf	0.09526	0.2424
origin_thermal_geothermal	propanediol_formation	metabolic	catabolic	0	0.03437	-0.03437	0	0.09526	0.2424
origin_soil_terrestrial	propanediol_formation	metabolic	catabolic	0	0.03437	-0.03437	0	0.09526	0.2424
origin_aquatic_unspecified	propanediol_formation	metabolic	catabolic	0	0.03448	-0.03448	0	0.09467	0.2424
origin_engineered_wastewater	propanediol_formation	metabolic	catabolic	0	0.03437	-0.03437	0	0.09526	0.2424
origin_engineered_wastewater	malolactic_fermentation	metabolic	catabolic	0	0.03601	-0.03601	0	0.09548	0.2424
origin_marine_coastal	malolactic_fermentation	metabolic	catabolic	0	0.03601	-0.03601	0	0.09548	0.2424
origin_freshwater_groundwater	malolactic_fermentation	metabolic	catabolic	0	0.03601	-0.03601	0	0.09548	0.2424
origin_thermal_geothermal	malolactic_fermentation	metabolic	catabolic	0	0.03601	-0.03601	0	0.09548	0.2424
origin_soil_terrestrial	malolactic_fermentation	metabolic	catabolic	0	0.03601	-0.03601	0	0.09548	0.2424
origin_sediment	malolactic_fermentation	metabolic	catabolic	0	0.03601	-0.03601	0	0.09548	0.2424
origin_plant_associated	malolactic_fermentation	metabolic	catabolic	0	0.03601	-0.03601	0	0.09548	0.2424
origin_food_fermentation	methylamine_degradation	metabolic	catabolic	0.04762	0.01797	0.02965	2.726	0.09524	0.2424
origin_engineered_wastewater	type_vi_secretion_apparatus	structural		0.1059	0.05728	0.0486	1.947	0.09493	0.2424
origin_aquatic_unspecified	malolactic_fermentation	metabolic	catabolic	0	0.03612	-0.03612	0	0.09602	0.2429
origin_air_built_environment	ectoine_degradation	metabolic	catabolic	0.06122	0.02009	0.04113	3.172	0.09595	0.2429
origin_food_fermentation	starch_degradation	metabolic	catabolic	0.2976	0.2157	0.08193	1.54	0.09613	0.2429
origin_plant_associated	glycine_reduction_stickland	metabolic	catabolic	0	0.03764	-0.03764	0	0.09782	0.2467
origin_air_built_environment	arabinose_degradation	metabolic	catabolic	0.1837	0.1051	0.07857	1.914	0.09849	0.2478
origin_engineered_wastewater	pectin_degradation	metabolic	catabolic	0.08235	0.1522	-0.06986	0.5003	0.09868	0.2478
origin_freshwater_groundwater	pectin_degradation	metabolic	catabolic	0.08235	0.1522	-0.06986	0.5003	0.09868	0.2478
origin_algal_associated	siroheme_to_heme_b	metabolic	anabolic	0	0.05426	-0.05426	0	0.1008	0.2528
origin_soil_terrestrial	sarcosine_demethylation	metabolic	catabolic	0.2118	0.1391	0.07265	1.661	0.1011	0.2532
origin_animal_associated	oxoglutarate_to_succinate	metabolic	catabolic	0.4941	0.5892	-0.09508	0.6814	0.1019	0.2547
origin_engineered_wastewater	arginine_deiminase_pathway	metabolic	catabolic	0.05882	0.1244	-0.06556	0.4404	0.102	0.2547
origin_algal_associated	type_i_e_crispr_cas_machinery	defense		0	0.05891	-0.05891	0	0.1024	0.2553
origin_animal_associated	thiazole_phosphate_biosynthesis	metabolic	anabolic	0.3412	0.4354	-0.09418	0.672	0.1027	0.2553
origin_air_built_environment	pyrimidine_core_biosynthesis	metabolic	anabolic	0.3878	0.5162	-0.1285	0.594	0.1026	0.2553
origin_air_built_environment	dap_biosynthesis	metabolic	anabolic	0.6735	0.5518	0.1217	1.674	0.103	0.2556
origin_marine_coastal	ammonium_assimilation	metabolic	anabolic	0.8353	0.7529	0.08243	1.664	0.1032	0.2556
origin_algal_associated	xylose_uptake_abc	metabolic	transport	0.1373	0.07287	0.06439	2.022	0.1035	0.2561
origin_animal_associated	tryptophan_biosynthesis	metabolic	anabolic	0.4353	0.5352	-0.09989	0.6699	0.1043	0.2577
origin_animal_associated	type_i_restriction_modification	defense		0.5882	0.4877	0.1005	1.5	0.1047	0.2578
origin_soil_terrestrial	mucin_fucose_release	metabolic	catabolic	0.2588	0.1817	0.07715	1.572	0.1046	0.2578
origin_soil_terrestrial	thiamine_phosphate_biosynthesis	metabolic	anabolic	0.7647	0.6727	0.09204	1.581	0.1052	0.2583
origin_air_built_environment	arginine_deiminase_pathway	metabolic	catabolic	0.04082	0.1221	-0.08129	0.3063	0.1051	0.2583
origin_algal_associated	arabinose_degradation	metabolic	catabolic	0.03922	0.1163	-0.07706	0.3106	0.1055	0.2587
origin_plant_associated	nad_biosynthesis_namn	metabolic	anabolic	0.5529	0.4583	0.09468	1.461	0.1058	0.2589
origin_animal_associated	succinate_fumarate_interconversion	metabolic	interconversion	0.6	0.6923	-0.09231	0.6671	0.1059	0.2589
origin_sediment	leucine_biosynthesis	metabolic	anabolic	0.6118	0.6989	-0.08709	0.6794	0.1061	0.2592
origin_air_built_environment	lactate_formation	metabolic	catabolic	0.1224	0.2257	-0.1032	0.4792	0.1069	0.2605
origin_algal_associated	arginine_deiminase_pathway	metabolic	catabolic	0.03922	0.1225	-0.08326	0.2928	0.1078	0.2624
origin_marine_coastal	phosphate_starvation_response	regulatory		0.2471	0.3355	-0.08846	0.6502	0.1093	0.2658
origin_animal_associated	oxopentenoate_degradation	metabolic	catabolic	0.01176	0.05728	-0.04552	0.1962	0.111	0.2691
origin_sediment	oxopentenoate_degradation	metabolic	catabolic	0.01176	0.05728	-0.04552	0.1962	0.111	0.2691
origin_engineered_wastewater	catechol_ortho_cleavage	metabolic	catabolic	0.03529	0.01146	0.02384	3.149	0.1118	0.2707
origin_thermal_geothermal	oxoisovalerate_biosynthesis	metabolic	anabolic	0.8118	0.7267	0.08509	1.621	0.1142	0.276
origin_thermal_geothermal	namn_salvage_nicotinate	metabolic	anabolic	0.7294	0.6399	0.08948	1.516	0.1151	0.2779
origin_food_fermentation	salicylate_biosynthesis	metabolic	anabolic	0.04762	0.01961	0.02801	2.495	0.1157	0.2789
origin_air_built_environment	serine_biosynthesis	metabolic	anabolic	0.4286	0.3184	0.1102	1.604	0.1166	0.2802
origin_freshwater_groundwater	homoserine_biosynthesis	metabolic	anabolic	0.7294	0.8036	-0.07419	0.6592	0.1165	0.2802
origin_freshwater_groundwater	methylglyoxal_detoxification	defense		0.2824	0.3732	-0.09081	0.6613	0.1175	0.2821
origin_marine_coastal	urea_hydrolysis	metabolic	catabolic	0.1412	0.2209	-0.07977	0.58	0.1177	0.2821
origin_engineered_wastewater	chitin_degradation	metabolic	catabolic	0.1412	0.216	-0.07486	0.5969	0.1179	0.2821
origin_freshwater_groundwater	dmb_biosynthesis_aerobic	metabolic	anabolic	0.07059	0.1375	-0.06689	0.4769	0.1182	0.2826
origin_thermal_geothermal	galacturonate_degradation	metabolic	catabolic	0.04706	0.1064	-0.05932	0.4152	0.1184	0.2827
origin_thermal_geothermal	salicylate_biosynthesis	metabolic	anabolic	0.04706	0.01964	0.02742	2.461	0.1197	0.2848
origin_animal_associated	salicylate_biosynthesis	metabolic	anabolic	0.04706	0.01964	0.02742	2.461	0.1197	0.2848
origin_engineered_wastewater	cobinamide_biosynthesis	metabolic	anabolic	0.2941	0.3879	-0.09377	0.6579	0.1199	0.2849
origin_algal_associated	hydroxyphenylpropanoate_hydroxylation	metabolic	catabolic	0.1569	0.08527	0.07159	1.993	0.1211	0.2874
origin_algal_associated	benzoate_degradation_catechol	metabolic	catabolic	0.05882	0.02171	0.03712	2.81	0.1216	0.2881
origin_marine_coastal	quinolinate_biosynthesis_aspartate	metabolic	anabolic	0.6824	0.5908	0.09152	1.487	0.1241	0.2933
origin_soil_terrestrial	cysteine_biosynthesis_sulfide	metabolic	anabolic	0.6824	0.5892	0.09315	1.497	0.124	0.2933
origin_plant_associated	carnitine_to_betaine	metabolic	catabolic	0.09412	0.05074	0.04338	1.942	0.1259	0.2967
origin_animal_associated	carnitine_to_betaine	metabolic	catabolic	0.09412	0.05074	0.04338	1.942	0.1259	0.2967
origin_freshwater_groundwater	glutamine_biosynthesis	metabolic	anabolic	0.8471	0.9034	-0.05638	0.5925	0.1266	0.297
origin_animal_associated	heme_b_biosynthesis	metabolic	anabolic	0.5059	0.5974	-0.0915	0.6904	0.1264	0.297
origin_marine_coastal	taurine_degradation_sulfoacetaldehyde	metabolic	catabolic	0.07059	0.03437	0.03622	2.131	0.1266	0.297
origin_algal_associated	galactose_degradation_leloir	metabolic	catabolic	0.2549	0.169	0.08591	1.681	0.127	0.2975
origin_aquatic_unspecified	creatinine_degradation	metabolic	catabolic	0.04598	0.0197	0.02627	2.394	0.1278	0.2986
origin_aquatic_unspecified	ectoine_degradation	metabolic	catabolic	0.04598	0.0197	0.02627	2.394	0.1278	0.2986
origin_engineered_wastewater	superoxide_detoxification	defense		0.5059	0.5941	-0.08823	0.6998	0.1282	0.2992
origin_air_built_environment	oxoisovalerate_biosynthesis	metabolic	anabolic	0.8367	0.7295	0.1072	1.899	0.1288	0.3002
origin_algal_associated	isocitrate_to_oxoglutarate	metabolic	catabolic	0.7451	0.6357	0.1094	1.674	0.1302	0.3029
origin_food_fermentation	ammonium_assimilation	metabolic	anabolic	0.8333	0.7533	0.08007	1.637	0.1317	0.3056
origin_animal_associated	acetyl_coa_to_isocitrate	metabolic	catabolic	0.4471	0.5385	-0.0914	0.6934	0.1317	0.3056
origin_engineered_wastewater	chloramphenicol_detoxification	defense		0.08235	0.1489	-0.06658	0.5132	0.1323	0.3066
origin_thermal_geothermal	ectoine_biosynthesis	metabolic	anabolic	0.03529	0.08347	-0.04818	0.4021	0.1341	0.307
origin_air_built_environment	heme_b_biosynthesis	metabolic	anabolic	0.6939	0.5781	0.1158	1.653	0.1328	0.307
origin_plant_associated	oxoadipate_activation	metabolic	catabolic	0.09412	0.05237	0.04174	1.878	0.1335	0.307
origin_animal_associated	arabinoxylan_debranching	metabolic	catabolic	0.6118	0.6972	-0.08545	0.6847	0.1337	0.307
origin_engineered_wastewater	mucin_galnac_release	metabolic	catabolic	0.2353	0.3175	-0.08222	0.6617	0.1336	0.307
origin_sediment	mucin_galnac_release	metabolic	catabolic	0.2353	0.3175	-0.08222	0.6617	0.1336	0.307
origin_thermal_geothermal	urate_degradation	metabolic	catabolic	0.03529	0.08347	-0.04818	0.4021	0.1341	0.307
origin_marine_coastal	urate_degradation	metabolic	catabolic	0.03529	0.08347	-0.04818	0.4021	0.1341	0.307
origin_aquatic_unspecified	xylose_uptake_abc	metabolic	transport	0.03448	0.08374	-0.04926	0.3911	0.1335	0.307
origin_air_built_environment	pyruvate_to_acetyl_coa	metabolic	catabolic	0.6327	0.7342	-0.1015	0.6241	0.1352	0.3091
origin_freshwater_groundwater	adenylate_biosynthesis	metabolic	anabolic	0.8471	0.9002	-0.0531	0.6148	0.1359	0.3102
origin_food_fermentation	benzoate_degradation_catechol	metabolic	catabolic	0.04762	0.02124	0.02638	2.3	0.138	0.3136
origin_animal_associated	arabinose_degradation	metabolic	catabolic	0.05882	0.1178	-0.05902	0.4683	0.1379	0.3136
origin_sediment	arabinose_degradation	metabolic	catabolic	0.05882	0.1178	-0.05902	0.4683	0.1379	0.3136
origin_food_fermentation	threonine_deamination	metabolic	catabolic	0.7381	0.6552	0.08287	1.482	0.1405	0.3191
origin_thermal_geothermal	proline_biosynthesis	metabolic	anabolic	0.7412	0.6596	0.0816	1.477	0.1416	0.3208
origin_food_fermentation	mucin_fucose_release	metabolic	catabolic	0.25	0.183	0.06699	1.487	0.1417	0.3208
origin_air_built_environment	plp_biosynthesis_dxp	metabolic	anabolic	0.06122	0.02473	0.03649	2.567	0.1433	0.324
origin_air_built_environment	namn_biosynthesis_quinolinate	metabolic	anabolic	0.6122	0.7141	-0.1018	0.6327	0.1437	0.3245
origin_algal_associated	pectin_degradation	metabolic	catabolic	0.2157	0.138	0.0777	1.716	0.1447	0.3263
origin_thermal_geothermal	aspartate_semialdehyde_biosynthesis	metabolic	anabolic	0.8118	0.7316	0.08018	1.581	0.1452	0.3269
origin_freshwater_groundwater	asparagine_biosynthesis	metabolic	anabolic	0.5765	0.6596	-0.0831	0.7028	0.1458	0.3271
origin_freshwater_groundwater	cysteine_biosynthesis_homocysteine	metabolic	anabolic	0.09412	0.1555	-0.06137	0.5647	0.1458	0.3271
origin_soil_terrestrial	flagellar_apparatus	structural		0.09412	0.1555	-0.06137	0.5647	0.1458	0.3271
origin_soil_terrestrial	homoserine_biosynthesis	metabolic	anabolic	0.8588	0.7856	0.07323	1.659	0.151	0.3335
origin_food_fermentation	homoserine_biosynthesis	metabolic	anabolic	0.8571	0.7859	0.0712	1.633	0.1503	0.3335
origin_thermal_geothermal	plp_biosynthesis_dxp	metabolic	anabolic	0	0.0311	-0.0311	0	0.1515	0.3335
origin_freshwater_groundwater	plp_biosynthesis_dxp	metabolic	anabolic	0	0.0311	-0.0311	0	0.1515	0.3335
origin_animal_associated	histidine_biosynthesis	metabolic	anabolic	0.2941	0.3781	-0.08395	0.6858	0.1501	0.3335
origin_engineered_wastewater	histidine_biosynthesis	metabolic	anabolic	0.2941	0.3781	-0.08395	0.6858	0.1501	0.3335
origin_freshwater_groundwater	siroheme_biosynthesis	metabolic	anabolic	0.1412	0.2128	-0.07159	0.6086	0.1506	0.3335
origin_plant_associated	cytidylate_biosynthesis	metabolic	anabolic	1	0.9705	0.02946	Inf	0.15	0.3335
origin_thermal_geothermal	allantoin_degradation	metabolic	catabolic	0	0.0311	-0.0311	0	0.1515	0.3335
origin_marine_coastal	catechol_meta_cleavage	metabolic	catabolic	0	0.0311	-0.0311	0	0.1515	0.3335
origin_animal_associated	catechol_meta_cleavage	metabolic	catabolic	0	0.0311	-0.0311	0	0.1515	0.3335
origin_sediment	catechol_meta_cleavage	metabolic	catabolic	0	0.0311	-0.0311	0	0.1515	0.3335
origin_animal_associated	type_vi_secretion_apparatus	structural		0.02353	0.06874	-0.04521	0.3268	0.1505	0.3335
origin_freshwater_groundwater	type_vi_secretion_apparatus	structural		0.02353	0.06874	-0.04521	0.3268	0.1505	0.3335
origin_algal_associated	nitrogen_fixation	metabolic	anabolic	0.03922	0.1132	-0.07396	0.3202	0.1544	0.3394
origin_freshwater_groundwater	folate_biosynthesis	metabolic	anabolic	0.3176	0.4026	-0.08497	0.6911	0.1549	0.3396
origin_sediment	folate_biosynthesis	metabolic	anabolic	0.3176	0.4026	-0.08497	0.6911	0.1549	0.3396
origin_soil_terrestrial	biotin_biosynthesis	metabolic	anabolic	0.3412	0.2668	0.0744	1.423	0.1557	0.341
origin_air_built_environment	ethanol_formation	metabolic	catabolic	0.08163	0.1685	-0.08684	0.4392	0.157	0.3426
origin_algal_associated	arabinoxylan_debranching	metabolic	catabolic	0.7843	0.6791	0.1052	1.717	0.1572	0.3426
origin_thermal_geothermal	histidine_degradation_glutamate	metabolic	catabolic	0.07059	0.1309	-0.06034	0.5045	0.1572	0.3426
origin_animal_associated	histidine_degradation_glutamate	metabolic	catabolic	0.07059	0.1309	-0.06034	0.5045	0.1572	0.3426
origin_marine_coastal	ethanol_formation	metabolic	catabolic	0.1059	0.1702	-0.06433	0.5777	0.1578	0.3434
origin_sediment	choline_to_betaine	metabolic	anabolic	0.04706	0.0982	-0.05114	0.4539	0.1602	0.3451
origin_engineered_wastewater	choline_to_betaine	metabolic	anabolic	0.04706	0.0982	-0.05114	0.4539	0.1602	0.3451
origin_thermal_geothermal	hydroxyectoine_biosynthesis	metabolic	anabolic	0.01176	0.04746	-0.0357	0.2392	0.1601	0.3451
origin_sediment	cysteine_degradation_sulfide	metabolic	catabolic	0.04706	0.09656	-0.0495	0.4624	0.1602	0.3451
origin_algal_associated	rhamnose_degradation	metabolic	catabolic	0	0.04961	-0.04961	0	0.1593	0.3451
origin_engineered_wastewater	mucin_sialic_acid_release	metabolic	catabolic	0.1059	0.1735	-0.0676	0.5646	0.1591	0.3451
origin_freshwater_groundwater	taurine_desulfonation_aerobic	metabolic	catabolic	0.01176	0.0491	-0.03734	0.2308	0.1602	0.3451
origin_sediment	taurine_desulfonation_aerobic	metabolic	catabolic	0.01176	0.0491	-0.03734	0.2308	0.1602	0.3451
origin_aquatic_unspecified	taurine_desulfonation_aerobic	metabolic	catabolic	0.01149	0.04926	-0.03777	0.2247	0.161	0.3463
origin_thermal_geothermal	tyrosine_biosynthesis	metabolic	anabolic	0.6353	0.5483	0.08701	1.434	0.1615	0.347
origin_soil_terrestrial	rhamnose_degradation	metabolic	catabolic	0.01176	0.05074	-0.03897	0.223	0.1622	0.3477
origin_algal_associated	lactate_formation	metabolic	catabolic	0.1373	0.2248	-0.08755	0.549	0.1623	0.3477
origin_marine_coastal	pantothenate_biosynthesis	metabolic	anabolic	0.5294	0.4452	0.08424	1.401	0.1633	0.3489
origin_sediment	propanediol_formation	metabolic	catabolic	0.05882	0.02619	0.03264	2.32	0.1631	0.3489
origin_air_built_environment	siroheme_to_heme_b	metabolic	anabolic	0	0.0541	-0.0541	0	0.1639	0.35
origin_sediment	mercury_detoxification	defense		0.1412	0.09002	0.05116	1.66	0.1663	0.3501
origin_plant_associated	type_i_restriction_modification	defense		0.4235	0.5106	-0.08711	0.7044	0.1645	0.3501
origin_sediment	pyrimidine_core_biosynthesis	metabolic	anabolic	0.4353	0.5172	-0.08189	0.72	0.1661	0.3501
origin_freshwater_groundwater	lysine_biosynthesis_dap	metabolic	anabolic	0.7765	0.838	-0.0615	0.6721	0.1655	0.3501
origin_air_built_environment	glutamate_decarboxylation_gaba	metabolic	catabolic	0.02041	0.07883	-0.05842	0.2438	0.1651	0.3501
origin_aquatic_unspecified	rhamnose_degradation	metabolic	catabolic	0.01149	0.0509	-0.03941	0.2171	0.1645	0.3501
origin_engineered_wastewater	tryptophan_degradation_indole	metabolic	catabolic	0.1412	0.09002	0.05116	1.66	0.1663	0.3501
origin_sediment	tryptophan_degradation_indole	metabolic	catabolic	0.1412	0.09002	0.05116	1.66	0.1663	0.3501
origin_air_built_environment	lpt_lipopolysaccharide_export_apparatus	structural		0.3265	0.2349	0.0916	1.578	0.1658	0.3501
origin_sediment	type_iva_pilus	structural		0.1412	0.09002	0.05116	1.66	0.1663	0.3501
origin_engineered_wastewater	type_iva_pilus	structural		0.1412	0.09002	0.05116	1.66	0.1663	0.3501
origin_aquatic_unspecified	pyrimidine_core_biosynthesis	metabolic	anabolic	0.4368	0.5172	-0.08046	0.7242	0.1703	0.3567
origin_marine_coastal	guanylate_biosynthesis	metabolic	anabolic	0.8824	0.82	0.06239	1.646	0.1702	0.3567
origin_soil_terrestrial	guanylate_biosynthesis	metabolic	anabolic	0.8824	0.82	0.06239	1.646	0.1702	0.3567
origin_freshwater_groundwater	galactose_degradation_leloir	metabolic	catabolic	0.1176	0.1833	-0.06566	0.5944	0.1699	0.3567
origin_air_built_environment	valine_biosynthesis	metabolic	anabolic	0.7551	0.8331	-0.07797	0.6183	0.1706	0.3569
origin_marine_coastal	aspartate_biosynthesis	metabolic	anabolic	0.7529	0.6759	0.077	1.46	0.1711	0.3575
origin_thermal_geothermal	succinate_fumarate_interconversion	metabolic	interconversion	0.6118	0.6907	-0.07891	0.7061	0.1714	0.3578
origin_engineered_wastewater	riboflavin_biosynthesis	metabolic	anabolic	0.7059	0.7741	-0.06826	0.7006	0.1725	0.3591
origin_sediment	riboflavin_biosynthesis	metabolic	anabolic	0.7059	0.7741	-0.06826	0.7006	0.1725	0.3591
origin_marine_coastal	serine_biosynthesis	metabolic	anabolic	0.2588	0.3355	-0.07669	0.6919	0.1753	0.3642
origin_freshwater_groundwater	assimilatory_sulfate_reduction	metabolic	anabolic	0.1765	0.2504	-0.07394	0.6418	0.1754	0.3642
origin_freshwater_groundwater	phosphate_starvation_response	regulatory		0.2588	0.3339	-0.07506	0.697	0.1761	0.3653
origin_air_built_environment	cysteine_biosynthesis_sulfide	metabolic	anabolic	0.6939	0.5935	0.1004	1.551	0.177	0.3666
origin_air_built_environment	dihydroxybenzoate_biosynthesis	metabolic	anabolic	0.06122	0.02782	0.0334	2.275	0.1785	0.3692
origin_freshwater_groundwater	kdg_degradation	metabolic	catabolic	0.2706	0.347	-0.07638	0.6985	0.1793	0.3701
origin_sediment	kdg_degradation	metabolic	catabolic	0.2706	0.347	-0.07638	0.6985	0.1793	0.3701
origin_air_built_environment	serine_deamination	metabolic	catabolic	0.551	0.4482	0.1028	1.51	0.1819	0.3749
origin_soil_terrestrial	asparagine_biosynthesis	metabolic	anabolic	0.7176	0.6399	0.07771	1.429	0.1825	0.3756
origin_thermal_geothermal	glutamine_biosynthesis	metabolic	anabolic	0.9412	0.8903	0.05083	1.969	0.1839	0.3771
origin_plant_associated	glutamine_biosynthesis	metabolic	anabolic	0.9412	0.8903	0.05083	1.969	0.1839	0.3771
origin_sediment	isocitrate_to_oxoglutarate	metabolic	catabolic	0.5765	0.653	-0.07656	0.7236	0.184	0.3771
origin_freshwater_groundwater	isocitrate_to_oxoglutarate	metabolic	catabolic	0.5765	0.653	-0.07656	0.7236	0.184	0.3771
origin_sediment	glycine_reduction_stickland	metabolic	catabolic	0.05882	0.02946	0.02936	2.056	0.185	0.3786
origin_freshwater_groundwater	phenylalanine_biosynthesis	metabolic	anabolic	0.7059	0.6268	0.07904	1.428	0.1855	0.3791
origin_algal_associated	menaquinone_biosynthesis	metabolic	anabolic	0.05882	0.1256	-0.06676	0.4356	0.186	0.3793
origin_plant_associated	adenylate_biosynthesis	metabolic	anabolic	0.9412	0.8871	0.05411	2.035	0.1861	0.3793
origin_sediment	aspartate_semialdehyde_biosynthesis	metabolic	anabolic	0.6824	0.7496	-0.06724	0.718	0.188	0.3824
origin_plant_associated	oxopentenoate_degradation	metabolic	catabolic	0.08235	0.04746	0.03489	1.799	0.1878	0.3824
origin_marine_coastal	thiamine_precursor_salvage	metabolic	anabolic	0.2	0.2717	-0.07169	0.6705	0.1887	0.3828
origin_engineered_wastewater	thiamine_precursor_salvage	metabolic	anabolic	0.2	0.2717	-0.07169	0.6705	0.1887	0.3828
origin_marine_coastal	ectoine_biosynthesis	metabolic	anabolic	0.1176	0.07201	0.04563	1.717	0.19	0.385
origin_soil_terrestrial	nitrate_assimilation	metabolic	anabolic	0.2	0.1408	0.05925	1.525	0.1904	0.3854
origin_food_fermentation	ornithine_biosynthesis	metabolic	anabolic	0.5238	0.6013	-0.0775	0.7297	0.1933	0.3909
origin_algal_associated	paba_biosynthesis	metabolic	anabolic	0.2549	0.1814	0.07351	1.543	0.1942	0.3916
origin_thermal_geothermal	fumarate_oxaloacetate_interconversion	metabolic	interconversion	0.5294	0.6072	-0.07779	0.7281	0.1942	0.3916
origin_food_fermentation	arginine_biosynthesis	metabolic	anabolic	0.7857	0.7108	0.07493	1.491	0.1946	0.3919
origin_food_fermentation	methionine_biosynthesis_sulfhydrylation	metabolic	anabolic	0.6429	0.5621	0.08077	1.402	0.1957	0.3921
origin_thermal_geothermal	ornithine_biosynthesis	metabolic	anabolic	0.6588	0.5827	0.07617	1.383	0.1964	0.3921
origin_algal_associated	arginine_biosynthesis	metabolic	anabolic	0.8039	0.7132	0.09074	1.648	0.196	0.3921
origin_animal_associated	biotin_biosynthesis	metabolic	anabolic	0.2118	0.2848	-0.07301	0.6751	0.1949	0.3921
origin_soil_terrestrial	siroheme_biosynthesis	metabolic	anabolic	0.2588	0.1964	0.06242	1.428	0.1961	0.3921
origin_aquatic_unspecified	oxopentenoate_degradation	metabolic	catabolic	0.08046	0.04762	0.03284	1.748	0.1961	0.3921
origin_food_fermentation	chitin_degradation	metabolic	catabolic	0.2619	0.1993	0.06256	1.424	0.1965	0.3921
origin_plant_associated	pyruvate_to_acetyl_coa	metabolic	catabolic	0.7882	0.7185	0.06974	1.458	0.1953	0.3921
origin_freshwater_groundwater	arginine_biosynthesis	metabolic	anabolic	0.6588	0.7283	-0.06949	0.7207	0.1977	0.393
origin_algal_associated	biotin_biosynthesis	metabolic	anabolic	0.3529	0.2698	0.08317	1.476	0.1973	0.393
origin_algal_associated	lactate_racemisation	metabolic	interconversion	0.1176	0.2016	-0.0839	0.5286	0.1976	0.393
origin_freshwater_groundwater	methionine_biosynthesis_sulfhydrylation	metabolic	anabolic	0.5059	0.581	-0.07513	0.7386	0.1996	0.3964
origin_animal_associated	dap_biosynthesis	metabolic	anabolic	0.4941	0.5696	-0.07544	0.7385	0.2008	0.3969
origin_marine_coastal	dap_biosynthesis	metabolic	anabolic	0.4941	0.5696	-0.07544	0.7385	0.2008	0.3969
origin_animal_associated	plp_biosynthesis_r5p	metabolic	anabolic	0.2235	0.2962	-0.07271	0.6843	0.2006	0.3969
origin_marine_coastal	plp_biosynthesis_r5p	metabolic	anabolic	0.2235	0.2962	-0.07271	0.6843	0.2006	0.3969
origin_freshwater_groundwater	xylose_degradation_isomerase	metabolic	catabolic	0.1529	0.2177	-0.06473	0.6493	0.201	0.3969
origin_sediment	beta_lactam_detoxification	defense		0.3882	0.4648	-0.07658	0.731	0.202	0.3978
origin_freshwater_groundwater	beta_lactam_detoxification	defense		0.3882	0.4648	-0.07658	0.731	0.202	0.3978
origin_freshwater_groundwater	collagen_cleavage	metabolic	catabolic	0.03529	0.01637	0.01893	2.196	0.2045	0.4018
origin_sediment	collagen_cleavage	metabolic	catabolic	0.03529	0.01637	0.01893	2.196	0.2045	0.4018
origin_sediment	isoleucine_biosynthesis	metabolic	anabolic	0.6471	0.7136	-0.06653	0.7362	0.2068	0.405
origin_freshwater_groundwater	acetoin_formation	metabolic	catabolic	0.07059	0.1244	-0.0538	0.5351	0.2068	0.405
origin_soil_terrestrial	acetoin_formation	metabolic	catabolic	0.07059	0.1244	-0.0538	0.5351	0.2068	0.405
origin_aquatic_unspecified	tryptophan_biosynthesis	metabolic	anabolic	0.4598	0.532	-0.07225	0.7489	0.2096	0.41
origin_thermal_geothermal	type_i_e_crispr_cas_machinery	defense		0.08235	0.05074	0.03162	1.678	0.2099	0.41
origin_sediment	oxoadipate_activation	metabolic	catabolic	0.02353	0.06219	-0.03866	0.3637	0.2124	0.4122
origin_food_fermentation	oxoadipate_activation	metabolic	catabolic	0.02381	0.06209	-0.03828	0.3688	0.212	0.4122
origin_marine_coastal	oxoadipate_activation	metabolic	catabolic	0.02353	0.06219	-0.03866	0.3637	0.2124	0.4122
origin_engineered_wastewater	carnitine_to_betaine	metabolic	catabolic	0.02353	0.06056	-0.03703	0.3742	0.2117	0.4122
origin_freshwater_groundwater	taurine_uptake_abc	metabolic	transport	0.02353	0.06219	-0.03866	0.3637	0.2124	0.4122
origin_freshwater_groundwater	type_ii_secretion_system	structural		0.1176	0.07856	0.03909	1.563	0.2125	0.4122
origin_aquatic_unspecified	oxoadipate_activation	metabolic	catabolic	0.02299	0.0624	-0.03941	0.3539	0.2141	0.4149
origin_thermal_geothermal	lysine_biosynthesis_dap	metabolic	anabolic	0.8824	0.8232	0.05911	1.609	0.2168	0.4191
origin_soil_terrestrial	lysine_biosynthesis_dap	metabolic	anabolic	0.8824	0.8232	0.05911	1.609	0.2168	0.4191
origin_freshwater_groundwater	valine_biosynthesis	metabolic	anabolic	0.7765	0.8347	-0.05823	0.6883	0.2189	0.4222
origin_sediment	valine_biosynthesis	metabolic	anabolic	0.7765	0.8347	-0.05823	0.6883	0.2189	0.4222
origin_air_built_environment	cobamide_nucleotide_loop_assembly	metabolic	anabolic	0.2245	0.153	0.07148	1.601	0.2201	0.4236
origin_engineered_wastewater	xylan_degradation	metabolic	catabolic	0.2706	0.3421	-0.07147	0.7139	0.2199	0.4236
origin_air_built_environment	hmp_phosphate_biosynthesis	metabolic	anabolic	0.2857	0.3849	-0.09914	0.6397	0.2211	0.4245
origin_air_built_environment	cobinamide_biosynthesis	metabolic	anabolic	0.2857	0.3833	-0.09759	0.6439	0.2209	0.4245
origin_aquatic_unspecified	phosphate_starvation_response	regulatory		0.2644	0.3333	-0.06897	0.7191	0.222	0.4258
origin_air_built_environment	riboflavin_biosynthesis	metabolic	anabolic	0.6939	0.7713	-0.07737	0.6727	0.2228	0.4268
origin_aquatic_unspecified	histidine_degradation_glutamate	metabolic	catabolic	0.08046	0.1297	-0.04926	0.5874	0.2251	0.4308
origin_algal_associated	starch_degradation	metabolic	catabolic	0.2941	0.2202	0.07396	1.475	0.2257	0.4313
origin_air_built_environment	type_vi_secretion_apparatus	structural		0.102	0.06028	0.04176	1.77	0.226	0.4314
origin_soil_terrestrial	type_vi_secretion_apparatus	structural		0.09412	0.05892	0.0352	1.658	0.231	0.4404
origin_freshwater_groundwater	hmp_phosphate_biosynthesis	metabolic	anabolic	0.3176	0.3863	-0.0686	0.74	0.2348	0.4465
origin_plant_associated	cobinamide_biosynthesis	metabolic	anabolic	0.4353	0.3682	0.06705	1.322	0.2346	0.4465
origin_engineered_wastewater	taurine_degradation_sulfoacetaldehyde	metabolic	catabolic	0.01176	0.04255	-0.03079	0.2682	0.2349	0.4465
origin_animal_associated	folate_biosynthesis	metabolic	anabolic	0.3294	0.401	-0.07157	0.7342	0.2361	0.4478
origin_marine_coastal	folate_biosynthesis	metabolic	anabolic	0.3294	0.401	-0.07157	0.7342	0.2361	0.4478
origin_engineered_wastewater	quinolinate_biosynthesis_aspartate	metabolic	anabolic	0.5412	0.6105	-0.0693	0.7529	0.2379	0.448
origin_air_built_environment	lysine_biosynthesis_dap	metabolic	anabolic	0.898	0.8253	0.07261	1.861	0.2379	0.448
origin_freshwater_groundwater	oxoisovalerate_biosynthesis	metabolic	anabolic	0.6824	0.7447	-0.06233	0.7368	0.2371	0.448
origin_sediment	thiamine_precursor_salvage	metabolic	anabolic	0.3176	0.2553	0.06233	1.357	0.2371	0.448
origin_engineered_wastewater	methylamine_degradation	metabolic	catabolic	0	0.02455	-0.02455	0	0.2374	0.448
origin_animal_associated	methylamine_degradation	metabolic	catabolic	0	0.02455	-0.02455	0	0.2374	0.448
origin_sediment	salicylate_biosynthesis	metabolic	anabolic	0	0.02619	-0.02619	0	0.2411	0.4496
origin_sediment	creatinine_degradation	metabolic	catabolic	0	0.02619	-0.02619	0	0.2411	0.4496
origin_thermal_geothermal	creatinine_degradation	metabolic	catabolic	0	0.02619	-0.02619	0	0.2411	0.4496
origin_freshwater_groundwater	creatinine_degradation	metabolic	catabolic	0	0.02619	-0.02619	0	0.2411	0.4496
origin_food_fermentation	creatinine_degradation	metabolic	catabolic	0	0.02614	-0.02614	0	0.2404	0.4496
origin_thermal_geothermal	ectoine_degradation	metabolic	catabolic	0	0.02619	-0.02619	0	0.2411	0.4496
origin_freshwater_groundwater	ectoine_degradation	metabolic	catabolic	0	0.02619	-0.02619	0	0.2411	0.4496
origin_food_fermentation	ectoine_degradation	metabolic	catabolic	0	0.02614	-0.02614	0	0.2404	0.4496
origin_animal_associated	mucin_fucose_release	metabolic	catabolic	0.1412	0.198	-0.05686	0.6661	0.2408	0.4496
origin_aquatic_unspecified	thiamine_precursor_salvage	metabolic	anabolic	0.2069	0.2709	-0.06404	0.7023	0.2416	0.45
origin_food_fermentation	beta_lactam_detoxification	defense		0.3929	0.4641	-0.0712	0.7476	0.2435	0.4516
origin_sediment	chloramphenicol_detoxification	defense		0.09412	0.1473	-0.05318	0.6018	0.2432	0.4516
origin_soil_terrestrial	mercury_detoxification	defense		0.05882	0.1015	-0.04265	0.5538	0.2446	0.4516
origin_engineered_wastewater	galacturonate_degradation	metabolic	catabolic	0.05882	0.1047	-0.04592	0.5346	0.2444	0.4516
origin_animal_associated	galacturonate_degradation	metabolic	catabolic	0.05882	0.1047	-0.04592	0.5346	0.2444	0.4516
origin_animal_associated	tryptophan_degradation_indole	metabolic	catabolic	0.05882	0.1015	-0.04265	0.5538	0.2446	0.4516
origin_thermal_geothermal	type_iva_pilus	structural		0.05882	0.1015	-0.04265	0.5538	0.2446	0.4516
origin_plant_associated	type_iva_pilus	structural		0.05882	0.1015	-0.04265	0.5538	0.2446	0.4516
origin_thermal_geothermal	type_i_restriction_modification	defense		0.4353	0.509	-0.07371	0.7439	0.2469	0.4533
origin_thermal_geothermal	benzoate_degradation_catechol	metabolic	catabolic	0	0.02782	-0.02782	0	0.2488	0.4533
origin_marine_coastal	benzoate_degradation_catechol	metabolic	catabolic	0	0.02782	-0.02782	0	0.2488	0.4533
origin_sediment	benzoate_degradation_catechol	metabolic	catabolic	0	0.02782	-0.02782	0	0.2488	0.4533
origin_freshwater_groundwater	betaine_demethylation	metabolic	catabolic	0	0.02782	-0.02782	0	0.2488	0.4533
origin_sediment	betaine_demethylation	metabolic	catabolic	0	0.02782	-0.02782	0	0.2488	0.4533
origin_thermal_geothermal	betaine_demethylation	metabolic	catabolic	0	0.02782	-0.02782	0	0.2488	0.4533
origin_animal_associated	betaine_demethylation	metabolic	catabolic	0	0.02782	-0.02782	0	0.2488	0.4533
origin_thermal_geothermal	arabinose_uptake_abc	metabolic	transport	0	0.02782	-0.02782	0	0.2488	0.4533
origin_marine_coastal	arabinose_uptake_abc	metabolic	transport	0	0.02782	-0.02782	0	0.2488	0.4533
origin_freshwater_groundwater	arabinose_uptake_abc	metabolic	transport	0	0.02782	-0.02782	0	0.2488	0.4533
origin_sediment	arabinose_uptake_abc	metabolic	transport	0	0.02782	-0.02782	0	0.2488	0.4533
origin_thermal_geothermal	isoleucine_biosynthesis	metabolic	anabolic	0.7647	0.6972	0.06749	1.411	0.2527	0.4566
origin_sediment	glutamine_biosynthesis	metabolic	anabolic	0.8588	0.9018	-0.04298	0.6629	0.2519	0.4566
origin_marine_coastal	namn_biosynthesis_quinolinate	metabolic	anabolic	0.7647	0.6989	0.06585	1.4	0.2525	0.4566
origin_air_built_environment	plp_biosynthesis_r5p	metabolic	anabolic	0.2041	0.2937	-0.08958	0.6171	0.2509	0.4566
origin_sediment	chitin_degradation	metabolic	catabolic	0.1529	0.2144	-0.06146	0.6619	0.2521	0.4566
origin_animal_associated	chitin_degradation	metabolic	catabolic	0.1529	0.2144	-0.06146	0.6619	0.2521	0.4566
origin_aquatic_unspecified	betaine_demethylation	metabolic	catabolic	0.04598	0.02135	0.02463	2.206	0.2523	0.4566
origin_food_fermentation	taurine_desulfonation_aerobic	metabolic	catabolic	0.07143	0.04085	0.03058	1.804	0.2513	0.4566
origin_food_fermentation	urea_hydrolysis	metabolic	catabolic	0.2619	0.2042	0.05766	1.382	0.2535	0.4575
origin_algal_associated	acetoin_formation	metabolic	catabolic	0.05882	0.1225	-0.06366	0.4482	0.2566	0.4625
origin_food_fermentation	cytidylate_biosynthesis	metabolic	anabolic	0.9524	0.9771	-0.02474	0.4689	0.2575	0.4637
origin_air_built_environment	mucin_galnac_release	metabolic	catabolic	0.2245	0.3138	-0.08927	0.6335	0.2604	0.4684
origin_marine_coastal	lactate_formation	metabolic	catabolic	0.1647	0.2259	-0.06115	0.6762	0.2617	0.4701
origin_freshwater_groundwater	leucine_biosynthesis	metabolic	anabolic	0.6353	0.6956	-0.06029	0.7626	0.263	0.4712
origin_food_fermentation	chorismate_biosynthesis	metabolic	anabolic	0.631	0.6912	-0.06022	0.7642	0.2631	0.4712
origin_thermal_geothermal	chorismate_biosynthesis	metabolic	anabolic	0.7412	0.6759	0.06524	1.372	0.2629	0.4712
origin_food_fermentation	phosphate_starvation_response	regulatory		0.381	0.317	0.06396	1.325	0.2638	0.4719
origin_air_built_environment	aspartate_biosynthesis	metabolic	anabolic	0.6122	0.6909	-0.07864	0.7068	0.266	0.4754
origin_freshwater_groundwater	serine_biosynthesis	metabolic	anabolic	0.2706	0.3339	-0.06329	0.7404	0.268	0.4769
origin_thermal_geothermal	nitrogen_fixation	metabolic	anabolic	0.1412	0.1031	0.03807	1.429	0.2679	0.4769
origin_marine_coastal	nitrogen_fixation	metabolic	anabolic	0.1412	0.1031	0.03807	1.429	0.2679	0.4769
origin_marine_coastal	arabinose_degradation	metabolic	catabolic	0.07059	0.1162	-0.04561	0.578	0.2683	0.4769
origin_freshwater_groundwater	arabinose_degradation	metabolic	catabolic	0.07059	0.1162	-0.04561	0.578	0.2683	0.4769
origin_aquatic_unspecified	chorismate_biosynthesis	metabolic	anabolic	0.6322	0.6913	-0.05911	0.7678	0.2695	0.4787
origin_food_fermentation	riboflavin_biosynthesis	metabolic	anabolic	0.7143	0.7729	-0.05859	0.735	0.2711	0.4805
origin_marine_coastal	starch_degradation	metabolic	catabolic	0.1765	0.2324	-0.05594	0.708	0.2709	0.4805
origin_animal_associated	kdg_degradation	metabolic	catabolic	0.2824	0.3453	-0.06298	0.7462	0.2724	0.4822
origin_thermal_geothermal	ethanol_formation	metabolic	catabolic	0.1176	0.1686	-0.05093	0.658	0.2735	0.4838
origin_aquatic_unspecified	cobamide_nucleotide_loop_assembly	metabolic	anabolic	0.1149	0.1642	-0.04926	0.6614	0.274	0.4839
origin_aquatic_unspecified	threonine_deamination	metabolic	catabolic	0.6092	0.6732	-0.06404	0.7569	0.2742	0.4839
origin_freshwater_groundwater	riboflavin_biosynthesis	metabolic	anabolic	0.7176	0.7725	-0.05486	0.7488	0.275	0.4848
origin_air_built_environment	xylose_degradation_isomerase	metabolic	catabolic	0.1429	0.2148	-0.07198	0.6095	0.2777	0.4875
origin_marine_coastal	isocitrate_to_oxoglutarate	metabolic	catabolic	0.5882	0.6514	-0.06316	0.7649	0.2772	0.4875
origin_animal_associated	isocitrate_to_oxoglutarate	metabolic	catabolic	0.5882	0.6514	-0.06316	0.7649	0.2772	0.4875
origin_sediment	arginine_deiminase_pathway	metabolic	catabolic	0.1529	0.1113	0.04165	1.441	0.278	0.4875
origin_soil_terrestrial	arginine_deiminase_pathway	metabolic	catabolic	0.1529	0.1113	0.04165	1.441	0.278	0.4875
origin_marine_coastal	assimilatory_sulfate_reduction	metabolic	anabolic	0.1882	0.2488	-0.06054	0.7006	0.2788	0.4879
origin_freshwater_groundwater	lpt_lipopolysaccharide_export_apparatus	structural		0.1882	0.2488	-0.06054	0.7006	0.2788	0.4879
origin_thermal_geothermal	ammonium_assimilation	metabolic	anabolic	0.8118	0.7561	0.05563	1.39	0.2795	0.4887
origin_thermal_geothermal	threonine_biosynthesis	metabolic	anabolic	0.5882	0.6481	-0.05988	0.7759	0.2804	0.4892
origin_soil_terrestrial	histidine_biosynthesis	metabolic	anabolic	0.4235	0.3601	0.06346	1.305	0.2804	0.4892
origin_soil_terrestrial	ectoine_biosynthesis	metabolic	anabolic	0.1059	0.07365	0.03223	1.489	0.2825	0.4908
origin_animal_associated	cobinamide_biosynthesis	metabolic	anabolic	0.3176	0.3846	-0.06697	0.7451	0.2822	0.4908
origin_algal_associated	xylose_degradation_isomerase	metabolic	catabolic	0.2745	0.2047	0.06986	1.47	0.2823	0.4908
origin_thermal_geothermal	xylose_uptake_abc	metabolic	transport	0.1059	0.07365	0.03223	1.489	0.2825	0.4908
origin_aquatic_unspecified	lpt_lipopolysaccharide_export_apparatus	structural		0.2874	0.2348	0.05255	1.313	0.2859	0.4962
origin_algal_associated	asparagine_biosynthesis	metabolic	anabolic	0.7255	0.6434	0.08208	1.464	0.2865	0.4968
origin_plant_associated	cysteine_biosynthesis_sulfide	metabolic	anabolic	0.6588	0.5925	0.06635	1.328	0.2875	0.498
origin_marine_coastal	methionine_degradation_methanethiol	metabolic	catabolic	0.1529	0.1146	0.03837	1.395	0.2882	0.4986
origin_freshwater_groundwater	menaquinone_biosynthesis	metabolic	anabolic	0.08235	0.126	-0.04367	0.6228	0.2898	0.5007
origin_freshwater_groundwater	histidine_degradation_glutamate	metabolic	catabolic	0.08235	0.1293	-0.04694	0.6047	0.2903	0.5007
origin_marine_coastal	histidine_degradation_glutamate	metabolic	catabolic	0.08235	0.1293	-0.04694	0.6047	0.2903	0.5007
origin_air_built_environment	starch_degradation	metabolic	catabolic	0.2857	0.221	0.06469	1.409	0.291	0.5015
origin_sediment	corrin_ring_biosynthesis	metabolic	anabolic	0.04706	0.08838	-0.04132	0.5098	0.2923	0.5026
origin_soil_terrestrial	type_ii_secretion_system	structural		0.04706	0.08838	-0.04132	0.5098	0.2923	0.5026
origin_air_built_environment	fumarate_oxaloacetate_interconversion	metabolic	interconversion	0.6735	0.592	0.08151	1.421	0.2926	0.5027
origin_freshwater_groundwater	pantothenate_biosynthesis	metabolic	anabolic	0.4	0.4632	-0.06318	0.773	0.2967	0.5029
origin_sediment	tyrosine_biosynthesis	metabolic	anabolic	0.5059	0.5663	-0.0604	0.7844	0.2969	0.5029
origin_aquatic_unspecified	thiazole_phosphate_biosynthesis	metabolic	anabolic	0.3678	0.4319	-0.06404	0.7657	0.2969	0.5029
origin_freshwater_groundwater	methionine_biosynthesis_transsulfuration	metabolic	anabolic	0.02353	0.05401	-0.03048	0.4224	0.2969	0.5029
origin_animal_associated	methionine_biosynthesis_transsulfuration	metabolic	anabolic	0.02353	0.05401	-0.03048	0.4224	0.2969	0.5029
origin_sediment	methionine_biosynthesis_transsulfuration	metabolic	anabolic	0.02353	0.05401	-0.03048	0.4224	0.2969	0.5029
origin_aquatic_unspecified	methionine_biosynthesis_transsulfuration	metabolic	anabolic	0.02299	0.05419	-0.0312	0.4111	0.2963	0.5029
origin_aquatic_unspecified	purine_core_biosynthesis	metabolic	anabolic	0.5287	0.5928	-0.06404	0.7711	0.2953	0.5029
origin_marine_coastal	alanine_biosynthesis	metabolic	anabolic	0.7882	0.7316	0.05665	1.365	0.2941	0.5029
origin_animal_associated	siroheme_to_heme_b	metabolic	anabolic	0.02353	0.05401	-0.03048	0.4224	0.2969	0.5029
origin_soil_terrestrial	siroheme_to_heme_b	metabolic	anabolic	0.02353	0.05401	-0.03048	0.4224	0.2969	0.5029
origin_aquatic_unspecified	siroheme_to_heme_b	metabolic	anabolic	0.02299	0.05419	-0.0312	0.4111	0.2963	0.5029
origin_air_built_environment	oxoglutarate_to_succinate	metabolic	catabolic	0.6531	0.5719	0.08119	1.409	0.2962	0.5029
origin_food_fermentation	oxopentenoate_degradation	metabolic	catabolic	0.02381	0.05556	-0.03175	0.415	0.297	0.5029
origin_food_fermentation	pyruvate_to_acetyl_coa	metabolic	catabolic	0.6786	0.7337	-0.05509	0.7667	0.2974	0.5032
origin_air_built_environment	tyrosine_biosynthesis	metabolic	anabolic	0.6327	0.5533	0.07933	1.39	0.3	0.507
origin_marine_coastal	pyruvate_to_acetyl_coa	metabolic	catabolic	0.7765	0.7201	0.05634	1.349	0.3009	0.5081
origin_aquatic_unspecified	pantothenate_biosynthesis	metabolic	anabolic	0.4023	0.4631	-0.06076	0.7808	0.3023	0.5093
origin_animal_associated	arginine_biosynthesis	metabolic	anabolic	0.6706	0.7267	-0.05609	0.766	0.3028	0.5093
origin_aquatic_unspecified	glyoxylate_bypass	metabolic	catabolic	0.2184	0.2726	-0.05419	0.7459	0.3028	0.5093
origin_algal_associated	methylamine_degradation	metabolic	catabolic	0.03922	0.02016	0.01906	1.982	0.302	0.5093
origin_algal_associated	cysteine_biosynthesis_homocysteine	metabolic	anabolic	0.1961	0.1442	0.05189	1.447	0.3078	0.517
origin_air_built_environment	mercury_detoxification	defense		0.1429	0.09274	0.05012	1.629	0.3093	0.5187
origin_sediment	namn_biosynthesis_quinolinate	metabolic	anabolic	0.6588	0.7136	-0.05476	0.7753	0.3102	0.5187
origin_engineered_wastewater	glycine_biosynthesis	metabolic	anabolic	0.9529	0.9722	-0.01924	0.5801	0.3098	0.5187
origin_freshwater_groundwater	glycine_biosynthesis	metabolic	anabolic	0.9529	0.9722	-0.01924	0.5801	0.3098	0.5187
origin_sediment	lactate_racemisation	metabolic	interconversion	0.2353	0.1899	0.04544	1.312	0.3103	0.5187
origin_aquatic_unspecified	lactate_racemisation	metabolic	interconversion	0.1494	0.202	-0.05255	0.6945	0.3113	0.5199
origin_food_fermentation	taurine_uptake_abc	metabolic	transport	0.08333	0.05392	0.02941	1.594	0.3125	0.5214
origin_food_fermentation	arabinoxylan_debranching	metabolic	catabolic	0.7381	0.6797	0.05836	1.327	0.3166	0.5277
origin_thermal_geothermal	leucine_biosynthesis	metabolic	anabolic	0.7412	0.6809	0.06033	1.342	0.3174	0.5285
origin_freshwater_groundwater	aspartate_biosynthesis	metabolic	anabolic	0.6353	0.6923	-0.05701	0.7745	0.3188	0.5303
origin_animal_associated	choline_to_betaine	metabolic	anabolic	0.05882	0.09656	-0.03774	0.5851	0.3198	0.5303
origin_freshwater_groundwater	choline_to_betaine	metabolic	anabolic	0.05882	0.09656	-0.03774	0.5851	0.3198	0.5303
origin_aquatic_unspecified	glycine_biosynthesis	metabolic	anabolic	0.954	0.9721	-0.01806	0.5964	0.3196	0.5303
origin_animal_associated	urea_hydrolysis	metabolic	catabolic	0.1647	0.2177	-0.05297	0.709	0.3209	0.5312
origin_thermal_geothermal	urea_hydrolysis	metabolic	catabolic	0.1647	0.2177	-0.05297	0.709	0.3209	0.5312
origin_aquatic_unspecified	siroheme_biosynthesis	metabolic	anabolic	0.1609	0.2102	-0.04926	0.721	0.3219	0.5323
origin_soil_terrestrial	tryptophan_degradation_indole	metabolic	catabolic	0.1294	0.09165	0.03776	1.472	0.3239	0.5345
origin_marine_coastal	succinate_fumarate_interconversion	metabolic	interconversion	0.7294	0.6743	0.05511	1.302	0.3237	0.5345
origin_aquatic_unspecified	chloramphenicol_detoxification	defense		0.1034	0.1461	-0.04269	0.6745	0.3264	0.537
origin_marine_coastal	nitrate_assimilation	metabolic	anabolic	0.1059	0.1538	-0.04796	0.6517	0.327	0.537
origin_engineered_wastewater	nitrate_assimilation	metabolic	anabolic	0.1059	0.1538	-0.04796	0.6517	0.327	0.537
origin_sediment	pectin_degradation	metabolic	catabolic	0.1059	0.1489	-0.04305	0.677	0.3265	0.537
origin_food_fermentation	flagellar_apparatus	structural		0.1071	0.1536	-0.04645	0.6616	0.3259	0.537
origin_aquatic_unspecified	type_iva_pilus	structural		0.1264	0.09195	0.03448	1.428	0.3297	0.541
origin_algal_associated	creatinine_degradation	metabolic	catabolic	0.03922	0.02171	0.01751	1.838	0.3301	0.541
origin_aquatic_unspecified	lactate_formation_lactaldehyde	metabolic	catabolic	0.08046	0.05583	0.02463	1.479	0.3343	0.5473
origin_freshwater_groundwater	histidine_biosynthesis	metabolic	anabolic	0.3176	0.3748	-0.05715	0.7768	0.3381	0.5531
origin_marine_coastal	riboflavin_biosynthesis	metabolic	anabolic	0.8118	0.7594	0.05235	1.366	0.3392	0.5534
origin_air_built_environment	betaine_demethylation	metabolic	catabolic	0.04082	0.02318	0.01763	1.791	0.3393	0.5534
origin_air_built_environment	arabinose_uptake_abc	metabolic	transport	0.04082	0.02318	0.01763	1.791	0.3393	0.5534
origin_sediment	hmp_phosphate_biosynthesis	metabolic	anabolic	0.3294	0.3846	-0.0552	0.7862	0.3422	0.5577
origin_soil_terrestrial	glycine_reduction_stickland	metabolic	catabolic	0.01176	0.03601	-0.02424	0.3191	0.3426	0.5577
origin_food_fermentation	catechol_ortho_cleavage	metabolic	catabolic	0.02381	0.01307	0.01074	1.839	0.3446	0.5593
origin_air_built_environment	carnitine_to_betaine	metabolic	catabolic	0.08163	0.0541	0.02754	1.553	0.3449	0.5593
origin_air_built_environment	phosphate_starvation_response	regulatory		0.3878	0.3199	0.06782	1.346	0.3444	0.5593
origin_sediment	type_vi_secretion_apparatus	structural		0.03529	0.0671	-0.03181	0.509	0.3443	0.5593
origin_soil_terrestrial	adenylate_biosynthesis	metabolic	anabolic	0.9294	0.8887	0.0407	1.648	0.3467	0.5611
origin_marine_coastal	glucuronate_degradation	metabolic	catabolic	0.01176	0.03928	-0.02752	0.2915	0.3465	0.5611
origin_plant_associated	catechol_ortho_cleavage	metabolic	catabolic	0.02353	0.01309	0.01044	1.814	0.3503	0.5658
origin_soil_terrestrial	catechol_ortho_cleavage	metabolic	catabolic	0.02353	0.01309	0.01044	1.814	0.3503	0.5658
origin_aquatic_unspecified	fumarate_oxaloacetate_interconversion	metabolic	interconversion	0.5517	0.6043	-0.05255	0.8063	0.3524	0.5688
origin_soil_terrestrial	pantothenate_biosynthesis	metabolic	anabolic	0.5059	0.4484	0.05744	1.259	0.353	0.5691
origin_sediment	tryptophan_biosynthesis	metabolic	anabolic	0.4706	0.5303	-0.05969	0.7877	0.3539	0.5696
origin_marine_coastal	tryptophan_biosynthesis	metabolic	anabolic	0.4706	0.5303	-0.05969	0.7877	0.3539	0.5696
origin_freshwater_groundwater	type_i_restriction_modification	defense		0.5529	0.4926	0.06031	1.273	0.3544	0.5698
origin_marine_coastal	aspartate_semialdehyde_biosynthesis	metabolic	anabolic	0.7882	0.7349	0.05337	1.342	0.3548	0.5699
origin_thermal_geothermal	arabinose_degradation	metabolic	catabolic	0.1412	0.1064	0.03479	1.38	0.3553	0.5701
origin_aquatic_unspecified	mucin_sialic_acid_release	metabolic	catabolic	0.1264	0.1708	-0.04433	0.7031	0.3557	0.5702
origin_animal_associated	pyrimidine_core_biosynthesis	metabolic	anabolic	0.4588	0.5139	-0.05509	0.8022	0.3563	0.5706
origin_marine_coastal	valine_biosynthesis	metabolic	anabolic	0.8706	0.8216	0.04898	1.46	0.3569	0.5711
origin_algal_associated	arabinose_uptake_abc	metabolic	transport	0.03922	0.02326	0.01596	1.713	0.3579	0.5721
origin_aquatic_unspecified	aspartate_semialdehyde_biosynthesis	metabolic	anabolic	0.7011	0.7471	-0.04598	0.7943	0.3615	0.5773
origin_air_built_environment	cytidylate_biosynthesis	metabolic	anabolic	0.9592	0.9753	-0.01609	0.5964	0.3659	0.5838
origin_soil_terrestrial	arginine_biosynthesis	metabolic	anabolic	0.7647	0.7136	0.05112	1.304	0.3682	0.5863
origin_air_built_environment	purine_core_biosynthesis	metabolic	anabolic	0.6531	0.5796	0.07346	1.365	0.368	0.5863
origin_air_built_environment	thiazole_phosphate_biosynthesis	metabolic	anabolic	0.4898	0.4189	0.07094	1.331	0.3695	0.5879
origin_air_built_environment	ornithine_biosynthesis	metabolic	anabolic	0.5306	0.5966	-0.06599	0.7647	0.3699	0.588
origin_animal_associated	methionine_degradation_methanethiol	metabolic	catabolic	0.08235	0.1244	-0.04203	0.6321	0.3703	0.588
origin_algal_associated	cysteine_biosynthesis_sulfide	metabolic	anabolic	0.6667	0.5953	0.07132	1.359	0.3738	0.593
origin_freshwater_groundwater	mucin_fucose_release	metabolic	catabolic	0.1529	0.1964	-0.04346	0.7391	0.3802	0.6026
origin_food_fermentation	ectoine_biosynthesis	metabolic	anabolic	0.04762	0.0817	-0.03408	0.5624	0.3835	0.6034
origin_air_built_environment	dmb_biosynthesis_aerobic	metabolic	anabolic	0.08163	0.1329	-0.05129	0.5802	0.3816	0.6034
origin_plant_associated	chorismate_biosynthesis	metabolic	anabolic	0.7294	0.6776	0.05183	1.282	0.3842	0.6034
origin_soil_terrestrial	oxobutanoate_biosynthesis_citramalate	metabolic	anabolic	0.05882	0.03928	0.01954	1.528	0.3838	0.6034
origin_engineered_wastewater	oxobutanoate_biosynthesis_citramalate	metabolic	anabolic	0.05882	0.03928	0.01954	1.528	0.3838	0.6034
origin_thermal_geothermal	glutamate_decarboxylation_gaba	metabolic	catabolic	0.04706	0.07856	-0.0315	0.5796	0.3824	0.6034
origin_sediment	glutamate_decarboxylation_gaba	metabolic	catabolic	0.04706	0.07856	-0.0315	0.5796	0.3824	0.6034
origin_food_fermentation	urate_degradation	metabolic	catabolic	0.04762	0.0817	-0.03408	0.5624	0.3835	0.6034
origin_animal_associated	urate_degradation	metabolic	catabolic	0.04706	0.08183	-0.03477	0.5545	0.3847	0.6034
origin_freshwater_groundwater	urate_degradation	metabolic	catabolic	0.04706	0.08183	-0.03477	0.5545	0.3847	0.6034
origin_marine_coastal	xylose_uptake_abc	metabolic	transport	0.04706	0.08183	-0.03477	0.5545	0.3847	0.6034
origin_engineered_wastewater	collagen_cleavage	metabolic	catabolic	0	0.02128	-0.02128	0	0.3855	0.6036
origin_thermal_geothermal	collagen_cleavage	metabolic	catabolic	0	0.02128	-0.02128	0	0.3855	0.6036
origin_aquatic_unspecified	mucin_galnac_release	metabolic	catabolic	0.2644	0.3136	-0.04926	0.7868	0.3864	0.6045
origin_algal_associated	catechol_meta_cleavage	metabolic	catabolic	0	0.02946	-0.02946	0	0.3874	0.6054
origin_aquatic_unspecified	collagen_cleavage	metabolic	catabolic	0	0.02135	-0.02135	0	0.388	0.6058
origin_air_built_environment	ammonium_assimilation	metabolic	anabolic	0.7143	0.7666	-0.05233	0.7614	0.3885	0.6061
origin_sediment	proline_biosynthesis	metabolic	anabolic	0.6235	0.6759	-0.05241	0.7943	0.389	0.6062
origin_air_built_environment	propanediol_formation	metabolic	catabolic	0	0.03246	-0.03246	0	0.3893	0.6062
origin_marine_coastal	siroheme_biosynthesis	metabolic	anabolic	0.1647	0.2095	-0.04479	0.7444	0.3903	0.6072
origin_algal_associated	glycine_biosynthesis	metabolic	anabolic	1	0.9674	0.03256	Inf	0.3915	0.6079
origin_algal_associated	propanediol_formation	metabolic	catabolic	0	0.03256	-0.03256	0	0.3915	0.6079
origin_air_built_environment	malolactic_fermentation	metabolic	catabolic	0	0.034	-0.034	0	0.3925	0.6082
origin_marine_coastal	threonine_deamination	metabolic	catabolic	0.6235	0.671	-0.0475	0.8122	0.3924	0.6082
origin_marine_coastal	kdg_degradation	metabolic	catabolic	0.2941	0.3437	-0.04958	0.7959	0.3937	0.6096
origin_algal_associated	assimilatory_sulfate_reduction	metabolic	anabolic	0.2941	0.2372	0.05691	1.339	0.3952	0.6114
origin_algal_associated	malolactic_fermentation	metabolic	catabolic	0	0.03411	-0.03411	0	0.3962	0.6124
origin_plant_associated	asparagine_biosynthesis	metabolic	anabolic	0.6941	0.6432	0.05091	1.258	0.3969	0.6129
origin_marine_coastal	hydroxyectoine_biosynthesis	metabolic	anabolic	0.05882	0.04092	0.01791	1.464	0.3979	0.6132
origin_soil_terrestrial	namn_salvage_nicotinate	metabolic	anabolic	0.6941	0.6448	0.04927	1.249	0.3977	0.6132
origin_sediment	phenylalanine_biosynthesis	metabolic	anabolic	0.6824	0.6301	0.05224	1.261	0.4001	0.6147
origin_soil_terrestrial	phenylalanine_biosynthesis	metabolic	anabolic	0.6824	0.6301	0.05224	1.261	0.4001	0.6147
origin_air_built_environment	pectin_degradation	metabolic	catabolic	0.1837	0.1406	0.04302	1.374	0.3994	0.6147
origin_plant_associated	lactate_formation	metabolic	catabolic	0.1765	0.2242	-0.04775	0.7417	0.4003	0.6147
origin_algal_associated	glycine_reduction_stickland	metabolic	catabolic	0	0.03566	-0.03566	0	0.4024	0.6174
origin_freshwater_groundwater	chloramphenicol_detoxification	defense		0.1059	0.1457	-0.03978	0.6949	0.4057	0.6213
origin_soil_terrestrial	glcnac_degradation	metabolic	catabolic	0.1059	0.1457	-0.03978	0.6949	0.4057	0.6213
origin_food_fermentation	superoxide_detoxification	defense		0.631	0.5768	0.05415	1.254	0.4089	0.6256
origin_animal_associated	rhamnose_degradation	metabolic	catabolic	0.02353	0.0491	-0.02557	0.4671	0.4111	0.6262
origin_freshwater_groundwater	rhamnose_degradation	metabolic	catabolic	0.02353	0.0491	-0.02557	0.4671	0.4111	0.6262
origin_marine_coastal	rhamnose_degradation	metabolic	catabolic	0.02353	0.0491	-0.02557	0.4671	0.4111	0.6262
origin_plant_associated	rhamnose_degradation	metabolic	catabolic	0.02353	0.0491	-0.02557	0.4671	0.4111	0.6262
origin_air_built_environment	flagellar_apparatus	structural		0.102	0.1515	-0.04943	0.637	0.4112	0.6262
origin_marine_coastal	taurine_desulfonation_aerobic	metabolic	catabolic	0.02353	0.04746	-0.02393	0.484	0.4116	0.6264
origin_thermal_geothermal	thiazole_phosphate_biosynthesis	metabolic	anabolic	0.3765	0.4304	-0.05397	0.7992	0.4124	0.6264
origin_thermal_geothermal	methylamine_degradation	metabolic	catabolic	0.03529	0.01964	0.01565	1.824	0.4123	0.6264
origin_food_fermentation	sarcosine_demethylation	metabolic	catabolic	0.1786	0.1438	0.03478	1.294	0.4128	0.6264
origin_soil_terrestrial	acetate_interconversion	metabolic	interconversion	0.3882	0.4403	-0.05203	0.8071	0.414	0.6278
origin_marine_coastal	methionine_biosynthesis_sulfhydrylation	metabolic	anabolic	0.5294	0.5777	-0.04833	0.8225	0.4145	0.628
origin_sediment	ammonium_assimilation	metabolic	anabolic	0.7294	0.7676	-0.03818	0.8164	0.418	0.6287
origin_freshwater_groundwater	ammonium_assimilation	metabolic	anabolic	0.7294	0.7676	-0.03818	0.8164	0.418	0.6287
origin_thermal_geothermal	pyrimidine_core_biosynthesis	metabolic	anabolic	0.5529	0.5008	0.05212	1.232	0.418	0.6287
origin_aquatic_unspecified	ornithine_biosynthesis	metabolic	anabolic	0.5517	0.5977	-0.04598	0.8286	0.417	0.6287
origin_animal_associated	cysteine_degradation_sulfide	metabolic	catabolic	0.05882	0.09493	-0.0361	0.5963	0.4174	0.6287
origin_aquatic_unspecified	methylamine_degradation	metabolic	catabolic	0.03448	0.0197	0.01478	1.775	0.418	0.6287
origin_animal_associated	sarcosine_demethylation	metabolic	catabolic	0.1765	0.144	0.03244	1.273	0.4173	0.6287
origin_engineered_wastewater	flagellar_apparatus	structural		0.1765	0.144	0.03244	1.273	0.4173	0.6287
origin_air_built_environment	corrin_ring_biosynthesis	metabolic	anabolic	0.04082	0.08655	-0.04574	0.4495	0.4185	0.6288
origin_aquatic_unspecified	hydroxyphenylpropanoate_hydroxylation	metabolic	catabolic	0.1149	0.08703	0.02791	1.362	0.4227	0.6346
origin_plant_associated	cobamide_nucleotide_loop_assembly	metabolic	anabolic	0.1882	0.1538	0.03439	1.275	0.4278	0.6412
origin_engineered_wastewater	cobamide_nucleotide_loop_assembly	metabolic	anabolic	0.1882	0.1538	0.03439	1.275	0.4278	0.6412
origin_air_built_environment	taurine_degradation_sulfoacetaldehyde	metabolic	catabolic	0.06122	0.03709	0.02413	1.691	0.4284	0.6414
origin_engineered_wastewater	oxopentenoate_degradation	metabolic	catabolic	0.07059	0.0491	0.02149	1.47	0.429	0.6418
origin_food_fermentation	oxoisovalerate_biosynthesis	metabolic	anabolic	0.7024	0.7418	-0.03945	0.8216	0.4308	0.6421
origin_marine_coastal	creatinine_degradation	metabolic	catabolic	0.03529	0.02128	0.01402	1.681	0.4305	0.6421
origin_plant_associated	creatinine_degradation	metabolic	catabolic	0.03529	0.02128	0.01402	1.681	0.4305	0.6421
origin_marine_coastal	ectoine_degradation	metabolic	catabolic	0.03529	0.02128	0.01402	1.681	0.4305	0.6421
origin_freshwater_groundwater	thiamine_precursor_salvage	metabolic	anabolic	0.2235	0.2684	-0.04488	0.7849	0.4313	0.6423
origin_marine_coastal	glyoxylate_bypass	metabolic	catabolic	0.2235	0.2717	-0.04816	0.772	0.4316	0.6423
origin_marine_coastal	mercury_detoxification	defense		0.1176	0.09329	0.02436	1.295	0.4371	0.6469
origin_thermal_geothermal	mercury_detoxification	defense		0.1176	0.09329	0.02436	1.295	0.4371	0.6469
origin_freshwater_groundwater	mercury_detoxification	defense		0.1176	0.09329	0.02436	1.295	0.4371	0.6469
origin_aquatic_unspecified	ethanol_formation	metabolic	catabolic	0.1264	0.1675	-0.04105	0.7198	0.4365	0.6469
origin_thermal_geothermal	tryptophan_degradation_indole	metabolic	catabolic	0.1176	0.09329	0.02436	1.295	0.4371	0.6469
origin_thermal_geothermal	mucin_sialic_acid_release	metabolic	catabolic	0.1294	0.1702	-0.0408	0.725	0.4356	0.6469
origin_freshwater_groundwater	biotin_biosynthesis	metabolic	anabolic	0.2353	0.2815	-0.04621	0.7856	0.4375	0.6471
origin_thermal_geothermal	pyruvate_to_acetyl_coa	metabolic	catabolic	0.7647	0.7218	0.04294	1.252	0.4384	0.6472
origin_soil_terrestrial	pyruvate_to_acetyl_coa	metabolic	catabolic	0.7647	0.7218	0.04294	1.252	0.4384	0.6472
origin_marine_coastal	arginine_biosynthesis	metabolic	anabolic	0.6824	0.725	-0.04269	0.8149	0.4397	0.6485
origin_marine_coastal	galacturonate_degradation	metabolic	catabolic	0.07059	0.1031	-0.03252	0.661	0.4401	0.6485
origin_sediment	lysine_biosynthesis_dap	metabolic	anabolic	0.8	0.8347	-0.0347	0.7924	0.4407	0.6489
origin_freshwater_groundwater	namn_biosynthesis_quinolinate	metabolic	anabolic	0.6706	0.7119	-0.04136	0.8239	0.4466	0.657
origin_food_fermentation	galactose_degradation_leloir	metabolic	catabolic	0.1429	0.1797	-0.03688	0.7609	0.4483	0.659
origin_animal_associated	benzoate_degradation_catechol	metabolic	catabolic	0.03529	0.02291	0.01238	1.559	0.451	0.6618
origin_soil_terrestrial	betaine_demethylation	metabolic	catabolic	0.03529	0.02291	0.01238	1.559	0.451	0.6618
origin_air_built_environment	beta_lactam_detoxification	defense		0.5102	0.4513	0.05889	1.266	0.4589	0.6643
origin_air_built_environment	pantothenate_biosynthesis	metabolic	anabolic	0.5102	0.4513	0.05889	1.266	0.4589	0.6643
origin_food_fermentation	nitrogen_fixation	metabolic	anabolic	0.131	0.1046	0.02638	1.29	0.4542	0.6643
origin_engineered_wastewater	nitrogen_fixation	metabolic	anabolic	0.1294	0.1047	0.02467	1.27	0.4589	0.6643
origin_air_built_environment	methionine_biosynthesis_sulfhydrylation	metabolic	anabolic	0.6327	0.5672	0.06542	1.313	0.4545	0.6643
origin_air_built_environment	hydroxyectoine_biosynthesis	metabolic	anabolic	0.06122	0.04173	0.01949	1.497	0.4614	0.6643
origin_animal_associated	chorismate_biosynthesis	metabolic	anabolic	0.6471	0.689	-0.04198	0.8276	0.456	0.6643
origin_sediment	lactate_formation_lactaldehyde	metabolic	catabolic	0.03529	0.06219	-0.0269	0.5521	0.4612	0.6643
origin_engineered_wastewater	oxoadipate_activation	metabolic	catabolic	0.03529	0.06056	-0.02526	0.568	0.4604	0.6643
origin_aquatic_unspecified	benzoate_degradation_catechol	metabolic	catabolic	0.03448	0.02299	0.01149	1.517	0.4595	0.6643
origin_soil_terrestrial	carnitine_to_betaine	metabolic	catabolic	0.07059	0.05401	0.01658	1.33	0.4594	0.6643
origin_algal_associated	mucin_fucose_release	metabolic	catabolic	0.2353	0.1876	0.0477	1.332	0.4582	0.6643
origin_air_built_environment	mucin_fucose_release	metabolic	catabolic	0.1429	0.1947	-0.05189	0.6895	0.4538	0.6643
origin_animal_associated	mucin_galnac_release	metabolic	catabolic	0.2706	0.3126	-0.04201	0.816	0.4549	0.6643
origin_air_built_environment	lactate_racemisation	metabolic	interconversion	0.1429	0.1994	-0.05652	0.6696	0.4543	0.6643
origin_animal_associated	taurine_uptake_abc	metabolic	transport	0.03529	0.06056	-0.02526	0.568	0.4604	0.6643
origin_engineered_wastewater	taurine_uptake_abc	metabolic	transport	0.03529	0.06056	-0.02526	0.568	0.4604	0.6643
origin_aquatic_unspecified	taurine_uptake_abc	metabolic	transport	0.03448	0.06076	-0.02627	0.5525	0.4607	0.6643
origin_thermal_geothermal	taurine_uptake_abc	metabolic	transport	0.03529	0.06056	-0.02526	0.568	0.4604	0.6643
origin_marine_coastal	taurine_uptake_abc	metabolic	transport	0.03529	0.06056	-0.02526	0.568	0.4604	0.6643
origin_sediment	taurine_uptake_abc	metabolic	transport	0.03529	0.06056	-0.02526	0.568	0.4604	0.6643
origin_plant_associated	phosphate_starvation_response	regulatory		0.3647	0.3191	0.04556	1.224	0.4583	0.6643
origin_sediment	xylan_degradation	metabolic	catabolic	0.2941	0.3388	-0.04467	0.8135	0.4623	0.665
origin_marine_coastal	proline_biosynthesis	metabolic	anabolic	0.6353	0.6743	-0.03901	0.8416	0.4635	0.6651
origin_algal_associated	tryptophan_degradation_indole	metabolic	catabolic	0.05882	0.09922	-0.0404	0.5678	0.4633	0.6651
origin_food_fermentation	lactate_racemisation	metabolic	interconversion	0.2262	0.1912	0.03501	1.236	0.4636	0.6651
origin_air_built_environment	adenylate_biosynthesis	metabolic	anabolic	0.9388	0.8903	0.04851	1.889	0.4675	0.6696
origin_thermal_geothermal	asparagine_biosynthesis	metabolic	anabolic	0.6118	0.6547	-0.0429	0.8314	0.4673	0.6696
origin_air_built_environment	chitin_degradation	metabolic	catabolic	0.2449	0.204	0.04088	1.265	0.4689	0.671
origin_food_fermentation	histidine_biosynthesis	metabolic	anabolic	0.4048	0.3627	0.04202	1.194	0.4705	0.6727
origin_freshwater_groundwater	cytidylate_biosynthesis	metabolic	anabolic	0.9647	0.9755	-0.01074	0.6883	0.4733	0.6756
origin_marine_coastal	acetoin_formation	metabolic	catabolic	0.1412	0.1146	0.02661	1.27	0.4734	0.6756
origin_marine_coastal	homoserine_biosynthesis	metabolic	anabolic	0.7647	0.7987	-0.03398	0.8194	0.4748	0.6771
origin_marine_coastal	hmp_phosphate_biosynthesis	metabolic	anabolic	0.3412	0.383	-0.0418	0.8345	0.4765	0.679
origin_food_fermentation	heme_b_biosynthesis	metabolic	anabolic	0.5476	0.5915	-0.04388	0.8362	0.4791	0.681
origin_marine_coastal	xylose_degradation_isomerase	metabolic	catabolic	0.1765	0.2144	-0.03793	0.7854	0.479	0.681
origin_aquatic_unspecified	type_vi_secretion_apparatus	structural		0.08046	0.06076	0.0197	1.352	0.479	0.681
origin_animal_associated	ornithine_biosynthesis	metabolic	anabolic	0.5529	0.5974	-0.04444	0.8338	0.4801	0.6818
origin_aquatic_unspecified	acetoin_formation	metabolic	catabolic	0.09195	0.1215	-0.02956	0.7324	0.4824	0.6845
origin_aquatic_unspecified	cytidylate_biosynthesis	metabolic	anabolic	0.9655	0.9754	-0.009852	0.7075	0.4829	0.6846
origin_sediment	pantothenate_biosynthesis	metabolic	anabolic	0.4941	0.4501	0.04404	1.193	0.4862	0.6886
origin_thermal_geothermal	nad_biosynthesis_namn	metabolic	anabolic	0.5059	0.4648	0.04107	1.179	0.4887	0.6899
origin_marine_coastal	nad_biosynthesis_namn	metabolic	anabolic	0.5059	0.4648	0.04107	1.179	0.4887	0.6899
origin_soil_terrestrial	nad_biosynthesis_namn	metabolic	anabolic	0.5059	0.4648	0.04107	1.179	0.4887	0.6899
origin_freshwater_groundwater	starch_degradation	metabolic	catabolic	0.2588	0.2209	0.03787	1.231	0.4884	0.6899
origin_soil_terrestrial	ammonium_assimilation	metabolic	anabolic	0.8	0.7578	0.04223	1.278	0.496	0.6919
origin_thermal_geothermal	dihydroxybenzoate_biosynthesis	metabolic	anabolic	0.01176	0.03273	-0.02097	0.3521	0.4975	0.6919
origin_animal_associated	dihydroxybenzoate_biosynthesis	metabolic	anabolic	0.01176	0.03273	-0.02097	0.3521	0.4975	0.6919
origin_sediment	dihydroxybenzoate_biosynthesis	metabolic	anabolic	0.01176	0.03273	-0.02097	0.3521	0.4975	0.6919
origin_plant_associated	plp_biosynthesis_dxp	metabolic	anabolic	0.01176	0.02946	-0.0177	0.3926	0.4955	0.6919
origin_sediment	plp_biosynthesis_dxp	metabolic	anabolic	0.01176	0.02946	-0.0177	0.3926	0.4955	0.6919
origin_marine_coastal	plp_biosynthesis_dxp	metabolic	anabolic	0.01176	0.02946	-0.0177	0.3926	0.4955	0.6919
origin_animal_associated	plp_biosynthesis_dxp	metabolic	anabolic	0.01176	0.02946	-0.0177	0.3926	0.4955	0.6919
origin_soil_terrestrial	plp_biosynthesis_dxp	metabolic	anabolic	0.01176	0.02946	-0.0177	0.3926	0.4955	0.6919
origin_marine_coastal	glycine_biosynthesis	metabolic	anabolic	0.9882	0.9673	0.02097	2.84	0.4975	0.6919
origin_food_fermentation	glycine_biosynthesis	metabolic	anabolic	0.9881	0.9673	0.02077	2.801	0.4969	0.6919
origin_marine_coastal	propanediol_formation	metabolic	catabolic	0.01176	0.03273	-0.02097	0.3521	0.4975	0.6919
origin_plant_associated	propanediol_formation	metabolic	catabolic	0.01176	0.03273	-0.02097	0.3521	0.4975	0.6919
origin_freshwater_groundwater	propanediol_formation	metabolic	catabolic	0.01176	0.03273	-0.02097	0.3521	0.4975	0.6919
origin_sediment	allantoin_degradation	metabolic	catabolic	0.01176	0.02946	-0.0177	0.3926	0.4955	0.6919
origin_freshwater_groundwater	catechol_meta_cleavage	metabolic	catabolic	0.01176	0.02946	-0.0177	0.3926	0.4955	0.6919
origin_aquatic_unspecified	catechol_meta_cleavage	metabolic	catabolic	0.01149	0.02956	-0.01806	0.3822	0.4942	0.6919
origin_food_fermentation	catechol_meta_cleavage	metabolic	catabolic	0.03571	0.02614	0.00957	1.379	0.4915	0.6919
origin_animal_associated	malolactic_fermentation	metabolic	catabolic	0.01176	0.03437	-0.02261	0.3348	0.5029	0.6988
origin_aquatic_unspecified	ammonium_assimilation	metabolic	anabolic	0.7356	0.7668	-0.0312	0.8463	0.5035	0.6991
origin_plant_associated	chloramphenicol_detoxification	defense		0.1647	0.1375	0.02723	1.237	0.506	0.702
origin_air_built_environment	type_i_e_crispr_cas_machinery	defense		0.02041	0.05719	-0.03678	0.3438	0.5087	0.7051
origin_thermal_geothermal	alanine_biosynthesis	metabolic	anabolic	0.7059	0.743	-0.03716	0.8302	0.5101	0.706
origin_engineered_wastewater	glycine_reduction_stickland	metabolic	catabolic	0.04706	0.0311	0.01596	1.538	0.5106	0.706
origin_food_fermentation	glyoxylate_bypass	metabolic	catabolic	0.2976	0.2614	0.03618	1.197	0.5106	0.706
origin_freshwater_groundwater	nitrate_assimilation	metabolic	anabolic	0.1176	0.1522	-0.03456	0.743	0.5141	0.7097
origin_engineered_wastewater	cysteine_biosynthesis_homocysteine	metabolic	anabolic	0.1176	0.1522	-0.03456	0.743	0.5141	0.7097
origin_aquatic_unspecified	glycine_reduction_stickland	metabolic	catabolic	0.04598	0.0312	0.01478	1.496	0.5153	0.7108
origin_plant_associated	plp_biosynthesis_r5p	metabolic	anabolic	0.3176	0.2831	0.0345	1.178	0.5235	0.7215
origin_freshwater_groundwater	cobamide_nucleotide_loop_assembly	metabolic	anabolic	0.1294	0.162	-0.03262	0.769	0.5267	0.7241
origin_marine_coastal	cobamide_nucleotide_loop_assembly	metabolic	anabolic	0.1294	0.162	-0.03262	0.769	0.5267	0.7241
origin_animal_associated	cobamide_nucleotide_loop_assembly	metabolic	anabolic	0.1294	0.162	-0.03262	0.769	0.5267	0.7241
origin_air_built_environment	nitrate_assimilation	metabolic	anabolic	0.1837	0.1453	0.03839	1.323	0.5296	0.7263
origin_freshwater_groundwater	corrin_ring_biosynthesis	metabolic	anabolic	0.05882	0.08674	-0.02792	0.6584	0.5292	0.7263
origin_food_fermentation	glucuronate_degradation	metabolic	catabolic	0.04762	0.03431	0.01331	1.406	0.5288	0.7263
origin_soil_terrestrial	chorismate_biosynthesis	metabolic	anabolic	0.7176	0.6792	0.03843	1.2	0.5345	0.7312
origin_animal_associated	mucin_sialic_acid_release	metabolic	catabolic	0.1882	0.162	0.02621	1.199	0.5345	0.7312
origin_sediment	mucin_sialic_acid_release	metabolic	catabolic	0.1882	0.162	0.02621	1.199	0.5345	0.7312
origin_algal_associated	catechol_ortho_cleavage	metabolic	catabolic	0.01961	0.01395	0.005654	1.413	0.5352	0.7316
origin_air_built_environment	methylglyoxal_detoxification	defense		0.4082	0.3586	0.04959	1.233	0.5381	0.7349
origin_soil_terrestrial	proline_biosynthesis	metabolic	anabolic	0.7059	0.6645	0.0414	1.211	0.5385	0.7349
origin_aquatic_unspecified	thiamine_phosphate_biosynthesis	metabolic	anabolic	0.6552	0.688	-0.03284	0.8618	0.5395	0.7357
origin_engineered_wastewater	isocitrate_to_oxoglutarate	metabolic	catabolic	0.6118	0.6481	-0.03635	0.8557	0.5462	0.7442
origin_freshwater_groundwater	chemotaxis_signal_transduction	regulatory		0.3882	0.3535	0.03472	1.16	0.5473	0.7451
origin_marine_coastal	threonine_biosynthesis	metabolic	anabolic	0.6118	0.6448	-0.03308	0.8681	0.5487	0.7464
origin_freshwater_groundwater	cobinamide_biosynthesis	metabolic	anabolic	0.3412	0.3813	-0.04017	0.8403	0.5505	0.7482
origin_plant_associated	mercury_detoxification	defense		0.07059	0.09984	-0.02925	0.6851	0.5548	0.7492
origin_engineered_wastewater	mercury_detoxification	defense		0.07059	0.09984	-0.02925	0.6851	0.5548	0.7492
origin_food_fermentation	mercury_detoxification	defense		0.07143	0.09967	-0.02824	0.6952	0.5536	0.7492
origin_aquatic_unspecified	choline_to_betaine	metabolic	anabolic	0.06897	0.09524	-0.02627	0.704	0.5527	0.7492
origin_sediment	paba_biosynthesis	metabolic	anabolic	0.2118	0.1833	0.02846	1.197	0.5525	0.7492
origin_plant_associated	paba_biosynthesis	metabolic	anabolic	0.2118	0.1833	0.02846	1.197	0.5525	0.7492
origin_soil_terrestrial	folate_biosynthesis	metabolic	anabolic	0.4235	0.3879	0.03564	1.159	0.5543	0.7492
origin_algal_associated	type_vi_secretion_apparatus	structural		0.07843	0.06202	0.01642	1.287	0.5542	0.7492
origin_engineered_wastewater	beta_lactam_detoxification	defense		0.4235	0.4599	-0.03637	0.863	0.5624	0.7495
origin_marine_coastal	superoxide_detoxification	defense		0.5529	0.5876	-0.03462	0.8684	0.5588	0.7495
origin_marine_coastal	tyrosine_biosynthesis	metabolic	anabolic	0.5294	0.563	-0.0336	0.8734	0.5623	0.7495
origin_soil_terrestrial	pyrimidine_core_biosynthesis	metabolic	anabolic	0.5412	0.5025	0.03872	1.168	0.563	0.7495
origin_sediment	methionine_biosynthesis_sulfhydrylation	metabolic	anabolic	0.5412	0.5761	-0.03493	0.868	0.5601	0.7495
origin_air_built_environment	guanylate_biosynthesis	metabolic	anabolic	0.7959	0.83	-0.03407	0.7992	0.5562	0.7495
origin_animal_associated	oxobutanoate_biosynthesis_citramalate	metabolic	anabolic	0.02353	0.04419	-0.02066	0.5216	0.563	0.7495
origin_thermal_geothermal	oxobutanoate_biosynthesis_citramalate	metabolic	anabolic	0.02353	0.04419	-0.02066	0.5216	0.563	0.7495
origin_sediment	oxobutanoate_biosynthesis_citramalate	metabolic	anabolic	0.02353	0.04419	-0.02066	0.5216	0.563	0.7495
origin_soil_terrestrial	galacturonate_degradation	metabolic	catabolic	0.1176	0.09656	0.02108	1.247	0.5604	0.7495
origin_marine_coastal	serine_deamination	metabolic	catabolic	0.4235	0.4599	-0.03637	0.863	0.5624	0.7495
origin_algal_associated	mucin_sialic_acid_release	metabolic	catabolic	0.1961	0.1628	0.03329	1.254	0.5565	0.7495
origin_animal_associated	taurine_degradation_sulfoacetaldehyde	metabolic	catabolic	0.04706	0.03764	0.009416	1.262	0.56	0.7495
origin_sediment	taurine_degradation_sulfoacetaldehyde	metabolic	catabolic	0.04706	0.03764	0.009416	1.262	0.56	0.7495
origin_plant_associated	taurine_degradation_sulfoacetaldehyde	metabolic	catabolic	0.04706	0.03764	0.009416	1.262	0.56	0.7495
origin_marine_coastal	lactate_racemisation	metabolic	interconversion	0.1647	0.1997	-0.03497	0.7906	0.5591	0.7495
origin_plant_associated	acetate_interconversion	metabolic	interconversion	0.4	0.4386	-0.03863	0.8534	0.5597	0.7495
origin_sediment	acetate_interconversion	metabolic	interconversion	0.4	0.4386	-0.03863	0.8534	0.5597	0.7495
origin_aquatic_unspecified	tyrosine_biosynthesis	metabolic	anabolic	0.5287	0.5632	-0.03448	0.8703	0.5652	0.7518
origin_engineered_wastewater	hydroxyectoine_biosynthesis	metabolic	anabolic	0.02353	0.04583	-0.0223	0.5021	0.566	0.7521
origin_aquatic_unspecified	acetyl_coa_to_isocitrate	metabolic	catabolic	0.4943	0.532	-0.03777	0.8598	0.5663	0.7521
origin_thermal_geothermal	homoserine_biosynthesis	metabolic	anabolic	0.8235	0.7905	0.03302	1.236	0.5672	0.7527
origin_aquatic_unspecified	hydroxyectoine_biosynthesis	metabolic	anabolic	0.02299	0.04598	-0.02299	0.4886	0.5688	0.7542
origin_engineered_wastewater	taurine_desulfonation_aerobic	metabolic	catabolic	0.05882	0.04255	0.01627	1.405	0.5707	0.7561
origin_thermal_geothermal	adenylate_biosynthesis	metabolic	anabolic	0.9176	0.8903	0.0273	1.372	0.5734	0.7586
origin_marine_coastal	adenylate_biosynthesis	metabolic	anabolic	0.9176	0.8903	0.0273	1.372	0.5734	0.7586
origin_soil_terrestrial	nitrogen_fixation	metabolic	anabolic	0.08235	0.1113	-0.02894	0.7169	0.5746	0.7595
origin_air_built_environment	ectoine_biosynthesis	metabolic	anabolic	0.102	0.07573	0.02631	1.386	0.5752	0.7597
origin_food_fermentation	arabinose_degradation	metabolic	catabolic	0.131	0.1078	0.02311	1.246	0.5768	0.7609
origin_sediment	rhamnose_degradation	metabolic	catabolic	0.05882	0.04419	0.01463	1.351	0.577	0.7609
origin_soil_terrestrial	lpt_lipopolysaccharide_export_apparatus	structural		0.2118	0.2455	-0.03373	0.8259	0.5887	0.7757
origin_thermal_geothermal	arginine_deiminase_pathway	metabolic	catabolic	0.09412	0.1195	-0.02536	0.766	0.5905	0.7764
origin_aquatic_unspecified	arginine_deiminase_pathway	metabolic	catabolic	0.09195	0.1199	-0.02791	0.7438	0.5914	0.7764
origin_plant_associated	methionine_degradation_methanethiol	metabolic	catabolic	0.09412	0.1227	-0.02863	0.7428	0.5915	0.7764
origin_food_fermentation	methionine_degradation_methanethiol	metabolic	catabolic	0.09524	0.1225	-0.02731	0.754	0.5907	0.7764
origin_air_built_environment	type_ii_secretion_system	structural		0.102	0.08192	0.02012	1.273	0.5911	0.7764
origin_food_fermentation	methionine_biosynthesis_transsulfuration	metabolic	anabolic	0.05952	0.04902	0.0105	1.227	0.5995	0.7863
origin_marine_coastal	siroheme_to_heme_b	metabolic	anabolic	0.05882	0.0491	0.009724	1.21	0.6037	0.7911
origin_sediment	biotin_biosynthesis	metabolic	anabolic	0.2471	0.2799	-0.03281	0.8445	0.605	0.7922
origin_sediment	dmb_biosynthesis_aerobic	metabolic	anabolic	0.1059	0.1326	-0.02669	0.7751	0.6055	0.7923
origin_marine_coastal	oxopentenoate_degradation	metabolic	catabolic	0.03529	0.05401	-0.01872	0.6412	0.6068	0.7923
origin_freshwater_groundwater	oxopentenoate_degradation	metabolic	catabolic	0.03529	0.05401	-0.01872	0.6412	0.6068	0.7923
origin_aquatic_unspecified	pyruvate_to_acetyl_coa	metabolic	catabolic	0.7011	0.7307	-0.02956	0.8648	0.607	0.7923
origin_animal_associated	chloramphenicol_detoxification	defense		0.1176	0.144	-0.02638	0.7927	0.6185	0.7988
origin_freshwater_groundwater	isoleucine_biosynthesis	metabolic	anabolic	0.6824	0.7087	-0.02632	0.8832	0.6133	0.7988
origin_sediment	chorismate_biosynthesis	metabolic	anabolic	0.6588	0.6874	-0.02857	0.8783	0.6192	0.7988
origin_marine_coastal	thiamine_phosphate_biosynthesis	metabolic	anabolic	0.6588	0.6874	-0.02857	0.8783	0.6192	0.7988
origin_sediment	thiamine_phosphate_biosynthesis	metabolic	anabolic	0.6588	0.6874	-0.02857	0.8783	0.6192	0.7988
origin_marine_coastal	arabinoxylan_debranching	metabolic	catabolic	0.6588	0.6907	-0.03185	0.865	0.6177	0.7988
origin_thermal_geothermal	catechol_ortho_cleavage	metabolic	catabolic	0	0.01637	-0.01637	0	0.6196	0.7988
origin_sediment	catechol_ortho_cleavage	metabolic	catabolic	0	0.01637	-0.01637	0	0.6196	0.7988
origin_marine_coastal	catechol_ortho_cleavage	metabolic	catabolic	0	0.01637	-0.01637	0	0.6196	0.7988
origin_animal_associated	catechol_ortho_cleavage	metabolic	catabolic	0	0.01637	-0.01637	0	0.6196	0.7988
origin_air_built_environment	collagen_cleavage	metabolic	catabolic	0	0.02009	-0.02009	0	0.615	0.7988
origin_aquatic_unspecified	carnitine_to_betaine	metabolic	catabolic	0.06897	0.05419	0.01478	1.292	0.6158	0.7988
origin_air_built_environment	tryptophan_degradation_indole	metabolic	catabolic	0.06122	0.09892	-0.03769	0.5945	0.613	0.7988
origin_air_built_environment	methylamine_degradation	metabolic	catabolic	0	0.02318	-0.02318	0	0.6161	0.7988
origin_freshwater_groundwater	glcnac_degradation	metabolic	catabolic	0.1176	0.144	-0.02638	0.7927	0.6185	0.7988
origin_plant_associated	glcnac_degradation	metabolic	catabolic	0.1176	0.144	-0.02638	0.7927	0.6185	0.7988
origin_marine_coastal	pectin_degradation	metabolic	catabolic	0.1176	0.1473	-0.02965	0.7721	0.62	0.7988
origin_engineered_wastewater	phosphate_starvation_response	regulatory		0.2941	0.329	-0.03485	0.8501	0.6211	0.7996
origin_algal_associated	salicylate_biosynthesis	metabolic	anabolic	0	0.02481	-0.02481	0	0.622	0.8001
origin_freshwater_groundwater	flagellar_apparatus	structural		0.1647	0.1457	0.01904	1.156	0.6263	0.805
origin_air_built_environment	isoleucine_biosynthesis	metabolic	anabolic	0.6735	0.7079	-0.03441	0.8513	0.6272	0.8052
origin_marine_coastal	namn_salvage_nicotinate	metabolic	anabolic	0.6235	0.6547	-0.03114	0.8738	0.6274	0.8052
origin_aquatic_unspecified	cysteine_biosynthesis_homocysteine	metabolic	anabolic	0.1264	0.1511	-0.02463	0.8136	0.6302	0.807
origin_marine_coastal	chemotaxis_signal_transduction	regulatory		0.3294	0.3617	-0.03229	0.8671	0.6296	0.807
origin_aquatic_unspecified	flagellar_apparatus	structural		0.1264	0.1511	-0.02463	0.8136	0.6302	0.807
origin_air_built_environment	arabinoxylan_debranching	metabolic	catabolic	0.6531	0.6893	-0.03627	0.8485	0.6326	0.8094
origin_aquatic_unspecified	phenylalanine_biosynthesis	metabolic	anabolic	0.6092	0.6404	-0.0312	0.8755	0.6338	0.81
origin_marine_coastal	cobinamide_biosynthesis	metabolic	anabolic	0.4	0.3732	0.02684	1.12	0.6345	0.81
origin_sediment	cobinamide_biosynthesis	metabolic	anabolic	0.4	0.3732	0.02684	1.12	0.6345	0.81
origin_algal_associated	cytidylate_biosynthesis	metabolic	anabolic	1	0.9721	0.02791	Inf	0.635	0.81
origin_marine_coastal	ornithine_biosynthesis	metabolic	anabolic	0.5647	0.5957	-0.03104	0.8805	0.6379	0.8111
origin_sediment	ornithine_biosynthesis	metabolic	anabolic	0.5647	0.5957	-0.03104	0.8805	0.6379	0.8111
origin_air_built_environment	proline_biosynthesis	metabolic	anabolic	0.6327	0.6723	-0.03968	0.8396	0.6368	0.8111
origin_freshwater_groundwater	cysteine_biosynthesis_sulfide	metabolic	anabolic	0.5765	0.6039	-0.02746	0.8928	0.6379	0.8111
origin_marine_coastal	fumarate_oxaloacetate_interconversion	metabolic	interconversion	0.6235	0.5941	0.02942	1.131	0.6383	0.8111
origin_aquatic_unspecified	quinolinate_biosynthesis_aspartate	metabolic	anabolic	0.5747	0.6059	-0.0312	0.8791	0.6398	0.8119
origin_food_fermentation	type_vi_secretion_apparatus	structural		0.07143	0.06209	0.009337	1.162	0.6398	0.8119
origin_soil_terrestrial	dap_biosynthesis	metabolic	anabolic	0.5882	0.5565	0.03177	1.138	0.6413	0.813
origin_food_fermentation	acetyl_coa_to_isocitrate	metabolic	catabolic	0.5	0.531	-0.03105	0.8832	0.6417	0.813
origin_freshwater_groundwater	tryptophan_biosynthesis	metabolic	anabolic	0.4941	0.527	-0.03289	0.8768	0.6432	0.8143
origin_air_built_environment	acetoin_formation	metabolic	catabolic	0.08163	0.1206	-0.03892	0.6488	0.6439	0.8146
origin_freshwater_groundwater	pyrimidine_core_biosynthesis	metabolic	anabolic	0.4824	0.5106	-0.02829	0.8931	0.6448	0.8151
origin_air_built_environment	phenylalanine_biosynthesis	metabolic	anabolic	0.6735	0.6337	0.03978	1.192	0.6457	0.8156
origin_thermal_geothermal	guanylate_biosynthesis	metabolic	anabolic	0.8118	0.8298	-0.01802	0.8848	0.6481	0.8181
origin_air_built_environment	nad_biosynthesis_namn	metabolic	anabolic	0.4286	0.473	-0.04438	0.836	0.6565	0.828
origin_algal_associated	pantothenate_biosynthesis	metabolic	anabolic	0.4902	0.4527	0.03748	1.162	0.6622	0.8313
origin_freshwater_groundwater	ectoine_biosynthesis	metabolic	anabolic	0.05882	0.0802	-0.02137	0.7171	0.665	0.8313
origin_animal_associated	ectoine_biosynthesis	metabolic	anabolic	0.05882	0.0802	-0.02137	0.7171	0.665	0.8313
origin_algal_associated	dihydroxybenzoate_biosynthesis	metabolic	anabolic	0.03922	0.02946	0.009758	1.344	0.6617	0.8313
origin_food_fermentation	siroheme_biosynthesis	metabolic	anabolic	0.1786	0.2075	-0.02894	0.8304	0.6648	0.8313
origin_freshwater_groundwater	glutamate_decarboxylation_gaba	metabolic	catabolic	0.05882	0.07692	-0.0181	0.7503	0.6645	0.8313
origin_aquatic_unspecified	glutamate_decarboxylation_gaba	metabolic	catabolic	0.05747	0.07718	-0.0197	0.7294	0.6642	0.8313
origin_soil_terrestrial	lactate_racemisation	metabolic	interconversion	0.2118	0.1931	0.01864	1.122	0.6633	0.8313
origin_plant_associated	lactate_racemisation	metabolic	interconversion	0.2118	0.1931	0.01864	1.122	0.6633	0.8313
origin_thermal_geothermal	lactate_racemisation	metabolic	interconversion	0.2118	0.1931	0.01864	1.122	0.6633	0.8313
origin_engineered_wastewater	lactate_racemisation	metabolic	interconversion	0.2118	0.1931	0.01864	1.122	0.6633	0.8313
origin_freshwater_groundwater	xylose_uptake_abc	metabolic	transport	0.05882	0.0802	-0.02137	0.7171	0.665	0.8313
origin_plant_associated	collagen_cleavage	metabolic	catabolic	0.02353	0.018	0.005526	1.314	0.666	0.8319
origin_thermal_geothermal	xylose_degradation_isomerase	metabolic	catabolic	0.1882	0.2128	-0.02453	0.8582	0.6714	0.838
origin_algal_associated	glcnac_degradation	metabolic	catabolic	0.1569	0.1395	0.01733	1.147	0.6786	0.8463
origin_algal_associated	flagellar_apparatus	structural		0.1176	0.1504	-0.03274	0.7535	0.6825	0.8506
origin_engineered_wastewater	hydroxyphenylpropanoate_hydroxylation	metabolic	catabolic	0.07059	0.09329	-0.0227	0.7385	0.6858	0.8534
origin_animal_associated	hydroxyphenylpropanoate_hydroxylation	metabolic	catabolic	0.07059	0.09329	-0.0227	0.7385	0.6858	0.8534
origin_aquatic_unspecified	assimilatory_sulfate_reduction	metabolic	anabolic	0.2184	0.2447	-0.02627	0.8628	0.6882	0.8558
origin_freshwater_groundwater	aspartate_semialdehyde_biosynthesis	metabolic	anabolic	0.7647	0.7381	0.02657	1.153	0.6921	0.86
origin_marine_coastal	oxoisovalerate_biosynthesis	metabolic	anabolic	0.7176	0.7398	-0.02212	0.8942	0.6936	0.8612
origin_freshwater_groundwater	tryptophan_degradation_indole	metabolic	catabolic	0.1059	0.09493	0.01096	1.129	0.6971	0.8643
origin_freshwater_groundwater	type_iva_pilus	structural		0.1059	0.09493	0.01096	1.129	0.6971	0.8643
origin_air_built_environment	paba_biosynthesis	metabolic	anabolic	0.2041	0.1855	0.01861	1.126	0.7064	0.8645
origin_plant_associated	salicylate_biosynthesis	metabolic	anabolic	0.01176	0.02455	-0.01279	0.4734	0.7076	0.8645
origin_freshwater_groundwater	salicylate_biosynthesis	metabolic	anabolic	0.01176	0.02455	-0.01279	0.4734	0.7076	0.8645
origin_marine_coastal	salicylate_biosynthesis	metabolic	anabolic	0.01176	0.02455	-0.01279	0.4734	0.7076	0.8645
origin_engineered_wastewater	salicylate_biosynthesis	metabolic	anabolic	0.01176	0.02455	-0.01279	0.4734	0.7076	0.8645
origin_aquatic_unspecified	salicylate_biosynthesis	metabolic	anabolic	0.01149	0.02463	-0.01314	0.4609	0.7075	0.8645
origin_aquatic_unspecified	glutamine_biosynthesis	metabolic	anabolic	0.8851	0.8982	-0.01314	0.8729	0.7067	0.8645
origin_algal_associated	ethanol_formation	metabolic	catabolic	0.1373	0.1643	-0.02709	0.8092	0.698	0.8645
origin_freshwater_groundwater	benzoate_degradation_catechol	metabolic	catabolic	0.01176	0.02619	-0.01442	0.4431	0.7091	0.8645
origin_plant_associated	benzoate_degradation_catechol	metabolic	catabolic	0.01176	0.02619	-0.01442	0.4431	0.7091	0.8645
origin_soil_terrestrial	benzoate_degradation_catechol	metabolic	catabolic	0.01176	0.02619	-0.01442	0.4431	0.7091	0.8645
origin_soil_terrestrial	creatinine_degradation	metabolic	catabolic	0.01176	0.02455	-0.01279	0.4734	0.7076	0.8645
origin_freshwater_groundwater	galacturonate_degradation	metabolic	catabolic	0.08235	0.1015	-0.01912	0.7949	0.7004	0.8645
origin_sediment	galacturonate_degradation	metabolic	catabolic	0.08235	0.1015	-0.01912	0.7949	0.7004	0.8645
origin_marine_coastal	betaine_demethylation	metabolic	catabolic	0.01176	0.02619	-0.01442	0.4431	0.7091	0.8645
origin_engineered_wastewater	ectoine_degradation	metabolic	catabolic	0.01176	0.02455	-0.01279	0.4734	0.7076	0.8645
origin_sediment	ectoine_degradation	metabolic	catabolic	0.01176	0.02455	-0.01279	0.4734	0.7076	0.8645
origin_aquatic_unspecified	tryptophan_degradation_indole	metabolic	catabolic	0.08046	0.09852	-0.01806	0.8009	0.7004	0.8645
origin_marine_coastal	methylamine_degradation	metabolic	catabolic	0.02353	0.02128	0.002253	1.108	0.7037	0.8645
origin_sediment	methylamine_degradation	metabolic	catabolic	0.02353	0.02128	0.002253	1.108	0.7037	0.8645
origin_plant_associated	methylamine_degradation	metabolic	catabolic	0.02353	0.02128	0.002253	1.108	0.7037	0.8645
origin_animal_associated	arabinose_uptake_abc	metabolic	transport	0.01176	0.02619	-0.01442	0.4431	0.7091	0.8645
origin_engineered_wastewater	arabinose_uptake_abc	metabolic	transport	0.01176	0.02619	-0.01442	0.4431	0.7091	0.8645
origin_aquatic_unspecified	arabinose_uptake_abc	metabolic	transport	0.01149	0.02627	-0.01478	0.4313	0.7099	0.8649
origin_sediment	methylglyoxal_detoxification	defense		0.3412	0.365	-0.0238	0.9011	0.7188	0.8652
origin_animal_associated	methylglyoxal_detoxification	defense		0.3412	0.365	-0.0238	0.9011	0.7188	0.8652
origin_marine_coastal	methylglyoxal_detoxification	defense		0.3412	0.365	-0.0238	0.9011	0.7188	0.8652
origin_sediment	asparagine_biosynthesis	metabolic	anabolic	0.6706	0.6465	0.02411	1.113	0.7168	0.8652
origin_engineered_wastewater	asparagine_biosynthesis	metabolic	anabolic	0.6706	0.6465	0.02411	1.113	0.7168	0.8652
origin_freshwater_groundwater	proline_biosynthesis	metabolic	anabolic	0.6941	0.6661	0.028	1.137	0.7121	0.8652
origin_air_built_environment	oxobutanoate_biosynthesis_citramalate	metabolic	anabolic	0.02041	0.04328	-0.02287	0.4609	0.7138	0.8652
origin_thermal_geothermal	cytidylate_biosynthesis	metabolic	anabolic	0.9882	0.9722	0.01606	2.402	0.7127	0.8652
origin_soil_terrestrial	cytidylate_biosynthesis	metabolic	anabolic	0.9882	0.9722	0.01606	2.402	0.7127	0.8652
origin_marine_coastal	allantoin_degradation	metabolic	catabolic	0.03529	0.02619	0.009108	1.36	0.7182	0.8652
origin_plant_associated	allantoin_degradation	metabolic	catabolic	0.03529	0.02619	0.009108	1.36	0.7182	0.8652
origin_soil_terrestrial	allantoin_degradation	metabolic	catabolic	0.03529	0.02619	0.009108	1.36	0.7182	0.8652
origin_food_fermentation	allantoin_degradation	metabolic	catabolic	0.0119	0.02941	-0.01751	0.398	0.717	0.8652
origin_aquatic_unspecified	arabinoxylan_debranching	metabolic	catabolic	0.6667	0.6897	-0.02299	0.9001	0.7111	0.8652
origin_thermal_geothermal	catechol_meta_cleavage	metabolic	catabolic	0.03529	0.02619	0.009108	1.36	0.7182	0.8652
origin_air_built_environment	urea_hydrolysis	metabolic	catabolic	0.1837	0.2133	-0.02962	0.8301	0.719	0.8652
origin_engineered_wastewater	chemotaxis_signal_transduction	regulatory		0.3765	0.3552	0.02132	1.096	0.718	0.8652
origin_thermal_geothermal	hmp_phosphate_biosynthesis	metabolic	anabolic	0.4	0.3748	0.0252	1.112	0.7204	0.8663
origin_aquatic_unspecified	methylglyoxal_detoxification	defense		0.3793	0.3596	0.0197	1.088	0.7219	0.8672
origin_sediment	cysteine_biosynthesis_sulfide	metabolic	anabolic	0.6235	0.5974	0.02615	1.116	0.7232	0.8672
origin_thermal_geothermal	cysteine_biosynthesis_sulfide	metabolic	anabolic	0.6235	0.5974	0.02615	1.116	0.7232	0.8672
origin_engineered_wastewater	methionine_degradation_methanethiol	metabolic	catabolic	0.1294	0.1178	0.01157	1.113	0.7225	0.8672
origin_freshwater_groundwater	ornithine_biosynthesis	metabolic	anabolic	0.6118	0.5892	0.02257	1.099	0.7251	0.8677
origin_marine_coastal	heme_b_biosynthesis	metabolic	anabolic	0.5647	0.5892	-0.02449	0.9046	0.7247	0.8677
origin_engineered_wastewater	histidine_degradation_glutamate	metabolic	catabolic	0.1059	0.126	-0.02014	0.8215	0.7257	0.8677
origin_aquatic_unspecified	methionine_degradation_methanethiol	metabolic	catabolic	0.1034	0.1215	-0.01806	0.8344	0.7257	0.8677
origin_food_fermentation	pantothenate_biosynthesis	metabolic	anabolic	0.4762	0.4526	0.02358	1.099	0.7265	0.8681
origin_sediment	nad_biosynthesis_namn	metabolic	anabolic	0.4471	0.473	-0.02594	0.901	0.7281	0.8694
origin_thermal_geothermal	dmb_biosynthesis_aerobic	metabolic	anabolic	0.1412	0.1277	0.01352	1.123	0.7303	0.8714
origin_soil_terrestrial	dihydroxybenzoate_biosynthesis	metabolic	anabolic	0.03529	0.02946	0.005834	1.205	0.7336	0.8741
origin_sediment	glycine_biosynthesis	metabolic	anabolic	0.9647	0.9705	-0.005834	0.8299	0.7336	0.8741
origin_air_built_environment	alanine_biosynthesis	metabolic	anabolic	0.7143	0.7403	-0.02605	0.877	0.7361	0.8765
origin_soil_terrestrial	chloramphenicol_detoxification	defense		0.1529	0.1391	0.01382	1.117	0.7394	0.8785
origin_animal_associated	glcnac_degradation	metabolic	catabolic	0.1529	0.1391	0.01382	1.117	0.7394	0.8785
origin_sediment	glcnac_degradation	metabolic	catabolic	0.1529	0.1391	0.01382	1.117	0.7394	0.8785
origin_algal_associated	oxopentenoate_degradation	metabolic	catabolic	0.05882	0.05116	0.007661	1.159	0.7415	0.8803
origin_thermal_geothermal	nitrate_assimilation	metabolic	anabolic	0.1294	0.1506	-0.02116	0.8388	0.7445	0.8827
origin_marine_coastal	sarcosine_demethylation	metabolic	catabolic	0.1294	0.1506	-0.02116	0.8388	0.7445	0.8827
origin_air_built_environment	leucine_biosynthesis	metabolic	anabolic	0.7143	0.6862	0.02804	1.143	0.751	0.8886
origin_food_fermentation	cobamide_nucleotide_loop_assembly	metabolic	anabolic	0.1429	0.1601	-0.01727	0.8743	0.7522	0.8886
origin_sediment	cobamide_nucleotide_loop_assembly	metabolic	anabolic	0.1412	0.1604	-0.01922	0.8607	0.7519	0.8886
origin_thermal_geothermal	cobamide_nucleotide_loop_assembly	metabolic	anabolic	0.1412	0.1604	-0.01922	0.8607	0.7519	0.8886
origin_thermal_geothermal	glycine_reduction_stickland	metabolic	catabolic	0.03529	0.03273	0.002561	1.081	0.7532	0.8886
origin_freshwater_groundwater	glycine_reduction_stickland	metabolic	catabolic	0.03529	0.03273	0.002561	1.081	0.7532	0.8886
origin_animal_associated	glycine_reduction_stickland	metabolic	catabolic	0.03529	0.03273	0.002561	1.081	0.7532	0.8886
origin_thermal_geothermal	valine_biosynthesis	metabolic	anabolic	0.8471	0.8249	0.02218	1.176	0.7591	0.895
origin_soil_terrestrial	taurine_degradation_sulfoacetaldehyde	metabolic	catabolic	0.02353	0.04092	-0.01739	0.5652	0.762	0.8965
origin_thermal_geothermal	taurine_degradation_sulfoacetaldehyde	metabolic	catabolic	0.02353	0.04092	-0.01739	0.5652	0.762	0.8965
origin_freshwater_groundwater	taurine_degradation_sulfoacetaldehyde	metabolic	catabolic	0.02353	0.04092	-0.01739	0.5652	0.762	0.8965
origin_aquatic_unspecified	taurine_degradation_sulfoacetaldehyde	metabolic	catabolic	0.04598	0.03777	0.00821	1.227	0.7643	0.8985
origin_thermal_geothermal	paba_biosynthesis	metabolic	anabolic	0.2	0.1849	0.01506	1.102	0.7665	0.9005
origin_air_built_environment	tryptophan_biosynthesis	metabolic	anabolic	0.551	0.5209	0.03015	1.129	0.7673	0.9008
origin_sediment	mucin_fucose_release	metabolic	catabolic	0.1765	0.1931	-0.01666	0.8954	0.7706	0.9034
origin_thermal_geothermal	mucin_fucose_release	metabolic	catabolic	0.1765	0.1931	-0.01666	0.8954	0.7706	0.9034
origin_algal_associated	acetate_interconversion	metabolic	interconversion	0.4118	0.4357	-0.02389	0.9069	0.7711	0.9034
origin_engineered_wastewater	siroheme_biosynthesis	metabolic	anabolic	0.1882	0.2062	-0.01798	0.8927	0.7751	0.9068
origin_marine_coastal	chitin_degradation	metabolic	catabolic	0.1882	0.2095	-0.02126	0.8752	0.7751	0.9068
origin_animal_associated	hydroxyectoine_biosynthesis	metabolic	anabolic	0.04706	0.04255	0.004506	1.111	0.777	0.9078
origin_plant_associated	hydroxyectoine_biosynthesis	metabolic	anabolic	0.04706	0.04255	0.004506	1.111	0.777	0.9078
origin_soil_terrestrial	lactate_formation	metabolic	catabolic	0.2	0.2209	-0.02095	0.8816	0.7795	0.91
origin_sediment	starch_degradation	metabolic	catabolic	0.2353	0.2242	0.01107	1.064	0.7836	0.9135
origin_soil_terrestrial	taurine_desulfonation_aerobic	metabolic	catabolic	0.04706	0.04419	0.002869	1.068	0.7835	0.9135
origin_algal_associated	glutamate_decarboxylation_gaba	metabolic	catabolic	0.07843	0.07442	0.004013	1.058	0.7862	0.916
origin_aquatic_unspecified	riboflavin_biosynthesis	metabolic	anabolic	0.7816	0.7635	0.01806	1.108	0.7874	0.9161
origin_sediment	lpt_lipopolysaccharide_export_apparatus	structural		0.2235	0.2439	-0.02033	0.8928	0.787	0.9161
origin_engineered_wastewater	methionine_biosynthesis_transsulfuration	metabolic	anabolic	0.03529	0.05237	-0.01708	0.6623	0.7896	0.9162
origin_thermal_geothermal	methionine_biosynthesis_transsulfuration	metabolic	anabolic	0.03529	0.05237	-0.01708	0.6623	0.7896	0.9162
origin_food_fermentation	siroheme_to_heme_b	metabolic	anabolic	0.03571	0.05229	-0.01657	0.6716	0.7889	0.9162
origin_algal_associated	urate_degradation	metabolic	catabolic	0.05882	0.07907	-0.02025	0.7282	0.7886	0.9162
origin_food_fermentation	alanine_biosynthesis	metabolic	anabolic	0.7262	0.7402	-0.01401	0.931	0.7918	0.918
origin_plant_associated	thiamine_precursor_salvage	metabolic	anabolic	0.2471	0.2651	-0.01808	0.9095	0.7933	0.9192
origin_aquatic_unspecified	alanine_biosynthesis	metabolic	anabolic	0.7241	0.7406	-0.01642	0.9197	0.7943	0.9197
origin_engineered_wastewater	biotin_biosynthesis	metabolic	anabolic	0.2588	0.2782	-0.01941	0.906	0.796	0.9203
origin_marine_coastal	biotin_biosynthesis	metabolic	anabolic	0.2588	0.2782	-0.01941	0.906	0.796	0.9203
origin_plant_associated	type_i_e_crispr_cas_machinery	defense		0.05882	0.05401	0.004814	1.095	0.7998	0.9209
origin_engineered_wastewater	type_i_e_crispr_cas_machinery	defense		0.05882	0.05401	0.004814	1.095	0.7998	0.9209
origin_soil_terrestrial	type_i_e_crispr_cas_machinery	defense		0.05882	0.05401	0.004814	1.095	0.7998	0.9209
origin_food_fermentation	isoleucine_biosynthesis	metabolic	anabolic	0.6905	0.7075	-0.01704	0.9223	0.7986	0.9209
origin_engineered_wastewater	plp_biosynthesis_r5p	metabolic	anabolic	0.2706	0.2897	-0.0191	0.9097	0.7985	0.9209
origin_sediment	plp_biosynthesis_r5p	metabolic	anabolic	0.2706	0.2897	-0.0191	0.9097	0.7985	0.9209
origin_marine_coastal	isoleucine_biosynthesis	metabolic	anabolic	0.6941	0.707	-0.01292	0.9403	0.8005	0.9211
origin_food_fermentation	mucin_galnac_release	metabolic	catabolic	0.3214	0.3056	0.01587	1.076	0.8012	0.9213
origin_algal_associated	mercury_detoxification	defense		0.07843	0.09767	-0.01924	0.7865	0.8082	0.9218
origin_food_fermentation	hmp_phosphate_biosynthesis	metabolic	anabolic	0.3929	0.3758	0.01704	1.075	0.8106	0.9218
origin_aquatic_unspecified	aspartate_biosynthesis	metabolic	anabolic	0.7011	0.6831	0.01806	1.088	0.8055	0.9218
origin_soil_terrestrial	aspartate_biosynthesis	metabolic	anabolic	0.6706	0.6874	-0.01681	0.9259	0.8033	0.9218
origin_freshwater_groundwater	oxoadipate_activation	metabolic	catabolic	0.04706	0.05892	-0.01186	0.789	0.807	0.9218
origin_animal_associated	oxoadipate_activation	metabolic	catabolic	0.04706	0.05892	-0.01186	0.789	0.807	0.9218
origin_algal_associated	galacturonate_degradation	metabolic	catabolic	0.07843	0.1008	-0.02234	0.7597	0.8083	0.9218
origin_thermal_geothermal	isocitrate_to_oxoglutarate	metabolic	catabolic	0.6588	0.6416	0.01725	1.079	0.8097	0.9218
origin_marine_coastal	carnitine_to_betaine	metabolic	catabolic	0.05882	0.05565	0.003177	1.061	0.8044	0.9218
origin_food_fermentation	carnitine_to_betaine	metabolic	catabolic	0.05952	0.05556	0.003968	1.076	0.8023	0.9218
origin_thermal_geothermal	xylan_degradation	metabolic	catabolic	0.3176	0.3355	-0.01787	0.922	0.8066	0.9218
origin_aquatic_unspecified	succinate_fumarate_interconversion	metabolic	interconversion	0.6667	0.6831	-0.01642	0.928	0.8059	0.9218
origin_soil_terrestrial	taurine_uptake_abc	metabolic	transport	0.04706	0.05892	-0.01186	0.789	0.807	0.9218
origin_soil_terrestrial	chemotaxis_signal_transduction	regulatory		0.3412	0.3601	-0.01889	0.9205	0.8095	0.9218
origin_food_fermentation	chemotaxis_signal_transduction	regulatory		0.369	0.3562	0.01284	1.057	0.8094	0.9218
origin_marine_coastal	type_vi_secretion_apparatus	structural		0.07059	0.06219	0.008395	1.145	0.811	0.9218
origin_plant_associated	type_vi_secretion_apparatus	structural		0.07059	0.06219	0.008395	1.145	0.811	0.9218
origin_aquatic_unspecified	isocitrate_to_oxoglutarate	metabolic	catabolic	0.6322	0.6453	-0.01314	0.9447	0.8118	0.9221
origin_aquatic_unspecified	cobinamide_biosynthesis	metabolic	anabolic	0.3908	0.3744	0.01642	1.072	0.8132	0.9228
origin_sediment	quinolinate_biosynthesis_aspartate	metabolic	anabolic	0.5882	0.6039	-0.01569	0.937	0.8135	0.9228
origin_soil_terrestrial	type_i_restriction_modification	defense		0.4824	0.5025	-0.0201	0.9228	0.817	0.9243
origin_marine_coastal	type_i_restriction_modification	defense		0.5176	0.4975	0.0201	1.084	0.817	0.9243
origin_freshwater_groundwater	tyrosine_biosynthesis	metabolic	anabolic	0.5765	0.5565	0.02001	1.085	0.8158	0.9243
origin_food_fermentation	tyrosine_biosynthesis	metabolic	anabolic	0.5714	0.5572	0.01424	1.06	0.816	0.9243
origin_food_fermentation	glutamate_decarboxylation_gaba	metabolic	catabolic	0.05952	0.0768	-0.01727	0.7611	0.8241	0.9317
origin_soil_terrestrial	glutamate_decarboxylation_gaba	metabolic	catabolic	0.08235	0.07365	0.008703	1.129	0.825	0.9321
origin_aquatic_unspecified	ectoine_biosynthesis	metabolic	anabolic	0.08046	0.07718	0.003284	1.046	0.8325	0.936
origin_plant_associated	ectoine_biosynthesis	metabolic	anabolic	0.08235	0.07692	0.00543	1.077	0.8291	0.936
origin_animal_associated	corrin_ring_biosynthesis	metabolic	anabolic	0.07059	0.08511	-0.01452	0.8167	0.8343	0.936
origin_marine_coastal	corrin_ring_biosynthesis	metabolic	anabolic	0.07059	0.08511	-0.01452	0.8167	0.8343	0.936
origin_food_fermentation	corrin_ring_biosynthesis	metabolic	anabolic	0.07143	0.08497	-0.01354	0.8286	0.8341	0.936
origin_aquatic_unspecified	corrin_ring_biosynthesis	metabolic	anabolic	0.06897	0.08539	-0.01642	0.7937	0.8352	0.936
origin_thermal_geothermal	corrin_ring_biosynthesis	metabolic	anabolic	0.07059	0.08511	-0.01452	0.8167	0.8343	0.936
origin_air_built_environment	glcnac_degradation	metabolic	catabolic	0.1224	0.1422	-0.01975	0.842	0.8332	0.936
origin_air_built_environment	sarcosine_demethylation	metabolic	catabolic	0.1224	0.1499	-0.02747	0.7914	0.8342	0.936
origin_engineered_wastewater	type_ii_secretion_system	structural		0.07059	0.08511	-0.01452	0.8167	0.8343	0.936
origin_plant_associated	type_ii_secretion_system	structural		0.07059	0.08511	-0.01452	0.8167	0.8343	0.936
origin_aquatic_unspecified	type_ii_secretion_system	structural		0.06897	0.08539	-0.01642	0.7937	0.8352	0.936
origin_freshwater_groundwater	cysteine_degradation_sulfide	metabolic	catabolic	0.09412	0.09002	0.004101	1.05	0.8415	0.9424
origin_algal_associated	cobamide_nucleotide_loop_assembly	metabolic	anabolic	0.1373	0.1597	-0.02244	0.8374	0.8422	0.9427
origin_marine_coastal	choline_to_betaine	metabolic	anabolic	0.08235	0.09329	-0.01094	0.8724	0.8437	0.9431
origin_soil_terrestrial	choline_to_betaine	metabolic	anabolic	0.08235	0.09329	-0.01094	0.8724	0.8437	0.9431
origin_aquatic_unspecified	mercury_detoxification	defense		0.1034	0.09524	0.00821	1.096	0.8456	0.9445
origin_plant_associated	acetoin_formation	metabolic	catabolic	0.1059	0.1195	-0.01359	0.8729	0.8579	0.9577
origin_sediment	menaquinone_biosynthesis	metabolic	anabolic	0.1059	0.1227	-0.01687	0.8465	0.8587	0.9579
origin_sediment	histidine_degradation_glutamate	metabolic	catabolic	0.1294	0.1227	0.006662	1.062	0.8605	0.9593
origin_aquatic_unspecified	dmb_biosynthesis_aerobic	metabolic	anabolic	0.1149	0.1314	-0.01642	0.8589	0.8642	0.9627
origin_marine_coastal	chloramphenicol_detoxification	defense		0.1294	0.1424	-0.01298	0.8954	0.8683	0.9666
origin_thermal_geothermal	pectin_degradation	metabolic	catabolic	0.1294	0.1457	-0.01625	0.872	0.8688	0.9666
origin_food_fermentation	cysteine_biosynthesis_homocysteine	metabolic	anabolic	0.1548	0.1471	0.007703	1.062	0.8699	0.9672
origin_air_built_environment	arginine_biosynthesis	metabolic	anabolic	0.7347	0.7187	0.01599	1.084	0.8705	0.9672
origin_air_built_environment	kdg_degradation	metabolic	catabolic	0.3469	0.3369	0.009999	1.045	0.8766	0.9708
origin_sediment	ethanol_formation	metabolic	catabolic	0.1529	0.1637	-0.01072	0.9227	0.8764	0.9708
origin_air_built_environment	threonine_deamination	metabolic	catabolic	0.6531	0.6662	-0.01309	0.9434	0.8758	0.9708
origin_air_built_environment	xylan_degradation	metabolic	catabolic	0.3469	0.3323	0.01464	1.067	0.8754	0.9708
origin_air_built_environment	succinate_fumarate_interconversion	metabolic	interconversion	0.6735	0.6816	-0.008138	0.9635	0.8752	0.9708
origin_animal_associated	guanylate_biosynthesis	metabolic	anabolic	0.8235	0.8282	-0.004621	0.9684	0.8791	0.9729
origin_animal_associated	paba_biosynthesis	metabolic	anabolic	0.1765	0.1882	-0.01175	0.9243	0.8825	0.9739
origin_freshwater_groundwater	paba_biosynthesis	metabolic	anabolic	0.1765	0.1882	-0.01175	0.9243	0.8825	0.9739
origin_food_fermentation	paba_biosynthesis	metabolic	anabolic	0.1905	0.1863	0.004202	1.028	0.8823	0.9739
origin_air_built_environment	acetyl_coa_to_isocitrate	metabolic	catabolic	0.5102	0.5286	-0.01839	0.9291	0.8823	0.9739
origin_marine_coastal	mucin_fucose_release	metabolic	catabolic	0.2	0.1899	0.01015	1.067	0.8829	0.9739
origin_algal_associated	nad_biosynthesis_namn	metabolic	anabolic	0.451	0.4713	-0.02034	0.9215	0.8843	0.9748
origin_thermal_geothermal	lactate_formation	metabolic	catabolic	0.2235	0.2177	0.005853	1.035	0.8891	0.9788
origin_sediment	lactate_formation	metabolic	catabolic	0.2235	0.2177	0.005853	1.035	0.8891	0.9788
origin_thermal_geothermal	starch_degradation	metabolic	catabolic	0.2118	0.2275	-0.01573	0.9124	0.8898	0.979
origin_food_fermentation	type_i_restriction_modification	defense		0.5119	0.4984	0.01354	1.056	0.9074	0.9865
origin_engineered_wastewater	pantothenate_biosynthesis	metabolic	anabolic	0.4471	0.4566	-0.00957	0.9621	0.9078	0.9865
origin_marine_coastal	leucine_biosynthesis	metabolic	anabolic	0.6824	0.689	-0.006681	0.9695	0.901	0.9865
origin_thermal_geothermal	cobinamide_biosynthesis	metabolic	anabolic	0.3647	0.3781	-0.01336	0.9444	0.905	0.9865
origin_marine_coastal	thiazole_phosphate_biosynthesis	metabolic	anabolic	0.4118	0.4255	-0.01377	0.9451	0.9068	0.9865
origin_freshwater_groundwater	dap_biosynthesis	metabolic	anabolic	0.5529	0.5614	-0.008434	0.9664	0.9075	0.9865
origin_aquatic_unspecified	asparagine_biosynthesis	metabolic	anabolic	0.6437	0.6502	-0.006568	0.9717	0.9049	0.9865
origin_aquatic_unspecified	namn_biosynthesis_quinolinate	metabolic	anabolic	0.7011	0.7077	-0.006568	0.969	0.9002	0.9865
origin_freshwater_groundwater	plp_biosynthesis_r5p	metabolic	anabolic	0.2941	0.2864	0.007702	1.038	0.8985	0.9865
origin_marine_coastal	cysteine_biosynthesis_sulfide	metabolic	anabolic	0.6118	0.599	0.01275	1.055	0.906	0.9865
origin_aquatic_unspecified	heme_b_biosynthesis	metabolic	anabolic	0.5977	0.5846	0.01314	1.056	0.9074	0.9865
origin_marine_coastal	acetyl_coa_to_isocitrate	metabolic	catabolic	0.5176	0.5286	-0.01099	0.9569	0.9078	0.9865
origin_marine_coastal	mucin_galnac_release	metabolic	catabolic	0.2941	0.3093	-0.01521	0.9304	0.9002	0.9865
origin_food_fermentation	xylan_degradation	metabolic	catabolic	0.3214	0.335	-0.01354	0.9405	0.9019	0.9865
origin_thermal_geothermal	acetate_interconversion	metabolic	interconversion	0.4235	0.4354	-0.01182	0.9529	0.9072	0.9865
origin_marine_coastal	acetate_interconversion	metabolic	interconversion	0.4235	0.4354	-0.01182	0.9529	0.9072	0.9865
origin_plant_associated	chemotaxis_signal_transduction	regulatory		0.3647	0.3568	0.007914	1.035	0.9042	0.9865
origin_aquatic_unspecified	chemotaxis_signal_transduction	regulatory		0.3678	0.3563	0.01149	1.051	0.9049	0.9865
origin_soil_terrestrial	phosphate_starvation_response	regulatory		0.3294	0.3241	0.005353	1.025	0.9023	0.9865
origin_aquatic_unspecified	beta_lactam_detoxification	defense		0.4483	0.4565	-0.00821	0.9674	0.9089	0.987
origin_algal_associated	type_i_restriction_modification	defense		0.5098	0.4992	0.01058	1.043	1	1
origin_aquatic_unspecified	type_i_restriction_modification	defense		0.4943	0.5008	-0.006568	0.9741	1	1
origin_sediment	type_i_restriction_modification	defense		0.4941	0.5008	-0.006701	0.9736	1	1
origin_animal_associated	type_i_e_crispr_cas_machinery	defense		0.04706	0.05565	-0.008588	0.8383	1	1
origin_marine_coastal	type_i_e_crispr_cas_machinery	defense		0.04706	0.05565	-0.008588	0.8383	1	1
origin_aquatic_unspecified	type_i_e_crispr_cas_machinery	defense		0.04598	0.05583	-0.009852	0.8152	1	1
origin_food_fermentation	leucine_biosynthesis	metabolic	anabolic	0.6905	0.6879	0.002568	1.012	1	1
origin_sediment	ectoine_biosynthesis	metabolic	anabolic	0.07059	0.07856	-0.007972	0.891	1	1
origin_air_built_environment	choline_to_betaine	metabolic	anabolic	0.08163	0.09274	-0.0111	0.8698	1	1
origin_thermal_geothermal	tryptophan_biosynthesis	metabolic	anabolic	0.5176	0.5237	-0.006085	0.9759	1	1
origin_freshwater_groundwater	dihydroxybenzoate_biosynthesis	metabolic	anabolic	0.02353	0.0311	-0.007567	0.7511	1	1
origin_engineered_wastewater	dihydroxybenzoate_biosynthesis	metabolic	anabolic	0.02353	0.0311	-0.007567	0.7511	1	1
origin_plant_associated	dihydroxybenzoate_biosynthesis	metabolic	anabolic	0.02353	0.0311	-0.007567	0.7511	1	1
origin_marine_coastal	paba_biosynthesis	metabolic	anabolic	0.1882	0.1866	0.001656	1.011	1	1
origin_marine_coastal	phenylalanine_biosynthesis	metabolic	anabolic	0.6353	0.6367	-0.001367	0.9941	1	1
origin_soil_terrestrial	tyrosine_biosynthesis	metabolic	anabolic	0.5647	0.5581	0.006604	1.027	1	1
origin_animal_associated	menaquinone_biosynthesis	metabolic	anabolic	0.1176	0.1211	-0.003466	0.9676	1	1
origin_air_built_environment	salicylate_biosynthesis	metabolic	anabolic	0.02041	0.02318	-0.002776	0.8779	1	1
origin_soil_terrestrial	salicylate_biosynthesis	metabolic	anabolic	0.02353	0.02291	0.0006162	1.028	1	1
origin_plant_associated	nitrogen_fixation	metabolic	anabolic	0.1059	0.108	-0.002137	0.9779	1	1
origin_food_fermentation	thiazole_phosphate_biosynthesis	metabolic	anabolic	0.4286	0.4232	0.005369	1.022	1	1
origin_engineered_wastewater	plp_biosynthesis_dxp	metabolic	anabolic	0.02353	0.02782	-0.004294	0.8422	1	1
origin_aquatic_unspecified	plp_biosynthesis_dxp	metabolic	anabolic	0.02299	0.02791	-0.004926	0.8196	1	1
origin_marine_coastal	dmb_biosynthesis_aerobic	metabolic	anabolic	0.1294	0.1293	0.0001155	1.001	1	1
origin_algal_associated	methionine_biosynthesis_transsulfuration	metabolic	anabolic	0.03922	0.05116	-0.01195	0.7572	1	1
origin_marine_coastal	methionine_biosynthesis_transsulfuration	metabolic	anabolic	0.04706	0.05074	-0.003678	0.924	1	1
origin_soil_terrestrial	methionine_biosynthesis_transsulfuration	metabolic	anabolic	0.04706	0.05074	-0.003678	0.924	1	1
origin_thermal_geothermal	methionine_biosynthesis_sulfhydrylation	metabolic	anabolic	0.5765	0.5712	0.005276	1.022	1	1
origin_aquatic_unspecified	dap_biosynthesis	metabolic	anabolic	0.5632	0.5599	0.003284	1.013	1	1
origin_food_fermentation	dap_biosynthesis	metabolic	anabolic	0.5595	0.5605	-0.0009337	0.9962	1	1
origin_sediment	dap_biosynthesis	metabolic	anabolic	0.5647	0.5597	0.004968	1.02	1	1
origin_freshwater_groundwater	quinolinate_biosynthesis_aspartate	metabolic	anabolic	0.6	0.6023	-0.002291	0.9905	1	1
origin_food_fermentation	hydroxyectoine_biosynthesis	metabolic	anabolic	0.03571	0.04412	-0.008403	0.8027	1	1
origin_freshwater_groundwater	hydroxyectoine_biosynthesis	metabolic	anabolic	0.03529	0.04419	-0.008896	0.7916	1	1
origin_sediment	hydroxyectoine_biosynthesis	metabolic	anabolic	0.03529	0.04419	-0.008896	0.7916	1	1
origin_marine_coastal	lysine_biosynthesis_dap	metabolic	anabolic	0.8353	0.8298	0.005507	1.04	1	1
origin_animal_associated	namn_salvage_nicotinate	metabolic	anabolic	0.6471	0.6514	-0.004332	0.9812	1	1
origin_marine_coastal	chorismate_biosynthesis	metabolic	anabolic	0.6824	0.6841	-0.001771	0.9919	1	1
origin_air_built_environment	biotin_biosynthesis	metabolic	anabolic	0.2653	0.2767	-0.01136	0.9442	1	1
origin_aquatic_unspecified	biotin_biosynthesis	metabolic	anabolic	0.2759	0.2759	0	1	1	1
origin_freshwater_groundwater	oxobutanoate_biosynthesis_citramalate	metabolic	anabolic	0.03529	0.04255	-0.007259	0.8234	1	1
origin_aquatic_unspecified	oxobutanoate_biosynthesis_citramalate	metabolic	anabolic	0.03448	0.04269	-0.00821	0.8011	1	1
origin_marine_coastal	cysteine_biosynthesis_homocysteine	metabolic	anabolic	0.1412	0.1489	-0.00776	0.9394	1	1
origin_sediment	cysteine_biosynthesis_homocysteine	metabolic	anabolic	0.1412	0.1489	-0.00776	0.9394	1	1
origin_air_built_environment	glycine_biosynthesis	metabolic	anabolic	0.9796	0.9691	0.0105	1.53	1	1
origin_soil_terrestrial	glycine_biosynthesis	metabolic	anabolic	0.9765	0.9689	0.007567	1.331	1	1
origin_soil_terrestrial	thiamine_precursor_salvage	metabolic	anabolic	0.2588	0.2635	-0.004679	0.9761	1	1
origin_animal_associated	thiamine_precursor_salvage	metabolic	anabolic	0.2588	0.2635	-0.004679	0.9761	1	1
origin_air_built_environment	thiamine_precursor_salvage	metabolic	anabolic	0.2653	0.2628	0.002555	1.013	1	1
origin_air_built_environment	thiamine_phosphate_biosynthesis	metabolic	anabolic	0.6939	0.6832	0.01072	1.051	1	1
origin_thermal_geothermal	thiamine_phosphate_biosynthesis	metabolic	anabolic	0.6824	0.6841	-0.001771	0.9919	1	1
origin_sediment	cytidylate_biosynthesis	metabolic	anabolic	0.9765	0.9738	0.002657	1.116	1	1
origin_marine_coastal	cytidylate_biosynthesis	metabolic	anabolic	0.9765	0.9738	0.002657	1.116	1	1
origin_engineered_wastewater	cytidylate_biosynthesis	metabolic	anabolic	0.9765	0.9738	0.002657	1.116	1	1
origin_plant_associated	lactate_formation_lactaldehyde	metabolic	catabolic	0.05882	0.05892	-9.627e-05	0.9983	1	1
origin_air_built_environment	lactate_formation_lactaldehyde	metabolic	catabolic	0.06122	0.05873	0.002492	1.045	1	1
origin_food_fermentation	kdg_degradation	metabolic	catabolic	0.3333	0.3382	-0.004902	0.9783	1	1
origin_thermal_geothermal	oxoglutarate_to_succinate	metabolic	catabolic	0.5765	0.5777	-0.001271	0.9948	1	1
origin_thermal_geothermal	oxopentenoate_degradation	metabolic	catabolic	0.04706	0.05237	-0.005314	0.8937	1	1
origin_thermal_geothermal	hydroxyphenylpropanoate_hydroxylation	metabolic	catabolic	0.08235	0.09165	-0.0093	0.8896	1	1
origin_marine_coastal	hydroxyphenylpropanoate_hydroxylation	metabolic	catabolic	0.08235	0.09165	-0.0093	0.8896	1	1
origin_soil_terrestrial	oxoadipate_activation	metabolic	catabolic	0.05882	0.05728	0.00154	1.029	1	1
origin_animal_associated	ethanol_formation	metabolic	catabolic	0.1647	0.162	0.002676	1.02	1	1
origin_freshwater_groundwater	ethanol_formation	metabolic	catabolic	0.1647	0.162	0.002676	1.02	1	1
origin_air_built_environment	allantoin_degradation	metabolic	catabolic	0.02041	0.02782	-0.007413	0.7283	1	1
origin_animal_associated	allantoin_degradation	metabolic	catabolic	0.02353	0.02782	-0.004294	0.8422	1	1
origin_freshwater_groundwater	allantoin_degradation	metabolic	catabolic	0.02353	0.02782	-0.004294	0.8422	1	1
origin_engineered_wastewater	allantoin_degradation	metabolic	catabolic	0.02353	0.02782	-0.004294	0.8422	1	1
origin_sediment	arabinoxylan_debranching	metabolic	catabolic	0.6941	0.6858	0.008357	1.04	1	1
origin_freshwater_groundwater	arabinoxylan_debranching	metabolic	catabolic	0.6941	0.6858	0.008357	1.04	1	1
origin_marine_coastal	galactose_degradation_leloir	metabolic	catabolic	0.1765	0.1751	0.001348	1.009	1	1
origin_sediment	galactose_degradation_leloir	metabolic	catabolic	0.1765	0.1751	0.001348	1.009	1	1
origin_engineered_wastewater	catechol_meta_cleavage	metabolic	catabolic	0.02353	0.02782	-0.004294	0.8422	1	1
origin_plant_associated	catechol_meta_cleavage	metabolic	catabolic	0.02353	0.02782	-0.004294	0.8422	1	1
origin_freshwater_groundwater	catechol_ortho_cleavage	metabolic	catabolic	0.01176	0.01473	-0.002965	0.7965	1	1
origin_aquatic_unspecified	catechol_ortho_cleavage	metabolic	catabolic	0.01149	0.01478	-0.003284	0.7755	1	1
origin_algal_associated	chitin_degradation	metabolic	catabolic	0.1961	0.2078	-0.01167	0.9302	1	1
origin_marine_coastal	collagen_cleavage	metabolic	catabolic	0.01176	0.01964	-0.007875	0.5946	1	1
origin_soil_terrestrial	collagen_cleavage	metabolic	catabolic	0.01176	0.01964	-0.007875	0.5946	1	1
origin_food_fermentation	collagen_cleavage	metabolic	catabolic	0.0119	0.01961	-0.007703	0.6028	1	1
origin_engineered_wastewater	creatinine_degradation	metabolic	catabolic	0.02353	0.02291	0.0006162	1.028	1	1
origin_animal_associated	creatinine_degradation	metabolic	catabolic	0.02353	0.02291	0.0006162	1.028	1	1
origin_air_built_environment	glucuronate_degradation	metabolic	catabolic	0.02041	0.03709	-0.01669	0.5412	1	1
origin_soil_terrestrial	glucuronate_degradation	metabolic	catabolic	0.03529	0.03601	-0.0007124	0.9795	1	1
origin_engineered_wastewater	betaine_demethylation	metabolic	catabolic	0.02353	0.02455	-0.001021	0.9575	1	1
origin_food_fermentation	betaine_demethylation	metabolic	catabolic	0.02381	0.02451	-0.0007003	0.9708	1	1
origin_food_fermentation	glycine_reduction_stickland	metabolic	catabolic	0.02381	0.03431	-0.0105	0.6867	1	1
origin_air_built_environment	glycine_reduction_stickland	metabolic	catabolic	0.02041	0.034	-0.01359	0.5922	1	1
origin_air_built_environment	isocitrate_to_oxoglutarate	metabolic	catabolic	0.6531	0.643	0.01009	1.045	1	1
origin_freshwater_groundwater	arginine_deiminase_pathway	metabolic	catabolic	0.1176	0.1162	0.001444	1.014	1	1
origin_plant_associated	arginine_deiminase_pathway	metabolic	catabolic	0.1176	0.1162	0.001444	1.014	1	1
origin_animal_associated	arginine_deiminase_pathway	metabolic	catabolic	0.1176	0.1162	0.001444	1.014	1	1
origin_food_fermentation	cysteine_degradation_sulfide	metabolic	catabolic	0.08333	0.0915	-0.00817	0.9027	1	1
origin_animal_associated	ectoine_degradation	metabolic	catabolic	0.02353	0.02291	0.0006162	1.028	1	1
origin_plant_associated	ectoine_degradation	metabolic	catabolic	0.02353	0.02291	0.0006162	1.028	1	1
origin_soil_terrestrial	ectoine_degradation	metabolic	catabolic	0.02353	0.02291	0.0006162	1.028	1	1
origin_animal_associated	glutamate_decarboxylation_gaba	metabolic	catabolic	0.07059	0.07529	-0.004698	0.9329	1	1
origin_algal_associated	histidine_degradation_glutamate	metabolic	catabolic	0.1176	0.124	-0.006384	0.9417	1	1
origin_plant_associated	histidine_degradation_glutamate	metabolic	catabolic	0.1176	0.1244	-0.006739	0.9387	1	1
origin_algal_associated	methionine_degradation_methanethiol	metabolic	catabolic	0.1176	0.1194	-0.001733	0.9836	1	1
origin_air_built_environment	rhamnose_degradation	metabolic	catabolic	0.04082	0.04637	-0.005552	0.8753	1	1
origin_food_fermentation	tryptophan_degradation_indole	metabolic	catabolic	0.09524	0.09641	-0.001167	0.9866	1	1
origin_soil_terrestrial	methylamine_degradation	metabolic	catabolic	0.01176	0.02291	-0.01115	0.508	1	1
origin_freshwater_groundwater	methylamine_degradation	metabolic	catabolic	0.01176	0.02291	-0.01115	0.508	1	1
origin_air_built_environment	mucin_sialic_acid_release	metabolic	catabolic	0.1633	0.1654	-0.002113	0.9847	1	1
origin_freshwater_groundwater	mucin_sialic_acid_release	metabolic	catabolic	0.1647	0.1653	-0.0005969	0.9957	1	1
origin_food_fermentation	pectin_degradation	metabolic	catabolic	0.1429	0.1438	-0.0009337	0.9924	1	1
origin_animal_associated	lactate_formation	metabolic	catabolic	0.2118	0.2193	-0.007548	0.9564	1	1
origin_freshwater_groundwater	lactate_formation	metabolic	catabolic	0.2118	0.2193	-0.007548	0.9564	1	1
origin_freshwater_groundwater	pyruvate_to_acetyl_coa	metabolic	catabolic	0.7294	0.7267	0.002734	1.014	1	1
origin_sediment	pyruvate_to_acetyl_coa	metabolic	catabolic	0.7294	0.7267	0.002734	1.014	1	1
origin_aquatic_unspecified	sarcosine_demethylation	metabolic	catabolic	0.1494	0.1478	0.001642	1.013	1	1
origin_animal_associated	taurine_desulfonation_aerobic	metabolic	catabolic	0.03529	0.04583	-0.01053	0.762	1	1
origin_algal_associated	taurine_desulfonation_aerobic	metabolic	catabolic	0.03922	0.04496	-0.005746	0.8671	1	1
origin_food_fermentation	taurine_degradation_sulfoacetaldehyde	metabolic	catabolic	0.03571	0.03922	-0.003501	0.9075	1	1
origin_aquatic_unspecified	urate_degradation	metabolic	catabolic	0.06897	0.07882	-0.009852	0.8659	1	1
origin_aquatic_unspecified	urea_hydrolysis	metabolic	catabolic	0.2069	0.2118	-0.004926	0.9707	1	1
origin_freshwater_groundwater	xylan_degradation	metabolic	catabolic	0.3294	0.3339	-0.004467	0.9801	1	1
origin_freshwater_groundwater	lactate_racemisation	metabolic	interconversion	0.1882	0.1964	-0.008164	0.9489	1	1
origin_animal_associated	lactate_racemisation	metabolic	interconversion	0.1882	0.1964	-0.008164	0.9489	1	1
origin_freshwater_groundwater	acetate_interconversion	metabolic	interconversion	0.4353	0.4337	0.001579	1.006	1	1
origin_air_built_environment	xylose_uptake_abc	metabolic	transport	0.06122	0.07883	-0.0176	0.7624	1	1
origin_food_fermentation	xylose_uptake_abc	metabolic	transport	0.07143	0.07843	-0.007003	0.904	1	1
origin_soil_terrestrial	arabinose_uptake_abc	metabolic	transport	0.02353	0.02455	-0.001021	0.9575	1	1
origin_plant_associated	taurine_uptake_abc	metabolic	transport	0.05882	0.05728	0.00154	1.029	1	1
origin_thermal_geothermal	phosphate_starvation_response	regulatory		0.3176	0.3257	-0.008049	0.9638	1	1
origin_sediment	phosphate_starvation_response	regulatory		0.3176	0.3257	-0.008049	0.9638	1	1
origin_marine_coastal	flagellar_apparatus	structural		0.1412	0.1489	-0.00776	0.9394	1	1
origin_engineered_wastewater	lpt_lipopolysaccharide_export_apparatus	structural		0.2353	0.2422	-0.006932	0.9627	1	1
origin_marine_coastal	lpt_lipopolysaccharide_export_apparatus	structural		0.2353	0.2422	-0.006932	0.9627	1	1
origin_marine_coastal	type_ii_secretion_system	structural		0.08235	0.08347	-0.001117	0.9854	1	1
origin_soil_terrestrial	type_iva_pilus	structural		0.09412	0.09656	-0.002445	0.9721	1	1
origin_marine_coastal	type_iva_pilus	structural		0.09412	0.09656	-0.002445	0.9721	1	1
