genome_id	phylum	class	order	family	genus	species	genome_size	supported	expected	residual	standardised_residual	p_value	q_value	deviation
GCA_003339775.1	p__Bacillota_I	c__Bacilli_A	o__Mycoplasmatales	f__Mycoplasmataceae	g__Spiroplasma	s__Spiroplasma phoeniceum	1908276	4	30.44	-26.44	-2.941	0.003268	0.5704	within expectation
GCA_958296095.1	p__Bdellovibrionota_B	c__Oligoflexia	o__Oligoflexales	f__JAPPIL01	g__G958296095	s__G958296095 sp958296095	3090669	15	47.92	-32.92	-2.863	0.004191	0.5704	within expectation
GCA_004563595.2	p__Patescibacteriota	c__Gracilibacteria	o__BD1-5	f__UBA6164	g__MAAV01	s__MAAV01 sp004563595	1343103	0	16.2	-16.2	-2.666	0.007674	0.5704	within expectation
GCA_024181285.1	p__Spirochaetota	c__Spirochaetia	o__Treponematales	f__Treponemataceae	g__Treponema_B	s__Treponema_B sp024181285	3093697	17	47.94	-30.94	-2.664	0.007716	0.5704	within expectation
GCA_023213195.1	p__Bacteroidota	c__Bacteroidia	o__CAMBQF01	f__CAMBQF01	g__CAMBQF01	s__CAMBQF01 sp023213195	4155772	23	55.24	-32.24	-2.611	0.009015	0.5704	within expectation
GCA_022009895.1	p__Bacillota	c__Clostridia	o__UMGS1810	f__UMGS1810	g__Qingrenia	s__Qingrenia sp022009895	2648256	15	43.29	-28.29	-2.533	0.0113	0.6158	within expectation
GCA_009002475.1	p__Planctomycetota	c__Uabimicrobiia	o__Uabimicrobiales	f__Uabimicrobiaceae	g__Uabimicrobium	s__Uabimicrobium amorphum	9503417	32	64.26	-32.26	-2.504	0.01228	0.6158	within expectation
GCA_028622835.1	p__Bacillota	c__Clostridia	o__Clostridiales	f__Caloramatoraceae	g__Thermobrachium	s__Thermobrachium sp028622835	2732122	17	44.29	-27.29	-2.402	0.01631	0.6677	within expectation
GCA_016699575.1	p__Bacteroidota	c__Bacteroidia	o__Flavobacteriales_F	f__PHOS-HE28	g__PHOS-HE28	s__PHOS-HE28 sp016699575	4479215	27	56.86	-29.86	-2.373	0.01766	0.683	within expectation
GCA_016887485.1	p__Chloroflexota	c__Anaerolineae	o__Anaerolineales	f__Anaerolineaceae	g__Brevifilum	s__Brevifilum sp016887485	2897038	19	46.08	-27.08	-2.334	0.01958	0.6999	within expectation
GCA_023898405.1	p__Myxococcota	c__UBA727	o__UBA727	f__JABDBI01	g__G023898405	s__G023898405 sp023898405	2515055	16	41.54	-25.54	-2.302	0.02134	0.6999	within expectation
GCA_023213235.1	p__Elusimicrobiota	c__Elusimicrobia	o__UBA1565	f__UBA9628	g__GWA2-66-18	s__GWA2-66-18 sp023213235	3802950	25	53.19	-28.19	-2.288	0.02212	0.6999	within expectation
GCA_022646745.1	p__4484-113	c__4484-113	o__4484-113	f__JAFGCY01	g__JAHEFU01	s__JAHEFU01 sp022646745	4112261	27	55	-28	-2.241	0.02503	0.7258	within expectation
GCA_021057185.1	p__Patescibacteriota	c__Gracilibacteria	o__Absconditabacterales	f__Absconditicoccaceae	g__Absconditicoccus	s__Absconditicoccus praedator	1129696	0	11.27	-11.27	-2.207	0.0273	0.7342	within expectation
GCA_016699165.1	p__Cyanobacteriota	c__Vampirovibrionia	o__Obscuribacterales	f__Obscuribacteraceae	g__Aved-18	s__Aved-18 sp016699165	5037910	31	59.13	-28.13	-2.194	0.02825	0.7342	within expectation
GCA_000194605.1	p__Bacteroidota	c__Bacteroidia	o__Flavobacteriales_D	f__Crocinitomicaceae	g__Fluviicola	s__Fluviicola taffensis	4633577	30	57.55	-27.55	-2.165	0.03036	0.7389	within expectation
GCA_016699835.1	p__Planctomycetota	c__Phycisphaerae	o__Phycisphaerales	f__UBA1924	g__GCA-016699835	s__GCA-016699835 sp016699835	3355795	24	50.1	-26.1	-2.157	0.03098	0.7389	within expectation
GCA_016699305.1	p__Pseudomonadota	c__Alphaproteobacteria	o__GCA-016699305	f__GCA-016699305	g__GCA-016699305	s__GCA-016699305 sp016699305	2060775	12	33.76	-21.76	-2.146	0.03185	0.7389	within expectation
GCA_943846675.1	p__Bacteroidota	c__Bacteroidia	o__NS11-12g	f__UBA9320	g__UBA987	s__UBA987 sp002292105	3066831	23	47.7	-24.7	-2.075	0.03801	0.8132	within expectation
GCA_029873255.1	p__Bdellovibrionota_B	c__Oligoflexia	o__Silvanigrellales	f__Silvanigrellaceae	g__Silvanigrella	s__Silvanigrella sp029873255	3654982	27	52.23	-25.23	-2.044	0.04099	0.8307	within expectation
GCA_000146065.1	p__Cloacimonadota	c__Cloacimonadia	o__Cloacimonadales	f__Cloacimonadaceae	g__Cloacimonas	s__Cloacimonas acidaminivorans	2246820	16	37.32	-21.32	-1.984	0.04728	0.8428	within expectation
GCA_017352195.1	p__Bacillota	c__Clostridia	o__Tissierellales	f__Sedimentibacteraceae	g__UBA1535	s__UBA1535 sp017352195	3133930	25	48.3	-23.3	-1.936	0.05288	0.8428	within expectation
GCA_951813395.1	p__Gemmatimonadota	c__Gemmatimonadetes	o__Longimicrobiales	f__Gaopeijiaceae	g__Bin94	s__Bin94 sp951813395	4091820	31	54.89	-23.89	-1.891	0.05868	0.8908	within expectation
GCA_024398055.1	p__Bacteroidota	c__Bacteroidia	o__Flavobacteriales_G	f__Salibacteraceae	g__SCSIO-12741	s__SCSIO-12741 sp024398055	5103034	35	59.36	-24.36	-1.88	0.06014	0.8908	within expectation
GCA_002208115.1	p__Bdellovibrionota	c__Bdellovibrionia	o__Bdellovibrionales	f__Bdellovibrionaceae	g__Bdellovibrio	s__Bdellovibrio bacteriovorus_C	3769537	30	52.98	-22.98	-1.838	0.06607	0.8908	within expectation
GCA_943846755.1	p__Bacteroidota	c__Bacteroidia	o__Flavobacteriales_D	f__Sanyastnellaceae	g__UBA8752	s__UBA8752 sp002336475	2970419	25	46.8	-21.8	-1.826	0.06785	0.8908	within expectation
GCA_001602415.1	p__Bacteroidota	c__Bacteroidia	o__UKL13-3	f__UKL13-3	g__UKL13-3	s__UKL13-3 sp001602415	3236529	27	49.16	-22.16	-1.821	0.06867	0.8908	within expectation
GCA_002952755.1	p__Patescibacteriota	c__Saccharimonadia	o__Saccharimonadales	f__UBA4665	g__PMNU01	s__PMNU01 sp002952755	1450269	5	18.93	-13.93	-1.817	0.06927	0.8908	within expectation
GCA_026965555.1	p__Myxococcota_A	c__Polyangia	o__Nannocystales	f__Nannocystaceae	g__Nannocystis	s__Nannocystis punicea	13228663	42	64.62	-22.62	-1.808	0.0706	0.8908	within expectation
GCA_027594745.1	p__Bacteroidota	c__Bacteroidia	o__Chitinophagales	f__Saprospiraceae	g__Saprospira	s__Saprospira grandis	4303711	33	56.01	-23.01	-1.804	0.07126	0.8908	within expectation
GCA_013348845.1	p__Bacteroidota	c__Ignavibacteria	o__Tepidaquicellales	f__Tepidaquicellaceae	g__Tepidaquicella	s__Tepidaquicella proteinivora	2403876	21	39.92	-18.92	-1.68	0.0929	0.9438	within expectation
GCA_018394295.1	p__Bacillota_I	c__Bacilli_A	o__Haloplasmatales	f__Haloplasmataceae	g__JAENYC01	s__JAENYC01 sp018394295	3293660	29	49.62	-20.62	-1.679	0.09311	0.9438	within expectation
GCA_013414795.1	p__Bacteroidota	c__Ignavibacteria	o__Kapaibacteriales	f__UBA2268	g__Naka2016	s__Naka2016 sp003731655	2660650	24	43.44	-19.44	-1.666	0.09571	0.9438	within expectation
GCA_018394315.1	p__Bacillota_I	c__Bacilli_A	o__MAG-NZ	f__MAG-NZ	g__Zrk6	s__Zrk6 sp018394315	2165257	18	35.83	-17.83	-1.66	0.09701	0.9438	within expectation
GCA_014467015.1	p__Bacillota	c__Proteinivoracia	o__Proteinivoracales	f__Proteinivoracaceae	g__Alkalicella	s__Alkalicella caledoniensis	3695371	32	52.5	-20.5	-1.634	0.1023	0.9438	within expectation
GCA_019613795.1	p__Bacteroidota	c__Bacteroidia	o__Flavobacteriales	f__Flavobacteriaceae	g__Flavobacterium	s__Flavobacterium litorale	2725095	25	44.21	-19.21	-1.632	0.1026	0.9438	within expectation
GCA_030584005.1	p__Bdellovibrionota_C	c__UBA2361	o__UBA2361	f__JAFLCA01	g__G030584005	s__G030584005 sp030584005	2283970	20	37.97	-17.97	-1.627	0.1037	0.9438	within expectation
GCA_003258315.1	p__Myxococcota_A	c__Bradymonadia	o__Bradymonadales	f__Bradymonadaceae	g__Bradymonas	s__Bradymonas sediminis	5045683	38	59.16	-21.16	-1.623	0.1045	0.9438	within expectation
GCA_020886235.1	p__Babelota	c__Babeliae	o__Babelales	f__Vermiphilaceae	g__Noda2021	s__Noda2021 sp020886235	1222284	3	13.3	-10.3	-1.605	0.1085	0.9438	within expectation
GCA_023035815.1	p__Spirochaetota	c__Spirochaetia	o__Borreliales	f__Borreliaceae	g__Borrelia	s__Borrelia parkeri	1599772	9	22.82	-13.82	-1.595	0.1108	0.9438	within expectation
GCA_030583885.1	p__Chloroflexota	c__Anaerolineae	o__Anaerolineales	f__Villigracilaceae	g__Villigracilis	s__Villigracilis sp030583885	4403799	36	56.5	-20.5	-1.593	0.1112	0.9438	within expectation
GCA_009936135.1	p__Patescibacteriota	c__Microgenomatia	o__UBA1400	f__Chazhemtobacteraceae	g__Chazhemtobacterium	s__Chazhemtobacterium aquaticus	801504	0	5.94	-5.94	-1.592	0.1115	0.9438	within expectation
GCA_028370155.1	p__Actinomycetota	c__Actinomycetes	o__Actinomycetales	f__Micrococcaceae	g__Arthrobacter	s__Arthrobacter sp028370155	4175013	35	55.34	-20.34	-1.591	0.1117	0.9438	within expectation
GCA_900660615.1	p__Bacillota_I	c__Bacilli_A	o__Mycoplasmatales	f__Mycoplasmoidaceae	g__Malacoplasma	s__Malacoplasma iowae	1278574	4	14.62	-10.62	-1.556	0.1198	0.9438	within expectation
GCA_017161075.1	p__Bacillota_I	c__Bacilli_A	o__Erysipelotrichales	f__Erysipelotrichaceae	g__Clostridium_AQ	s__Clostridium_AQ sp000165065	4461680	37	56.78	-19.78	-1.532	0.1256	0.9438	within expectation
GCA_014931565.1	p__Bacillota	c__UBA994	o__PWPR01	f__PWPR01	g__GCA-014931565	s__GCA-014931565 sp014931565	3831732	34	53.37	-19.37	-1.53	0.1261	0.9438	within expectation
GCA_016700335.1	p__Bacteroidota	c__Ignavibacteria	o__OLB7	f__OLB7	g__GCA-016700335	s__GCA-016700335 sp016700335	3152895	30	48.46	-18.46	-1.507	0.1318	0.9438	within expectation
GCA_028748145.1	p__Spirochaetota	c__Spirochaetia	o__WRBN01	f__WRBN01	g__Entomospira	s__Entomospira culicis	1769585	13	27.14	-14.14	-1.483	0.1382	0.9438	within expectation
GCA_028865235.1	p__Nitrospirota	c__Nitrospiria	o__SBBL01	f__Manganitrophaceae	g__Manganitrophus	s__Manganitrophus sp028865235	4553225	38	57.2	-19.2	-1.482	0.1385	0.9438	within expectation
GCA_023898465.1	p__Patescibacteriota	c__Patescibacteriia	o__HK-STAS-PATE-3	f__HK-STAS-PATE-3	g__HK-STAS-PATE-3	s__HK-STAS-PATE-3 sp023898465	1082586	2	10.31	-8.31	-1.481	0.1386	0.9438	within expectation
GCA_928721565.1	p__Bacillota	c__Clostridia	o__TANB77	f__CAG-508	g__CAG-269	s__CAG-269 sp928721565	1549218	9	21.51	-12.51	-1.472	0.1411	0.9438	within expectation
GCA_002982135.1	p__Bacillota	c__Bacilli	o__Lactobacillales	f__Lactobacillaceae	g__Pediococcus	s__Pediococcus inopinatus	2312041	22	38.44	-16.44	-1.469	0.1418	0.9438	within expectation
GCA_030583805.1	p__Patescibacteriota	c__Patescibacteriia	o__SG8-24	f__DYFX01	g__DYFX01	s__DYFX01 sp030583805	1167441	3	12.07	-9.07	-1.467	0.1422	0.9438	within expectation
GCA_025370075.1	p__Bacteroidota	c__Bacteroidia	o__Cytophagales	f__Cyclobacteriaceae	g__ELB16-189	s__ELB16-189 sp025370075	4720360	39	57.92	-18.92	-1.454	0.146	0.9438	within expectation
GCA_018399075.1	p__Chlamydiota	c__Chlamydiia	o__Chlamydiales	f__Simkaniaceae	g__Neptunichlamydia	s__Neptunichlamydia sp018399075	1911037	16	30.51	-14.51	-1.434	0.1514	0.9438	within expectation
GCA_016700155.1	p__Bacteroidota	c__Ignavibacteria	o__Ignavibacteriales	f__Ignavibacteriaceae	g__GCA-016700155	s__GCA-016700155 sp016700155	4601368	39	57.41	-18.41	-1.417	0.1565	0.9438	within expectation
GCA_004103715.1	p__Bacillota	c__Clostridia	o__Tissierellales	f__Acidilutibacteraceae	g__Acidilutibacter	s__Acidilutibacter cellobiosedens	3743723	35	52.81	-17.81	-1.407	0.1596	0.9438	within expectation
GCA_016700075.1	p__Acidobacteriota	c__Blastocatellia	o__Pyrinomonadales	f__Pyrinomonadaceae	g__OLB17	s__OLB17 sp016700075	3393545	33	50.39	-17.39	-1.394	0.1632	0.9438	within expectation
GCA_016700035.1	p__Patescibacteriota	c__Saccharimonadia	o__CAILAD01	f__GCA-016700035	g__GCA-016700035	s__GCA-016700035 sp016700035	916044	1	7.43	-6.43	-1.381	0.1674	0.9438	within expectation
GCA_001027025.1	p__Thermotogota	c__Thermotogae	o__Petrotogales	f__Kosmotogaceae	g__Kosmotoga_B	s__Kosmotoga_B pacifica	2169170	21	35.9	-14.9	-1.364	0.1725	0.9438	within expectation
GCA_022559525.1	p__Babelota	c__Babeliae	o__Babelales	f__Vermiphilaceae	g__Vermiphilus	s__Vermiphilus pyriformis	1123447	3	11.14	-8.14	-1.358	0.1746	0.9438	within expectation
GCA_900660635.1	p__Bacillota_I	c__Bacilli_A	o__Mycoplasmatales	f__Metamycoplasmataceae	g__Mycoplasmopsis	s__Mycoplasmopsis gallopavonis	1028044	2	9.28	-7.28	-1.353	0.1761	0.9438	within expectation
GCA_000265505.1	p__Bacteroidota	c__Bacteroidia	o__Cytophagales	f__Bernardetiaceae	g__Bernardetia	s__Bernardetia litoralis	4919337	41	58.7	-17.7	-1.352	0.1765	0.9438	within expectation
GCA_007970665.1	p__Actinomycetota	c__Thermoleophilia	o__Solirubrobacterales	f__Solirubrobacteraceae	g__Baekduia	s__Baekduia soli	5212251	42	59.71	-17.71	-1.346	0.1783	0.9438	within expectation
GCA_013466985.1	p__Actinomycetota	c__Actinomycetes	o__Propionibacteriales	f__Nocardioidaceae	g__Nocardioides	s__Nocardioides ungokensis	4624782	40	57.52	-17.52	-1.345	0.1788	0.9438	within expectation
GCA_021065005.1	p__Pseudomonadota	c__Alphaproteobacteria	o__CAJXXZ01	f__G021065005	g__Gromoviella	s__Gromoviella agglomerans	589967	0	4.23	-4.23	-1.344	0.1789	0.9438	within expectation
GCA_016699105.1	p__Patescibacteriota	c__Saccharimonadia	o__UBA4664	f__UBA4664	g__GCA-016699105	s__GCA-016699105 sp016699105	1322297	6	15.69	-9.69	-1.328	0.1843	0.9438	within expectation
GCA_030583685.1	p__Patescibacteriota	c__Dojkabacteria	o__GCA-002793355	f__GCA-002793355	g__GCA-002793355	s__GCA-002793355 sp030583685	888748	1	7.04	-6.04	-1.326	0.1848	0.9438	within expectation
GCA_001430755.1	p__Patescibacteriota	c__Gracilibacteria	o__Peribacterales	f__Peribacteraceae	g__Peribacter	s__Peribacter riflensis	1248026	5	13.9	-8.9	-1.299	0.194	0.9438	within expectation
GCA_003966975.1	p__Chloroflexota	c__Anaerolineae	o__Anaerolineales	f__Anaerolineaceae	g__Pelolinea	s__Pelolinea submarina	3519887	35	51.31	-16.31	-1.296	0.1951	0.9438	within expectation
GCA_000255135.1	p__Thermotogota	c__Thermotogae	o__Petrotogales	f__Petrotogaceae	g__Marinitoga	s__Marinitoga piezophila	2244793	23	37.29	-14.29	-1.281	0.2001	0.9438	within expectation
GCA_019048865.1	p__Actinomycetota	c__Acidimicrobiia	o__Acidimicrobiales	f__Iamiaceae	g__Aquihabitans	s__Aquihabitans sp019048865	4938963	42	58.78	-16.78	-1.278	0.2012	0.9438	within expectation
GCA_002706375.1	p__Bacillota	c__Bacilli	o__Lactobacillales	f__Lactobacillaceae	g__Lactobacillus	s__Lactobacillus amylovorus	2172769	22	35.97	-13.97	-1.272	0.2034	0.9438	within expectation
GCA_022530585.1	p__Patescibacteriota	c__Minisyncoccia	o__Minisyncoccales	f__UBA5738	g__UBA5738	s__UBA5738 sp022530585	1159797	4	11.91	-7.91	-1.25	0.2112	0.9438	within expectation
GCA_900476085.1	p__Bacillota_I	c__Bacilli_A	o__Mycoplasmatales	f__Mycoplasmoidaceae	g__Mycoplasmoides	s__Mycoplasmoides gallisepticum	981408	2	8.47	-6.47	-1.246	0.2129	0.9438	within expectation
GCA_030913385.1	p__Bacteroidota	c__Bacteroidia	o__Cytophagales	f__Cytophagaceae	g__ABcell3	s__ABcell3 sp030913385	5118518	43	59.41	-16.41	-1.246	0.2129	0.9438	within expectation
GCA_011764505.1	p__Pseudomonadota	c__Gammaproteobacteria	o__Legionellales	f__Legionellaceae	g__Legionella	s__Legionella antarctica	3927137	38	53.95	-15.95	-1.244	0.2134	0.9438	within expectation
GCA_016699655.1	p__Fibrobacterota	c__Fibrobacteria	o__UBA5070	f__UBA5070	g__UBA5070	s__UBA5070 sp016699655	5836944	45	61.37	-16.37	-1.232	0.2179	0.9438	within expectation
GCA_007971385.1	p__Bacteroidota	c__Bacteroidia	o__Chitinophagales	f__Chitinophagaceae	g__Arachidicoccus	s__Arachidicoccus ginsenosidivorans	5773153	45	61.22	-16.22	-1.222	0.2218	0.9438	within expectation
GCA_016446395.1	p__Cyanobacteriota	c__Cyanobacteriia	o__Cyanobacteriales	f__Laspinemataceae	g__Koinonema	s__Koinonema sp016446395	6286783	46	62.21	-16.21	-1.216	0.2241	0.9438	within expectation
GCA_004102645.1	p__Bipolaricaulota	c__Bipolaricaulia	o__Bipolaricaulales	f__Bipolaricaulaceae	g__Bipolaricaulis	s__Bipolaricaulis sibiricus	1701655	14	25.44	-11.44	-1.214	0.2247	0.9438	within expectation
GCA_004296535.1	p__Pseudomonadota	c__Gammaproteobacteria	o__Enterobacterales	f__Enterobacteriaceae	g__Nardonella	s__Nardonella sp004296535	219841	1	4.84	-3.84	-1.205	0.2283	0.9438	within expectation
GCA_022919215.1	p__Bacteroidota	c__Bacteroidia	o__Cytophagales	f__Hymenobacteraceae	g__Hymenobacter	s__Hymenobacter cellulosilyticus	6087913	46	61.87	-15.87	-1.191	0.2336	0.9438	within expectation
GCA_023242925.1	p__Pseudomonadota	c__Alphaproteobacteria	o__Caulobacterales	f__Aquidulcibacteraceae	g__Vitreimonas	s__Vitreimonas sp023242925	4180036	40	55.37	-15.37	-1.188	0.2349	0.9438	within expectation
GCA_023898745.1	p__Pseudomonadota	c__Alphaproteobacteria	o__G02398745	f__G023898745	g__G023898745	s__G023898745 sp023898745	953497	2	8.01	-6.01	-1.183	0.2367	0.9438	within expectation
GCA_002117145.1	p__Pseudomonadota	c__Alphaproteobacteria	o__Caedimonadales	f__Nucleicultricaceae	g__Nucleicultrix	s__Nucleicultrix amoebiphila	1838212	17	28.81	-11.81	-1.18	0.2381	0.9438	within expectation
GCA_001729245.1	p__Spirochaetota	c__Leptospiria	o__Leptospirales	f__Leptospiraceae	g__Leptospira	s__Leptospira tipperaryensis	4591888	42	57.37	-15.37	-1.176	0.2397	0.9438	within expectation
GCA_002838205.1	p__Bacillota_I	c__Bacilli_A	o__Acholeplasmatales	f__Acholeplasmataceae	g__Mariniplasma	s__Mariniplasma sp002838205	2157199	23	35.68	-12.68	-1.151	0.2497	0.9438	within expectation
GCA_016699775.1	p__Patescibacteriota	c__Patescibacteriia	o__Patescibacteriales	f__Patescibacteriaceae	g__Patescibacterium	s__Patescibacterium danicum	938851	2	7.78	-5.78	-1.151	0.2498	0.9438	within expectation
GCA_015200345.1	p__Planctomycetota	c__Phycisphaerae	o__UBA1845	f__UTPLA1	g__PLA3	s__PLA3 sp003576875	3877392	39	53.65	-14.65	-1.142	0.2536	0.9438	within expectation
GCA_028736235.1	p__Bacillota	c__Bacilli	o__Lactobacillales	f__Lactobacillaceae	g__Lacticaseibacillus	s__Lacticaseibacillus pabuli	2582146	29	42.45	-13.45	-1.137	0.2554	0.9438	within expectation
GCA_028768545.1	p__Desulfobacterota	c__Desulfobacteria	o__Desulfobacterales	f__Desulfobacteraceae	g__Desulfobacter	s__Desulfobacter sp028768545	4958664	44	58.85	-14.85	-1.127	0.2598	0.9438	within expectation
GCA_015500095.1	p__Chloroflexota	c__Anaerolineae	o__Aggregatilineales	f__Phototrophicaceae	g__Phototrophicus	s__Phototrophicus methaneseepsis	5631885	46	60.89	-14.89	-1.12	0.2625	0.9438	within expectation
GCA_000266885.1	p__Spirochaetota	c__Leptospiria	o__Turneriellales	f__Turneriellaceae	g__Turneriella	s__Turneriella parva	4409302	42	56.53	-14.53	-1.114	0.2652	0.9438	within expectation
GCA_030583785.1	p__Patescibacteriota	c__Dojkabacteria	o__B142	f__OLB20	g__OLB21	s__OLB21 sp001567305	1172464	5	12.18	-7.18	-1.099	0.2716	0.9438	within expectation
GCA_001029775.1	p__Patescibacteriota	c__Minisyncoccia	o__Phycocordibacterales	f__UBA12079	g__UBA12079	s__UBA12079 sp001029775	752630	1	5.42	-4.42	-1.082	0.2792	0.9438	within expectation
GCA_003991135.1	p__Bacillota	c__Halanaerobiia	o__DY22613	f__DY22613	g__Anoxybacter	s__Anoxybacter fermentans	3557532	38	51.57	-13.57	-1.069	0.2851	0.9438	within expectation
GCA_016699855.1	p__Pseudomonadota	c__Alphaproteobacteria	o__Reyranellales	f__Reyranellaceae	g__GCA-016699855	s__GCA-016699855 sp016699855	5340810	46	60.11	-14.11	-1.063	0.2876	0.9438	within expectation
GCA_023898485.1	p__Patescibacteriota	c__Gracilibacteria	o__Absconditabacterales	f__Absconditicoccaceae	g__HK-STAS-PATE-9	s__HK-STAS-PATE-9 sp023898485	1001997	3	8.82	-5.82	-1.06	0.2889	0.9438	within expectation
GCA_030545015.1	p__Bacteroidota	c__Bacteroidia	o__Flavobacteriales	f__Flavobacteriaceae	g__Flavobacterium	s__Flavobacterium sp030545015	2509405	29	41.46	-12.46	-1.06	0.289	0.9438	within expectation
GCA_026184435.1	p__Coprothermobacterota	c__Coprothermobacteria	o__Coprothermobacterales	f__JAADFF01	g__JAADFF01	s__JAADFF01 sp013153035	1588679	13	22.53	-9.53	-1.06	0.2891	0.9438	within expectation
GCA_001999965.1	p__Planctomycetota	c__Phycisphaerae	o__Sedimentisphaerales	f__Sedimentisphaeraceae	g__Limihaloglobus	s__Limihaloglobus sulfuriphilus	3868357	40	53.59	-13.59	-1.057	0.2904	0.9438	within expectation
GCA_000092845.1	p__Spirochaetota	c__Brachyspiria	o__Brachyspirales	f__Brachyspiraceae	g__Brachyspira	s__Brachyspira murdochii	3241804	36	49.2	-13.2	-1.056	0.2911	0.9438	within expectation
GCA_016699205.1	p__Patescibacteriota	c__Patescibacteriia	o__2-12-FULL-60-25	f__2-12-FULL-60-25	g__CAIXDN01	s__CAIXDN01 sp016699205	1082254	4	10.31	-6.31	-1.051	0.293	0.9438	within expectation
GCA_951813605.1	p__Acidobacteriota	c__Terriglobia	o__Bryobacterales	f__UBA6623	g__VXMF01	s__VXMF01 sp951813605	6185587	48	62.04	-14.04	-1.05	0.2936	0.9438	within expectation
GCA_003641145.1	p__Bacillota	c__Bacilli	o__Lactobacillales	f__Lactobacillaceae	g__Lactiplantibacillus	s__Lactiplantibacillus paraplantarum	3368529	37	50.2	-13.2	-1.048	0.2946	0.9438	within expectation
GCA_016699405.1	p__Acidobacteriota	c__Thermoanaerobaculia	o__Multivoradales	f__JAGPDF01	g__JAAYLR01	s__JAAYLR01 sp016699405	5224191	46	59.75	-13.75	-1.038	0.2995	0.9438	within expectation
GCA_001029635.1	p__Patescibacteriota	c__Minisyncoccia	o__UBA6257	f__UBA9933	g__UBA9933	s__UBA9933 sp001029635	984447	3	8.52	-5.52	-1.019	0.3083	0.9438	within expectation
GCA_951812755.1	p__Latescibacterota	c__UBA2968	o__UBA2968	f__UBA2968	g__VXRD01	s__VXRD01 sp951812755	6530187	49	62.57	-13.57	-1.012	0.3114	0.9438	within expectation
GCA_028728065.1	p__Verrucomicrobiota	c__Lentisphaeria	o__Lentisphaerales	f__Lentisphaeraceae	g__Lentisphaera	s__Lentisphaera profundi	5457903	47	60.44	-13.44	-1.011	0.3122	0.9438	within expectation
GCA_000508245.1	p__Bacillota_I	c__Bacilli_A	o__Mycoplasmatales	f__Mycoplasmoidaceae	g__Eperythrozoon_A	s__Eperythrozoon_A ovis	702511	1	4.97	-3.97	-1.007	0.314	0.9438	within expectation
GCA_001618865.1	p__Acidobacteriota	c__Vicinamibacteria	o__Vicinamibacterales	f__Vicinamibacteraceae	g__Luteitalea	s__Luteitalea pratensis	7480314	50	63.51	-13.51	-1.005	0.3147	0.9438	within expectation
GCA_001936335.1	p__Bacillota	c__Bacilli	o__Lactobacillales	f__Lactobacillaceae	g__Amylolactobacillus	s__Amylolactobacillus amylophilus	1610352	14	23.1	-9.1	-0.995	0.3198	0.9438	within expectation
GCA_000831645.3	p__Bacillota	c__Bacilli	o__Lactobacillales	f__Lactobacillaceae	g__Companilactobacillus	s__Companilactobacillus heilongjiangensis	2790548	33	44.95	-11.95	-0.984	0.3252	0.9438	within expectation
GCA_951813615.1	p__Latescibacterota	c__UBA2968	o__UBA8231	f__UBA8231	g__GCA-2724215	s__GCA-2724215 sp951813615	6265692	49	62.17	-13.17	-0.984	0.3253	0.9438	within expectation
GCA_030296595.1	p__Actinomycetota	c__Actinomycetes	o__Actinomycetales	f__Microbacteriaceae	g__Naasia	s__Naasia aerilata	3391135	38	50.37	-12.37	-0.979	0.3275	0.9438	within expectation
GCA_900660575.1	p__Bacillota_I	c__Bacilli_A	o__Mycoplasmatales	f__Metamycoplasmataceae	g__Mycoplasmopsis_B	s__Mycoplasmopsis_B pulmonis	962791	3	8.16	-5.16	-0.968	0.333	0.9438	within expectation
GCA_936270145.1	p__Pseudomonadota	c__Alphaproteobacteria	o__Rickettsiales	f__Anaplasmataceae	g__Wolbachia	s__Wolbachia sp936270145	1551378	13	21.56	-8.56	-0.965	0.3344	0.9438	within expectation
GCA_021650895.1	p__Planctomycetota	c__Brocadiia	o__Brocadiales	f__Brocadiaceae	g__Jettenia	s__Jettenia sp021650895	3822769	41	53.31	-12.31	-0.957	0.3387	0.9438	within expectation
GCA_011044495.1	p__Verrucomicrobiota	c__Verrucomicrobiia	o__Verrucomicrobiales	f__Verrucomicrobiaceae	g__Roseimicrobium	s__Roseimicrobium sp011044495	7957748	51	63.79	-12.79	-0.951	0.3415	0.9438	within expectation
GCA_902860225.1	p__Pseudomonadota	c__Gammaproteobacteria	o__UBA6186	f__Azoamicaceae	g__Azoamicus	s__Azoamicus ciliaticola	292520	1	4.24	-3.24	-0.947	0.3434	0.9438	within expectation
GCA_016699385.1	p__Patescibacteriota	c__Minisyncoccia	o__Moranbacterales	f__UBA1568	g__GCA-016699975	s__GCA-016699975 sp016699385	1111322	5	10.89	-5.89	-0.938	0.3481	0.9438	within expectation
GCA_000190435.1	p__Spirochaetota	c__Spirochaetia	o__Sphaerochaetales	f__Sphaerochaetaceae	g__Sphaerochaeta	s__Sphaerochaeta globosa	3316466	38	49.8	-11.8	-0.936	0.3492	0.9438	within expectation
GCA_951813285.1	p__Acidobacteriota	c__Terriglobia	o__Versatilivoradales	f__Versatilivoraceae	g__Versatilivorator	s__Versatilivorator sp951813285	5108082	47	59.37	-12.37	-0.933	0.3509	0.9438	within expectation
GCA_016699995.1	p__Patescibacteriota	c__Doudnabacteria	o__UBA920	f__UBA920	g__UBA920	s__UBA920 sp016699995	943189	3	7.85	-4.85	-0.923	0.3561	0.9438	within expectation
GCA_016699145.1	p__Patescibacteriota	c__Gracilibacteria	o__UBA1369	f__2-02-FULL-48-14	g__GCA-016699145	s__GCA-016699145 sp016699145	1338973	9	16.1	-7.1	-0.921	0.3573	0.9438	within expectation
GCA_016699515.1	p__Patescibacteriota	c__Gracilibacteria	o__UM-FILTER-43-11	f__UM-FILTER-43-11	g__GCA-016699515	s__GCA-016699515 sp016699515	1338661	9	16.09	-7.09	-0.92	0.3578	0.9438	within expectation
GCA_023370075.1	p__Deinococcota	c__Deinococci	o__Deinococcales	f__Deinococcaceae	g__Deinococcus	s__Deinococcus sp023370075	6358185	50	62.32	-12.32	-0.918	0.3585	0.9438	within expectation
GCA_000242595.3	p__Spirochaetota	c__Spirochaetia	o__DSM-27196	f__DSM-8902	g__Spirochaeta_B	s__Spirochaeta_B africana	3285855	38	49.56	-11.56	-0.918	0.3587	0.9438	within expectation
GCA_900066015.1	p__Chloroflexota	c__Anaerolineae	o__Promineifilales	f__Promineifilaceae	g__Promineifilum	s__Promineifilum breve	5033966	47	59.12	-12.12	-0.914	0.3606	0.9438	within expectation
GCA_001267155.1	p__Bacillota_I	c__Bacilli_A	o__Mycoplasmatales	f__Mycoplasmataceae	g__Spiroplasma_A	s__Spiroplasma_A litorale	1225519	7	13.37	-6.37	-0.908	0.364	0.9438	within expectation
GCA_014023125.1	p__Bacillota_I	c__Bacilli_A	o__Izemoplasmatales	f__Izemoplasmataceae	g__Xianfuyuplasma	s__Xianfuyuplasma coldseepsis	1958905	22	31.59	-9.59	-0.905	0.3654	0.9438	within expectation
GCA_014397115.1	p__Bacillota	c__Bacilli	o__Lactobacillales	f__Vagococcaceae	g__Vagococcus	s__Vagococcus carniphilus	3128613	37	48.25	-11.25	-0.901	0.3675	0.9438	within expectation
GCA_000316665.1	p__Cyanobacteriota	c__Cyanobacteriia	o__Cyanobacteriales	f__Nostocaceae	g__Rivularia	s__Rivularia sp000316665	8728773	52	64.08	-12.08	-0.901	0.3678	0.9438	within expectation
GCA_030583765.1	p__Patescibacteriota	c__Minisyncoccia	o__2-02-FULL-40-12	f__GWA2-44-9	g__G030583765	s__G030583765 sp030583765	615149	1	4.37	-3.37	-0.9	0.3679	0.9438	within expectation
GCA_001644665.1	p__Thermotogota	c__Thermotogae	o__Thermotogales	f__Fervidobacteriaceae	g__Fervidobacterium	s__Fervidobacterium ngatamarikiense	2061852	24	33.79	-9.79	-0.898	0.3693	0.9438	within expectation
GCA_004359375.1	p__Bacillota	c__Bacilli	o__Lactobacillales	f__Lactobacillaceae	g__Acetilactobacillus	s__Acetilactobacillus jinshanensis	1616430	15	23.25	-8.25	-0.893	0.3717	0.9438	within expectation
GCA_951813575.1	p__Desulfobacterota	c__Binatia	o__UBA9968	f__JAJDTQ01	g__JAJDTQ01	s__JAJDTQ01 sp951813575	4210610	44	55.53	-11.53	-0.884	0.3769	0.9438	within expectation
GCA_008329965.1	p__Spirochaetota	c__Spirochaetia	o__DSM-2461	f__DSM-2461	g__Oceanispirochaeta	s__Oceanispirochaeta crateris	4012482	43	54.44	-11.44	-0.882	0.3779	0.9438	within expectation
GCA_017798145.1	p__Verrucomicrobiota	c__Verrucomicrobiia	o__Verrucomicrobiales	f__Akkermansiaceae	g__Luteolibacter	s__Luteolibacter sp017798145	4389840	45	56.44	-11.44	-0.872	0.3831	0.9438	within expectation
GCA_951813555.1	p__Actinomycetota	c__Acidimicrobiia	o__Acidimicrobiales	f__Bin134	g__Poriferisocius	s__Poriferisocius sp951813555	3809525	42	53.23	-11.23	-0.871	0.3838	0.9438	within expectation
GCA_951812725.1	p__Chloroflexota	c__Anaerolineae	o__Caldilineales	f__Caldilineaceae	g__Bin5	s__Bin5 sp951812725	5951259	50	61.6	-11.6	-0.866	0.3863	0.9438	within expectation
GCA_024172705.1	p__Pseudomonadota	c__Gammaproteobacteria	o__Comchoanobacterales	f__Comchoanobacteraceae	g__Comchoanobacter	s__Comchoanobacter bicostacola	1007335	4	8.91	-4.91	-0.863	0.3879	0.9438	within expectation
GCA_002197645.1	p__Bacillota	c__Bacilli	o__Lactobacillales	f__Enterococcaceae	g__Enterococcus_L	s__Enterococcus_L wangshanyuanii	4155954	44	55.24	-11.24	-0.862	0.3887	0.9438	within expectation
GCA_001029735.1	p__Patescibacteriota	c__UBA1384	o__UBA12157	f__UBA12157	g__GWE1-39-12	s__GWE1-39-12 sp001029735	915059	3	7.42	-4.42	-0.859	0.3903	0.9438	within expectation
GCA_951828535.1	p__Tectomicrobia	c__Entotheonellia	o__Entotheonellales	f__Entotheonellaceae	g__G958295825	s__G958295825 sp951828535	3617904	41	51.99	-10.99	-0.858	0.391	0.9438	within expectation
GCA_016887505.1	p__Bacillota	c__TC1	o__TC1	f__UBA5767	g__UBA5767	s__UBA5767 sp016887505	2563013	32	42.2	-10.2	-0.855	0.3928	0.9438	within expectation
GCA_013128195.2	p__Planctomycetota	c__Planctomycetia	o__Gemmatales	f__Gemmataceae	g__Gemmata	s__Gemmata tundricola	9857393	53	64.32	-11.32	-0.85	0.3952	0.9438	within expectation
GCA_025998815.1	p__Bacteroidota	c__Ignavibacteria	o__Ignavibacteriales	f__Ignavibacteriaceae	g__Ignavibacterium	s__Ignavibacterium sp025998815	3566706	41	51.63	-10.63	-0.832	0.4056	0.9438	within expectation
GCA_013374835.1	p__Patescibacteriota	c__Microgenomatia	o__UBA8517	f__UBA8517	g__UBA1430	s__UBA1430 sp013374835	901682	3	7.22	-4.22	-0.829	0.407	0.9438	within expectation
GCA_030295385.1	p__Acidobacteriota	c__Holophagae	o__Holophagales	f__Holophagaceae	g__Geothrix	s__Geothrix oryzae	3265981	39	49.4	-10.4	-0.824	0.4097	0.9438	within expectation
GCA_001886815.1	p__Calditrichota	c__Calditrichia	o__Calditrichales	f__Calditrichaceae	g__Caldithrix	s__Caldithrix abyssi	4978541	48	58.92	-10.92	-0.823	0.4105	0.9438	within expectation
GCA_000471025.2	p__Chlamydiota	c__Chlamydiia	o__Chlamydiales	f__Chlamydiaceae	g__Chlamydia	s__Chlamydia gallinacea	1067202	5	10.01	-5.01	-0.823	0.4106	0.9438	within expectation
GCA_000317435.1	p__Cyanobacteriota	c__Cyanobacteriia	o__Cyanobacteriales	f__Nostocaceae	g__PCC-6303	s__PCC-6303 sp000317435	6960392	52	63.07	-11.07	-0.822	0.4111	0.9438	within expectation
GCA_028596025.1	p__Bacteroidota	c__Bacteroidia	o__Sphingobacteriales	f__Sphingobacteriaceae	g__Mucilaginibacter	s__Mucilaginibacter jinjuensis	6157393	51	61.99	-10.99	-0.819	0.413	0.9438	within expectation
GCA_002135175.2	p__Bacillota_I	c__Bacilli_A	o__Mycoplasmatales	f__MT37	g__Spiroplasma_C	s__Spiroplasma_C holothuricola	424539	1	3.85	-2.85	-0.813	0.4162	0.9438	within expectation
GCA_013046825.1	p__Bacillota_I	c__Bacilli_A	o__MOL361	f__Turicibacteraceae	g__Turicibacter	s__Turicibacter sanguinis	2999687	37	47.08	-10.08	-0.812	0.4168	0.9438	within expectation
GCA_025998955.1	p__Chloroflexota	c__Anaerolineae	o__J036	f__Brachytrichaceae	g__JAAFGM01	s__JAAFGM01 sp025998955	4668611	47	57.7	-10.7	-0.811	0.4177	0.9438	within expectation
GCA_022811725.1	p__Bacteroidota	c__Bacteroidia	o__Sphingobacteriales	f__Sphingobacteriaceae	g__Mucilaginibacter	s__Mucilaginibacter sp022811725	8130403	53	63.87	-10.87	-0.807	0.4198	0.9438	within expectation
GCA_000010305.1	p__Gemmatimonadota	c__Gemmatimonadetes	o__Gemmatimonadales	f__Gemmatimonadaceae	g__Gemmatimonas	s__Gemmatimonas aurantiaca	4636964	47	57.57	-10.57	-0.801	0.4234	0.9438	within expectation
GCA_004571195.1	p__Pseudomonadota	c__Gammaproteobacteria	o__Legionellales	f__Legionellaceae	g__Legionella_B	s__Legionella_B geestiana	2666749	34	43.52	-9.52	-0.787	0.4313	0.9438	within expectation
GCA_958295815.1	p__Poribacteria	c__WGA-4E	o__WGA-4E	f__WGA-3G	g__WGA-3G	s__WGA-3G sp958295815	5130803	49	59.45	-10.45	-0.785	0.4324	0.9438	within expectation
GCA_000266945.1	p__Desulfobacterota	c__Desulfomonilia	o__Desulfomonilales	f__Desulfomonilaceae	g__Desulfomonile	s__Desulfomonile tiedjei	6527027	52	62.56	-10.56	-0.785	0.4326	0.9438	within expectation
GCA_025997855.1	p__Deinococcota	c__Deinococci	o__Deinococcales	f__Deinococcaceae	g__Deinococcus	s__Deinococcus aetherius	4818874	48	58.32	-10.32	-0.779	0.4361	0.9438	within expectation
GCA_018771565.1	p__Chloroflexota	c__Anaerolineae	o__Thermoflexales	f__Thermoflexaceae	g__Thermoflexus	s__Thermoflexus hugenholtzii_A	3316678	40	49.8	-9.8	-0.774	0.4391	0.9438	within expectation
GCA_002224645.1	p__Bacillota	c__Dehalobacteriia	o__Dehalobacteriales	f__Dehalobacteriaceae	g__Dehalobacterium	s__Dehalobacterium formicoaceticum	3766545	43	52.96	-9.96	-0.772	0.4404	0.9438	within expectation
GCA_000236685.1	p__Spirochaetota	c__Spirochaetia	o__Sphaerochaetales	f__Sphaerochaetaceae	g__Sphaerochaeta	s__Sphaerochaeta pleomorpha	3590853	42	51.8	-9.8	-0.764	0.4447	0.9438	within expectation
GCA_026625185.1	p__Desulfobacterota	c__WTBG01	o__JAGOGO01	f__JAGOGO01	g__G026625185	s__G026625185 sp026625185	3300546	40	49.67	-9.67	-0.764	0.4448	0.9438	within expectation
GCA_003353065.1	p__Bacteroidota	c__Rhodothermia	o__Balneolales	f__Cyclonatronaceae	g__Cyclonatronum	s__Cyclonatronum proteinivorum	4294247	46	55.96	-9.96	-0.759	0.4476	0.9438	within expectation
GCA_958295835.1	p__Pseudomonadota	c__Gammaproteobacteria	o__HK1	f__HK1	g__HK1	s__HK1 sp958295835	5732555	51	61.13	-10.13	-0.756	0.4496	0.9438	within expectation
GCA_018304765.1	p__Acidobacteriota	c__Blastocatellia	o__Chloracidobacteriales	f__Chloracidobacteriaceae	g__Chloracidobacterium	s__Chloracidobacterium aggregatum	3715176	43	52.63	-9.63	-0.747	0.4551	0.9438	within expectation
GCA_958295675.1	p__Patescibacteriota	c__Minisyncoccia	o__Phycocordibacterales	f__JABAAK01	g__JAPPJI01	s__JAPPJI01 sp958295675	724510	2	5.16	-3.16	-0.737	0.461	0.9438	within expectation
GCA_018208355.1	p__Bacillota	c__Sulfobacillia	o__Fermentithermobacillales	f__Fermentithermobacillaceae	g__Fermentithermobacillus	s__Fermentithermobacillus carboniphilus	2316832	30	38.52	-8.52	-0.736	0.4617	0.9438	within expectation
GCA_018128945.1	p__Bacillota	c__Clostridia	o__Christensenellales	f__Aristaeellaceae	g__Aristaeella	s__Aristaeella hokkaidonensis	3390518	41	50.36	-9.36	-0.736	0.4617	0.9438	within expectation
GCA_958296175.1	p__Chloroflexota	c__UBA11872	o__UBA11872	f__UBA11872	g__UBA11872	s__UBA11872 sp958296175	3002743	38	47.11	-9.11	-0.732	0.4643	0.9438	within expectation
GCA_005377625.1	p__Desulfobacterota	c__Syntrophobacteria	o__Syntrophobacterales	f__DSM-9756	g__Desulfoglaeba	s__Desulfoglaeba alkanexedens	3365583	41	50.18	-9.18	-0.722	0.4705	0.9438	within expectation
GCA_015775515.1	p__Atribacterota	c__Atribacteria	o__Atribacterales	f__Atribacteraceae	g__Atribacter	s__Atribacter laminatus	3101225	39	48.01	-9.01	-0.719	0.4723	0.9438	within expectation
GCA_007954745.1	p__Bacillota	c__Bacilli	o__Lactobacillales	f__Lactobacillaceae	g__Leuconostoc	s__Leuconostoc koreense	1864558	22	29.43	-7.43	-0.716	0.4742	0.9438	within expectation
GCA_006351925.1	p__Bacillota	c__Clostridia	o__Clostridiales	f__Clostridiaceae	g__Clostridium_AU	s__Clostridium_AU thermarum	3805212	44	53.2	-9.2	-0.711	0.4772	0.9438	within expectation
GCA_001610875.1	p__Planctomycetota	c__Planctomycetia	o__Pirellulales	f__Pirellulaceae	g__JBKCUI01	s__JBKCUI01 sp001610875	6534136	53	62.57	-9.57	-0.71	0.4775	0.9438	within expectation
GCA_030389495.1	p__Bacillota	c__Bacilli	o__Lactobacillales	f__Lactobacillaceae	g__Ligilactobacillus	s__Ligilactobacillus cholophilus	1587935	16	22.51	-6.51	-0.706	0.4801	0.9438	within expectation
GCA_000317555.1	p__Cyanobacteriota	c__Cyanobacteriia	o__Cyanobacteriales	f__Chroococcidiopsidaceae	g__Chroogloeocystis	s__Chroogloeocystis sp000317555	5882710	52	61.46	-9.46	-0.705	0.481	0.9438	within expectation
GCA_013265555.1	p__Bacteroidota	c__Bacteroidia	o__Bacteroidales	f__Tenuifilaceae	g__Tenuifilum	s__Tenuifilum thalassicum	3195778	40	48.82	-8.82	-0.7	0.4842	0.9438	within expectation
GCA_019891175.1	p__Cyanobacteriota	c__Cyanobacteriia	o__Leptolyngbyales	f__Leptolyngbyaceae	g__Leptothermofonsia	s__Leptothermofonsia sichuanensis	6426061	53	62.42	-9.42	-0.699	0.4844	0.9438	within expectation
GCA_002117005.1	p__Planctomycetota	c__Phycisphaerae	o__Sedimentisphaerales	f__Sedimentisphaeraceae	g__Sedimentisphaera	s__Sedimentisphaera salicampi	3192293	40	48.79	-8.79	-0.697	0.4856	0.9438	within expectation
GCA_028768465.1	p__Planctomycetota	c__Planctomycetia	o__Pirellulales	f__Pirellulaceae	g__Rhodopirellula	s__Rhodopirellula sp028768465	7291416	54	63.37	-9.37	-0.693	0.488	0.9438	within expectation
GCA_003344865.1	p__Actinomycetota	c__Nitriliruptoria	o__Euzebyales	f__Euzebyaceae	g__Euzebya	s__Euzebya pacifica	6371455	53	62.34	-9.34	-0.693	0.4881	0.9438	within expectation
GCA_000828855.1	p__Bacillota_I	c__Bacilli_A	o__Mycoplasmatales	f__Metamycoplasmataceae	g__Metamycoplasma	s__Metamycoplasma canadense	693241	2	4.9	-2.9	-0.689	0.4908	0.9438	within expectation
GCA_017134395.1	p__Patescibacteriota	c__Minisyncoccia	o__Phycocordibacterales	f__UBA2100	g__UBA2100	s__UBA2100 sp017134395	687746	2	4.85	-2.85	-0.681	0.4959	0.9438	within expectation
GCA_000219805.1	p__Bacillota	c__Bacilli	o__Lactobacillales	f__Lactobacillaceae	g__Weissella	s__Weissella koreensis	1441470	13	18.7	-5.7	-0.672	0.5014	0.9438	within expectation
GCA_002970915.1	p__Bacillota	c__Bacilli	o__Lactobacillales	f__Lactobacillaceae	g__Lactiplantibacillus	s__Lactiplantibacillus sp002970915	2552584	34	42.06	-8.06	-0.671	0.5019	0.9438	within expectation
GCA_003967015.1	p__Cyanobacteriota	c__Cyanobacteriia	o__Pseudanabaenales	f__Pseudanabaenaceae	g__Pseudanabaena	s__Pseudanabaena sp003967015	5657972	52	60.96	-8.96	-0.668	0.5044	0.9438	within expectation
GCA_001610835.1	p__Planctomycetota	c__Planctomycetia	o__Planctomycetales	f__Planctomycetaceae	g__Planctomyces_A	s__Planctomyces_A sp001610835	8442773	55	63.99	-8.99	-0.667	0.505	0.9438	within expectation
GCA_024204645.1	p__Desulfobacterota	c__Desulfovibrionia	o__Desulfovibrionales	f__Desulfomicrobiaceae	g__Desulfomicrobium	s__Desulfomicrobium sp024204645	3867579	45	53.59	-8.59	-0.661	0.5085	0.9438	within expectation
GCA_000265425.1	p__Acidobacteriota	c__Terriglobia	o__Terriglobales	f__Acidobacteriaceae	g__Terriglobus	s__Terriglobus roseus	5227858	51	59.76	-8.76	-0.656	0.5119	0.9438	within expectation
GCA_001029755.1	p__Patescibacteriota	c__Microgenomatia	o__UBA8517	f__UBA8517	g__GWF1-31-35	s__GWF1-31-35 sp001029755	819458	3	6.15	-3.15	-0.655	0.5122	0.9438	within expectation
GCA_001971585.1	p__Bacillota	c__Bacilli	o__Lactobacillales	f__Lactobacillaceae	g__Companilactobacillus	s__Companilactobacillus allii	2534178	34	41.81	-7.81	-0.652	0.5147	0.9438	within expectation
GCA_000219725.1	p__Spirochaetota	c__Spirochaetia	o__Treponematales	f__Breznakiellaceae	g__Gracilinema	s__Gracilinema caldarium	3239340	41	49.18	-8.18	-0.646	0.5181	0.9438	within expectation
GCA_018069705.1	p__Synergistota	c__Synergistia	o__Synergistales	f__Aminithiophilaceae	g__Aminithiophilus	s__Aminithiophilus ramosus	3108337	40	48.07	-8.07	-0.642	0.5207	0.9438	within expectation
GCA_023038255.1	p__Patescibacteriota	c__Gracilibacteria	o__Peribacterales	f__Peribacteraceae	g__CALREJ01	s__CALREJ01 sp023038255	1239242	9	13.69	-4.69	-0.642	0.5209	0.9438	within expectation
GCA_951812955.1	p__JAAXHH01	c__JAAXHH01	o__JAAXHH01	f__JAAXHH01	g__JAAXHH01	s__JAAXHH01 sp951812955	3813436	45	53.25	-8.25	-0.636	0.5246	0.9438	within expectation
GCA_018622675.1	p__Bacillota_I	c__Bacilli_A	o__Izemoplasmatales	f__Hujiaoplasmataceae	g__Hujiaoplasma	s__Hujiaoplasma sp018622675	1648168	18	24.07	-6.07	-0.636	0.5249	0.9438	within expectation
GCA_025860405.1	p__Cyanobacteriota	c__Cyanobacteriia	o__Cyanobacteriales	f__Nostocaceae	g__Aulosira	s__Aulosira diplosiphon	10115897	56	64.36	-8.36	-0.627	0.5307	0.9438	within expectation
GCA_004101845.1	p__Bacillota	c__Bacilli	o__Lactobacillales	f__Lactobacillaceae	g__Latilactobacillus	s__Latilactobacillus curvatus	1916521	24	30.63	-6.63	-0.625	0.5319	0.9438	within expectation
GCA_025639805.1	p__Bacteroidota	c__Bacteroidia	o__Cytophagales	f__Cyclobacteriaceae	g__Reichenbachiella	s__Reichenbachiella carrageenanivorans	4812735	50	58.3	-8.3	-0.624	0.5326	0.9438	within expectation
GCA_022921075.1	p__Bacteroidota	c__Bacteroidia	o__Cytophagales	f__Hymenobacteraceae	g__Hymenobacter	s__Hymenobacter sp022921075	5396006	52	60.27	-8.27	-0.617	0.5372	0.9438	within expectation
GCA_022809775.1	p__Desulfobacterota	c__Desulfovibrionia	o__Desulfovibrionales	f__Desulfovibrionaceae	g__Pseudodesulfovibrio	s__Pseudodesulfovibrio tunisiensis	3609901	44	51.93	-7.93	-0.616	0.5382	0.9438	within expectation
GCA_002736205.1	p__Bacteroidota	c__Bacteroidia	o__Sphingobacteriales	f__Sphingobacteriaceae	g__Pedobacter	s__Pedobacter ginsengisoli_A	5373360	52	60.2	-8.2	-0.612	0.5403	0.9438	within expectation
GCA_024730565.1	p__Bacillota	c__Clostridia	o__Clostridiales	f__Clostridiaceae	g__Clostridium_AD	s__Clostridium_AD estertheticum_B	3930106	46	53.96	-7.96	-0.611	0.5412	0.9438	within expectation
GCA_021278965.1	p__Bacteroidota	c__Bacteroidia	o__Flavobacteriales	f__Weeksellaceae	g__Chryseobacterium	s__Chryseobacterium capnotolerans	5357258	52	60.15	-8.15	-0.609	0.5426	0.9438	within expectation
GCA_015698285.1	p__Nitrospinota	c__Nitrospinia	o__Nitrospinales	f__Nitrospinaceae	g__Nitronauta	s__Nitronauta litoralis	3921641	46	53.91	-7.91	-0.607	0.5437	0.9438	within expectation
GCA_003931795.1	p__Bacillota_I	c__Bacilli_A	o__Erysipelotrichales	f__Erysipelotrichaceae	g__Erysipelothrix	s__Erysipelothrix piscisicarius	1722938	20	25.98	-5.98	-0.604	0.546	0.9438	within expectation
GCA_003795145.1	p__Bacillota	c__Bacilli	o__Lactobacillales	f__Enterococcaceae	g__Tetragenococcus	s__Tetragenococcus koreensis	2732026	37	44.29	-7.29	-0.595	0.5517	0.9438	within expectation
GCA_025999275.1	p__Patescibacteriota	c__Microgenomatia	o__UBA8517	f__UBA8517	g__Ch104c	s__Ch104c sp025999275	785860	3	5.77	-2.77	-0.59	0.5555	0.9438	within expectation
GCA_943846715.1	p__Bacteroidota	c__Bacteroidia	o__Flavobacteriales	f__Schleiferiaceae	g__TMED14	s__TMED14 sp002378565	1671877	19	24.68	-5.68	-0.586	0.5577	0.9438	within expectation
GCA_002706745.1	p__Bacillota	c__Bacilli	o__Lactobacillales	f__Lactobacillaceae	g__Companilactobacillus	s__Companilactobacillus farciminis	2551839	35	42.05	-7.05	-0.585	0.5582	0.9438	within expectation
GCA_029981845.1	p__Pseudomonadota	c__Alphaproteobacteria	o__Rickettsiales	f__Midichloriaceae	g__Aquirickettsia	s__Aquirickettsia numerosa	1584328	17	22.42	-5.42	-0.584	0.5593	0.9438	within expectation
GCA_023898725.1	p__Pseudomonadota	c__Alphaproteobacteria	o__JAUHZC01	f__JAUHZC01	g__G023898725	s__G023898725 sp023898725	1107460	7	10.81	-3.81	-0.583	0.5597	0.9438	within expectation
GCA_001029795.1	p__Patescibacteriota	c__Kazan-3B-28	o__Kazan-3B-28	f__Kazan-3B-28	g__Kazan-3B-28	s__Kazan-3B-28 sp001029795	602646	2	4.3	-2.3	-0.575	0.5655	0.9438	within expectation
GCA_958295885.1	p__Pseudomonadota	c__Gammaproteobacteria	o__Arenicellales	f__JAJDZL01	g__JAJDZL01	s__JAJDZL01 sp958295885	4421864	49	56.59	-7.59	-0.575	0.5656	0.9438	within expectation
GCA_951812575.1	p__Desulfobacterota	c__Binatia	o__Bin18	f__Bin18	g__Bin18	s__Bin18 sp951812575	5178102	52	59.6	-7.6	-0.569	0.5697	0.9438	within expectation
GCA_021513255.1	p__Bacillota	c__Bacilli	o__Bacillales_A	f__Planococcaceae	g__Planococcus	s__Planococcus sp021513255	3513248	44	51.26	-7.26	-0.565	0.5721	0.9438	within expectation
GCA_018389385.1	p__Cyanobacteriota	c__Cyanobacteriia	o__Gloeobacterales	f__Anthocerotibacteraceae	g__Anthocerotibacter	s__Anthocerotibacter panamensis	4187797	48	55.41	-7.41	-0.564	0.5729	0.9438	within expectation
GCA_030583845.1	p__Patescibacteriota	c__Dojkabacteria	o__SC72	f__JAHDCA01	g__G030583845	s__G030583845 sp030583845	1036382	6	9.43	-3.43	-0.562	0.5741	0.9438	within expectation
GCA_018024475.1	p__Bacillota_I	c__Bacilli_A	o__Acholeplasmatales	f__Acholeplasmataceae	g__Phytoplasma	s__Phytoplasma luffae	769143	3	5.59	-2.59	-0.558	0.5767	0.9438	within expectation
GCA_004010835.2	p__Bacillota	c__Bacilli	o__Lactobacillales	f__Lactobacillaceae	g__Oenococcus	s__Oenococcus sp004010835	2030442	27	33.13	-6.13	-0.558	0.577	0.9438	within expectation
GCA_023169805.1	p__Armatimonadota	c__Abditibacteriia	o__Abditibacteriales	f__Abditibacteriaceae	g__Abditibacterium	s__Abditibacterium sp023169805	7533559	56	63.54	-7.54	-0.557	0.5774	0.9438	within expectation
GCA_011492945.1	p__Actinomycetota	c__Rubrobacteria	o__Rubrobacterales	f__Rubrobacteraceae	g__Rubrobacter_D	s__Rubrobacter_D tropicus	4584100	50	57.34	-7.34	-0.553	0.58	0.9438	within expectation
GCA_021018745.1	p__Cyanobacteriota	c__Cyanobacteriia	o__Gloeobacterales	f__Gloeobacteraceae	g__Gloeobacter	s__Gloeobacter morelensis	5102396	52	59.35	-7.35	-0.55	0.5822	0.9438	within expectation
GCA_016699595.1	p__Patescibacteriota	c__Dojkabacteria	o__GCA-016699595	f__GCA-016699595	g__GCA-016699595	s__GCA-016699595 sp016699595	761814	3	5.51	-2.51	-0.545	0.5859	0.9438	within expectation
GCA_025999395.1	p__Patescibacteriota	c__Minisyncoccia	o__UBA6257	f__JAGOQP01	g__KatS3mg098	s__KatS3mg098 sp025999395	561860	2	4.11	-2.11	-0.537	0.5913	0.9438	within expectation
GCA_002844395.1	p__Bacillota	c__Clostridia	o__Acetivibrionales	f__Acetivibrionaceae	g__Herbivorax	s__Herbivorax saccincola	3604547	45	51.89	-6.89	-0.534	0.5933	0.9438	within expectation
GCA_016699445.1	p__UBA10199	c__UBA10199	o__JACPAL01	f__GCA-016699445	g__GCA-016699445	s__GCA-016699445 sp016699445	2746553	38	44.46	-6.46	-0.525	0.5993	0.9438	within expectation
GCA_025999215.1	p__Patescibacteriota	c__Dojkabacteria	o__J137	f__J137	g__KatS3mg085	s__KatS3mg085 sp025999215	862240	4	6.68	-2.68	-0.522	0.6015	0.9438	within expectation
GCA_000195295.1	p__Desulfobacterota	c__Desulfobaccia	o__Desulfobaccales	f__Desulfobaccaceae	g__Desulfobacca	s__Desulfobacca acetoxidans	3282536	43	49.53	-6.53	-0.513	0.6082	0.9438	within expectation
GCA_009363895.1	p__Pseudomonadota	c__Alphaproteobacteria	o__Sphingomonadales	f__Sphingomonadaceae	g__Sphingomicrobium	s__Sphingomicrobium ginsengisoli	3037290	41	47.43	-6.43	-0.512	0.6086	0.9438	within expectation
GCA_002007645.1	p__Planctomycetota	c__Phycisphaerae	o__Sedimentisphaerales	f__Anaerohalosphaeraceae	g__Anaerohalosphaera	s__Anaerohalosphaera lusitana	4250973	49	55.74	-6.74	-0.512	0.609	0.9438	within expectation
GCA_002970935.1	p__Bacillota	c__Bacilli	o__Lactobacillales	f__Lactobacillaceae	g__Lactiplantibacillus	s__Lactiplantibacillus sp002970935	2559736	36	42.15	-6.15	-0.509	0.6105	0.9438	within expectation
GCA_001761545.1	p__Bacillota	c__Bacilli	o__Lactobacillales	f__Lactobacillaceae	g__Weissella	s__Weissella soli	1683184	20	24.97	-4.97	-0.508	0.6116	0.9438	within expectation
GCA_001029715.1	p__Patescibacteriota	c__Microgenomatia	o__UBA1400	f__PJMF01	g__UBA1364	s__UBA1364 sp001029715	853053	4	6.56	-2.56	-0.502	0.6156	0.9438	within expectation
GCA_005954645.2	p__Actinomycetota	c__Actinomycetes	o__Propionibacteriales	f__Nocardioidaceae	g__Nocardioides	s__Nocardioides dongxiaopingii	4427648	50	56.62	-6.62	-0.5	0.617	0.9438	within expectation
GCA_000186345.1	p__Planctomycetota	c__Planctomycetia	o__Isosphaerales	f__Isosphaeraceae	g__Isosphaera	s__Isosphaera pallida	5529304	54	60.63	-6.63	-0.493	0.6218	0.9438	within expectation
GCA_007971225.1	p__Bacteroidota	c__Bacteroidia	o__Chitinophagales	f__Chitinophagaceae	g__Panacibacter	s__Panacibacter ginsenosidivorans	5528026	54	60.63	-6.63	-0.493	0.622	0.9438	within expectation
GCA_028743495.1	p__Bacillota	c__Bacilli	o__Bacillales	f__Alkalibacillaceae	g__Allobacillus	s__Allobacillus halotolerans	2700297	38	43.92	-5.92	-0.483	0.6291	0.9438	within expectation
GCA_016699265.1	p__Patescibacteriota	c__Microgenomatia	o__UBA1406	f__GWC2-37-13	g__CAZLQR01	s__CAZLQR01 sp016699265	928688	5	7.62	-2.62	-0.473	0.6359	0.9438	within expectation
GCA_026802175.1	p__Cyanobacteriota	c__Cyanobacteriia	o__Elainellales	f__Elainellaceae	g__Thermocoleostomius	s__Thermocoleostomius sinensis	5809202	55	61.3	-6.3	-0.468	0.64	0.9438	within expectation
GCA_007751715.1	p__Planctomycetota	c__Planctomycetia	o__Pirellulales	f__Pirellulaceae	g__Rosistilla	s__Rosistilla oblonga	7250512	57	63.33	-6.33	-0.467	0.6403	0.9438	within expectation
GCA_016700195.1	p__Acidobacteriota	c__Blastocatellia	o__RBC074	f__RBC074	g__JADJXM01	s__JADJXM01 sp016700195	6333691	56	62.28	-6.28	-0.465	0.6422	0.9438	within expectation
GCA_023525255.1	p__Spirochaetota	c__Brevinematia	o__Brevinematales	f__Thermospiraceae	g__Thermospira	s__Thermospira aquatica	2515453	36	41.55	-5.55	-0.461	0.6449	0.9438	within expectation
GCA_004843725.1	p__Bacteroidota	c__Bacteroidia	o__Flavobacteriales	f__Flavobacteriaceae	g__Olleya	s__Olleya sp004843725	4319537	50	56.09	-6.09	-0.461	0.6449	0.9438	within expectation
GCA_022921055.1	p__Bacteroidota	c__Bacteroidia	o__Cytophagales	f__Hymenobacteraceae	g__Hymenobacter	s__Hymenobacter volaticus	7126218	57	63.23	-6.23	-0.459	0.6459	0.9438	within expectation
GCA_001050475.1	p__Bacillota	c__Bacilli	o__Lactobacillales	f__Lactobacillaceae	g__Companilactobacillus	s__Companilactobacillus ginsenosidimutans	2590556	37	42.56	-5.56	-0.458	0.647	0.9438	within expectation
GCA_007747655.1	p__Planctomycetota	c__Planctomycetia	o__Pirellulales	f__Pirellulaceae	g__Anatilimnocola	s__Anatilimnocola aggregata	9007740	58	64.16	-6.16	-0.456	0.6481	0.9438	within expectation
GCA_022429645.1	p__Bacteroidota	c__Bacteroidia	o__Flavobacteriales	f__Flavobacteriaceae	g__Lutibacter	s__Lutibacter sp022429645	3930133	48	53.96	-5.96	-0.456	0.6485	0.9438	within expectation
GCA_002706425.1	p__Bacillota	c__Bacilli	o__Lactobacillales	f__Lactobacillaceae	g__Loigolactobacillus	s__Loigolactobacillus coryniformis	2951508	41	46.62	-5.62	-0.449	0.6535	0.9438	within expectation
GCA_004103735.1	p__Bacillota	c__Clostridia	o__Peptostreptococcales	f__Anaerovoracaceae	g__Aminipila	s__Aminipila luticellarii	2750839	39	44.51	-5.51	-0.447	0.6551	0.9438	within expectation
GCA_014489415.1	p__Cyanobacteriota	c__Cyanobacteriia	o__Cyanobacteriales	f__Nostocaceae	g__Raphidiopsis	s__Raphidiopsis curvispora_A	4057210	49	54.7	-5.7	-0.434	0.6645	0.9438	within expectation
GCA_023525915.1	p__Desulfobacterota	c__Desulfarculia	o__Adiutricales	f__Adiutricaceae	g__Adiutrix	s__Adiutrix sp023525915	4682372	52	57.76	-5.76	-0.433	0.6652	0.9438	within expectation
GCA_022558445.1	p__Bacillota	c__Dethiobacteria	o__SKNC01	f__SKNC01	g__Contubernalis	s__Contubernalis alkaliaceticus	3558951	46	51.58	-5.58	-0.432	0.6658	0.9438	within expectation
GCA_009720525.1	p__Planctomycetota	c__Planctomycetia	o__Planctomycetales	f__Planctomycetaceae	g__Gimesia	s__Gimesia benthica	8027492	58	63.82	-5.82	-0.429	0.6677	0.9438	within expectation
GCA_004376055.2	p__Nitrospirota	c__Thermodesulfovibrionia	o__Thermodesulfovibrionales	f__Magnetobacteriaceae	g__Magnetomonas	s__Magnetomonas plexicatena	3273455	44	49.46	-5.46	-0.428	0.6689	0.9438	within expectation
GCA_001029675.1	p__Patescibacteriota	c__Microgenomatia	o__UBA1400	f__CG1-02-47-37	g__GWC1-49-16	s__GWC1-49-16 sp001029675	1049888	7	9.68	-2.68	-0.426	0.6699	0.9438	within expectation
GCA_020386615.1	p__Bacteroidota	c__Bacteroidia	o__Chitinophagales	f__Chitinophagaceae	g__Chitinophaga	s__Chitinophaga pendula	7663439	58	63.63	-5.63	-0.415	0.6784	0.9482	within expectation
GCA_958295715.1	p__Chloroflexota	c__Dehalococcoidia	o__Lucifugimonadales	f__GCA-2712585	g__JAPULR01	s__JAPULR01 sp958295715	2404702	35	39.93	-4.93	-0.415	0.6784	0.9482	within expectation
GCA_030584185.1	p__Actinomycetota	c__Acidimicrobiia	o__Spongiisociales	f__UBA11373	g__G030584185	s__G030584185 sp030584185	2211559	32	36.69	-4.69	-0.407	0.6839	0.9515	within expectation
GCA_003860585.1	p__Bacteroidota	c__Bacteroidia	o__Flavobacteriales	f__Weeksellaceae	g__Kaistella	s__Kaistella carnis	3230102	44	49.11	-5.11	-0.401	0.6886	0.9515	within expectation
GCA_021390175.1	p__Bacteroidota	c__Bacteroidia	o__Flavobacteriales	f__Flavobacteriaceae	g__Flagellimonas	s__Flagellimonas sp010993815	4159450	50	55.26	-5.26	-0.399	0.6899	0.9515	within expectation
GCA_951812775.1	p__Pseudomonadota	c__Alphaproteobacteria	o__MPNO01	f__UBA2964	g__UBA2964	s__UBA2964 sp951812775	4149033	50	55.2	-5.2	-0.395	0.693	0.9515	within expectation
GCA_029323795.1	p__Bacteroidota	c__Bacteroidia	o__Flavobacteriales	f__Flavobacteriaceae	g__Zobellia	s__Zobellia alginiliquefaciens	5066785	54	59.23	-5.23	-0.39	0.6962	0.9515	within expectation
GCA_003795125.1	p__Bacillota	c__Bacilli	o__Lactobacillales	f__Enterococcaceae	g__Tetragenococcus	s__Tetragenococcus osmophilus	2384293	35	39.61	-4.61	-0.389	0.6975	0.9515	within expectation
GCA_030506285.1	p__Bacteroidota	c__Bacteroidia	o__Cytophagales	f__Cyclobacteriaceae	g__Catalinimonas	s__Catalinimonas niigatensis	7134482	58	63.24	-5.24	-0.386	0.6997	0.9515	within expectation
GCA_019464535.1	p__Verrucomicrobiota	c__Verrucomicrobiia	o__Opitutales	f__Opitutaceae	g__Horticoccus	s__Horticoccus luteus	4320198	51	56.09	-5.09	-0.385	0.7004	0.9515	within expectation
GCA_027925385.1	p__Pseudomonadota	c__Alphaproteobacteria	o__Rhizobiales	f__Beijerinckiaceae	g__Methylocystis	s__Methylocystis iwaonis	4483149	52	56.88	-4.88	-0.367	0.7134	0.9604	within expectation
GCA_003815875.1	p__Bacteroidota	c__Bacteroidia	o__Flavobacteriales	f__Weeksellaceae	g__Chryseobacterium	s__Chryseobacterium lactis	5618212	56	60.86	-4.86	-0.36	0.7186	0.9644	within expectation
GCA_002162355.1	p__Bacillota	c__Bacilli	o__Tumebacillales	f__Tumebacillaceae	g__Tumebacillus_A	s__Tumebacillus_A avium	5249768	55	59.83	-4.83	-0.36	0.7192	0.9644	within expectation
GCA_030908625.1	p__Bacillota	c__Clostridia	o__Oscillospirales	f__Ruminococcaceae	g__Paludihabitans	s__Paludihabitans sp030908625	2937905	42	46.49	-4.49	-0.358	0.7205	0.9644	within expectation
GCA_013099015.1	p__Patescibacteriota	c__Saccharimonadia	o__Saccharimonadales	f__Saccharimonadaceae	g__Nanosynbacter	s__Nanosynbacter sp013099015	877855	5	6.89	-1.89	-0.353	0.724	0.9672	within expectation
GCA_029719485.1	p__Verrucomicrobiota	c__Kiritimatiellia	o__SS1-B-03-39	f__UBA6053	g__UBA6053	s__UBA6053 sp029719485	4432027	52	56.64	-4.64	-0.349	0.7268	0.969	within expectation
GCA_000237085.1	p__Bacillota	c__Clostridia	o__Acetivibrionales	f__Acetivibrionaceae	g__Acetivibrio	s__Acetivibrio clariflavus	4897678	54	58.62	-4.62	-0.345	0.7298	0.9712	within expectation
GCA_001561955.1	p__Bacillota	c__Clostridia	o__Lachnospirales	f__Anaerotignaceae	g__Chakrabartyella	s__Chakrabartyella propionicum	3120417	44	48.18	-4.18	-0.329	0.742	0.9772	within expectation
GCA_004087915.1	p__Chrysiogenota	c__Deferribacteres	o__Deferribacterales	f__Geovibrionaceae	g__Geovibrio	s__Geovibrio thiophilus	2997552	43	47.06	-4.06	-0.322	0.7472	0.9772	within expectation
GCA_002277955.1	p__Planctomycetota	c__Planctomycetia	o__Pirellulales	f__Thermoguttaceae	g__Thermogutta	s__Thermogutta terrifontis	4810751	54	58.29	-4.29	-0.321	0.7485	0.9772	within expectation
GCA_001023575.1	p__Actinomycetota	c__Acidimicrobiia	o__IMCC26256	f__IMCC26256	g__IMCC26256	s__IMCC26256 sp001023575	2461858	37	40.78	-3.78	-0.315	0.7529	0.9772	within expectation
GCA_008033235.1	p__Bacteroidota	c__Bacteroidia	o__Sphingobacteriales	f__Sphingobacteriaceae	g__Anseongella	s__Anseongella ginsenosidimutans	4322684	52	56.11	-4.11	-0.31	0.7568	0.9772	within expectation
GCA_002831565.1	p__Bacteroidota	c__Bacteroidia	o__Cytophagales	f__Spirosomataceae	g__Spirosoma	s__Spirosoma pollinicola	8794837	60	64.1	-4.1	-0.303	0.7619	0.9772	within expectation
GCA_001953175.1	p__Chloroflexota	c__Dehalococcoidia	o__Dehalococcoidales	f__Dehalococcoidaceae	g__Dehalogenimonas	s__Dehalogenimonas formicexedens	2092789	31	34.42	-3.42	-0.303	0.7622	0.9772	within expectation
GCA_025264645.1	p__Acidobacteriota	c__Terriglobia	o__Terriglobales	f__Acidobacteriaceae	g__Edaphobacter	s__Edaphobacter lichenicola	5662239	57	60.97	-3.97	-0.294	0.769	0.9772	within expectation
GCA_014218275.1	p__Desulfobacterota	c__Desulfuromonadia	o__Geobacterales	f__Geobacteraceae	g__Geomonas	s__Geomonas pelophila	4458493	53	56.76	-3.76	-0.283	0.7772	0.9795	within expectation
GCA_026240635.1	p__Cyanobacteriota	c__Cyanobacteriia	o__B231	f__B231	g__Trichothermofontia	s__Trichothermofontia sichuanensis	4436989	53	56.66	-3.66	-0.275	0.783	0.9795	within expectation
GCA_025999155.1	p__Patescibacteriota	c__Dojkabacteria	o__JAOAGR01	f__JAOAGR01	g__KatS3mg084	s__KatS3mg084 sp025999155	738054	4	5.28	-1.28	-0.271	0.7861	0.9795	within expectation
GCA_004322855.1	p__Actinomycetota	c__Nitriliruptoria	o__Euzebyales	f__Egibacteraceae	g__Egibacter	s__Egibacter rhizosphaerae	4637169	54	57.57	-3.57	-0.267	0.7891	0.9795	within expectation
GCA_018223745.1	p__Bacillota	c__Clostridia	o__Clostridiales	f__Clostridiaceae	g__Clostridium	s__Clostridium beijerinckii	5950247	58	61.6	-3.6	-0.266	0.7902	0.9795	within expectation
GCA_004135735.1	p__Myxococcota_A	c__Polyangia	o__Polyangiales	f__Polyangiaceae	g__Sorangium	s__Sorangium cellulosum_F	11261481	61	64.48	-3.48	-0.263	0.7924	0.9795	within expectation
GCA_030520105.1	p__Armatimonadota	c__Fervidibacteria	o__Fervidibacterales	f__Fervidibacteraceae	g__Fervidibacter	s__Fervidibacter sacchari	3988786	51	54.31	-3.31	-0.251	0.8017	0.9795	within expectation
GCA_007954625.1	p__Bacillota	c__Bacilli	o__Lactobacillales	f__Lactobacillaceae	g__Leuconostoc	s__Leuconostoc lactis_A	1787635	25	27.58	-2.58	-0.249	0.8031	0.9795	within expectation
GCA_005473905.2	p__Bacillota	c__Clostridia	o__Acetivibrionales	f__DSM-1351	g__Ruminiclostridium	s__Ruminiclostridium herbifermentans	4817678	55	58.31	-3.31	-0.248	0.8045	0.9795	within expectation
GCA_029542625.1	p__Bacillota	c__Clostridia	o__Peptostreptococcales	f__Peptostreptococcaceae	g__Tepidibacter_A	s__Tepidibacter_A hydrothermalis	4161809	52	55.27	-3.27	-0.247	0.8046	0.9795	within expectation
GCA_028743515.2	p__Bacteroidota	c__Bacteroidia	o__Flavobacteriales	f__Flavobacteriaceae	g__Imtechella	s__Imtechella halotolerans	3113111	45	48.11	-3.11	-0.245	0.8065	0.9795	within expectation
GCA_007751035.1	p__Planctomycetota	c__Planctomycetia	o__Pirellulales	f__Pirellulaceae	g__Lignipirellula	s__Lignipirellula cremea	9565229	61	64.27	-3.27	-0.243	0.8081	0.9795	within expectation
GCA_023101345.1	p__Bacteroidota	c__Bacteroidia	o__Cytophagales	f__Hymenobacteraceae	g__Hymenobacter	s__Hymenobacter sublimis	4778575	55	58.16	-3.16	-0.236	0.8134	0.9806	within expectation
GCA_019597925.1	p__Bacillota	c__Clostridia	o__Lachnospirales	f__Lachnospiraceae	g__Clostridium_AP	s__Clostridium_AP sp000509125	3941835	51	54.03	-3.03	-0.231	0.8176	0.9806	within expectation
GCA_002243515.1	p__Bacillota	c__Bacilli	o__Tumebacillales	f__Tumebacillaceae	g__Tumebacillus_A	s__Tumebacillus_A algifaecis	4516965	54	57.04	-3.04	-0.228	0.8198	0.9806	within expectation
GCA_009936215.1	p__Thermotogota	c__Thermotogae	o__Mesoaciditogales	f__Mesoaciditogaceae	g__Athalassotoga	s__Athalassotoga saccharophila	2044999	31	33.44	-2.44	-0.218	0.8278	0.9806	within expectation
GCA_019263805.1	p__Bacteroidota	c__Bacteroidia	o__Flavobacteriales	f__Flavobacteriaceae	g__Polaribacter	s__Polaribacter sp011379025	4078668	52	54.82	-2.82	-0.213	0.8311	0.9806	within expectation
GCA_016350165.1	p__Planctomycetota	c__Phycisphaerae	o__Phycisphaerales	f__Phycisphaeraceae	g__Poriferisphaera	s__Poriferisphaera sp016350165	5234020	57	59.78	-2.78	-0.207	0.8364	0.9806	within expectation
GCA_000092125.1	p__Deinococcota	c__Deinococci	o__Deinococcales	f__Thermaceae	g__Allomeiothermus	s__Allomeiothermus silvanus	3721669	50	52.67	-2.67	-0.204	0.838	0.9806	within expectation
GCA_000147335.1	p__Cyanobacteriota	c__Cyanobacteriia	o__Cyanobacteriales	f__Microcystaceae	g__Gloeothece	s__Gloeothece verrucosa	7841948	61	63.73	-2.73	-0.2	0.8411	0.9806	within expectation
GCA_007747995.1	p__Planctomycetota	c__Planctomycetia	o__Planctomycetales	f__Planctomycetaceae	g__Symmachiella	s__Symmachiella dynata	7767809	61	63.69	-2.69	-0.197	0.8435	0.9806	within expectation
GCA_021389935.1	p__Bacteroidota	c__Bacteroidia	o__Cytophagales	f__Cyclobacteriaceae	g__Fulvivirga	s__Fulvivirga ligni	6523894	60	62.56	-2.56	-0.188	0.8507	0.9806	within expectation
GCA_000183135.1	p__Bacteroidota	c__Bacteroidia	o__Bacteroidales	f__Paludibacteraceae	g__Paludibacter	s__Paludibacter propionicigenes	3685504	50	52.44	-2.44	-0.187	0.852	0.9806	within expectation
GCA_008728835.1	p__Pseudomonadota	c__Alphaproteobacteria	o__Dongiales	f__Dongiaceae	g__Hypericibacter	s__Hypericibacter adhaerens	5865246	59	61.43	-2.43	-0.179	0.8579	0.9806	within expectation
GCA_003544815.1	p__Campylobacterota	c__Campylobacteria	o__Campylobacterales	f__Arcobacteraceae	g__Aliarcobacter	s__Aliarcobacter suis	2639269	41	43.18	-2.18	-0.177	0.8595	0.9806	within expectation
GCA_009688945.1	p__Desulfobacterota	c__Desulfobacteria	o__Desulfobacterales	f__Desulfosarcinaceae	g__Desulfosarcina	s__Desulfosarcina alkanivorans	7324708	61	63.39	-2.39	-0.176	0.8605	0.9806	within expectation
GCA_006739055.1	p__Pseudomonadota	c__Alphaproteobacteria	o__ATCC43930	f__Allostellaceae	g__Allostella	s__Allostella vacuolata	5834761	59	61.36	-2.36	-0.174	0.8617	0.9806	within expectation
GCA_009707465.1	p__Pseudomonadota	c__Alphaproteobacteria	o__Sphingomonadales	f__Sphingomonadaceae	g__Novosphingobium	s__Novosphingobium sp009707465	3818329	51	53.28	-2.28	-0.174	0.8617	0.9806	within expectation
GCA_025999335.1	p__Patescibacteriota	c__Minisyncoccia	o__UBA6257	f__HR35	g__CALHPI01	s__CALHPI01 sp025999335	680436	4	4.8	-0.8	-0.174	0.8619	0.9806	within expectation
GCA_000143965.1	p__Desulfobacterota	c__Desulfarculia	o__Desulfarculales	f__Desulfarculaceae	g__Desulfarculus	s__Desulfarculus baarsii	3655731	50	52.24	-2.24	-0.172	0.8637	0.9806	within expectation
GCA_007970805.1	p__Bacteroidota	c__Bacteroidia	o__Chitinophagales	f__Chitinophagaceae	g__Flavisolibacter	s__Flavisolibacter ginsenosidimutans	5079621	57	59.28	-2.28	-0.169	0.8656	0.9806	within expectation
GCA_002441855.2	p__Bacillota	c__Clostridia	o__Eubacteriales	f__Eubacteriaceae	g__Eubacterium	s__Eubacterium maltosivorans	4337501	54	56.18	-2.18	-0.164	0.8698	0.9806	within expectation
GCA_000144645.1	p__Bacillota	c__Thermosediminibacteria	o__Thermosediminibacterales	f__Thermosediminibacteraceae	g__Thermosediminibacter	s__Thermosediminibacter oceani	2280035	36	37.9	-1.9	-0.162	0.8716	0.9806	within expectation
GCA_015140235.1	p__Bacillota	c__Clostridia	o__Oscillospirales	f__Acutalibacteraceae	g__Solibaculum	s__Solibaculum mannosilyticum	2541474	40	41.91	-1.91	-0.156	0.8759	0.9806	within expectation
GCA_030123605.1	p__Nitrospirota	c__Nitrospiria	o__Nitrospirales	f__Nitrospiraceae	g__Nitrospira_A	s__Nitrospira_A sp030123605	4316411	54	56.07	-2.07	-0.156	0.876	0.9806	within expectation
GCA_025998675.1	p__Armatimonadota	c__Fimbriimonadia	o__Fimbriimonadales	f__GBS-DC	g__GBS-DC	s__GBS-DC sp025998675	2987958	45	46.97	-1.97	-0.156	0.8762	0.9806	within expectation
GCA_014083945.1	p__Acidobacteriota	c__Terriglobia	o__Terriglobales	f__Acidobacteriaceae	g__Granulicella	s__Granulicella sp014083945	3928701	52	53.95	-1.95	-0.148	0.882	0.9806	within expectation
GCA_026016225.1	p__Patescibacteriota	c__Minisyncoccia	o__Minisyncoccales	f__JANBVM01	g__Nealson33H	s__Nealson33H sp026016225	661413	4	4.66	-0.66	-0.145	0.8846	0.9815	within expectation
GCA_006770285.1	p__Bacillota	c__Bacilli	o__Lactobacillales	f__Streptococcaceae	g__Pseudolactococcus	s__Pseudolactococcus paracarnosus	2265140	36	37.64	-1.64	-0.14	0.8887	0.9815	within expectation
GCA_000512895.1	p__Bacillota	c__Desulfitobacteriia	o__Desulfitobacteriales	f__Syntrophobotulaceae	g__Dehalobacter	s__Dehalobacter restrictus	2943336	45	46.54	-1.54	-0.122	0.9029	0.9834	within expectation
GCA_001956985.1	p__Planctomycetota	c__Planctomycetia	o__Isosphaerales	f__Isosphaeraceae	g__Paludisphaera	s__Paludisphaera borealis	7651896	62	63.62	-1.62	-0.119	0.9055	0.9834	within expectation
GCA_000186265.1	p__Bacteroidota	c__Bacteroidia	o__Flavobacteriales	f__Flavobacteriaceae	g__Cellulophaga	s__Cellulophaga algicola	4888353	57	58.59	-1.59	-0.118	0.9059	0.9834	within expectation
GCA_016699735.1	p__Pseudomonadota	c__Alphaproteobacteria	o__Micavibrionales	f__Micavibrionaceae	g__JAGNKE01	s__JAGNKE01 sp016699735	2743961	43	44.43	-1.43	-0.115	0.9086	0.9834	within expectation
GCA_004208415.1	p__Chloroflexota	c__Ktedonobacteria	o__Ktedonobacterales	f__Ktedonobacteraceae	g__Ktedonosporobacter	s__Ktedonosporobacter rubrisoli	11340617	63	64.49	-1.49	-0.112	0.9106	0.9837	within expectation
GCA_030915445.1	p__Bacillota	c__Clostridia	o__Clostridiales	f__Clostridiaceae	g__Clostridium_AM	s__Clostridium_AM sp030915445	5878538	60	61.45	-1.45	-0.107	0.9146	0.9837	within expectation
GCA_030913705.1	p__Bacillota	c__Clostridia	o__Lachnospirales	f__Lachnospiraceae	g__Anaerocolumna	s__Anaerocolumna sp030913705	6437239	61	62.44	-1.44	-0.106	0.9159	0.9837	within expectation
GCA_018128245.1	p__Fusobacteriota	c__Fusobacteriia	o__Fusobacteriales	f__Leptotrichiaceae	g__JABCPH02	s__JABCPH02 sp013333235	2076334	33	34.08	-1.08	-0.095	0.924	0.9865	within expectation
GCA_000246855.1	p__Bacteroidota	c__Bacteroidia	o__Chitinophagales	f__Chitinophagaceae	g__Niastella	s__Niastella koreensis	9033684	63	64.16	-1.16	-0.086	0.9316	0.9865	within expectation
GCA_016699755.1	p__Patescibacteriota	c__Gracilibacteria	o__CAIRYL01	f__GCA-016699755	g__GCA-016699755	s__GCA-016699755 sp016699755	1560578	21	21.8	-0.8	-0.085	0.9325	0.9865	within expectation
GCA_027247405.1	p__Actinomycetota	c__Actinomycetes	o__Mycobacteriales	f__Jatrophihabitantaceae	g__Jatrophihabitans_B	s__Jatrophihabitans_B cynanchi	4515412	56	57.03	-1.03	-0.077	0.9386	0.9884	within expectation
GCA_016916535.1	p__Bacteroidota	c__Bacteroidia	o__Bacteroidales	f__Dysgonomonadaceae	g__Proteiniphilum	s__Proteiniphilum sp016916535	3468890	50	50.94	-0.94	-0.073	0.9422	0.99	within expectation
GCA_005960665.1	p__Bacillota	c__Bacilli	o__Exiguobacteriales	f__Exiguobacteriaceae	g__Exiguobacterium	s__Exiguobacterium mexicanum_A	2693465	43	43.84	-0.84	-0.068	0.946	0.99	within expectation
GCA_017134815.1	p__Verrucomicrobiota	c__Lentisphaeria	o__Victivallales	f__Victivallaceae	g__Zth2	s__Zth2 sp017134815	3198720	48	48.85	-0.85	-0.066	0.9474	0.99	within expectation
GCA_030913655.1	p__Bacillota	c__Clostridia	o__Clostridiales	f__Clostridiaceae	g__Clostridium_H	s__Clostridium_H sp030913655	3893327	53	53.74	-0.74	-0.056	0.955	0.99	within expectation
GCA_011765465.1	p__Pseudomonadota	c__Alphaproteobacteria	o__Sphingomonadales	f__Sphingomonadaceae	g__Erythrobacter	s__Erythrobacter sp011765465	3303132	49	49.69	-0.69	-0.054	0.9573	0.99	within expectation
GCA_004526345.1	p__Actinomycetota	c__Actinomycetes	o__Actinomycetales	f__Dermatophilaceae	g__Ornithinicoccus	s__Ornithinicoccus flavus	3712913	52	52.62	-0.62	-0.047	0.9626	0.99	within expectation
GCA_001765415.1	p__Cyanobacteriota	c__Vampirovibrionia	o__Gastranaerophilales	f__Gastranaerophilaceae	g__Stercorousia	s__Stercorousia sp001765415	1867336	29	29.49	-0.49	-0.046	0.9633	0.99	within expectation
GCA_007475525.1	p__Verrucomicrobiota	c__Verrucomicrobiia	o__Methylacidiphilales	f__Methylacidiphilaceae	g__Methylacidiphilum	s__Methylacidiphilum kamchatkense	2202032	36	36.52	-0.52	-0.044	0.9647	0.99	within expectation
GCA_022539405.1	p__Bacillota	c__Natranaerobiia	o__Natranaerobiales	f__Natranaerofabaceae	g__Natranaerofaba	s__Natranaerofaba carboxydovora	3264732	49	49.39	-0.39	-0.03	0.9761	0.994	within expectation
GCA_015159595.1	p__Bacillota	c__Clostridia	o__Lachnospirales	f__Lachnospiraceae	g__Novisyntrophococcus	s__Novisyntrophococcus liquoris	3518434	51	51.3	-0.3	-0.023	0.9818	0.994	within expectation
GCA_001708405.1	p__Pseudomonadota	c__Gammaproteobacteria	o__Enterobacterales	f__Kangiellaceae	g__Kangiella	s__Kangiella sediminilitoris	2496140	41	41.28	-0.28	-0.023	0.9819	0.994	within expectation
GCA_028748065.1	p__Pseudomonadota	c__Alphaproteobacteria	o__Caulobacterales	f__Parvularculaceae	g__Hyphococcus	s__Hyphococcus flavus	3472649	51	50.97	0.03	0.002	0.9981	0.9981	within expectation
GCA_024832785.2	p__Verrucomicrobiota	c__Verrucomicrobiia	o__Limisphaerales	f__Fontisphaeraceae	g__Fontisphaera	s__Fontisphaera persica	4726914	58	57.95	0.05	0.004	0.997	0.9981	within expectation
GCA_022921095.1	p__Bacteroidota	c__Bacteroidia	o__Cytophagales	f__Hymenobacteraceae	g__Hymenobacter	s__Hymenobacter aerilatus	5279535	60	59.92	0.08	0.006	0.9955	0.9981	within expectation
GCA_019668485.1	p__Bacillota	c__DTU030	o__DUMP01	f__DUMP01	g__DUMP01	s__DUMP01 sp012839755	2880462	46	45.91	0.09	0.007	0.9943	0.9981	within expectation
GCA_016403105.1	p__Cyanobacteriota	c__Cyanobacteriia	o__Phormidesmidales	f__Phormidesmidaceae	g__Nodosilinea	s__Nodosilinea sp016403105	4710209	58	57.88	0.12	0.009	0.9929	0.9981	within expectation
GCA_021284765.1	p__Pseudomonadota	c__Gammaproteobacteria	o__Xanthomonadales	f__Xanthomonadaceae	g__Lysobacter	s__Lysobacter sp013361435	4709885	58	57.88	0.12	0.009	0.9928	0.9981	within expectation
GCA_014489535.1	p__Pseudomonadota	c__Gammaproteobacteria	o__Burkholderiales	f__Burkholderiaceae_C	g__Diaphorobacter_A	s__Diaphorobacter_A aerolatus	4948189	59	58.81	0.19	0.014	0.9888	0.9974	within expectation
GCA_016745215.1	p__Pseudomonadota	c__Gammaproteobacteria	o__Chromatiales	f__Chromatiaceae	g__Thiohalocapsa	s__Thiohalocapsa sp003525925	7950631	64	63.78	0.22	0.016	0.9873	0.9973	within expectation
GCA_000166395.1	p__Bacteroidota	c__Bacteroidia	o__Cytophagales	f__Spirosomataceae	g__Leadbetterella	s__Leadbetterella byssophila	4059653	55	54.71	0.29	0.022	0.9826	0.994	within expectation
GCA_007750855.1	p__Planctomycetota	c__Planctomycetia	o__Pirellulales	f__Lacipirellulaceae	g__Pirellulimonas	s__Pirellulimonas nuda	6618662	63	62.68	0.32	0.023	0.9815	0.994	within expectation
GCA_001593605.1	p__Bacteroidota	c__Bacteroidia	o__Cytophagales	f__Cyclobacteriaceae	g__Algoriphagus	s__Algoriphagus sanaruensis	3882610	54	53.68	0.32	0.024	0.9806	0.994	within expectation
GCA_016858305.2	p__Bacteroidota	c__Bacteroidia	o__Flavobacteriales	f__Flavobacteriaceae	g__Polaribacter	s__Polaribacter sp016858305	4423854	57	56.6	0.4	0.03	0.9762	0.994	within expectation
GCA_003290465.1	p__Sumerlaeota	c__Sumerlaeia	o__Sumerlaeales	f__Sumerlaeaceae	g__Sumerlaea	s__Sumerlaea chitinivorans	3289105	50	49.58	0.42	0.032	0.9741	0.994	within expectation
GCA_003856495.1	p__Bacillota	c__Bacilli	o__Thermoactinomycetales	f__Thermoactinomycetaceae	g__Staphylospora	s__Staphylospora marina	2751094	45	44.51	0.49	0.039	0.9689	0.9917	within expectation
GCA_008838325.1	p__Chloroflexota	c__Dehalococcoidia	o__Tepidiformales	f__Tepidiformaceae	g__Tepidiforma	s__Tepidiforma bonchosmolovskayae	2746948	45	44.46	0.54	0.043	0.9659	0.99	within expectation
GCA_020149915.1	p__Bacteroidota	c__Bacteroidia	o__Bacteroidales	f__F082	g__Sulfidibacterium	s__Sulfidibacterium hydrothermale	3266086	50	49.4	0.6	0.047	0.9628	0.99	within expectation
GCA_006337165.1	p__Bacteroidota	c__Bacteroidia	o__Cytophagales	f__Hymenobacteraceae	g__Hymenobacter	s__Hymenobacter jejuensis	5086993	60	59.3	0.7	0.052	0.9588	0.99	within expectation
GCA_011046735.1	p__Pseudomonadota	c__Alphaproteobacteria	o__Rhizobiales	f__Aestuariivirgaceae	g__Taklimakanibacter	s__Taklimakanibacter sp011046735	7184314	64	63.28	0.72	0.053	0.9579	0.99	within expectation
GCA_000213255.1	p__Bacillota	c__Clostridia	o__Mahellales	f__Mahellaceae	g__Mahella	s__Mahella australiensis	3135972	49	48.31	0.69	0.053	0.9574	0.99	within expectation
GCA_003945285.1	p__Campylobacterota	c__Campylobacteria	o__Campylobacterales	f__Hydrogenimonadaceae	g__Hydrogenimonas	s__Hydrogenimonas sp003945285	2193435	37	36.36	0.64	0.055	0.9562	0.99	within expectation
GCA_003544855.1	p__Campylobacterota	c__Campylobacteria	o__Campylobacterales	f__Arcobacteraceae	g__Malaciobacter	s__Malaciobacter marinus	2917098	47	46.28	0.72	0.057	0.9548	0.99	within expectation
GCA_018141525.1	p__Actinomycetota	c__Thermoleophilia	o__Miltoncostaeales	f__Miltoncostaeaceae	g__Miltoncostaea	s__Miltoncostaea marina	3370274	51	50.21	0.79	0.061	0.9515	0.99	within expectation
GCA_019203965.1	p__Pseudomonadota	c__Alphaproteobacteria	o__Acetobacterales	f__Acetobacteraceae	g__Elioraea_A	s__Elioraea_A tepida	3367643	51	50.19	0.81	0.062	0.9503	0.99	within expectation
GCA_000212395.1	p__Thermodesulfobiota	c__Thermodesulfobiia	o__Thermodesulfobiales	f__Thermodesulfobiaceae	g__Thermodesulfobium	s__Thermodesulfobium narugense	1898865	31	30.23	0.77	0.071	0.9436	0.99	within expectation
GCA_000092205.1	p__Desulfobacterota	c__Desulfobulbia	o__Desulfobulbales	f__Desulfurivibrionaceae	g__Desulfurivibrio	s__Desulfurivibrio alkaliphilus	3097763	49	47.98	1.02	0.08	0.9366	0.9876	within expectation
GCA_025999455.1	p__Pseudomonadota	c__Alphaproteobacteria	o__Geminicoccales	f__Geminicoccaceae	g__JANXAZ01	s__JANXAZ01 sp025999455	3762466	54	52.93	1.07	0.081	0.9355	0.9876	within expectation
GCA_005116655.2	p__Desulfobacterota	c__Desulfobulbia	o__Desulfobulbales	f__Desulfocapsaceae	g__Desulfopila	s__Desulfopila flagellata	6751878	64	62.85	1.15	0.085	0.9326	0.9865	within expectation
GCA_001664005.1	p__Pseudomonadota	c__Alphaproteobacteria	o__Minwuiales	f__Minwuiaceae	g__Minwuia	s__Minwuia sp001664005	4700671	59	57.84	1.16	0.086	0.9313	0.9865	within expectation
GCA_025999835.1	p__Bacillota	c__Sulfobacillia	o__Symbiobacteriales	f__ZC4RG38	g__Caldinitratiruptor	s__Caldinitratiruptor microaerophilus	3599694	53	51.86	1.14	0.087	0.9307	0.9865	within expectation
GCA_005484985.1	p__Actinomycetota	c__Actinomycetes	o__Actinomycetales	f__Microbacteriaceae	g__Agrococcus	s__Agrococcus sp005484985	3084767	49	47.86	1.14	0.089	0.9294	0.9865	within expectation
GCA_013343005.1	p__Pseudomonadota	c__Gammaproteobacteria	o__GCF-013343005	f__GCF-013343005	g__Reidiella	s__Reidiella endopervernicosa	3446950	52	50.78	1.22	0.093	0.9255	0.9865	within expectation
GCA_001677435.1	p__Pseudomonadota	c__Gammaproteobacteria	o__Steroidobacterales	f__Woeseiaceae	g__Woeseia	s__Woeseia oceani	4059891	56	54.71	1.29	0.097	0.9227	0.9865	within expectation
GCA_019704135.1	p__Desulfobacterota	c__Desulfuromonadia	o__Desulfuromonadales	f__NIT-T3	g__Desulfuromonas_A	s__Desulfuromonas_A versatilis	4656376	59	57.65	1.35	0.1	0.9202	0.9865	within expectation
GCA_004751985.1	p__Pseudomonadota	c__Alphaproteobacteria	o__Rhodobacterales	f__Rhodobacteraceae	g__Rhodophyticola	s__Rhodophyticola sp004751985	3862905	55	53.56	1.44	0.109	0.9132	0.9837	within expectation
GCA_025998755.1	p__Armatimonadota	c__UBA5829	o__DSUL01	f__DSUL01	g__CALCJH01	s__CALCJH01 sp025998755	3289812	51	49.59	1.41	0.109	0.9131	0.9837	within expectation
GCA_006385595.1	p__Pseudomonadota	c__Gammaproteobacteria	o__Xanthomonadales	f__Rhodanobacteraceae	g__Luteibacter	s__Luteibacter pinisoli	4610696	59	57.46	1.54	0.115	0.9085	0.9834	within expectation
GCA_900637305.1	p__Pseudomonadota	c__Gammaproteobacteria	o__Cardiobacteriales	f__Cardiobacteriaceae	g__Cardiobacterium	s__Cardiobacterium hominis	2670755	45	43.57	1.43	0.115	0.9085	0.9834	within expectation
GCA_006770265.1	p__Bacillota	c__Bacilli	o__Lactobacillales	f__Streptococcaceae	g__Pseudolactococcus	s__Pseudolactococcus carnosus	2156377	37	35.66	1.34	0.115	0.9084	0.9834	within expectation
GCA_007362775.1	p__Actinomycetota	c__Actinomycetes	o__Propionibacteriales	f__Propionibacteriaceae	g__Microlunatus	s__Microlunatus elymi	5121194	61	59.42	1.58	0.117	0.9069	0.9834	within expectation
GCA_004300825.1	p__Actinomycetota	c__Nitriliruptoria	o__Nitriliruptorales	f__Nitriliruptoraceae	g__Egicoccus	s__Egicoccus halophilus	3980161	56	54.26	1.74	0.131	0.8954	0.9815	within expectation
GCA_014621775.1	p__Pseudomonadota	c__Gammaproteobacteria	o__Xanthomonadales	f__Xanthomonadaceae	g__Stenotrophomonas	s__Stenotrophomonas sp014621775	4157065	57	55.25	1.75	0.132	0.8952	0.9815	within expectation
GCA_003966655.1	p__Pseudomonadota	c__Gammaproteobacteria	o__Acidithiobacillales	f__Acidithiobacillaceae	g__Acidithiobacillus	s__Acidithiobacillus ferridurans	2921399	48	46.32	1.68	0.132	0.895	0.9815	within expectation
GCA_017310545.1	p__Verrucomicrobiota	c__Verrucomicrobiia	o__Methylacidiphilales	f__Methylacidiphilaceae	g__Methylacidimicrobium	s__Methylacidimicrobium sp017310545	2371269	41	39.41	1.59	0.132	0.8949	0.9815	within expectation
GCA_003428335.1	p__Pseudomonadota	c__Gammaproteobacteria	o__Nevskiales	f__Nevskiaceae	g__Solimonas_A	s__Solimonas_A sp003428335	5373342	62	60.2	1.8	0.133	0.8945	0.9815	within expectation
GCA_009193295.2	p__Bacteroidota	c__Bacteroidia	o__Bacteroidales	f__Bacteroidaceae	g__Bacteroides	s__Bacteroides luhongzhouii	5760088	63	61.2	1.8	0.133	0.8944	0.9815	within expectation
GCA_002356295.1	p__Bacteroidota	c__Bacteroidia	o__Bacteroidales	f__Marinifilaceae	g__Labilibaculum	s__Labilibaculum antarcticum	5718991	63	61.1	1.9	0.14	0.8889	0.9815	within expectation
GCA_000184345.2	p__Spirochaetota	c__Spirochaetia	o__Winmispirales	f__Winmispiraceae	g__Winmispira	s__Winmispira thermophila	2560222	44	42.16	1.84	0.149	0.8814	0.9806	within expectation
GCA_004102045.2	p__Bacillota	c__Bacilli	o__Lactobacillales	f__Lactobacillaceae	g__Oenococcus	s__Oenococcus sicerae	1664394	26	24.49	1.51	0.15	0.8809	0.9806	within expectation
GCA_004299845.1	p__Verrucomicrobiota	c__Kiritimatiellia	o__Kiritimatiellales	f__Pontiellaceae	g__Pontiella	s__Pontiella sp004299845	4107983	57	54.98	2.02	0.152	0.8793	0.9806	within expectation
GCA_001870205.1	p__Bacillota	c__Bacilli	o__Lactobacillales	f__Vagococcaceae	g__Vagococcus	s__Vagococcus teuberi	2184285	38	36.19	1.81	0.155	0.8771	0.9806	within expectation
GCA_022919135.1	p__Bacteroidota	c__Bacteroidia	o__Cytophagales	f__Hymenobacteraceae	g__Hymenobacter	s__Hymenobacter cellulosivorans	6101666	64	61.89	2.11	0.155	0.8771	0.9806	within expectation
GCA_000178835.2	p__Bacillota	c__Clostridia	o__Lachnospirales	f__Cellulosilyticaceae	g__Cellulosilyticum	s__Cellulosilyticum lentocellum	4714237	60	57.9	2.1	0.156	0.8759	0.9806	within expectation
GCA_022919175.1	p__Actinomycetota	c__Actinomycetes	o__Actinomycetales	f__Microbacteriaceae	g__Leucobacter	s__Leucobacter rhizosphaerae	3337834	52	49.96	2.04	0.157	0.8753	0.9806	within expectation
GCA_022655595.1	p__Pseudomonadota	c__Gammaproteobacteria	o__Cardiobacteriales	f__Wohlfahrtiimonadaceae	g__Ignatzschineria	s__Ignatzschineria rhizosphaerae	3074733	50	47.77	2.23	0.173	0.8623	0.9806	within expectation
GCA_002257695.2	p__Bacillota	c__Negativicutes	o__Sporomusales	f__Sporomusaceae	g__Sporomusa	s__Sporomusa acidovorans	5955502	64	61.61	2.39	0.175	0.8609	0.9806	within expectation
GCA_022869825.1	p__Bacillota	c__Clostridia	o__Clostridiales	f__Clostridiaceae	g__Clostridium	s__Clostridium sp022869825	2688791	46	43.78	2.22	0.177	0.8594	0.9806	within expectation
GCA_017352115.1	p__Bacteroidota	c__Bacteroidia	o__Flavobacteriales	f__Flavobacteriaceae	g__Flavobacterium	s__Flavobacterium endoglycinae	5513159	63	60.59	2.41	0.178	0.8591	0.9806	within expectation
GCA_000183405.1	p__Chrysiogenota	c__Deferribacteres	o__Deferribacterales	f__Calditerrivibrionaceae	g__Calditerrivibrio	s__Calditerrivibrio nitroreducens	2216552	39	36.78	2.22	0.188	0.8509	0.9806	within expectation
GCA_000734015.1	p__Desulfobacterota	c__Thermodesulfobacteria	o__Thermodesulfobacteriales	f__Thermodesulfobacteriaceae	g__Thermodesulfobacterium	s__Thermodesulfobacterium commune	1764045	29	27	2	0.19	0.8492	0.9806	within expectation
GCA_000184705.1	p__Bacillota	c__Sulfobacillia	o__Thermaerobacterales	f__Thermaerobacteraceae	g__Thermaerobacter	s__Thermaerobacter marianensis	2844696	48	45.54	2.46	0.195	0.8457	0.9806	within expectation
GCA_030583865.1	p__Desulfobacterota	c__GWC2-55-46	o__GWC2-55-46	f__GWC2-55-46	g__UBA5799	s__UBA5799 sp030583865	2751635	47	44.52	2.48	0.197	0.8435	0.9806	within expectation
GCA_000217795.1	p__Desulfobacterota	c__Thermodesulfobacteria	o__Thermodesulfobacteriales	f__Thermodesulfatatoraceae	g__Thermodesulfatator	s__Thermodesulfatator indicus	2322224	41	38.61	2.39	0.199	0.8424	0.9806	within expectation
GCA_014069575.1	p__Actinomycetota	c__Actinomycetes	o__Actinomycetales	f__Actinomycetaceae	g__Scrofimicrobium	s__Scrofimicrobium sp014069575	2382167	42	39.58	2.42	0.2	0.8414	0.9806	within expectation
GCA_001953215.1	p__Pseudomonadota	c__Gammaproteobacteria	o__Burkholderiales	f__Usitatibacteraceae	g__Usitatibacter	s__Usitatibacter sp001953215	4806848	61	58.27	2.73	0.202	0.8398	0.9806	within expectation
GCA_030518795.1	p__Actinomycetota	c__Actinomycetes	o__Mycobacteriales	f__Micromonosporaceae	g__Micromonospora	s__Micromonospora sp030518795	7067702	66	63.17	2.83	0.207	0.8364	0.9806	within expectation
GCA_000186245.1	p__Campylobacterota	c__Campylobacteria	o__Campylobacterales	f__Sulfurovaceae	g__Nitratifractor	s__Nitratifractor salsuginis	2101285	37	34.59	2.41	0.209	0.8344	0.9806	within expectation
GCA_013693955.1	p__Pseudomonadota	c__Gammaproteobacteria	o__Thiotrichales	f__Thiotrichaceae	g__Thiothrix	s__Thiothrix singaporensis	4541730	60	57.15	2.85	0.212	0.832	0.9806	within expectation
GCA_001402915.1	p__Pseudomonadota	c__Alphaproteobacteria	o__Rhizobiales	f__Devosiaceae	g__Devosia_A	s__Devosia_A sp001402915	5032994	62	59.12	2.88	0.213	0.8312	0.9806	within expectation
GCA_003432385.1	p__Pseudomonadota	c__Alphaproteobacteria	o__Rhizobiales	f__Stappiaceae	g__Breoghania	s__Breoghania sp003432385	5029620	62	59.1	2.9	0.214	0.8305	0.9806	within expectation
GCA_008386235.1	p__Cyanobacteriota	c__Cyanobacteriia	o__Thermosynechococcales	f__Thermosynechococcaceae	g__Thermosynechococcus	s__Thermosynechococcus sp008386235	2647823	46	43.29	2.71	0.218	0.8277	0.9806	within expectation
GCA_001713455.1	p__Pseudomonadota	c__Alphaproteobacteria	o__Rhizobiales	f__Beijerinckiaceae	g__Allobosea	s__Allobosea sp001713455	5620120	64	60.86	3.14	0.231	0.8176	0.9806	within expectation
GCA_004209775.1	p__Cyanobacteriota	c__Cyanobacteriia	o__PCC-6307	f__Cyanobiaceae	g__Synechococcus_C	s__Synechococcus_C sp004209775	2630292	46	43.07	2.93	0.235	0.8139	0.9806	within expectation
GCA_023734095.1	p__Bacillota	c__DSM-521	o__Neomoorellales	f__Neomoorellaceae	g__Neomoorella	s__Neomoorella sp003116935	3324617	53	49.86	3.14	0.241	0.8092	0.9795	within expectation
GCA_958295695.1	p__Pseudomonadota	c__Alphaproteobacteria	o__SP197	f__SP197	g__SP197	s__SP197 sp958295695	3454894	54	50.84	3.16	0.242	0.809	0.9795	within expectation
GCA_003797775.2	p__Pseudomonadota	c__Alphaproteobacteria	o__Sphingomonadales	f__Sphingomonadaceae	g__Sphingopyxis	s__Sphingopyxis sp001427085	4676975	61	57.74	3.26	0.242	0.8089	0.9795	within expectation
GCA_958267355.1	p__Pseudomonadota	c__Alphaproteobacteria	o__JALCBB01	f__JALCBB01	g__G958267355	s__G958267355 sp958267355	1859045	32	29.3	2.7	0.248	0.8039	0.9795	within expectation
GCA_014905135.1	p__Campylobacterota	c__Campylobacteria	o__Campylobacterales	f__Sulfurimonadaceae	g__Sulfurimonas	s__Sulfurimonas paralvinellae	2078871	37	34.13	2.87	0.249	0.8034	0.9795	within expectation
GCA_000092405.1	p__Bacillota	c__Syntrophomonadia	o__Syntrophomonadales	f__Syntrophothermaceae	g__Syntrophothermus	s__Syntrophothermus lipocalidus	2405559	43	39.94	3.06	0.251	0.8014	0.9795	within expectation
GCA_017161425.1	p__Pseudomonadota	c__Alphaproteobacteria	o__Caulobacterales	f__Maricaulaceae	g__Marinicauda	s__Marinicauda algicola	3424851	54	50.62	3.38	0.259	0.7958	0.9795	within expectation
GCA_030285925.1	p__Pseudomonadota	c__Alphaproteobacteria	o__Rhizobiales	f__Devosiaceae	g__Devosia	s__Devosia sp030285925	3292759	53	49.61	3.39	0.261	0.7942	0.9795	within expectation
GCA_009834185.1	p__Actinomycetota	c__Actinomycetes	o__Actinomycetales	f__Microbacteriaceae	g__Rathayibacter	s__Rathayibacter sp009834185	4612414	61	57.46	3.54	0.263	0.7929	0.9795	within expectation
GCA_015277515.1	p__Actinomycetota	c__Coriobacteriia	o__Coriobacteriales	f__Atopobiaceae	g__Thermophilibacter	s__Thermophilibacter immobilis	2163714	39	35.8	3.2	0.273	0.7849	0.9795	within expectation
GCA_004634385.1	p__Bacillota	c__Sulfobacillia	o__Thermaerobacterales	f__Thermaerobacteraceae	g__Thermaerobacter	s__Thermaerobacter composti	3039102	51	47.45	3.55	0.276	0.7822	0.9795	within expectation
GCA_000013205.1	p__Cyanobacteriota	c__Cyanobacteriia	o__Thermostichales	f__Thermostichaceae	g__Thermostichus	s__Thermostichus sp000013205	2932766	50	46.44	3.56	0.279	0.7801	0.9795	within expectation
GCA_000092425.1	p__Deinococcota	c__Deinococci	o__Deinococcales	f__Trueperaceae	g__Truepera	s__Truepera radiovictrix	3260398	53	49.35	3.65	0.281	0.7787	0.9795	within expectation
GCA_000503895.1	p__Pseudomonadota	c__Alphaproteobacteria	o__Rhizobiales	f__Hyphomicrobiaceae	g__Hyphomicrobium_C	s__Hyphomicrobium_C nitrativorans	3653837	56	52.23	3.77	0.286	0.7746	0.9795	within expectation
GCA_001941975.2	p__Bacillota	c__Negativicutes	o__Sporomusales	f__Sporomusaceae	g__Sporomusa	s__Sporomusa sphaeroides	5015343	63	59.05	3.95	0.291	0.7708	0.9772	within expectation
GCA_019916085.1	p__Bacteroidota	c__Bacteroidia	o__Cytophagales	f__Spirosomataceae	g__Aquirufa	s__Aquirufa lenticrescens	2505188	45	41.4	3.6	0.292	0.7704	0.9772	within expectation
GCA_024662015.1	p__Pseudomonadota	c__Alphaproteobacteria	o__Thalassobaculales	f__Thalassobaculaceae	g__Nisaea	s__Nisaea acidiphila	4746001	62	58.03	3.97	0.294	0.7686	0.9772	within expectation
GCA_005153485.1	p__Pseudomonadota	c__Alphaproteobacteria	o__Rhizobiales	f__Xanthobacteraceae	g__Pseudolabrys	s__Pseudolabrys sp005153485	4517519	61	57.04	3.96	0.294	0.7685	0.9772	within expectation
GCA_001543285.1	p__Bacillota	c__Bacilli	o__Lactobacillales	f__Aerococcaceae	g__Aerococcus	s__Aerococcus viridans	2199877	40	36.48	3.52	0.298	0.7655	0.9772	within expectation
GCA_000165465.1	p__Bacillota	c__Halanaerobiia	o__Halanaerobiales	f__Halanaerobiaceae	g__Halanaerobium	s__Halanaerobium praevalens	2309262	42	38.4	3.6	0.3	0.7644	0.9772	within expectation
GCA_001713355.1	p__Pseudomonadota	c__Gammaproteobacteria	o__Burkholderiales	f__Rhodocyclaceae	g__Methyloversatilis	s__Methyloversatilis sp001713355	3937190	58	54	4	0.301	0.7638	0.9772	within expectation
GCA_003590145.2	p__Pseudomonadota	c__Alphaproteobacteria	o__Rhodobacterales	f__Rhodobacteraceae	g__Pseudooceanicola	s__Pseudooceanicola algae	4094723	59	54.91	4.09	0.307	0.759	0.9772	within expectation
GCA_003846445.2	p__Cyanobacteriota	c__Cyanobacteriia	o__Synechococcales	f__Synechococcaceae	g__Synechococcus	s__Synechococcus elongatus_A	2804843	49	45.11	3.89	0.307	0.7587	0.9772	within expectation
GCA_028877475.1	p__Bacillota	c__Bacilli	o__Bacillales_A	f__Planococcaceae	g__Lysinibacillus	s__Lysinibacillus irui	4698732	62	57.83	4.17	0.309	0.7575	0.9772	within expectation
GCA_007197755.1	p__Pseudomonadota	c__Alphaproteobacteria	o__Ferrovibrionales	f__Ferrovibrionaceae	g__Ferrovibrio	s__Ferrovibrio terrae	4264634	60	55.81	4.19	0.313	0.7546	0.9772	within expectation
GCA_022813675.1	p__Chrysiogenota	c__Deferribacteres	o__Deferribacterales	f__Deferrivibrionaceae	g__Deferrivibrio	s__Deferrivibrio metallireducens	2358333	43	39.2	3.8	0.314	0.7537	0.9772	within expectation
GCA_030996345.1	p__Pseudomonadota	c__Gammaproteobacteria	o__Acidithiobacillales	f__Acidithiobacillaceae	g__Igneacidithiobacillus	s__Igneacidithiobacillus sp030996345	2630391	47	43.07	3.93	0.315	0.7529	0.9772	within expectation
GCA_004353525.2	p__Bacillota	c__DUOV01	o__DUOV01	f__Zhaonellaceae	g__Zhaonella	s__Zhaonella formicivorans	3314304	54	49.78	4.22	0.324	0.7459	0.9772	within expectation
GCA_017569205.1	p__Actinomycetota	c__Actinomycetes	o__Propionibacteriales	f__Propionibacteriaceae	g__Propioniciclava	s__Propioniciclava sp014164685	3430973	55	50.67	4.33	0.331	0.7405	0.9772	within expectation
GCA_029318635.1	p__Pseudomonadota	c__Alphaproteobacteria	o__Rhodospirillales	f__Magnetovibrionaceae	g__Varunaivibrio	s__Varunaivibrio sulfuroxidans	3066297	52	47.7	4.3	0.334	0.7383	0.9769	within expectation
GCA_003544895.1	p__Pseudomonadota	c__Alphaproteobacteria	o__Rhodobacterales	f__Rhodobacteraceae	g__Profundibacter	s__Profundibacter amoris	3558757	56	51.58	4.42	0.336	0.7368	0.9767	within expectation
GCA_014127285.1	p__Actinomycetota	c__Actinomycetes	o__Propionibacteriales	f__Nocardioidaceae	g__Mumia	s__Mumia sp014127285	4190080	60	55.42	4.58	0.342	0.7323	0.9727	within expectation
GCA_004216475.1	p__Pseudomonadota	c__Alphaproteobacteria	o__Rhodobacterales	f__Rhodobacteraceae	g__GCA-004216475	s__GCA-004216475 sp004216475	5001896	64	59.01	4.99	0.368	0.7126	0.9604	within expectation
GCA_021228795.1	p__Pseudomonadota	c__Gammaproteobacteria	o__Chromatiales	f__Chromatiaceae	g__Thiocapsa	s__Thiocapsa bogorovii	5649927	66	60.94	5.06	0.371	0.7103	0.96	within expectation
GCA_951812345.1	p__Bacteroidota	c__Rhodothermia	o__Rhodothermales	f__VXPQ01	g__VXPQ01	s__VXPQ01 sp951812345	2817622	50	45.25	4.75	0.374	0.7082	0.959	within expectation
GCA_002079305.1	p__Pseudomonadota	c__Alphaproteobacteria	o__Rhodobacterales	f__Rhodobacteraceae	g__Rhodovulum	s__Rhodovulum sp002079305	4473545	62	56.84	5.16	0.384	0.7013	0.9515	within expectation
GCA_019603315.1	p__Verrucomicrobiota	c__Verrucomicrobiia	o__Opitutales	f__Cerasicoccaceae	g__Ruficoccus	s__Ruficoccus sp019603315	3759138	58	52.91	5.09	0.384	0.701	0.9515	within expectation
GCA_002736145.1	p__Actinomycetota	c__Coriobacteriia	o__Coriobacteriales	f__Coriobacteriaceae	g__Collinsella	s__Collinsella aerofaciens_A	2306349	43	38.35	4.65	0.386	0.6995	0.9515	within expectation
GCA_000283635.1	p__Bacillota	c__Bacilli	o__Lactobacillales	f__Streptococcaceae	g__Streptococcus	s__Streptococcus macedonicus	2142762	40	35.4	4.6	0.392	0.6949	0.9515	within expectation
GCA_025998875.1	p__Bacteroidota	c__Rhodothermia	o__JANXDC01	f__JANXDC01	g__JANXDC01	s__JANXDC01 sp025998875	2354932	44	39.15	4.85	0.4	0.6893	0.9515	within expectation
GCA_022870705.1	p__Bacillota	c__Clostridia	o__Oscillospirales	f__Oscillospiraceae	g__Sporobacter	s__Sporobacter sp022870705	2185546	41	36.21	4.79	0.405	0.6855	0.9515	within expectation
GCA_005144885.1	p__Pseudomonadota	c__Alphaproteobacteria	o__Rhizobiales	f__Phreatobacteraceae	g__Phreatobacter	s__Phreatobacter stygius	7354671	69	63.42	5.58	0.407	0.6839	0.9515	within expectation
GCA_017487345.1	p__Pseudomonadota	c__Alphaproteobacteria	o__Caulobacterales	f__Caulobacteraceae	g__Brevundimonas	s__Brevundimonas pondensis	3550773	57	51.52	5.48	0.416	0.6775	0.9482	within expectation
GCA_000828975.1	p__Pseudomonadota	c__Gammaproteobacteria	o__Burkholderiales	f__Burkholderiaceae_F	g__GJ-E10	s__GJ-E10 sp000828975	3276549	55	49.48	5.52	0.423	0.6719	0.9448	within expectation
GCA_026247885.1	p__Pseudomonadota	c__Gammaproteobacteria	o__Methylococcales	f__Methylococcaceae	g__Methylococcus	s__Methylococcus mesophilus	4343116	62	56.21	5.79	0.431	0.6666	0.9438	within expectation
GCA_001544015.1	p__Bacillota	c__Limnochordia	o__Limnochordales	f__Limnochordaceae	g__Limnochorda	s__Limnochorda pilosa	3817036	59	53.28	5.72	0.431	0.6665	0.9438	within expectation
GCA_005491425.1	p__Bacillota	c__Bacilli	o__Bacillales_A	f__Planococcaceae	g__Ureibacillus	s__Ureibacillus sp005491425	4142194	61	55.17	5.83	0.436	0.6631	0.9438	within expectation
GCA_003324675.1	p__Pseudomonadota	c__Alphaproteobacteria	o__Rhodobacterales	f__Rhodobacteraceae	g__Paracoccus	s__Paracoccus suum	3250998	55	49.28	5.72	0.44	0.6602	0.9438	within expectation
GCA_958431225.1	p__Pseudomonadota	c__Alphaproteobacteria	o__Puniceispirillales	f__UBA1172	g__UBA12202	s__UBA12202 sp958431225	2325691	44	38.67	5.33	0.44	0.6598	0.9438	within expectation
GCA_000255115.3	p__Bacillota	c__Desulfitobacteriia	o__Desulfitobacteriales	f__Desulfitobacteriaceae	g__Desulfosporosinus	s__Desulfosporosinus acidiphilus	4991181	65	58.97	6.03	0.444	0.6567	0.9438	within expectation
GCA_002005145.1	p__Bacillota	c__Desulfotomaculia	o__Desulfotomaculales	f__Desulfotomaculaceae	g__Desulfotomaculum	s__Desulfotomaculum ferrireducens	3240180	55	49.19	5.81	0.446	0.6553	0.9438	within expectation
GCA_004102945.1	p__Omnitrophota	c__Gorgyraeia	o__Velamenicoccales	f__Velamenicoccaceae	g__Velamenicoccus	s__Velamenicoccus archaeovorus	1974201	37	31.92	5.08	0.448	0.6539	0.9438	within expectation
GCA_028751525.1	p__Bacillota	c__Bacilli	o__Alicyclobacillales	f__Alicyclobacillaceae	g__Alicyclobacillus_L	s__Alicyclobacillus_L cycloheptanicus	3617228	58	51.98	6.02	0.456	0.6486	0.9438	within expectation
GCA_009649955.1	p__Bacillota	c__Desulfitobacteriia	o__Heliobacteriales	f__Heliobacteriaceae	g__Heliorestis	s__Heliorestis convoluta	3218981	55	49.01	5.99	0.46	0.6455	0.9438	within expectation
GCA_016918765.2	p__Pseudomonadota	c__Gammaproteobacteria	o__Nevskiales	f__Nevskiaceae	g__Polycyclovorans	s__Polycyclovorans centrodinii	3608892	58	51.92	6.08	0.46	0.6454	0.9438	within expectation
GCA_001643015.1	p__Actinomycetota	c__Actinomycetes	o__Mycobacteriales	f__Mycobacteriaceae	g__Corynebacterium	s__Corynebacterium crudilactis	3217288	55	49	6	0.461	0.6447	0.9438	within expectation
GCA_001713375.1	p__Pseudomonadota	c__Gammaproteobacteria	o__Burkholderiales	f__Burkholderiaceae_C	g__Hydrogenophaga	s__Hydrogenophaga sp001713375	4674684	64	57.73	6.27	0.464	0.643	0.9438	within expectation
GCA_003071365.1	p__Pseudomonadota	c__Alphaproteobacteria	o__Rhizobiales	f__Methyloligellaceae	g__Methyloceanibacter	s__Methyloceanibacter sp003071365	3209973	55	48.94	6.06	0.466	0.6413	0.9438	within expectation
GCA_019931575.1	p__Pseudomonadota	c__Alphaproteobacteria	o__Caulobacterales	f__Caulobacteraceae	g__Caulobacter	s__Caulobacter segnis_C	5173281	66	59.59	6.41	0.471	0.6374	0.9438	within expectation
GCA_003347135.1	p__Pseudomonadota	c__Gammaproteobacteria	o__Francisellales	f__Francisellaceae	g__Francisella	s__Francisella opportunistica	1839233	34	28.83	5.17	0.474	0.6358	0.9438	within expectation
GCA_008152325.1	p__Bacillota	c__Clostridia	o__Peptostreptococcales	f__Thermotaleaceae	g__Crassaminicella_A	s__Crassaminicella_A thermophila	3083380	54	47.85	6.15	0.475	0.6344	0.9438	within expectation
GCA_002005445.1	p__Pseudomonadota	c__Alphaproteobacteria	o__Acetobacterales	f__Acetobacteraceae	g__Acetobacter	s__Acetobacter aceti_B	3725037	59	52.69	6.31	0.476	0.6343	0.9438	within expectation
GCA_009720485.1	p__Actinomycetota	c__Actinomycetes	o__Actinomycetales	f__Cellulomonadaceae	g__Cellulomonas	s__Cellulomonas sp009720485	4043325	61	54.62	6.38	0.477	0.6332	0.9438	within expectation
GCA_025452195.1	p__Pseudomonadota	c__Alphaproteobacteria	o__Rhizobiales	f__Rhizobiaceae	g__Phyllobacterium	s__Phyllobacterium zundukense_A	6413776	69	62.4	6.6	0.481	0.6303	0.9438	within expectation
GCA_001888185.1	p__Pseudomonadota	c__Alphaproteobacteria	o__Rhodobacterales	f__Rhodobacteraceae	g__Phaeobacter	s__Phaeobacter porticola	4207221	62	55.51	6.49	0.483	0.6288	0.9438	within expectation
GCA_030252185.1	p__Actinomycetota	c__Actinomycetes	o__Mycobacteriales	f__Mycobacteriaceae	g__Corynebacterium	s__Corynebacterium suedekumii	2858263	52	45.68	6.32	0.495	0.6206	0.9438	within expectation
GCA_011207455.1	p__Desulfobacterota	c__Thermodesulfobacteria	o__Thermodesulfobacteriales	f__ST65	g__Thermosulfuriphilus	s__Thermosulfuriphilus ammonigenes	2287345	44	38.03	5.97	0.495	0.6204	0.9438	within expectation
GCA_004006315.1	p__Campylobacterota	c__Campylobacteria	o__Campylobacterales	f__Nautiliaceae	g__Nautilia	s__Nautilia profundicola_A	1791100	33	27.67	5.33	0.496	0.6202	0.9438	within expectation
GCA_002240205.1	p__Bacteroidota	c__Chlorobiia	o__Chlorobiales	f__Chlorobiaceae	g__Prosthecochloris	s__Prosthecochloris sp002240205	2468479	47	40.88	6.12	0.496	0.6202	0.9438	within expectation
GCA_001714725.1	p__Pseudomonadota	c__Gammaproteobacteria	o__Burkholderiales	f__Burkholderiaceae_C	g__Acidovorax	s__Acidovorax sp001714725	4574859	64	57.3	6.7	0.496	0.6198	0.9438	within expectation
GCA_029030725.1	p__Pseudomonadota	c__Alphaproteobacteria	o__Rhizobiales	f__Xanthobacteraceae	g__Afipia	s__Afipia carboxydohydrogena	3271440	56	49.44	6.56	0.503	0.6152	0.9438	within expectation
GCA_012849095.1	p__Bacillota	c__Bacilli	o__Paenibacillales	f__Paenibacillaceae	g__Cohnella	s__Cohnella herbarum	8522788	71	64.02	6.98	0.51	0.61	0.9438	within expectation
GCA_028583545.1	p__Pseudomonadota	c__Alphaproteobacteria	o__Rhizobiales	f__Beijerinckiaceae	g__Methylobacterium	s__Methylobacterium sp028583545	6877688	70	62.99	7.01	0.511	0.6093	0.9438	within expectation
GCA_000758685.1	p__Bacillota	c__Bacilli	o__Paenibacillales	f__Paenibacillaceae	g__Paenibacillus_AQ	s__Paenibacillus_AQ stellifer	5658798	68	60.96	7.04	0.516	0.6062	0.9438	within expectation
GCA_016772275.1	p__Bacillota	c__Bacilli	o__Bacillales	f__Bacillaceae_C	g__Heyndrickxia	s__Heyndrickxia vini	4309805	63	56.04	6.96	0.517	0.605	0.9438	within expectation
GCA_028553765.1	p__Pseudomonadota	c__Alphaproteobacteria	o__Rhodobacterales	f__Rhodobacteraceae	g__Paracoccus	s__Paracoccus stylophorae	3642172	59	52.15	6.85	0.518	0.6047	0.9438	within expectation
GCA_017357865.1	p__Bacillota	c__Thermoanaerobacteria	o__Thermoanaerobacterales	f__Thermoanaerobacteraceae	g__Aceticella	s__Aceticella autotrophica	2267618	44	37.69	6.31	0.524	0.6	0.9438	within expectation
GCA_006337105.1	p__Pseudomonadota	c__Gammaproteobacteria	o__Xanthomonadales	f__Xanthomonadaceae	g__Thermomonas	s__Thermomonas aquatica	3005997	54	47.14	6.86	0.532	0.5949	0.9438	within expectation
GCA_003967195.1	p__Pseudomonadota	c__Gammaproteobacteria	o__AKS1	f__AKS1	g__Sulfuriflexus	s__Sulfuriflexus mobilis	3111340	55	48.1	6.9	0.532	0.5946	0.9438	within expectation
GCA_012848855.1	p__Pseudomonadota	c__Alphaproteobacteria	o__CGMCC-115125	f__CGMCC-115125	g__Pyruvatibacter	s__Pyruvatibacter mobilis	3333914	57	49.93	7.07	0.54	0.5894	0.9438	within expectation
GCA_006385555.1	p__Pseudomonadota	c__Gammaproteobacteria	o__Enterobacterales	f__Shewanellaceae	g__Shewanella	s__Shewanella polaris	4648537	65	57.62	7.38	0.545	0.5856	0.9438	within expectation
GCA_003966915.1	p__Pseudomonadota	c__Gammaproteobacteria	o__Burkholderiales	f__Burkholderiaceae	g__Mycoavidus	s__Mycoavidus cysteinexigens	2795004	52	45	7	0.55	0.5826	0.9438	within expectation
GCA_002741035.1	p__Bacillota	c__Bacilli	o__Paenibacillales	f__Paenibacillaceae	g__Pristimantibacillus	s__Pristimantibacillus sp002741035	7246671	71	63.33	7.67	0.558	0.5766	0.9438	within expectation
GCA_004421105.1	p__Pseudomonadota	c__Gammaproteobacteria	o__Nitrosococcales	f__Nitrosococcaceae	g__Nitrosococcus	s__Nitrosococcus wardiae	4022640	62	54.5	7.5	0.56	0.5753	0.9438	within expectation
GCA_000237975.1	p__Bacillota	c__Sulfobacillia	o__Sulfobacillales	f__Sulfobacillaceae	g__Sulfobacillus_A	s__Sulfobacillus_A acidophilus	3557831	59	51.57	7.43	0.562	0.574	0.9438	within expectation
GCA_016806125.1	p__Pseudomonadota	c__Alphaproteobacteria	o__Rhodobacterales	f__Rhodobacteraceae	g__Ponticoccus	s__Ponticoccus alexandrii	5091427	67	59.32	7.68	0.565	0.5724	0.9438	within expectation
GCA_002355735.1	p__Pseudomonadota	c__Gammaproteobacteria	o__Acidiferrobacterales	f__Sulfurifustaceae	g__Sulfuricaulis	s__Sulfuricaulis limicola	2864672	53	45.75	7.25	0.567	0.5709	0.9438	within expectation
GCA_023373525.1	p__Actinomycetota	c__Actinomycetes	o__Actinomycetales	f__Dermabacteraceae	g__Brachybacterium	s__Brachybacterium kimchii	4348474	64	56.23	7.77	0.576	0.5645	0.9438	within expectation
GCA_004014775.2	p__Pseudomonadota	c__Alphaproteobacteria	o__Acetobacterales	f__Acetobacteraceae	g__Acetobacter	s__Acetobacter oryzoeni	3153180	56	48.46	7.54	0.58	0.5622	0.9438	within expectation
GCA_001465795.2	p__Bacillota	c__Bacilli	o__Bacillales_A	f__Planococcaceae	g__Planococcus	s__Planococcus rifietoensis	3505011	59	51.2	7.8	0.591	0.5545	0.9438	within expectation
GCA_004684245.1	p__Deinococcota	c__Deinococci	o__Deinococcales	f__Thermaceae	g__Thermus	s__Thermus caldilimi	2447659	48	40.58	7.42	0.601	0.548	0.9438	within expectation
GCA_002356355.1	p__Pseudomonadota	c__Gammaproteobacteria	o__Thiohalobacterales	f__Thiohalobacteraceae	g__Thiohalobacter	s__Thiohalobacter thiocyanaticus_A	3233441	57	49.13	7.87	0.602	0.5469	0.9438	within expectation
GCA_016616235.1	p__Pseudomonadota	c__Alphaproteobacteria	o__Rhizobiales	f__Xanthobacteraceae	g__Bradyrhizobium	s__Bradyrhizobium diazoefficiens_H	7668734	72	63.63	8.37	0.609	0.5423	0.9438	within expectation
GCA_030848305.1	p__Verrucomicrobiota	c__Verrucomicrobiia	o__Verrucomicrobiales	f__Akkermansiaceae	g__Akkermansia	s__Akkermansia muciniphila_A	2650075	51	43.31	7.69	0.609	0.5422	0.9438	within expectation
GCA_014467055.1	p__Bacillota	c__Clostridia	o__Oscillospirales	f__Acutalibacteraceae	g__Caproicibacterium	s__Caproicibacterium amylolyticum	2996201	55	47.05	7.95	0.616	0.5381	0.9438	within expectation
GCA_018966525.1	p__Bacillota	c__Bacilli	o__Paenibacillales	f__Paenibacillaceae	g__Paenibacillus_AQ	s__Paenibacillus_AQ sophorae	5867720	70	61.43	8.57	0.626	0.5315	0.9438	within expectation
GCA_012849555.1	p__Pseudomonadota	c__Gammaproteobacteria	o__Burkholderiales	f__Burkholderiaceae_D	g__Telluria	s__Telluria forsythiae	6370297	71	62.34	8.66	0.631	0.528	0.9438	within expectation
GCA_003330885.1	p__Pseudomonadota	c__Alphaproteobacteria	o__Parvibaculales	f__Parvibaculaceae	g__Mf105b01	s__Mf105b01 sp003330885	3862255	62	53.56	8.44	0.633	0.5269	0.9438	within expectation
GCA_001941945.1	p__Pseudomonadota	c__Alphaproteobacteria	o__Acetobacterales	f__Acetobacteraceae	g__Roseomonas	s__Roseomonas sp001941945	5412463	69	60.31	8.69	0.636	0.5248	0.9438	within expectation
GCA_004752005.1	p__Pseudomonadota	c__Gammaproteobacteria	o__Enterobacterales	f__Alteromonadaceae	g__Thalassotalea_A	s__Thalassotalea_A sp004752005	4014670	63	54.46	8.54	0.638	0.5237	0.9438	within expectation
GCA_014725735.1	p__Pseudomonadota	c__Gammaproteobacteria	o__Xanthomonadales	f__Wenzhouxiangellaceae	g__Wenzhouxiangella	s__Wenzhouxiangella sp014725735	3844697	62	53.45	8.55	0.641	0.5215	0.9438	within expectation
GCA_000166355.1	p__Bacillota	c__Thermoanaerobacteria	o__Caldicellulosiruptorales	f__Caldicellulosiruptoraceae	g__Caldicellulosiruptor	s__Caldicellulosiruptor hydrothermalis	2770676	53	44.73	8.27	0.649	0.5165	0.9438	within expectation
GCA_005490985.1	p__Actinomycetota	c__Actinomycetes	o__Actinomycetales	f__Microbacteriaceae	g__Curtobacterium	s__Curtobacterium sp005490985	3531991	60	51.39	8.61	0.651	0.515	0.9438	within expectation
GCA_000154785.2	p__Pseudomonadota	c__Alphaproteobacteria	o__Rhodobacterales	f__Rhodobacteraceae	g__Roseobacter	s__Roseobacter litoralis	4745450	67	58.03	8.97	0.661	0.5085	0.9438	within expectation
GCA_000217815.1	p__Thermotogota	c__Thermotogae	o__Thermotogales	f__DSM-5069	g__Pseudothermotoga	s__Pseudothermotoga thermarum	2039943	41	33.33	7.67	0.661	0.5084	0.9438	within expectation
GCA_024072375.1	p__Pseudomonadota	c__Alphaproteobacteria	o__Sphingomonadales	f__Sphingomonadaceae	g__Sphingomonas	s__Sphingomonas sp024072375	4127732	64	55.09	8.91	0.663	0.5072	0.9438	within expectation
GCA_000758545.1	p__Bacillota	c__Bacilli	o__Paenibacillales	f__Paenibacillaceae	g__Paenibacillus_AQ	s__Paenibacillus_AQ sp000758545	6765883	72	62.86	9.14	0.665	0.5061	0.9438	within expectation
GCA_019803445.1	p__Pseudomonadota	c__Alphaproteobacteria	o__Sphingomonadales	f__Sphingomonadaceae	g__Caenibius	s__Caenibius sp019803445	3491470	60	51.1	8.9	0.673	0.5006	0.9438	within expectation
GCA_023921125.1	p__Actinomycetota	c__Actinomycetes	o__Actinomycetales	f__Micrococcaceae	g__Arthrobacter_B	s__Arthrobacter_B caoxuetaonis	3929901	63	53.96	9.04	0.676	0.4993	0.9438	within expectation
GCA_014041995.1	p__Actinomycetota	c__Actinomycetes	o__Actinomycetales	f__Actinomycetaceae	g__Changpingibacter	s__Changpingibacter yushuensis	2661583	52	43.46	8.54	0.676	0.4992	0.9438	within expectation
GCA_009696685.2	p__Pseudomonadota	c__Alphaproteobacteria	o__Rhodobacterales	f__Rhodobacteraceae	g__Paracoccus	s__Paracoccus sp009696685	3122888	57	48.2	8.8	0.676	0.4989	0.9438	within expectation
GCA_001447805.1	p__Pseudomonadota	c__Gammaproteobacteria	o__Tenderiales	f__Tenderiaceae	g__Tenderia	s__Tenderia electrophaga	3763866	62	52.94	9.06	0.68	0.4966	0.9438	within expectation
GCA_014084125.1	p__Actinomycetota	c__Actinomycetes	o__Streptomycetales	f__Streptomycetaceae	g__Streptacidiphilus	s__Streptacidiphilus sp014084125	7672494	73	63.63	9.37	0.681	0.4956	0.9438	within expectation
GCA_005886805.2	p__Pseudomonadota	c__Gammaproteobacteria	o__Enterobacterales	f__Alteromonadaceae	g__Pseudoalteromonas	s__Pseudoalteromonas rubra_D	5943352	71	61.59	9.41	0.687	0.4924	0.9438	within expectation
GCA_001628715.1	p__Pseudomonadota	c__Alphaproteobacteria	o__Acetobacterales	f__Acetobacteraceae	g__Acetobacter	s__Acetobacter oryzifermentans	3106397	57	48.06	8.94	0.688	0.4917	0.9438	within expectation
GCA_030252165.1	p__Actinomycetota	c__Actinomycetes	o__Mycobacteriales	f__Mycobacteriaceae	g__Corynebacterium	s__Corynebacterium breve	2567397	51	42.25	8.75	0.697	0.4858	0.9438	within expectation
GCA_951812785.1	p__Pseudomonadota	c__Gammaproteobacteria	o__UBA4575	f__UBA4575	g__UBA1858	s__UBA1858 sp951812785	2158385	44	35.7	8.3	0.698	0.485	0.9438	within expectation
GCA_001632845.1	p__Pseudomonadota	c__Gammaproteobacteria	o__Ectothiorhodospirales	f__Ectothiorhodospiraceae	g__Ectothiorhodospira	s__Ectothiorhodospira sp001632845	3550080	61	51.52	9.48	0.716	0.4741	0.9438	within expectation
GCA_002082015.1	p__Bacillota	c__Bacilli	o__Bacillales_A	f__Planococcaceae	g__Sporosarcina	s__Sporosarcina ureae_A	3412428	60	50.53	9.47	0.719	0.4724	0.9438	within expectation
GCA_016859125.1	p__Myxococcota	c__Myxococcia	o__Myxococcales	f__Myxococcaceae	g__Archangium	s__Archangium violaceum_A	12677854	74	64.58	9.42	0.72	0.4716	0.9438	within expectation
GCA_001877035.1	p__Bacillota	c__Clostridia	o__Clostridiales	f__Clostridiaceae	g__Clostridium_AD	s__Clostridium_AD estertheticum	4785613	68	58.19	9.81	0.722	0.4704	0.9438	within expectation
GCA_013348725.1	p__Pseudomonadota	c__Gammaproteobacteria	o__GCA-013348725	f__GCA-013348725	g__GCA-013348725	s__GCA-013348725 sp013348725	2956257	56	46.67	9.33	0.723	0.47	0.9438	within expectation
GCA_001553565.1	p__Actinomycetota	c__Actinomycetes	o__Actinomycetales	f__Actinomycetaceae	g__Actinomyces	s__Actinomyces radicidentis	3051613	57	47.57	9.43	0.727	0.4674	0.9438	within expectation
GCA_002795805.1	p__Pseudomonadota	c__Zetaproteobacteria	o__Mariprofundales	f__Mariprofundaceae	g__Mariprofundus	s__Mariprofundus aestuarium	2537610	51	41.85	9.15	0.73	0.4651	0.9438	within expectation
GCA_005484585.1	p__Pseudomonadota	c__Alphaproteobacteria	o__Caulobacterales	f__Caulobacteraceae	g__Brevundimonas	s__Brevundimonas sp005484585	3153531	58	48.47	9.53	0.731	0.4649	0.9438	within expectation
GCA_003336365.1	p__Bacillota	c__Bacilli	o__Bacillales	f__Marinococcaceae	g__Salicibibacter	s__Salicibibacter kimchii	3641602	62	52.14	9.86	0.742	0.4583	0.9438	within expectation
GCA_002005185.1	p__Bacillota	c__Negativicutes	o__Veillonellales	f__Veillonellaceae	g__Veillonella	s__Veillonella parvula_M	2178518	45	36.08	8.92	0.746	0.4554	0.9438	within expectation
GCA_023746535.1	p__Pseudomonadota	c__Alphaproteobacteria	o__Sneathiellales	f__Sneathiellaceae	g__Sneathiella	s__Sneathiella marina	4067215	65	54.75	10.25	0.762	0.4458	0.9438	within expectation
GCA_006542335.1	p__Pseudomonadota	c__Alphaproteobacteria	o__Acetobacterales	f__Acetobacteraceae	g__Gluconobacter	s__Gluconobacter tanensis	2577002	52	42.38	9.62	0.765	0.4445	0.9438	within expectation
GCA_001039275.2	p__Bacillota	c__Bacilli	o__Brevibacillales	f__Brevibacillaceae	g__Brevibacillus	s__Brevibacillus brevis_C	6443936	73	62.45	10.55	0.768	0.4427	0.9438	within expectation
GCA_011290485.1	p__Pseudomonadota	c__Gammaproteobacteria	o__Chromatiales	f__Chromatiaceae	g__Thermochromatium	s__Thermochromatium japonicum	2989870	57	46.99	10.01	0.773	0.4397	0.9438	within expectation
GCA_028471905.1	p__Bacillota	c__Bacilli	o__Aneurinibacillales	f__Aneurinibacillaceae	g__Aneurinibacillus	s__Aneurinibacillus uraniidurans	3853322	64	53.5	10.5	0.785	0.4326	0.9438	within expectation
GCA_017086365.1	p__Bacillota	c__Bacilli	o__Paenibacillales	f__Paenibacillaceae	g__Paenibacillus_AQ	s__Paenibacillus_AQ tianjinensis	6273877	73	62.19	10.81	0.787	0.4314	0.9438	within expectation
GCA_002005465.1	p__Pseudomonadota	c__Alphaproteobacteria	o__Acetobacterales	f__Acetobacteraceae	g__Neoasaia	s__Neoasaia chiangmaiensis	3407860	61	50.49	10.51	0.796	0.4261	0.9438	within expectation
GCA_006088815.1	p__Bacteroidota	c__Bacteroidia	o__Flavobacteriales	f__Weeksellaceae	g__Elizabethkingia	s__Elizabethkingia sp006088815	2691279	54	43.81	10.19	0.801	0.4231	0.9438	within expectation
GCA_902713755.1	p__Pseudomonadota	c__Gammaproteobacteria	o__Johnevansiales	f__Johnevansiaceae	g__Portiera	s__Portiera aleyrodidarum_C	277700	8	4.34	3.66	0.804	0.4213	0.9438	within expectation
GCA_003589885.1	p__Actinomycetota	c__Actinomycetes	o__Streptosporangiales	f__Streptosporangiaceae	g__Thermomonospora	s__Thermomonospora amylolytica	6800142	74	62.9	11.1	0.806	0.42	0.9438	within expectation
GCA_000758585.1	p__Bacillota	c__Bacilli	o__Paenibacillales	f__Paenibacillaceae	g__Paenibacillus_AQ	s__Paenibacillus_AQ sp000758585	6787172	74	62.89	11.11	0.807	0.4194	0.9438	within expectation
GCA_029094505.1	p__Actinomycetota	c__Actinomycetes	o__Actinomycetales	f__Microbacteriaceae	g__Microbacterium	s__Microbacterium horticulturae	3645982	63	52.17	10.83	0.813	0.4159	0.9438	within expectation
GCA_000183665.1	p__Pseudomonadota	c__Alphaproteobacteria	o__Rhizobiales	f__Rhizobiaceae	g__Liberibacter	s__Liberibacter solanacearum	1258278	21	14.14	6.86	0.818	0.4132	0.9438	within expectation
GCA_015711015.1	p__Pseudomonadota	c__Gammaproteobacteria	o__Methylococcales	f__Methylomonadaceae	g__Methylomonas	s__Methylomonas sp015711015	4923893	70	58.72	11.28	0.827	0.4081	0.9438	within expectation
GCA_001305575.3	p__Pseudomonadota	c__Gammaproteobacteria	o__Beggiatoales	f__Beggiatoaceae	g__Beggiatoa	s__Beggiatoa leptomitoformis	4265317	67	55.82	11.18	0.828	0.4077	0.9438	within expectation
GCA_002804065.1	p__Bacillota	c__Bacilli	o__Kyrpidiales	f__Kyrpidiaceae	g__Kyrpidia	s__Kyrpidia spormannii	3352175	61	50.07	10.93	0.829	0.4071	0.9438	within expectation
GCA_016919385.1	p__Actinomycetota	c__Actinomycetes	o__Mycobacteriales	f__Mycobacteriaceae	g__Gordonia	s__Gordonia sp016919385	4260791	67	55.79	11.21	0.83	0.4067	0.9438	within expectation
GCA_001659785.1	p__Actinomycetota	c__Actinomycetes	o__Mycobacteriales	f__Mycobacteriaceae	g__Dietzia	s__Dietzia timorensis	3607892	63	51.92	11.08	0.833	0.4046	0.9438	within expectation
GCA_000184685.1	p__Actinomycetota	c__Actinomycetes	o__Actinomycetales	f__Dermatophilaceae	g__Intrasporangium	s__Intrasporangium calvum	4024382	66	54.51	11.49	0.854	0.3929	0.9438	within expectation
GCA_029094525.1	p__Bacillota	c__Bacilli	o__Bacillales	f__Sporolactobacillaceae	g__KACC-23026	s__KACC-23026 sp029094525	4801000	70	58.25	11.75	0.863	0.3883	0.9438	within expectation
GCA_004331955.1	p__Pseudomonadota	c__Alphaproteobacteria	o__Rhizobiales	f__Rhizobiaceae	g__Roseitalea	s__Roseitalea porphyridii	3539672	63	51.45	11.55	0.87	0.3842	0.9438	within expectation
GCA_000517565.1	p__Campylobacterota_A	c__Desulfurellia	o__Desulfurellales	f__Desulfurellaceae	g__Desulfurella	s__Desulfurella acetivorans	1819992	38	28.37	9.63	0.872	0.383	0.9438	within expectation
GCA_016629565.1	p__Campylobacterota	c__Campylobacteria	o__Campylobacterales	f__Nitratiruptoraceae	g__Nitratiruptor	s__Nitratiruptor sp016629565	1819817	38	28.36	9.64	0.873	0.3828	0.9438	within expectation
GCA_005080705.1	p__Pseudomonadota	c__Gammaproteobacteria	o__Enterobacterales	f__Enterobacteriaceae	g__Buchnera_L	s__Buchnera_L aphidicola_X	419293	8	3.85	4.15	0.874	0.382	0.9438	within expectation
GCA_900186985.1	p__Bacillota	c__Bacilli	o__Staphylococcales	f__Staphylococcaceae	g__Staphylococcus	s__Staphylococcus piscifermentans	2613271	54	42.85	11.15	0.881	0.3785	0.9438	within expectation
GCA_026725475.1	p__Pseudomonadota	c__Gammaproteobacteria	o__Enterobacterales	f__Alteromonadaceae	g__Catenovulum	s__Catenovulum adriaticum	4517539	69	57.04	11.96	0.881	0.3782	0.9438	within expectation
GCA_021654855.1	p__Pseudomonadota	c__Gammaproteobacteria	o__Thiomicrospirales	f__Thiomicrospiraceae	g__Thiomicrorhabdus	s__Thiomicrorhabdus immobilis	2539444	53	41.88	11.12	0.884	0.3765	0.9438	within expectation
GCA_017815535.1	p__Actinomycetota	c__Actinomycetes	o__Propionibacteriales	f__Propionibacteriaceae	g__Arachnia	s__Arachnia sp001956895	3035218	59	47.41	11.59	0.89	0.3735	0.9438	within expectation
GCA_001941485.1	p__Actinomycetota	c__Actinomycetes	o__Mycobacteriales	f__Mycobacteriaceae	g__Corynebacterium	s__Corynebacterium frankenforstense	2604152	54	42.73	11.27	0.89	0.3733	0.9438	within expectation
GCA_003013695.1	p__Pseudomonadota	c__Gammaproteobacteria	o__Burkholderiales	f__Burkholderiaceae_C	g__Melaminivora	s__Melaminivora suum	3358427	62	50.12	11.88	0.9	0.3682	0.9438	within expectation
GCA_015100395.1	p__Campylobacterota	c__Campylobacteria	o__Campylobacterales	f__Nitratiruptoraceae	g__Nitrosophilus	s__Nitrosophilus alvini	1807889	38	28.08	9.92	0.901	0.3675	0.9438	within expectation
GCA_000219875.1	p__Bacillota	c__Bacilli	o__Alicyclobacillales	f__Alicyclobacillaceae	g__Alicyclobacillus	s__Alicyclobacillus acidocaldarius_A	3124048	60	48.21	11.79	0.902	0.3673	0.9438	within expectation
GCA_000092985.1	p__Actinomycetota	c__Actinomycetes	o__Streptosporangiales	f__Streptosporangiaceae	g__Nocardiopsis	s__Nocardiopsis dassonvillei	6543312	75	62.59	12.41	0.902	0.3672	0.9438	within expectation
GCA_001421015.2	p__Bacillota	c__Bacilli	o__Paenibacillales	f__Paenibacillaceae	g__Saccharibacillus	s__Saccharibacillus bovis	5517199	73	60.6	12.4	0.905	0.3657	0.9438	within expectation
GCA_013265585.1	p__Bacillota	c__Bacilli	o__Thermoactinomycetales	f__DSM-45169	g__Kroppenstedtia_A	s__Kroppenstedtia_A pulmonis	3345811	62	50.02	11.98	0.907	0.3642	0.9438	within expectation
GCA_001618885.1	p__Bacillota	c__Bacilli	o__Staphylococcales	f__Staphylococcaceae	g__Staphylococcus	s__Staphylococcus condimenti	2659676	55	43.43	11.57	0.91	0.3631	0.9438	within expectation
GCA_000802245.2	p__Actinomycetota	c__Actinomycetes	o__Streptomycetales	f__Streptomycetaceae	g__Streptomyces	s__Streptomyces pluripotens	7346075	76	63.41	12.59	0.914	0.3609	0.9438	within expectation
GCA_016699715.1	p__Pseudomonadota	c__Gammaproteobacteria	o__Competibacterales	f__Competibacteraceae	g__Competibacter	s__Competibacter sp016699715	3595827	64	51.84	12.16	0.914	0.3608	0.9438	within expectation
GCA_000758625.1	p__Bacillota	c__Bacilli	o__Paenibacillales	f__Paenibacillaceae	g__Paenibacillus_AQ	s__Paenibacillus_AQ sp000758625	7288921	76	63.36	12.64	0.917	0.3593	0.9438	within expectation
GCA_012971745.1	p__Pseudomonadota	c__Alphaproteobacteria	o__Rhizobiales	f__Xanthobacteraceae	g__Ancylobacter	s__Ancylobacter sp012971745	6286188	75	62.21	12.79	0.93	0.3526	0.9438	within expectation
GCA_000185805.1	p__Aquificota	c__Aquificia	o__Desulfurobacteriales	f__Desulfurobacteriaceae	g__Thermovibrio	s__Thermovibrio ammonificans	1759526	37	26.89	10.11	0.931	0.3517	0.9438	within expectation
GCA_028743715.1	p__Actinomycetota	c__Actinomycetes	o__Actinomycetales	f__Microbacteriaceae	g__Microbacterium	s__Microbacterium sp028743715	3305635	62	49.71	12.29	0.932	0.3513	0.9438	within expectation
GCA_030657355.1	p__Pseudomonadota	c__Alphaproteobacteria	o__Radicibacterales	f__Radicibacteraceae	g__Radicibacter	s__Radicibacter daui	5059753	72	59.21	12.79	0.936	0.3494	0.9438	within expectation
GCA_021560035.1	p__Bacillota	c__Bacilli	o__Bacillales	f__Amphibacillaceae	g__Virgibacillus_L	s__Virgibacillus_L salidurans	3829764	66	53.36	12.64	0.943	0.3455	0.9438	within expectation
GCA_003008595.1	p__Pseudomonadota	c__Gammaproteobacteria	o__Burkholderiales	f__Burkholderiaceae_C	g__Simplicispira	s__Simplicispira suum	4154448	68	55.23	12.77	0.946	0.3444	0.9438	within expectation
GCA_014805825.1	p__Pseudomonadota	c__Gammaproteobacteria	o__Pseudomonadales	f__Marinomonadaceae	g__Marinomonas	s__Marinomonas algicola	4490436	70	56.91	13.09	0.963	0.3354	0.9438	within expectation
GCA_000758525.1	p__Bacillota	c__Bacilli	o__Paenibacillales	f__Paenibacillaceae	g__Paenibacillus_AQ	s__Paenibacillus_AQ sp000758525	7692748	77	63.64	13.36	0.969	0.3325	0.9438	within expectation
GCA_000980815.1	p__Actinomycetota	c__Actinomycetes	o__Mycobacteriales	f__Mycobacteriaceae	g__Corynebacterium	s__Corynebacterium camporealense	2451810	53	40.64	12.36	0.989	0.3226	0.9438	within expectation
GCA_000195335.1	p__Deinococcota	c__Deinococci	o__Deinococcales	f__Marinithermaceae	g__Marinithermus	s__Marinithermus hydrothermalis	2269167	50	37.71	12.29	1.005	0.3147	0.9438	within expectation
GCA_001713415.1	p__Pseudomonadota	c__Alphaproteobacteria	o__Sphingomonadales	f__Sphingomonadaceae	g__Sphingobium	s__Sphingobium sp001713415	4369746	70	56.34	13.66	1.007	0.3139	0.9438	within expectation
GCA_000725285.1	p__Bacillota	c__Bacilli	o__Bacillales	f__Amphibacillaceae	g__Virgibacillus_Q	s__Virgibacillus_Q sp000725285	3841730	67	53.43	13.57	1.011	0.312	0.9438	within expectation
GCA_016756315.1	p__Pseudomonadota	c__Gammaproteobacteria	o__Enterobacterales	f__Alteromonadaceae	g__Alteromonas	s__Alteromonas sp009811495	4561647	71	57.24	13.76	1.011	0.3118	0.9438	within expectation
GCA_000816245.1	p__Campylobacterota	c__Campylobacteria	o__Campylobacterales	f__Campylobacteraceae	g__Campylobacter_D	s__Campylobacter_D sp000816245	1557536	32	21.72	10.28	1.021	0.3075	0.9438	within expectation
GCA_028867705.1	p__Actinomycetota	c__Thermoleophilia	o__Solirubrobacterales	f__Thermoleophilaceae	g__Thermoleophilum	s__Thermoleophilum sp002898855	2112804	47	34.81	12.19	1.023	0.3065	0.9438	within expectation
GCA_005484805.1	p__Actinomycetota	c__Actinomycetes	o__Mycobacteriales	f__Mycobacteriaceae	g__Prescottella	s__Prescottella sp005484805	4974457	73	58.91	14.09	1.031	0.3026	0.9438	within expectation
GCA_002215215.1	p__Pseudomonadota	c__Gammaproteobacteria	o__Granulosicoccales	f__Granulosicoccaceae	g__Granulosicoccus	s__Granulosicoccus antarcticus	7783862	78	63.7	14.3	1.038	0.2995	0.9438	within expectation
GCA_000816085.1	p__Bacillota	c__Bacilli	o__Staphylococcales	f__Staphylococcaceae	g__Staphylococcus	s__Staphylococcus hyicus	2472129	54	40.93	13.07	1.042	0.2975	0.9438	within expectation
GCA_020616335.1	p__Actinomycetota	c__Actinomycetes	o__Mycobacteriales	f__Mycobacteriaceae	g__Corynebacterium	s__Corynebacterium uberis	2533318	55	41.79	13.21	1.046	0.2954	0.9438	within expectation
GCA_003008575.1	p__Pseudomonadota	c__Gammaproteobacteria	o__Burkholderiales	f__Burkholderiaceae_C	g__Melaminivora	s__Melaminivora suipulveris	3754020	67	52.88	14.12	1.054	0.2921	0.9438	within expectation
GCA_001663815.1	p__Pseudomonadota	c__Gammaproteobacteria	o__Halothiobacillales	f__Halothiobacillaceae	g__Halothiobacillus	s__Halothiobacillus diazotrophicus	2908964	60	46.2	13.8	1.063	0.2876	0.9438	within expectation
GCA_023703535.1	p__Pseudomonadota	c__Gammaproteobacteria	o__Magnimaribacterales	f__TMED112	g__TMED112	s__TMED112 sp003280455	1070029	18	10.07	7.93	1.069	0.2851	0.9438	within expectation
GCA_030123325.1	p__Bacillota	c__Bacilli	o__Bacillales	f__DSM-1321	g__Peribacillus	s__Peribacillus simplex_D	5783869	76	61.25	14.75	1.073	0.2834	0.9438	within expectation
GCA_016599715.1	p__Pseudomonadota	c__Gammaproteobacteria	o__Pseudomonadales	f__Moraxellaceae	g__Acinetobacter	s__Acinetobacter sp002135245	3567654	66	51.64	14.36	1.077	0.2816	0.9438	within expectation
GCA_022811525.1	p__Pseudomonadota	c__Gammaproteobacteria	o__Burkholderiales	f__Burkholderiaceae_B	g__Algicoccus	s__Algicoccus daihaiensis	2803849	59	45.1	13.9	1.078	0.2812	0.9438	within expectation
GCA_013282215.1	p__Bacillota	c__Bacilli	o__Thermoactinomycetales	f__DSM-45169	g__Kroppenstedtia	s__Kroppenstedtia eburnea	3564999	66	51.62	14.38	1.078	0.281	0.9438	within expectation
GCA_009834125.1	p__Actinomycetota	c__Actinomycetes	o__Streptomycetales	f__Streptomycetaceae	g__Streptomyces	s__Streptomyces sp009834125	9067183	79	64.17	14.83	1.082	0.2794	0.9438	within expectation
GCA_001696615.3	p__Pseudomonadota	c__Gammaproteobacteria	o__Pseudomonadales	f__Moraxellaceae	g__Acinetobacter	s__Acinetobacter sp001696615	3840414	68	53.42	14.58	1.085	0.278	0.9438	within expectation
GCA_000250655.1	p__Bacillota	c__Bacilli	o__Paenibacillales	f__NBRC-103111	g__Paenibacillus_G	s__Paenibacillus_G mucilaginosus	8739048	79	64.08	14.92	1.086	0.2777	0.9438	within expectation
GCA_012317585.1	p__Desulfobacterota	c__Thermodesulfobacteria	o__Thermodesulfobacteriales	f__Thermodesulfobacteriaceae	g__Thermosulfurimonas_A	s__Thermosulfurimonas_A marina	1763258	39	26.98	12.02	1.098	0.2723	0.9438	within expectation
GCA_024971095.1	p__Actinomycetota	c__Actinomycetes	o__Actinomycetales	f__Microbacteriaceae	g__Microbacterium	s__Microbacterium neungamense	2546128	56	41.97	14.03	1.109	0.2676	0.9438	within expectation
GCA_001713395.1	p__Pseudomonadota	c__Alphaproteobacteria	o__Rhizobiales	f__Rhizobiaceae	g__Shinella	s__Shinella sp001713395	6626583	78	62.69	15.31	1.11	0.2672	0.9438	within expectation
GCA_004028275.1	p__Pseudomonadota	c__Gammaproteobacteria	o__Thiomicrospirales	f__Thiomicrospiraceae	g__Hydrogenovibrio	s__Hydrogenovibrio thermophilus	2612894	57	42.85	14.15	1.112	0.2663	0.9438	within expectation
GCA_000758605.1	p__Bacillota	c__Bacilli	o__Paenibacillales	f__Paenibacillaceae	g__Paenibacillus_AQ	s__Paenibacillus_AQ sp000758605	7718525	79	63.66	15.34	1.112	0.2661	0.9438	within expectation
GCA_025960285.1	p__Pseudomonadota	c__Alphaproteobacteria	o__Sphingomonadales	f__Sphingomonadaceae	g__Sphingomonas	s__Sphingomonas sp025960285	4277880	71	55.88	15.12	1.115	0.265	0.9438	within expectation
GCA_009903625.1	p__Pseudomonadota	c__Gammaproteobacteria	o__Pseudomonadales	f__Cellvibrionaceae	g__Microbulbifer	s__Microbulbifer sp009903625	4682287	73	57.76	15.24	1.117	0.2641	0.9438	within expectation
GCA_005877055.1	p__Actinomycetota	c__Actinomycetes	o__Actinomycetales	f__Micrococcaceae	g__Citricoccus	s__Citricoccus sp005877055	3561338	67	51.6	15.4	1.154	0.2486	0.9438	within expectation
GCA_000724485.1	p__Bacillota	c__Bacilli	o__Bacillales	f__Cytobacillaceae	g__Bacillus_Z	s__Bacillus_Z methanolicus_A	3425208	66	50.62	15.38	1.157	0.2474	0.9438	within expectation
GCA_010669225.1	p__Bacillota	c__Negativicutes	o__Selenomonadales	f__Selenomonadaceae	g__Megamonas	s__Megamonas funiformis	2568766	57	42.27	14.73	1.16	0.2461	0.9438	within expectation
GCA_004136315.1	p__Pseudomonadota	c__Alphaproteobacteria	o__Rhizobiales	f__Rhizobiaceae	g__Mesorhizobium	s__Mesorhizobium sp004136315	6619214	79	62.68	16.32	1.182	0.2372	0.9438	within expectation
GCA_000194135.1	p__Campylobacterota_A	c__Desulfurellia	o__Desulfurellales	f__Hippeaceae	g__Hippea	s__Hippea maritima	1694430	38	25.26	12.74	1.188	0.235	0.9438	within expectation
GCA_001931675.1	p__Pseudomonadota	c__Gammaproteobacteria	o__Burkholderiales	f__Burkholderiaceae	g__Pandoraea	s__Pandoraea thiooxydans	4464185	73	56.79	16.21	1.19	0.2339	0.9438	within expectation
GCA_000144695.1	p__Bacillota	c__Halanaerobiia	o__Halobacteroidales	f__Acetohalobiaceae	g__Acetohalobium	s__Acetohalobium arabaticum	2469596	56	40.9	15.1	1.2	0.2303	0.9438	within expectation
GCA_000801295.1	p__Pseudomonadota	c__Gammaproteobacteria	o__Chromatiales	f__Chromatiaceae	g__MONJU	s__MONJU sp000801295	2597759	58	42.65	15.35	1.204	0.2285	0.9438	within expectation
GCA_001880225.1	p__Pseudomonadota	c__Gammaproteobacteria	o__Francisellales	f__Francisellaceae	g__Francisella	s__Francisella frigiditurris	1861609	43	29.36	13.64	1.205	0.2283	0.9438	within expectation
GCA_025854375.1	p__Actinomycetota	c__Actinomycetes	o__Actinomycetales	f__Micrococcaceae	g__Glutamicibacter	s__Glutamicibacter sp025854375	3586856	68	51.77	16.23	1.213	0.225	0.9438	within expectation
GCA_000213785.1	p__Aquificota	c__Aquificia	o__Aquificales	f__Aquificaceae	g__Hydrogenobaculum	s__Hydrogenobaculum sp000213785	1552775	34	21.6	12.4	1.222	0.2218	0.9438	within expectation
GCA_030408615.1	p__Actinomycetota	c__Actinomycetes	o__Mycobacteriales	f__Mycobacteriaceae	g__Corynebacterium	s__Corynebacterium bovis	2652582	59	43.34	15.66	1.223	0.2215	0.9438	within expectation
GCA_002849735.1	p__Actinomycetota	c__Actinomycetes	o__Mycobacteriales	f__Pseudonocardiaceae	g__Amycolatopsis	s__Amycolatopsis sp002849735	9488490	81	64.26	16.74	1.224	0.221	0.9438	within expectation
GCA_001696605.3	p__Pseudomonadota	c__Gammaproteobacteria	o__Pseudomonadales	f__Moraxellaceae	g__Acinetobacter	s__Acinetobacter wuhouensis	3960451	71	54.14	16.86	1.248	0.212	0.9438	within expectation
GCA_000319385.1	p__Pseudomonadota	c__Alphaproteobacteria	o__Thalassobaculales	f__Thalassobaculaceae	g__Thalassobaculum	s__Thalassobaculum faulkneri	1481191	32	19.73	12.27	1.249	0.2118	0.9438	within expectation
GCA_001482365.1	p__Actinomycetota	c__Actinomycetes	o__Actinomycetales	f__Micrococcaceae	g__Kocuria	s__Kocuria flava	3638342	69	52.12	16.88	1.259	0.2079	0.9438	within expectation
GCA_958296285.1	p__Pseudomonadota	c__Alphaproteobacteria	o__JAPOUT01	f__G958296285	g__G958296285	s__G958296285 sp958296285	1733000	40	26.23	13.77	1.262	0.2069	0.9438	within expectation
GCA_003610015.1	p__Pseudomonadota	c__Gammaproteobacteria	o__Pseudomonadales	f__Halomonadaceae	g__Zymobacter	s__Zymobacter palmae	3028543	64	47.35	16.65	1.269	0.2043	0.9438	within expectation
GCA_003119115.1	p__Pseudomonadota	c__Alphaproteobacteria	o__Azospirillales	f__Azospirillaceae	g__Azospirillum	s__Azospirillum sp003119115	7244074	81	63.33	17.67	1.279	0.201	0.9438	within expectation
GCA_000725345.1	p__Bacillota	c__Negativicutes	o__DSM-13327	f__DSM-13327	g__Pelosinus	s__Pelosinus sp000725345	5115410	77	59.4	17.6	1.283	0.1996	0.9438	within expectation
GCA_000175255.2	p__Pseudomonadota	c__Alphaproteobacteria	o__Sphingomonadales	f__Sphingomonadaceae	g__Zymomonas	s__Zymomonas mobilis	2143461	51	35.41	15.59	1.29	0.197	0.9438	within expectation
GCA_951812735.1	p__Desulfobacterota_D	c__UBA1144	o__Nemesobacterales	f__Nemesobacteraceae	g__Nemesobacter	s__Nemesobacter sp951812735	1590246	36	22.57	13.43	1.297	0.1947	0.9438	within expectation
GCA_025136295.1	p__Pseudomonadota	c__Alphaproteobacteria	o__UBA8366	f__Aestuariispiraceae	g__Aestuariispira_A	s__Aestuariispira_A ectoiniformans	4361962	74	56.3	17.7	1.3	0.1936	0.9438	within expectation
GCA_000940845.1	p__Actinomycetota	c__Actinomycetes	o__Propionibacteriales	f__Propionibacteriaceae	g__Propionibacterium	s__Propionibacterium freudenreichii	2649166	60	43.3	16.7	1.302	0.193	0.9438	within expectation
GCA_001713475.1	p__Pseudomonadota	c__Alphaproteobacteria	o__Rhizobiales	f__Rhizobiaceae	g__Allorhizobium	s__Allorhizobium sp001713475	4964647	77	58.87	18.13	1.322	0.1862	0.9438	within expectation
GCA_001050115.1	p__Bacillota	c__Bacilli	o__Bacillales	f__DSM-4216	g__Bacillus_O	s__Bacillus_O smithii	3381292	68	50.29	17.71	1.33	0.1835	0.9438	within expectation
GCA_000218875.1	p__Pseudomonadota	c__Alphaproteobacteria	o__Sphingomonadales	f__Sphingomonadaceae	g__Zymomonas	s__Zymomonas pomaceae	2061413	50	33.78	16.22	1.36	0.1738	0.9438	within expectation
GCA_004194535.1	p__Pseudomonadota	c__Gammaproteobacteria	o__Burkholderiales	f__Chitinibacteraceae	g__Iodobacter	s__Iodobacter fluviatilis_A	4588033	76	57.36	18.64	1.364	0.1725	0.9438	within expectation
GCA_020883455.1	p__Pseudomonadota	c__Gammaproteobacteria	o__Nitrococcales	f__Nitrococcaceae	g__Sediminicurvatus	s__Sediminicurvatus halobius	4172350	74	55.33	18.67	1.374	0.1693	0.9438	within expectation
GCA_911810475.1	p__Pseudomonadota	c__Gammaproteobacteria	o__Enterobacterales	f__Celerinatantimonadaceae	g__Celerinatantimonas	s__Celerinatantimonas neptuna	4132137	74	55.11	18.89	1.391	0.1642	0.9438	within expectation
GCA_003345255.1	p__Pseudomonadota	c__Gammaproteobacteria	o__Burkholderiales	f__Rhodocyclaceae	g__Pseudothauera	s__Pseudothauera hydrothermalis	3059321	66	47.64	18.36	1.395	0.163	0.9438	within expectation
GCA_001697225.1	p__Pseudomonadota	c__Gammaproteobacteria	o__Immundisolibacterales	f__Immundisolibacteraceae	g__Immundisolibacter	s__Immundisolibacter cernigliae	3243537	68	49.22	18.78	1.416	0.1568	0.9438	within expectation
GCA_002197485.1	p__Bacillota	c__Bacilli	o__Bacillales	f__Anoxybacillaceae	g__Anoxybacillus	s__Anoxybacillus flavithermus_G	2830124	64	45.38	18.62	1.43	0.1527	0.9438	within expectation
GCA_000191045.1	p__Aquificota	c__Aquificia	o__Desulfurobacteriales	f__Desulfurobacteriaceae	g__Desulfurobacterium	s__Desulfurobacterium thermolithotrophum	1541968	36	21.32	14.68	1.438	0.1503	0.9438	within expectation
GCA_023703615.1	p__Pseudomonadota	c__Gammaproteobacteria	o__Magnimaribacterales	f__D2472	g__MED-G85	s__MED-G85 sp003331505	1229821	26	13.47	12.53	1.459	0.1446	0.9438	within expectation
GCA_009601765.2	p__Pseudomonadota	c__Gammaproteobacteria	o__Enterobacterales	f__Vibrionaceae	g__Vibrio	s__Vibrio algicola	3512181	71	51.25	19.75	1.474	0.1405	0.9438	within expectation
GCA_023206395.1	p__Pseudomonadota	c__Gammaproteobacteria	o__Enterobacterales	f__Vibrionaceae	g__Vibrio	s__Vibrio sp000316985	5827158	82	61.34	20.66	1.497	0.1345	0.9438	within expectation
GCA_009905255.1	p__Bacillota	c__Thermoanaerobacteria	o__Thermoanaerobacterales	f__Thermoanaerobacteraceae	g__Thermoanaerobacterium	s__Thermoanaerobacterium aotearoense	2668690	63	43.54	19.46	1.508	0.1315	0.9438	within expectation
GCA_012276695.1	p__Pseudomonadota	c__Alphaproteobacteria	o__Pelagibacterales	f__Pelagibacteraceae	g__Pelagibacter	s__Pelagibacter giovannonii	1365705	31	16.77	14.23	1.518	0.129	0.9438	within expectation
GCA_958439205.1	p__Pseudomonadota	c__Alphaproteobacteria	o__Rhizobiales	f__Rhizobiaceae	g__Allorhizobium	s__Allorhizobium sp958439205	4533630	78	57.11	20.89	1.527	0.1268	0.9438	within expectation
GCA_000512735.1	p__Aquificota	c__Aquificia	o__Aquificales	f__Aquificaceae	g__Thermocrinis	s__Thermocrinis ruber	1521037	37	20.77	16.23	1.593	0.1111	0.9438	within expectation
GCA_002218025.2	p__Pseudomonadota	c__Gammaproteobacteria	o__Enterobacterales	f__Vibrionaceae	g__Vibrio	s__Vibrio casei	4140771	77	55.16	21.84	1.604	0.1086	0.9438	within expectation
GCA_028993555.1	p__Pseudomonadota	c__Alphaproteobacteria	o__Rhizobiales	f__Rhizobiaceae	g__Ensifer	s__Ensifer adhaerens_I	7773605	86	63.69	22.31	1.612	0.1069	0.9438	within expectation
GCA_002082565.1	p__Pseudomonadota	c__Gammaproteobacteria	o__Pseudomonadales	f__Halomonadaceae	g__Vreelandella	s__Vreelandella sp002082565	4158464	78	55.25	22.75	1.669	0.09508	0.9438	within expectation
GCA_016495405.1	p__Pseudomonadota	c__Gammaproteobacteria	o__Pseudomonadales	f__Halomonadaceae	g__Cobetia	s__Cobetia sp016495405	4209007	79	55.52	23.48	1.721	0.08534	0.9438	within expectation
GCA_030123065.1	p__Bacillota	c__Bacilli	o__Bacillales	f__Cytobacillaceae	g__Neobacillus	s__Neobacillus sp030123065	6139711	86	61.96	24.04	1.737	0.08231	0.9438	within expectation
GCA_014218255.1	p__Pseudomonadota	c__Gammaproteobacteria	o__Burkholderiales	f__Burkholderiaceae	g__Mycoavidus	s__Mycoavidus sp014218255	1876900	50	29.72	20.28	1.75	0.08019	0.9438	within expectation
GCA_003574215.1	p__Pseudomonadota	c__Gammaproteobacteria	o__Burkholderiales	f__Rhodocyclaceae	g__Hydrogenophilus	s__Hydrogenophilus thermoluteolus	2288780	60	38.05	21.95	1.755	0.07923	0.9438	within expectation
GCA_001318295.1	p__Verrucomicrobiota	c__Verrucomicrobiia	o__Chthoniobacterales	f__Xiphinematobacteraceae	g__Xiphinematobacter	s__Xiphinematobacter sp001318295	915884	20	7.43	12.57	1.801	0.07168	0.8908	within expectation
GCA_005081445.1	p__Pseudomonadota	c__Gammaproteobacteria	o__Enterobacterales	f__Enterobacteriaceae	g__Buchnera	s__Buchnera aphidicola_AE	644774	15	4.55	10.45	1.811	0.07019	0.8908	within expectation
GCA_005080865.1	p__Pseudomonadota	c__Gammaproteobacteria	o__Enterobacterales	f__Enterobacteriaceae	g__Buchnera	s__Buchnera aphidicola_AG	630615	15	4.46	10.54	1.836	0.06639	0.8908	within expectation
GCA_029633825.1	p__Pseudomonadota	c__Gammaproteobacteria	o__Burkholderiales	f__Burkholderiaceae	g__Burkholderia	s__Burkholderia contaminans	9436857	90	64.25	25.75	1.876	0.06064	0.8908	within expectation
GCA_000815025.1	p__Pseudomonadota	c__Gammaproteobacteria	o__Coxiellales	f__Coxiellaceae	g__Coxiella	s__Coxiella sp000815025	656901	16	4.63	11.37	1.933	0.05328	0.8428	within expectation
GCA_005080965.1	p__Pseudomonadota	c__Gammaproteobacteria	o__Enterobacterales	f__Enterobacteriaceae	g__Buchnera	s__Buchnera aphidicola_S	654448	16	4.61	11.39	1.937	0.0527	0.8428	within expectation
GCA_005237295.1	p__Pseudomonadota	c__Gammaproteobacteria	o__Enterobacterales	f__Enterobacteriaceae	g__Buchnera	s__Buchnera aphidicola_AP	645334	16	4.55	11.45	1.954	0.05065	0.8428	within expectation
GCA_005083845.1	p__Pseudomonadota	c__Gammaproteobacteria	o__Enterobacterales	f__Enterobacteriaceae	g__Buchnera	s__Buchnera aphidicola_AW	645010	16	4.55	11.45	1.955	0.05058	0.8428	within expectation
GCA_005082145.1	p__Pseudomonadota	c__Gammaproteobacteria	o__Enterobacterales	f__Enterobacteriaceae	g__Buchnera	s__Buchnera aphidicola_U	641853	16	4.53	11.47	1.961	0.0499	0.8428	within expectation
GCA_002355475.1	p__Pseudomonadota	c__Gammaproteobacteria	o__Pseudomonadales	f__Pseudomonadaceae	g__Metapseudomonas	s__Metapseudomonas furukawaii	6242949	90	62.14	27.86	2.011	0.04436	0.8344	within expectation
GCA_001661075.1	p__Pseudomonadota	c__Gammaproteobacteria	o__Pseudomonadales	f__Pseudomonadaceae	g__Aquipseudomonas	s__Aquipseudomonas silesiensis	6823539	91	62.93	28.07	2.024	0.04296	0.8307	within expectation
GCA_030142985.1	p__Pseudomonadota	c__Gammaproteobacteria	o__PS1	f__Pseudothioglobaceae	g__Ruthia	s__Ruthia sp030142985	1523273	42	20.83	21.17	2.035	0.04187	0.8307	within expectation
GCA_029537375.1	p__Bacillota	c__Bacilli	o__Bacillales	f__Bacillaceae	g__Bacillus	s__Bacillus sonorensis_A	4423396	85	56.6	28.4	2.069	0.03856	0.8132	within expectation
GCA_005082585.1	p__Pseudomonadota	c__Gammaproteobacteria	o__Enterobacterales	f__Enterobacteriaceae	g__Buchnera	s__Buchnera aphidicola_Z	647564	17	4.56	12.44	2.092	0.03644	0.8132	within expectation
GCA_002291425.1	p__Pseudomonadota	c__Gammaproteobacteria	o__Enterobacterales	f__Enterobacteriaceae	g__Gibbsiella	s__Gibbsiella quercinecans	5548506	91	60.68	30.32	2.191	0.02848	0.7342	within expectation
GCA_958431155.1	p__Pseudomonadota	c__Gammaproteobacteria	o__Poriferisulfidales	f__Poriferisulfidaceae	g__Poriferisulfidus	s__Poriferisulfidus sp958431155	1593361	47	22.66	24.34	2.253	0.02423	0.7258	within expectation
GCA_002288325.1	p__Actinomycetota	c__Actinomycetes	o__Nanopelagicales	f__Nanopelagicaceae	g__Planktophila	s__Planktophila lacus	1384812	40	17.25	22.75	2.306	0.02112	0.6999	within expectation
GCA_002355835.1	p__Elusimicrobiota	c__Endomicrobiia	o__Endomicrobiales	f__Endomicrobiaceae	g__Endomicrobiellum	s__Endomicrobiellum trichonymphae	1130840	32	11.29	20.71	2.426	0.01525	0.6636	within expectation
GCA_013283855.1	p__Actinomycetota	c__Actinomycetes	o__Actinomycetales	f__Microbacteriaceae	g__Aquiluna	s__Aquiluna borgnonia	1362706	41	16.69	24.31	2.472	0.01342	0.6229	within expectation
GCA_023703675.1	p__Pseudomonadota	c__Gammaproteobacteria	o__Magnimaribacterales	f__AG-339-G14	g__AG-339-G14	s__AG-339-G14 sp902613455	1194046	35	12.66	22.34	2.501	0.01239	0.6158	within expectation
GCA_000982825.1	p__Pseudomonadota	c__Gammaproteobacteria	o__Enterobacterales	f__Enterobacteriaceae	g__Cronobacter	s__Cronobacter sakazakii	4663565	94	57.68	36.32	2.631	0.008517	0.5704	within expectation
GCA_019823025.1	p__Pseudomonadota	c__Gammaproteobacteria	o__Burkholderiales	f__Methylophilaceae	g__BACL14	s__BACL14 sp019823025	1336408	43	16.04	26.96	2.745	0.006049	0.5704	within expectation
GCA_001277235.1	p__Pseudomonadota	c__Gammaproteobacteria	o__Enterobacterales	f__Enterobacteriaceae	g__Cronobacter	s__Cronobacter dublinensis	4628405	96	57.53	38.47	2.786	0.005341	0.5704	within expectation
GCA_001277255.1	p__Pseudomonadota	c__Gammaproteobacteria	o__Enterobacterales	f__Enterobacteriaceae	g__Cronobacter	s__Cronobacter condimenti	4499482	96	56.96	39.04	2.83	0.004659	0.5704	within expectation
GCA_002271215.1	p__Pseudomonadota	c__Gammaproteobacteria	o__Enterobacterales	f__Enterobacteriaceae	g__Enterobacter	s__Enterobacter jeotgali	4603334	98	57.42	40.58	2.938	0.003308	0.5704	within expectation
GCA_001729785.1	p__Pseudomonadota	c__Gammaproteobacteria	o__Enterobacterales	f__Enterobacteriaceae	g__Enterobacter	s__Enterobacter hormaechei_C	4661849	99	57.68	41.32	2.99	0.002788	0.5704	within expectation
