target	term	species	org	genus	class	missing
arabinose_degradation	arabinose				no evidence	
arabinose_degradation	arabinose	Actinoplanes sichuanensis	asic	Actinoplanes	incomplete route	1
arabinose_degradation	arabinose	Bradyrhizobium oligotrophicum	aol	Bradyrhizobium	incomplete route	3
arabinose_degradation	arabinose	Alistipes indistinctus	ait	Alistipes	incomplete route	2
arabinose_degradation	arabinose	Alloscardovia omnicolens	aom	Alloscardovia	incomplete route	2
arabinose_degradation	arabinose	Ancylobacter polymorphus	apol	Ancylobacter	incomplete route	3
arabinose_degradation	arabinose	Anoxybacillus ayderensis	aayd	Anoxybacillus	incomplete route	3
arabinose_degradation	arabinose	Azospirillum humicireducens	ahu	Azospirillum	incomplete route	3
arabinose_degradation	arabinose	Azospirillum oryzae	aoz	Azospirillum	incomplete route	3
arabinose_degradation	arabinose	Azospirillum thiophilum	ati	Azospirillum	incomplete route	3
arabinose_degradation	arabinose	Bacillus safensis	bsaf	Bacillus	incomplete route	1
arabinose_degradation	arabinose	Bacteroides cellulosilyticus	bcel	Bacteroides	incomplete route	1
arabinose_degradation	arabinose	Bacteroides faecis	bfe	Bacteroides	incomplete route	1
arabinose_degradation	arabinose	Bacteroides finegoldii	bfin	Bacteroides	incomplete route	2
arabinose_degradation	arabinose	Bacteroides xylanisolvens	bxy	Bacteroides	incomplete route	1
arabinose_degradation	arabinose	Bifidobacterium adolescentis	bado	Bifidobacterium	incomplete route	1
arabinose_degradation	arabinose	Blastococcus saxobsidens	bsd	Blastococcus	incomplete route	3
arabinose_degradation	arabinose	Bradyrhizobium betae	bbet	Bradyrhizobium	incomplete route	3
arabinose_degradation	arabinose	Bradyrhizobium daqingense	bdg	Bradyrhizobium	incomplete route	3
arabinose_degradation	arabinose	Bradyrhizobium diazoefficiens	bja	Bradyrhizobium	incomplete route	3
arabinose_degradation	arabinose	Bradyrhizobium huanghuaihaiense	bhua	Bradyrhizobium	incomplete route	3
arabinose_degradation	arabinose	Bradyrhizobium pachyrhizi	bpah	Bradyrhizobium	incomplete route	3
arabinose_degradation	arabinose	Brevibacillus aydinogluensis	bayd	Brevibacillus	incomplete route	2
arabinose_degradation	arabinose	Brevundimonas vancanneytii	bvy	Brevundimonas	incomplete route	3
arabinose_degradation	arabinose	Brucella ceti	bcee	Brucella	incomplete route	3
arabinose_degradation	arabinose	Brucella inopinata	bio	Brucella	incomplete route	3
arabinose_degradation	arabinose	Brucella microti	bmr	Brucella	incomplete route	3
arabinose_degradation	arabinose	Paraburkholderia bryophila	pbry	Paraburkholderia	incomplete route	2
arabinose_degradation	arabinose	Burkholderia contaminans	bcon	Burkholderia	incomplete route	2
arabinose_degradation	arabinose	Burkholderia diffusa	bdf	Burkholderia	incomplete route	2
arabinose_degradation	arabinose	Burkholderia dolosa	bdl	Burkholderia	incomplete route	2
arabinose_degradation	arabinose	Burkholderia lata	bur	Burkholderia	incomplete route	1
arabinose_degradation	arabinose	Burkholderia latens	blat	Burkholderia	incomplete route	2
arabinose_degradation	arabinose	Paraburkholderia megapolitana	pmeg	Paraburkholderia	incomplete route	2
arabinose_degradation	arabinose	Burkholderia metallica	bmec	Burkholderia	incomplete route	1
arabinose_degradation	arabinose	Paraburkholderia sabiae	psaa	Paraburkholderia	incomplete route	2
arabinose_degradation	arabinose	Burkholderia seminalis	bsem	Burkholderia	incomplete route	1
arabinose_degradation	arabinose	Paraburkholderia sprentiae	pspw	Paraburkholderia	incomplete route	2
arabinose_degradation	arabinose	Paraburkholderia terrae	pter	Paraburkholderia	incomplete route	2
arabinose_degradation	arabinose	Paraburkholderia tropica	ptro	Paraburkholderia	incomplete route	3
arabinose_degradation	arabinose	Caldicellulosiruptor kronotskyensis	ckn	Caldicellulosiruptor	incomplete route	1
arabinose_degradation	arabinose	Castellaniella ginsengisoli	cgin	Castellaniella	incomplete route	3
arabinose_degradation	arabinose	Celeribacter baekdonensis	cbak	Celeribacter	incomplete route	3
arabinose_degradation	arabinose	Cobetia amphilecti	camh	Cobetia	incomplete route	3
arabinose_degradation	arabinose	Collimonas arenae	care	Collimonas	incomplete route	3
arabinose_degradation	arabinose	Collimonas pratensis	cpra	Collimonas	incomplete route	3
arabinose_degradation	arabinose	Coraliomargarita akajimensis	caa	Coraliomargarita	incomplete route	3
arabinose_degradation	arabinose	Corynebacterium frankenforstense	cfk	Corynebacterium	incomplete route	1
arabinose_degradation	arabinose	Corynebacterium halotolerans	chn	Corynebacterium	incomplete route	3
arabinose_degradation	arabinose	Defluviicoccus vanus	dvn	Defluviicoccus	incomplete route	3
arabinose_degradation	arabinose	Deinococcus ficus	dfc	Deinococcus	incomplete route	3
arabinose_degradation	arabinose	Deinococcus wulumuqiensis	dwu	Deinococcus	incomplete route	3
arabinose_degradation	arabinose	Delftia lacustris	dla	Delftia	incomplete route	3
arabinose_degradation	arabinose	Dietzia kunjamensis	dkn	Dietzia	incomplete route	3
arabinose_degradation	arabinose	Dietzia timorensis	dtm	Dietzia	incomplete route	3
arabinose_degradation	arabinose	Enterococcus lactis	elac	Enterococcus	incomplete route	1
arabinose_degradation	arabinose	Gallaecimonas pentaromativorans	gpm	Gallaecimonas	incomplete route	3
arabinose_degradation	arabinose	Geobacillus lituanicus	gli	Geobacillus	incomplete route	3
arabinose_degradation	arabinose	Gluconobacter japonicus	gjo	Gluconobacter	incomplete route	3
arabinose_degradation	arabinose	Gordonia otitidis	goi	Gordonia	incomplete route	3
arabinose_degradation	arabinose	Halorubrum ezzemoulense	hezz	Halorubrum	incomplete route	3
arabinose_degradation	arabinose	Halostagnicola larsenii	hlr	Halostagnicola	incomplete route	3
arabinose_degradation	arabinose	Helcobacillus massiliensis	hmm	Helcobacillus	incomplete route	3
arabinose_degradation	arabinose	Herbaspirillum hiltneri	hht	Herbaspirillum	incomplete route	2
arabinose_degradation	arabinose	Iamia majanohamensis	ima	Iamia	incomplete route	3
arabinose_degradation	arabinose	Isoptericola halotolerans	iha	Isoptericola	incomplete route	1
arabinose_degradation	arabinose	Janibacter cremeus	jcr	Janibacter	incomplete route	3
arabinose_degradation	arabinose	Kangiella sediminilitoris	ksd	Kangiella	incomplete route	3
arabinose_degradation	arabinose	Kocuria flava	kfv	Kocuria	incomplete route	3
arabinose_degradation	arabinose	Lachnoanaerobaculum umeaense	lua	Lachnoanaerobaculum	incomplete route	1
arabinose_degradation	arabinose	Lactococcus taiwanensis	lti	Lactococcus	incomplete route	1
arabinose_degradation	arabinose	Leptotrichia shahii	lsz	Leptotrichia	incomplete route	3
arabinose_degradation	arabinose	Leuconostoc mesenteroides	lmm	Leuconostoc	incomplete route	1
arabinose_degradation	arabinose	Luteibacter anthropi	lanh	Luteibacter	incomplete route	3
arabinose_degradation	arabinose	Lysinibacillus xylanilyticus	lxn	Lysinibacillus	incomplete route	3
arabinose_degradation	arabinose	Lysobacter soli	lsol	Lysobacter	incomplete route	3
arabinose_degradation	arabinose	Mahella australiensis	mas	Mahella	incomplete route	1
arabinose_degradation	arabinose	Marinobacter psychrophilus	mpq	Marinobacter	incomplete route	3
arabinose_degradation	arabinose	Marinobacterium rhizophilum	mrz	Marinobacterium	incomplete route	3
arabinose_degradation	arabinose	Marinomonas arctica	mard	Marinomonas	incomplete route	3
arabinose_degradation	arabinose	Maritalea myrionectae	mmyr	Maritalea	incomplete route	3
arabinose_degradation	arabinose	Massilia oculi	mtim	Massilia	incomplete route	3
arabinose_degradation	arabinose	Megamonas funiformis	mfun	Megamonas	incomplete route	1
arabinose_degradation	arabinose	Mesorhizobium australicum	mam	Mesorhizobium	incomplete route	3
arabinose_degradation	arabinose	Mesorhizobium ciceri	mci	Mesorhizobium	incomplete route	3
arabinose_degradation	arabinose	Mesorhizobium opportunistum	mop	Mesorhizobium	incomplete route	3
arabinose_degradation	arabinose	Methylobacterium aquaticum	maqu	Methylobacterium	incomplete route	3
arabinose_degradation	arabinose	Methylobacterium brachiatum	mbrc	Methylobacterium	incomplete route	3
arabinose_degradation	arabinose	Methylobacterium oryzae	mor	Methylobacterium	incomplete route	3
arabinose_degradation	arabinose	Methylobacterium phyllosphaerae	mphy	Methylobacterium	incomplete route	3
arabinose_degradation	arabinose	Methylobacterium tardum	mtad	Methylobacterium	incomplete route	3
arabinose_degradation	arabinose	Microbacterium azadirachtae	maza	Microbacterium	incomplete route	1
arabinose_degradation	arabinose	Microbacterium binotii	mbin	Microbacterium	incomplete route	1
arabinose_degradation	arabinose	Microbacterium invictum	minv	Microbacterium	incomplete route	1
arabinose_degradation	arabinose	Microbacterium lemovicicum	mlv	Microbacterium	incomplete route	1
arabinose_degradation	arabinose	Microbacterium oleivorans	moo	Microbacterium	incomplete route	1
arabinose_degradation	arabinose	Microbacterium oryzae	moj	Microbacterium	incomplete route	1
arabinose_degradation	arabinose	Microbacterium paludicola	mpal	Microbacterium	incomplete route	1
arabinose_degradation	arabinose	Microvirga lotononidis	mld	Microvirga	incomplete route	1
arabinose_degradation	arabinose	Natrinema gari	nat	Natrinema	incomplete route	3
arabinose_degradation	arabinose	Nocardiopsis gilva	ngv	Nocardiopsis	incomplete route	3
arabinose_degradation	arabinose	Nosocomiicoccus ampullae	namp	Nosocomiicoccus	incomplete route	3
arabinose_degradation	arabinose	Olleya aquimaris	oaq	Olleya	incomplete route	3
arabinose_degradation	arabinose	Oscillibacter valericigenes	ova	Oscillibacter	incomplete route	1
arabinose_degradation	arabinose	Otariodibacter oris	ooi	Otariodibacter	incomplete route	2
arabinose_degradation	arabinose	Paenibacillus barcinonensis	pbac	Paenibacillus	incomplete route	1
arabinose_degradation	arabinose	Paenibacillus hunanensis	phk	Paenibacillus	incomplete route	1
arabinose_degradation	arabinose	Paenibacillus riograndensis	pri	Paenibacillus	incomplete route	1
arabinose_degradation	arabinose	Paenibacillus taichungensis	ptac	Paenibacillus	incomplete route	1
arabinose_degradation	arabinose	Paracoccus fistulariae	pfis	Paracoccus	incomplete route	3
arabinose_degradation	arabinose	Paracoccus saliphilus	psap	Paracoccus	incomplete route	3
arabinose_degradation	arabinose	Paraoerskovia sediminicola	psek	Paraoerskovia	incomplete route	1
arabinose_degradation	arabinose	Paraprevotella clara	pclr	Paraprevotella	incomplete route	1
arabinose_degradation	arabinose	Planktomarina temperata	ptp	Planktomarina	incomplete route	3
arabinose_degradation	arabinose	Chryseobacterium taklimakanense	ctak	Chryseobacterium	incomplete route	3
arabinose_degradation	arabinose	Pontibacter korlensis	pko	Pontibacter	incomplete route	3
arabinose_degradation	arabinose	Prauserella marina	pmad	Prauserella	incomplete route	2
arabinose_degradation	arabinose	Prevotella histicola	phis	Prevotella	incomplete route	3
arabinose_degradation	arabinose	Propionibacterium acidifaciens	pacd	Propionibacterium	incomplete route	1
arabinose_degradation	arabinose	Providencia vermicola	pvc	Providencia	incomplete route	3
arabinose_degradation	arabinose	Pseudomonas lurida	pfx	Pseudomonas	incomplete route	2
arabinose_degradation	arabinose	Pseudomonas moorei	pmor	Pseudomonas	incomplete route	3
arabinose_degradation	arabinose	Pseudoxanthomonas daejeonensis	pdd	Pseudoxanthomonas	incomplete route	3
arabinose_degradation	arabinose	Pseudoxanthomonas suwonensis	psu	Pseudoxanthomonas	incomplete route	3
arabinose_degradation	arabinose	Psychrobacter alimentarius	pali	Psychrobacter	incomplete route	3
arabinose_degradation	arabinose	Rhizobium grahamii	rgr	Rhizobium	incomplete route	3
arabinose_degradation	arabinose	Rhodanobacter denitrificans	rhd	Rhodanobacter	incomplete route	3
arabinose_degradation	arabinose	Rummeliibacillus stabekisii	rst	Rummeliibacillus	incomplete route	3
arabinose_degradation	arabinose	Serratia nematodiphila	snem	Serratia	incomplete route	2
arabinose_degradation	arabinose	Shewanella halifaxensis	shl	Shewanella	incomplete route	3
arabinose_degradation	arabinose	Sphingomonas alpina	spap	Sphingomonas	incomplete route	2
arabinose_degradation	arabinose	Sphingomonas hankookensis	shan	Sphingomonas	incomplete route	3
arabinose_degradation	arabinose	Sphingomonas sanxanigenens	ssan	Sphingomonas	incomplete route	3
arabinose_degradation	arabinose	Sphingomonas sediminicola	ssed	Sphingomonas	incomplete route	3
arabinose_degradation	arabinose	Sphingopyxis indica	sina	Sphingopyxis	incomplete route	3
arabinose_degradation	arabinose	Staphylococcus massiliensis	smls	Staphylococcus	incomplete route	3
arabinose_degradation	arabinose	Staphylococcus simiae	ssim	Staphylococcus	incomplete route	2
arabinose_degradation	arabinose	Streptomyces harbinensis	shar	Streptomyces	incomplete route	3
arabinose_degradation	arabinose	Streptomyces xiamenensis	sxi	Streptomyces	incomplete route	3
arabinose_degradation	arabinose	Advenella kashmirensis	aka	Advenella	incomplete route	3
arabinose_degradation	arabinose	Advenella mimigardefordensis	amim	Advenella	incomplete route	2
arabinose_degradation	arabinose	Thalassospira tepidiphila	ttb	Thalassospira	incomplete route	3
arabinose_degradation	arabinose	Thalassospira xiamenensis	txi	Thalassospira	incomplete route	3
arabinose_degradation	arabinose	Thermobifida halotolerans	thao	Thermobifida	incomplete route	3
arabinose_degradation	arabinose	Tsukamurella tyrosinosolvens	tsm	Tsukamurella	incomplete route	3
arabinose_degradation	arabinose	Tsukamurella pulmonis	tpul	Tsukamurella	incomplete route	3
arabinose_degradation	arabinose	Uruburuella suis	usu	Uruburuella	incomplete route	3
arabinose_degradation	arabinose	Variovorax boronicumulans	vbo	Variovorax	incomplete route	2
arabinose_degradation	arabinose	Verminephrobacter eiseniae	vei	Verminephrobacter	incomplete route	3
arabinose_degradation	arabinose	Vibrio splendidus	vsl	Vibrio	incomplete route	2
galactose_degradation_leloir	galactose				no evidence	
galactose_degradation_leloir	galactose	Actinomyces massiliensis	amas	Actinomyces	incomplete route	1
galactose_degradation_leloir	galactose	Actinomyces timonensis	atin	Actinomyces	incomplete route	3
galactose_degradation_leloir	galactose	Bradyrhizobium oligotrophicum	aol	Bradyrhizobium	incomplete route	2
galactose_degradation_leloir	galactose	Alkalitalea saponilacus	asx	Alkalitalea	incomplete route	1
galactose_degradation_leloir	galactose	Ancylobacter polymorphus	apol	Ancylobacter	incomplete route	3
galactose_degradation_leloir	galactose	Azospirillum oryzae	aoz	Azospirillum	incomplete route	2
galactose_degradation_leloir	galactose	Azospirillum thiophilum	ati	Azospirillum	incomplete route	2
galactose_degradation_leloir	galactose	Bacteroides cellulosilyticus	bcel	Bacteroides	incomplete route	1
galactose_degradation_leloir	galactose	Belliella baltica	bbd	Belliella	incomplete route	1
galactose_degradation_leloir	galactose	Brachybacterium saurashtrense	bsau	Brachybacterium	incomplete route	1
galactose_degradation_leloir	galactose	Bradyrhizobium betae	bbet	Bradyrhizobium	incomplete route	2
galactose_degradation_leloir	galactose	Bradyrhizobium daqingense	bdg	Bradyrhizobium	incomplete route	2
galactose_degradation_leloir	galactose	Bradyrhizobium huanghuaihaiense	bhua	Bradyrhizobium	incomplete route	2
galactose_degradation_leloir	galactose	Brevundimonas nasdae	bnd	Brevundimonas	incomplete route	2
galactose_degradation_leloir	galactose	Brevundimonas vancanneytii	bvy	Brevundimonas	incomplete route	2
galactose_degradation_leloir	galactose	Brucella ceti	bcee	Brucella	incomplete route	3
galactose_degradation_leloir	galactose	Celeribacter baekdonensis	cbak	Celeribacter	incomplete route	2
galactose_degradation_leloir	galactose	Chelatococcus daeguensis	cdq	Chelatococcus	incomplete route	2
galactose_degradation_leloir	galactose	Cloacibacillus porcorum	cpor	Cloacibacillus	incomplete route	2
galactose_degradation_leloir	galactose	Cobetia amphilecti	camh	Cobetia	incomplete route	2
galactose_degradation_leloir	galactose	Coraliomargarita akajimensis	caa	Coraliomargarita	incomplete route	1
galactose_degradation_leloir	galactose	Corynebacterium halotolerans	chn	Corynebacterium	incomplete route	1
galactose_degradation_leloir	galactose	Costertonia aggregata	cagg	Costertonia	incomplete route	1
galactose_degradation_leloir	galactose	Cyclobacterium amurskyense	camu	Cyclobacterium	incomplete route	1
galactose_degradation_leloir	galactose	Deinococcus wulumuqiensis	dwu	Deinococcus	incomplete route	2
galactose_degradation_leloir	galactose	Dietzia kunjamensis	dkn	Dietzia	incomplete route	2
galactose_degradation_leloir	galactose	Dietzia timorensis	dtm	Dietzia	incomplete route	2
galactose_degradation_leloir	galactose	Emticicia oligotrophica	eol	Emticicia	incomplete route	1
galactose_degradation_leloir	galactose	Exiguobacterium profundum	epf	Exiguobacterium	incomplete route	3
galactose_degradation_leloir	galactose	Fibrella aestuarina	fae	Fibrella	incomplete route	1
galactose_degradation_leloir	galactose	Gluconobacter japonicus	gjo	Gluconobacter	incomplete route	2
galactose_degradation_leloir	galactose	Gordonia otitidis	goi	Gordonia	incomplete route	2
galactose_degradation_leloir	galactose	Halobellus limi	hlm	Halobellus	incomplete route	2
galactose_degradation_leloir	galactose	Halomonas beimenensis	hbe	Halomonas	incomplete route	2
galactose_degradation_leloir	galactose	Halorhabdus tiamatea	hti	Halorhabdus	incomplete route	1
galactose_degradation_leloir	galactose	Halosimplex pelagicum	hpel	Halosimplex	incomplete route	2
galactose_degradation_leloir	galactose	Halostagnicola larsenii	hlr	Halostagnicola	incomplete route	2
galactose_degradation_leloir	galactose	Helcobacillus massiliensis	hmm	Helcobacillus	incomplete route	1
galactose_degradation_leloir	galactose	Herbaspirillum hiltneri	hht	Herbaspirillum	incomplete route	2
galactose_degradation_leloir	galactose	Isoptericola halotolerans	iha	Isoptericola	incomplete route	1
galactose_degradation_leloir	galactose	Kangiella sediminilitoris	ksd	Kangiella	incomplete route	3
galactose_degradation_leloir	galactose	Leadbetterella byssophila	lby	Leadbetterella	incomplete route	1
galactose_degradation_leloir	galactose	Mahella australiensis	mas	Mahella	incomplete route	3
galactose_degradation_leloir	galactose	Marinobacterium rhizophilum	mrz	Marinobacterium	incomplete route	2
galactose_degradation_leloir	galactose	Marinomonas arctica	mard	Marinomonas	incomplete route	2
galactose_degradation_leloir	galactose	Maritalea myrionectae	mmyr	Maritalea	incomplete route	2
galactose_degradation_leloir	galactose	Mesorhizobium ciceri	mci	Mesorhizobium	incomplete route	2
galactose_degradation_leloir	galactose	Methylobacterium aquaticum	maqu	Methylobacterium	incomplete route	2
galactose_degradation_leloir	galactose	Methylobacterium oryzae	mor	Methylobacterium	incomplete route	2
galactose_degradation_leloir	galactose	Mucilaginibacter daejeonensis	mdj	Mucilaginibacter	incomplete route	1
galactose_degradation_leloir	galactose	Mucilaginibacter jinjuensis	mjj	Mucilaginibacter	incomplete route	1
galactose_degradation_leloir	galactose	Natronorubrum aibiense	nas	Natronorubrum	incomplete route	2
galactose_degradation_leloir	galactose	Nocardiopsis gilva	ngv	Nocardiopsis	incomplete route	1
galactose_degradation_leloir	galactose	Paludibacter propionicigenes	ppn	Paludibacter	incomplete route	1
galactose_degradation_leloir	galactose	Paracoccus fistulariae	pfis	Paracoccus	incomplete route	2
galactose_degradation_leloir	galactose	Paracoccus saliphilus	psap	Paracoccus	incomplete route	3
galactose_degradation_leloir	galactose	Pedobacter steynii	psty	Pedobacter	incomplete route	1
galactose_degradation_leloir	galactose	Phaeobacter inhibens	pgl	Phaeobacter	incomplete route	2
galactose_degradation_leloir	galactose	Phytohabitans suffuscus	psuu	Phytohabitans	incomplete route	1
galactose_degradation_leloir	galactose	Planktomarina temperata	ptp	Planktomarina	incomplete route	2
galactose_degradation_leloir	galactose	Planococcus halocryophilus	phc	Planococcus	incomplete route	2
galactose_degradation_leloir	galactose	Pseudomonas antarctica	panr	Pseudomonas	incomplete route	2
galactose_degradation_leloir	galactose	Pseudomonas lurida	pfx	Pseudomonas	incomplete route	2
galactose_degradation_leloir	galactose	Pseudomonas moorei	pmor	Pseudomonas	incomplete route	2
galactose_degradation_leloir	galactose	Pseudoxanthomonas japonensis	pjp	Pseudoxanthomonas	incomplete route	2
galactose_degradation_leloir	galactose	Psychrobacter alimentarius	pali	Psychrobacter	incomplete route	2
galactose_degradation_leloir	galactose	Rhodopirellula baltica	rba	Rhodopirellula	incomplete route	1
galactose_degradation_leloir	galactose	Rummeliibacillus stabekisii	rst	Rummeliibacillus	incomplete route	3
galactose_degradation_leloir	galactose	Saccharothrix hoggarensis	shog	Saccharothrix	incomplete route	1
galactose_degradation_leloir	galactose	Salinispora tropica	stp	Salinispora	incomplete route	2
galactose_degradation_leloir	galactose	Sphingomonas hankookensis	shan	Sphingomonas	incomplete route	2
galactose_degradation_leloir	galactose	Sphingomonas sanxanigenens	ssan	Sphingomonas	incomplete route	2
galactose_degradation_leloir	galactose	Staphylococcus agnetis	sagq	Staphylococcus	incomplete route	3
galactose_degradation_leloir	galactose	Staphylococcus devriesei	sdev	Staphylococcus	incomplete route	3
galactose_degradation_leloir	galactose	Staphylococcus simiae	ssim	Staphylococcus	incomplete route	3
galactose_degradation_leloir	galactose	Streptomyces drozdowiczii	sdrz	Streptomyces	incomplete route	1
galactose_degradation_leloir	galactose	Sulfitobacter dubius	sdub	Sulfitobacter	incomplete route	2
galactose_degradation_leloir	galactose	Tessaracoccus flavescens	tfa	Tessaracoccus	incomplete route	1
galactose_degradation_leloir	galactose	Advenella kashmirensis	aka	Advenella	incomplete route	2
galactose_degradation_leloir	galactose	Thalassospira tepidiphila	ttb	Thalassospira	incomplete route	2
galactose_degradation_leloir	galactose	Thalassospira xiamenensis	txi	Thalassospira	incomplete route	2
galactose_degradation_leloir	galactose	Thermobifida halotolerans	thao	Thermobifida	incomplete route	1
galactose_degradation_leloir	galactose	Hydrogenovibrio thermophilus	htr	Hydrogenovibrio	incomplete route	3
galactose_degradation_leloir	galactose	Verminephrobacter eiseniae	vei	Verminephrobacter	incomplete route	3
galactose_degradation_leloir	galactose	Zobellella denitrificans	zdf	Zobellella	incomplete route	2
xylose_degradation_isomerase	xylose				no evidence	
xylose_degradation_isomerase	xylose	Actinocatenispora sera	aser	Actinocatenispora	incomplete route	1
xylose_degradation_isomerase	xylose	Alkalitalea saponilacus	asx	Alkalitalea	incomplete route	1
xylose_degradation_isomerase	xylose	Alloscardovia omnicolens	aom	Alloscardovia	incomplete route	1
xylose_degradation_isomerase	xylose	Azospirillum oryzae	aoz	Azospirillum	incomplete route	2
xylose_degradation_isomerase	xylose	Bacillus aerius	baei	Bacillus	incomplete route	2
xylose_degradation_isomerase	xylose	Aeribacillus pallidus	apak	Aeribacillus	incomplete route	1
xylose_degradation_isomerase	xylose	Bradyrhizobium pachyrhizi	bpah	Bradyrhizobium	incomplete route	2
xylose_degradation_isomerase	xylose	Brevibacillus aydinogluensis	bayd	Brevibacillus	incomplete route	2
xylose_degradation_isomerase	xylose	Brucella ceti	bcee	Brucella	incomplete route	1
xylose_degradation_isomerase	xylose	Burkholderia lata	bur	Burkholderia	incomplete route	1
xylose_degradation_isomerase	xylose	Paraburkholderia phytofirmans	buz	Paraburkholderia	incomplete route	1
xylose_degradation_isomerase	xylose	Corynebacterium deserti	cdx	Corynebacterium	incomplete route	1
xylose_degradation_isomerase	xylose	Corynebacterium halotolerans	chn	Corynebacterium	incomplete route	1
xylose_degradation_isomerase	xylose	Corynebacterium pyruviciproducens	cpyr	Corynebacterium	incomplete route	1
xylose_degradation_isomerase	xylose	Corynebacterium ureicelerivorans	cuv	Corynebacterium	incomplete route	2
xylose_degradation_isomerase	xylose	Defluviicoccus vanus	dvn	Defluviicoccus	incomplete route	2
xylose_degradation_isomerase	xylose	Deinococcus ficus	dfc	Deinococcus	incomplete route	1
xylose_degradation_isomerase	xylose	Deinococcus wulumuqiensis	dwu	Deinococcus	incomplete route	2
xylose_degradation_isomerase	xylose	Dietzia kunjamensis	dkn	Dietzia	incomplete route	2
xylose_degradation_isomerase	xylose	Dietzia timorensis	dtm	Dietzia	incomplete route	2
xylose_degradation_isomerase	xylose	Komagataeibacter medellinensis	gxy	Komagataeibacter	incomplete route	1
xylose_degradation_isomerase	xylose	Gluconobacter japonicus	gjo	Gluconobacter	incomplete route	2
xylose_degradation_isomerase	xylose	Granulicella mallensis	gma	Granulicella	incomplete route	1
xylose_degradation_isomerase	xylose	Halostagnicola larsenii	hlr	Halostagnicola	incomplete route	2
xylose_degradation_isomerase	xylose	Iamia majanohamensis	ima	Iamia	incomplete route	1
xylose_degradation_isomerase	xylose	Janibacter cremeus	jcr	Janibacter	incomplete route	1
xylose_degradation_isomerase	xylose	Kangiella sediminilitoris	ksd	Kangiella	incomplete route	2
xylose_degradation_isomerase	xylose	Lysinibacillus xylanilyticus	lxn	Lysinibacillus	incomplete route	2
xylose_degradation_isomerase	xylose	Mahella australiensis	mas	Mahella	incomplete route	1
xylose_degradation_isomerase	xylose	Megamonas funiformis	mfun	Megamonas	incomplete route	1
xylose_degradation_isomerase	xylose	Methylobacterium brachiatum	mbrc	Methylobacterium	incomplete route	2
xylose_degradation_isomerase	xylose	Methylobacterium nodulans	mno	Methylobacterium	incomplete route	2
xylose_degradation_isomerase	xylose	Methylobacterium oryzae	mor	Methylobacterium	incomplete route	2
xylose_degradation_isomerase	xylose	Methylobacterium phyllosphaerae	mphy	Methylobacterium	incomplete route	2
xylose_degradation_isomerase	xylose	Microbulbifer thermotolerans	mthd	Microbulbifer	incomplete route	2
xylose_degradation_isomerase	xylose	Oscillibacter valericigenes	ova	Oscillibacter	incomplete route	1
xylose_degradation_isomerase	xylose	Paenibacillus sophorae	psop	Paenibacillus	incomplete route	2
xylose_degradation_isomerase	xylose	Paracoccus fistulariae	pfis	Paracoccus	incomplete route	1
xylose_degradation_isomerase	xylose	Polycladomyces abyssicola	pabs	Polycladomyces	incomplete route	2
xylose_degradation_isomerase	xylose	Psychrobacter alimentarius	pali	Psychrobacter	incomplete route	2
xylose_degradation_isomerase	xylose	Rhodococcus gordoniae	rgor	Rhodococcus	incomplete route	1
xylose_degradation_isomerase	xylose	Rummeliibacillus stabekisii	rst	Rummeliibacillus	incomplete route	2
xylose_degradation_isomerase	xylose	Saccharothrix hoggarensis	shog	Saccharothrix	incomplete route	2
xylose_degradation_isomerase	xylose	Serratia nematodiphila	snem	Serratia	incomplete route	1
xylose_degradation_isomerase	xylose	Serratia ureilytica	suri	Serratia	incomplete route	1
xylose_degradation_isomerase	xylose	Sphingomonas hankookensis	shan	Sphingomonas	incomplete route	2
xylose_degradation_isomerase	xylose	Advenella kashmirensis	aka	Advenella	incomplete route	2
xylose_degradation_isomerase	xylose	Tsukamurella tyrosinosolvens	tsm	Tsukamurella	incomplete route	1
xylose_degradation_isomerase	xylose	Tsukamurella pulmonis	tpul	Tsukamurella	incomplete route	1
xylose_degradation_isomerase	xylose	Verminephrobacter eiseniae	vei	Verminephrobacter	incomplete route	1
glcnac_degradation	N-acetylgulcosamine				no evidence	
glcnac_degradation	N-acetylgulcosamine	Altererythrobacter epoxidivorans	aep	Altererythrobacter	incomplete route	3
glcnac_degradation	N-acetylgulcosamine	Azospirillum humicireducens	ahu	Azospirillum	incomplete route	1
glcnac_degradation	N-acetylgulcosamine	Bradyrhizobium betae	bbet	Bradyrhizobium	incomplete route	3
glcnac_degradation	N-acetylgulcosamine	Brevundimonas nasdae	bnd	Brevundimonas	incomplete route	1
glcnac_degradation	N-acetylgulcosamine	Brucella inopinata	bio	Brucella	incomplete route	2
glcnac_degradation	N-acetylgulcosamine	Brucella microti	bmr	Brucella	incomplete route	2
glcnac_degradation	N-acetylgulcosamine	Paraburkholderia bryophila	pbry	Paraburkholderia	incomplete route	1
glcnac_degradation	N-acetylgulcosamine	Burkholderia diffusa	bdf	Burkholderia	incomplete route	1
glcnac_degradation	N-acetylgulcosamine	Burkholderia latens	blat	Burkholderia	incomplete route	1
glcnac_degradation	N-acetylgulcosamine	Paraburkholderia megapolitana	pmeg	Paraburkholderia	incomplete route	1
glcnac_degradation	N-acetylgulcosamine	Burkholderia metallica	bmec	Burkholderia	incomplete route	1
glcnac_degradation	N-acetylgulcosamine	Burkholderia seminalis	bsem	Burkholderia	incomplete route	1
glcnac_degradation	N-acetylgulcosamine	Paraburkholderia sprentiae	pspw	Paraburkholderia	incomplete route	1
glcnac_degradation	N-acetylgulcosamine	Paraburkholderia terrae	pter	Paraburkholderia	incomplete route	1
glcnac_degradation	N-acetylgulcosamine	Paraburkholderia tropica	ptro	Paraburkholderia	incomplete route	1
glcnac_degradation	N-acetylgulcosamine	Paraburkholderia xenovorans	bxb	Paraburkholderia	incomplete route	1
glcnac_degradation	N-acetylgulcosamine	Castellaniella ginsengisoli	cgin	Castellaniella	incomplete route	3
glcnac_degradation	N-acetylgulcosamine	Chromobacterium haemolyticum	chae	Chromobacterium	incomplete route	1
glcnac_degradation	N-acetylgulcosamine	Chromobacterium subtsugae	csut	Chromobacterium	incomplete route	1
glcnac_degradation	N-acetylgulcosamine	Chromobacterium vaccinii	cvc	Chromobacterium	incomplete route	1
glcnac_degradation	N-acetylgulcosamine	Cloacibacillus porcorum	cpor	Cloacibacillus	incomplete route	3
glcnac_degradation	N-acetylgulcosamine	Cobetia amphilecti	camh	Cobetia	incomplete route	3
glcnac_degradation	N-acetylgulcosamine	Coraliomargarita akajimensis	caa	Coraliomargarita	incomplete route	2
glcnac_degradation	N-acetylgulcosamine	Corynebacterium tuberculostearicum	ctub	Corynebacterium	incomplete route	3
glcnac_degradation	N-acetylgulcosamine	Cyclobacterium amurskyense	camu	Cyclobacterium	incomplete route	2
glcnac_degradation	N-acetylgulcosamine	Deinococcus aquaticus	daqu	Deinococcus	incomplete route	2
glcnac_degradation	N-acetylgulcosamine	Deinococcus ficus	dfc	Deinococcus	incomplete route	2
glcnac_degradation	N-acetylgulcosamine	Delftia lacustris	dla	Delftia	incomplete route	3
glcnac_degradation	N-acetylgulcosamine	Dietzia timorensis	dtm	Dietzia	incomplete route	3
glcnac_degradation	N-acetylgulcosamine	Dyella japonica	dja	Dyella	incomplete route	2
glcnac_degradation	N-acetylgulcosamine	Dyella jiangningensis	dji	Dyella	incomplete route	2
glcnac_degradation	N-acetylgulcosamine	Dyella thiooxydans	dtx	Dyella	incomplete route	2
glcnac_degradation	N-acetylgulcosamine	Enterococcus devriesei	ede	Enterococcus	incomplete route	1
glcnac_degradation	N-acetylgulcosamine	Fibrella aestuarina	fae	Fibrella	incomplete route	1
glcnac_degradation	N-acetylgulcosamine	Gallaecimonas pentaromativorans	gpm	Gallaecimonas	incomplete route	3
glcnac_degradation	N-acetylgulcosamine	Gordonia otitidis	goi	Gordonia	incomplete route	3
glcnac_degradation	N-acetylgulcosamine	Granulicella mallensis	gma	Granulicella	incomplete route	1
glcnac_degradation	N-acetylgulcosamine	Granulicella tundricola	acm	Granulicella	incomplete route	2
glcnac_degradation	N-acetylgulcosamine	Herbaspirillum hiltneri	hht	Herbaspirillum	incomplete route	2
glcnac_degradation	N-acetylgulcosamine	Intestinimonas butyriciproducens	ibu	Intestinimonas	incomplete route	1
glcnac_degradation	N-acetylgulcosamine	Kordia antarctica	kan	Kordia	incomplete route	3
glcnac_degradation	N-acetylgulcosamine	Lactobacillus delbrueckii	ldl	Lactobacillus	incomplete route	1
glcnac_degradation	N-acetylgulcosamine	Lactobacillus amylovorus	lam	Lactobacillus	incomplete route	1
glcnac_degradation	N-acetylgulcosamine	Lactobacillus helveticus	lhv	Lactobacillus	incomplete route	1
glcnac_degradation	N-acetylgulcosamine	Lactobacillus ultunensis	luu	Lactobacillus	incomplete route	1
glcnac_degradation	N-acetylgulcosamine	Lactococcus taiwanensis	lti	Lactococcus	incomplete route	1
glcnac_degradation	N-acetylgulcosamine	Leadbetterella byssophila	lby	Leadbetterella	incomplete route	1
glcnac_degradation	N-acetylgulcosamine	Leuconostoc mesenteroides	lmm	Leuconostoc	incomplete route	1
glcnac_degradation	N-acetylgulcosamine	Luteibacter anthropi	lanh	Luteibacter	incomplete route	2
glcnac_degradation	N-acetylgulcosamine	Lysobacter soli	lsol	Lysobacter	incomplete route	2
glcnac_degradation	N-acetylgulcosamine	Marinobacterium rhizophilum	mrz	Marinobacterium	incomplete route	1
glcnac_degradation	N-acetylgulcosamine	Mesorhizobium opportunistum	mop	Mesorhizobium	incomplete route	2
glcnac_degradation	N-acetylgulcosamine	Microbacterium invictum	minv	Microbacterium	incomplete route	1
glcnac_degradation	N-acetylgulcosamine	Mucilaginibacter daejeonensis	mdj	Mucilaginibacter	incomplete route	1
glcnac_degradation	N-acetylgulcosamine	Mucilaginibacter jinjuensis	mjj	Mucilaginibacter	incomplete route	1
glcnac_degradation	N-acetylgulcosamine	Mucilaginibacter sabulilitoris	msab	Mucilaginibacter	incomplete route	1
glcnac_degradation	N-acetylgulcosamine	Niabella soli	nso	Niabella	incomplete route	1
glcnac_degradation	N-acetylgulcosamine	Paenibacillus barcinonensis	pbac	Paenibacillus	incomplete route	1
glcnac_degradation	N-acetylgulcosamine	Paenibacillus sophorae	psop	Paenibacillus	incomplete route	1
glcnac_degradation	N-acetylgulcosamine	Paracoccus aestuarii	paex	Paracoccus	incomplete route	1
glcnac_degradation	N-acetylgulcosamine	Pedobacter roseus	proe	Pedobacter	incomplete route	1
glcnac_degradation	N-acetylgulcosamine	Pedobacter steynii	psty	Pedobacter	incomplete route	1
glcnac_degradation	N-acetylgulcosamine	Pontibacter korlensis	pko	Pontibacter	incomplete route	2
glcnac_degradation	N-acetylgulcosamine	Pseudoalteromonas spongiae	pspo	Pseudoalteromonas	incomplete route	1
glcnac_degradation	N-acetylgulcosamine	Pseudomonas lurida	pfx	Pseudomonas	incomplete route	1
glcnac_degradation	N-acetylgulcosamine	Pseudoxanthomonas daejeonensis	pdd	Pseudoxanthomonas	incomplete route	2
glcnac_degradation	N-acetylgulcosamine	Pseudoxanthomonas suwonensis	psu	Pseudoxanthomonas	incomplete route	2
glcnac_degradation	N-acetylgulcosamine	Rhodanobacter denitrificans	rhd	Rhodanobacter	incomplete route	2
glcnac_degradation	N-acetylgulcosamine	Rhodanobacter thiooxydans	rth	Rhodanobacter	incomplete route	2
glcnac_degradation	N-acetylgulcosamine	Rhodopirellula baltica	rba	Rhodopirellula	incomplete route	1
glcnac_degradation	N-acetylgulcosamine	Robiginitalea biformata	rbi	Robiginitalea	incomplete route	2
glcnac_degradation	N-acetylgulcosamine	Shewanella aestuarii	saes	Shewanella	incomplete route	2
glcnac_degradation	N-acetylgulcosamine	Shewanella loihica	slo	Shewanella	incomplete route	1
glcnac_degradation	N-acetylgulcosamine	Shewanella piezotolerans	swp	Shewanella	incomplete route	1
glcnac_degradation	N-acetylgulcosamine	Shewanella psychrophila	spsw	Shewanella	incomplete route	1
glcnac_degradation	N-acetylgulcosamine	Shewanella sediminis	sse	Shewanella	incomplete route	1
glcnac_degradation	N-acetylgulcosamine	Shewanella xiamenensis	sxm	Shewanella	incomplete route	2
glcnac_degradation	N-acetylgulcosamine	Singulisphaera acidiphila	saci	Singulisphaera	incomplete route	1
glcnac_degradation	N-acetylgulcosamine	Sphingobacterium siyangense	ssiy	Sphingobacterium	incomplete route	1
glcnac_degradation	N-acetylgulcosamine	Sphingomonas hankookensis	shan	Sphingomonas	incomplete route	1
glcnac_degradation	N-acetylgulcosamine	Staphylococcus pseudintermedius	ssd	Staphylococcus	incomplete route	1
glcnac_degradation	N-acetylgulcosamine	Stenotrophomonas pavanii	spaq	Stenotrophomonas	incomplete route	1
glcnac_degradation	N-acetylgulcosamine	Streptococcus rubneri	srun	Streptococcus	incomplete route	1
glcnac_degradation	N-acetylgulcosamine	Streptococcus troglodytae	strg	Streptococcus	incomplete route	1
glcnac_degradation	N-acetylgulcosamine	Thalassomonas actiniarum	tact	Thalassomonas	incomplete route	2
glcnac_degradation	N-acetylgulcosamine	Thalassomonas haliotis	that	Thalassomonas	incomplete route	2
glcnac_degradation	N-acetylgulcosamine	Thalassospira xiamenensis	txi	Thalassospira	incomplete route	2
glcnac_degradation	N-acetylgulcosamine	Thermobacillus composti	tco	Thermobacillus	incomplete route	1
glcnac_degradation	N-acetylgulcosamine	Vibrio gigantis	vgi	Vibrio	incomplete route	1
glcnac_degradation	N-acetylgulcosamine	Weissella diestrammenae	wdi	Weissella	incomplete route	1
rhamnose_degradation	rhamnose				no evidence	
rhamnose_degradation	rhamnose	Actinocatenispora sera	aser	Actinocatenispora	incomplete route	3
rhamnose_degradation	rhamnose	Bradyrhizobium oligotrophicum	aol	Bradyrhizobium	incomplete route	2
rhamnose_degradation	rhamnose	Alicyclobacillus fastidiosus	afas	Alicyclobacillus	incomplete route	1
rhamnose_degradation	rhamnose	Alistipes indistinctus	ait	Alistipes	incomplete route	1
rhamnose_degradation	rhamnose	Pseudarthrobacter defluvii	pdel	Pseudarthrobacter	incomplete route	1
rhamnose_degradation	rhamnose	Azospirillum humicireducens	ahu	Azospirillum	incomplete route	3
rhamnose_degradation	rhamnose	Azospirillum oryzae	aoz	Azospirillum	incomplete route	3
rhamnose_degradation	rhamnose	Bacillus altitudinis	balt	Bacillus	incomplete route	3
rhamnose_degradation	rhamnose	Bacillus velezensis	bay	Bacillus	incomplete route	3
rhamnose_degradation	rhamnose	Bacillus tequilensis	bteq	Bacillus	incomplete route	3
rhamnose_degradation	rhamnose	Bradyrhizobium daqingense	bdg	Bradyrhizobium	incomplete route	3
rhamnose_degradation	rhamnose	Bradyrhizobium diazoefficiens	bja	Bradyrhizobium	incomplete route	3
rhamnose_degradation	rhamnose	Bradyrhizobium pachyrhizi	bpah	Bradyrhizobium	incomplete route	3
rhamnose_degradation	rhamnose	Brevundimonas staleyi	bsta	Brevundimonas	incomplete route	3
rhamnose_degradation	rhamnose	Paraburkholderia terrae	pter	Paraburkholderia	incomplete route	3
rhamnose_degradation	rhamnose	Paraburkholderia tropica	ptro	Paraburkholderia	incomplete route	3
rhamnose_degradation	rhamnose	Caldalkalibacillus thermarum	cthu	Caldalkalibacillus	incomplete route	3
rhamnose_degradation	rhamnose	Christensenella minuta	cmiu	Christensenella	incomplete route	1
rhamnose_degradation	rhamnose	Cobetia amphilecti	camh	Cobetia	incomplete route	3
rhamnose_degradation	rhamnose	Coraliomargarita akajimensis	caa	Coraliomargarita	incomplete route	3
rhamnose_degradation	rhamnose	Costertonia aggregata	cagg	Costertonia	incomplete route	2
rhamnose_degradation	rhamnose	Cyclobacterium amurskyense	camu	Cyclobacterium	incomplete route	2
rhamnose_degradation	rhamnose	Deinococcus ficus	dfc	Deinococcus	incomplete route	3
rhamnose_degradation	rhamnose	Deinococcus wulumuqiensis	dwu	Deinococcus	incomplete route	3
rhamnose_degradation	rhamnose	Dietzia timorensis	dtm	Dietzia	incomplete route	3
rhamnose_degradation	rhamnose	Fervidicoccus fontis	ffo	Fervidicoccus	incomplete route	3
rhamnose_degradation	rhamnose	Gluconobacter japonicus	gjo	Gluconobacter	incomplete route	3
rhamnose_degradation	rhamnose	Iamia majanohamensis	ima	Iamia	incomplete route	3
rhamnose_degradation	rhamnose	Janibacter cremeus	jcr	Janibacter	incomplete route	3
rhamnose_degradation	rhamnose	Kangiella sediminilitoris	ksd	Kangiella	incomplete route	3
rhamnose_degradation	rhamnose	Leadbetterella byssophila	lby	Leadbetterella	incomplete route	2
rhamnose_degradation	rhamnose	Leeuwenhoekiella palythoae	lpal	Leeuwenhoekiella	incomplete route	2
rhamnose_degradation	rhamnose	Luteipulveratus mongoliensis	lmoi	Luteipulveratus	incomplete route	1
rhamnose_degradation	rhamnose	Lysinibacillus xylanilyticus	lxn	Lysinibacillus	incomplete route	3
rhamnose_degradation	rhamnose	Marinomonas arctica	mard	Marinomonas	incomplete route	2
rhamnose_degradation	rhamnose	Marinomonas pontica	mpon	Marinomonas	incomplete route	2
rhamnose_degradation	rhamnose	Massilia oculi	mtim	Massilia	incomplete route	2
rhamnose_degradation	rhamnose	Mesorhizobium ciceri	mci	Mesorhizobium	incomplete route	2
rhamnose_degradation	rhamnose	Methylobacterium phyllosphaerae	mphy	Methylobacterium	incomplete route	3
rhamnose_degradation	rhamnose	Microbacterium azadirachtae	maza	Microbacterium	incomplete route	1
rhamnose_degradation	rhamnose	Microbacterium invictum	minv	Microbacterium	incomplete route	3
rhamnose_degradation	rhamnose	Microbacterium lemovicicum	mlv	Microbacterium	incomplete route	1
rhamnose_degradation	rhamnose	Microbacterium oleivorans	moo	Microbacterium	incomplete route	1
rhamnose_degradation	rhamnose	Microbacterium oryzae	moj	Microbacterium	incomplete route	1
rhamnose_degradation	rhamnose	Microbacterium paludicola	mpal	Microbacterium	incomplete route	1
rhamnose_degradation	rhamnose	Microbispora hainanensis	mhai	Microbispora	incomplete route	3
rhamnose_degradation	rhamnose	Micromonospora tulbaghiae	mtua	Micromonospora	incomplete route	3
rhamnose_degradation	rhamnose	Mucilaginibacter daejeonensis	mdj	Mucilaginibacter	incomplete route	2
rhamnose_degradation	rhamnose	Mucilaginibacter sabulilitoris	msab	Mucilaginibacter	incomplete route	2
rhamnose_degradation	rhamnose	Niabella soli	nso	Niabella	incomplete route	2
rhamnose_degradation	rhamnose	Nonomuraea coxensis	ncx	Nonomuraea	incomplete route	1
rhamnose_degradation	rhamnose	Pandoraea thiooxydans	ptx	Pandoraea	incomplete route	3
rhamnose_degradation	rhamnose	Paracoccus fistulariae	pfis	Paracoccus	incomplete route	2
rhamnose_degradation	rhamnose	Pedobacter roseus	proe	Pedobacter	incomplete route	2
rhamnose_degradation	rhamnose	Phytohabitans flavus	pfla	Phytohabitans	incomplete route	1
rhamnose_degradation	rhamnose	Phytohabitans suffuscus	psuu	Phytohabitans	incomplete route	1
rhamnose_degradation	rhamnose	Planktomarina temperata	ptp	Planktomarina	incomplete route	3
rhamnose_degradation	rhamnose	Planococcus halocryophilus	phc	Planococcus	incomplete route	3
rhamnose_degradation	rhamnose	Polymorphospora rubra	pry	Polymorphospora	incomplete route	1
rhamnose_degradation	rhamnose	Prauserella marina	pmad	Prauserella	incomplete route	1
rhamnose_degradation	rhamnose	Pseudomonas lurida	pfx	Pseudomonas	incomplete route	3
rhamnose_degradation	rhamnose	Psychrobacter alimentarius	pali	Psychrobacter	incomplete route	3
rhamnose_degradation	rhamnose	Rhodopirellula baltica	rba	Rhodopirellula	incomplete route	1
rhamnose_degradation	rhamnose	Saccharothrix hoggarensis	shog	Saccharothrix	incomplete route	2
rhamnose_degradation	rhamnose	Salinicoccus halodurans	shv	Salinicoccus	incomplete route	3
rhamnose_degradation	rhamnose	Shewanella halifaxensis	shl	Shewanella	incomplete route	3
rhamnose_degradation	rhamnose	Singulisphaera acidiphila	saci	Singulisphaera	incomplete route	1
rhamnose_degradation	rhamnose	Sphingobacterium siyangense	ssiy	Sphingobacterium	incomplete route	2
rhamnose_degradation	rhamnose	Sphingomonas hankookensis	shan	Sphingomonas	incomplete route	3
rhamnose_degradation	rhamnose	Stackebrandtia nassauensis	sna	Stackebrandtia	incomplete route	1
rhamnose_degradation	rhamnose	Streptomyces deccanensis	sdec	Streptomyces	incomplete route	1
rhamnose_degradation	rhamnose	Streptomyces durmitorensis	sdur	Streptomyces	incomplete route	1
rhamnose_degradation	rhamnose	Streptomyces harbinensis	shar	Streptomyces	incomplete route	1
rhamnose_degradation	rhamnose	Streptomyces rapamycinicus	src	Streptomyces	incomplete route	1
rhamnose_degradation	rhamnose	Streptomyces vietnamensis	svt	Streptomyces	incomplete route	3
rhamnose_degradation	rhamnose	Streptomyces xiamenensis	sxi	Streptomyces	incomplete route	1
rhamnose_degradation	rhamnose	Sulfitobacter dubius	sdub	Sulfitobacter	incomplete route	3
rhamnose_degradation	rhamnose	Terribacillus saccharophilus	tap	Terribacillus	incomplete route	1
rhamnose_degradation	rhamnose	Tsukamurella pulmonis	tpul	Tsukamurella	incomplete route	3
rhamnose_degradation	rhamnose	Verminephrobacter eiseniae	vei	Verminephrobacter	incomplete route	2
rhamnose_degradation	rhamnose	Zobellia laminariae	zla	Zobellia	incomplete route	2
fucose_degradation_isomerase	fucose				no evidence	
fucose_degradation_isomerase	fucose	Bradyrhizobium oligotrophicum	aol	Bradyrhizobium	incomplete route	2
fucose_degradation_isomerase	fucose	Alicyclobacillus fastidiosus	afas	Alicyclobacillus	incomplete route	3
fucose_degradation_isomerase	fucose	Hoyosella subflava	asd	Hoyosella	incomplete route	3
fucose_degradation_isomerase	fucose	Pseudarthrobacter defluvii	pdel	Pseudarthrobacter	incomplete route	3
fucose_degradation_isomerase	fucose	Azospirillum humicireducens	ahu	Azospirillum	incomplete route	2
fucose_degradation_isomerase	fucose	Bacillus tequilensis	bteq	Bacillus	incomplete route	3
fucose_degradation_isomerase	fucose	Bradyrhizobium daqingense	bdg	Bradyrhizobium	incomplete route	2
fucose_degradation_isomerase	fucose	Bradyrhizobium diazoefficiens	bja	Bradyrhizobium	incomplete route	2
fucose_degradation_isomerase	fucose	Paraburkholderia terrae	pter	Paraburkholderia	incomplete route	2
fucose_degradation_isomerase	fucose	Paraburkholderia tropica	ptro	Paraburkholderia	incomplete route	3
fucose_degradation_isomerase	fucose	Cloacibacillus porcorum	cpor	Cloacibacillus	incomplete route	2
fucose_degradation_isomerase	fucose	Cobetia amphilecti	camh	Cobetia	incomplete route	3
fucose_degradation_isomerase	fucose	Collimonas arenae	care	Collimonas	incomplete route	3
fucose_degradation_isomerase	fucose	Collimonas pratensis	cpra	Collimonas	incomplete route	3
fucose_degradation_isomerase	fucose	Coraliomargarita akajimensis	caa	Coraliomargarita	incomplete route	3
fucose_degradation_isomerase	fucose	Corynebacterium maris	cmd	Corynebacterium	incomplete route	3
fucose_degradation_isomerase	fucose	Corynebacterium mustelae	cmv	Corynebacterium	incomplete route	1
fucose_degradation_isomerase	fucose	Costertonia aggregata	cagg	Costertonia	incomplete route	3
fucose_degradation_isomerase	fucose	Cyclobacterium amurskyense	camu	Cyclobacterium	incomplete route	3
fucose_degradation_isomerase	fucose	Deinococcus ficus	dfc	Deinococcus	incomplete route	3
fucose_degradation_isomerase	fucose	Deinococcus wulumuqiensis	dwu	Deinococcus	incomplete route	3
fucose_degradation_isomerase	fucose	Dietzia kunjamensis	dkn	Dietzia	incomplete route	3
fucose_degradation_isomerase	fucose	Dietzia timorensis	dtm	Dietzia	incomplete route	3
fucose_degradation_isomerase	fucose	Kosakonia oryzae	kor	Kosakonia	incomplete route	3
fucose_degradation_isomerase	fucose	Kosakonia sacchari	ksa	Kosakonia	incomplete route	3
fucose_degradation_isomerase	fucose	Herbaspirillum hiltneri	hht	Herbaspirillum	incomplete route	2
fucose_degradation_isomerase	fucose	Imperialibacter roseus	iro	Imperialibacter	incomplete route	3
fucose_degradation_isomerase	fucose	Kordia antarctica	kan	Kordia	incomplete route	3
fucose_degradation_isomerase	fucose	Leadbetterella byssophila	lby	Leadbetterella	incomplete route	3
fucose_degradation_isomerase	fucose	Lysobacter soli	lsol	Lysobacter	incomplete route	3
fucose_degradation_isomerase	fucose	Mesorhizobium ciceri	mci	Mesorhizobium	incomplete route	2
fucose_degradation_isomerase	fucose	Methylobacterium aquaticum	maqu	Methylobacterium	incomplete route	2
fucose_degradation_isomerase	fucose	Methylobacterium phyllosphaerae	mphy	Methylobacterium	incomplete route	2
fucose_degradation_isomerase	fucose	Methylobacterium tardum	mtad	Methylobacterium	incomplete route	2
fucose_degradation_isomerase	fucose	Microbacterium azadirachtae	maza	Microbacterium	incomplete route	3
fucose_degradation_isomerase	fucose	Naasia aerilata	naei	Naasia	incomplete route	2
fucose_degradation_isomerase	fucose	Nitratireductor kimnyeongensis	nki	Nitratireductor	incomplete route	3
fucose_degradation_isomerase	fucose	Paenibacillus taichungensis	ptac	Paenibacillus	incomplete route	1
fucose_degradation_isomerase	fucose	Pandoraea thiooxydans	ptx	Pandoraea	incomplete route	2
fucose_degradation_isomerase	fucose	Pantoea rwandensis	kln	Pantoea	incomplete route	3
fucose_degradation_isomerase	fucose	Paracoccus saliphilus	psap	Paracoccus	incomplete route	3
fucose_degradation_isomerase	fucose	Planktomarina temperata	ptp	Planktomarina	incomplete route	3
fucose_degradation_isomerase	fucose	Rhodanobacter thiooxydans	rth	Rhodanobacter	incomplete route	3
fucose_degradation_isomerase	fucose	Serratia nematodiphila	snem	Serratia	incomplete route	3
fucose_degradation_isomerase	fucose	Shewanella halifaxensis	shl	Shewanella	incomplete route	3
fucose_degradation_isomerase	fucose	Sphingomonas hankookensis	shan	Sphingomonas	incomplete route	3
fucose_degradation_isomerase	fucose	Streptomyces decoyicus	sdw	Streptomyces	incomplete route	2
fucose_degradation_isomerase	fucose	Sulfitobacter dubius	sdub	Sulfitobacter	incomplete route	3
fucose_degradation_isomerase	fucose	Thalassospira tepidiphila	ttb	Thalassospira	incomplete route	3
fucose_degradation_isomerase	fucose	Verminephrobacter eiseniae	vei	Verminephrobacter	incomplete route	2
fucose_degradation_isomerase	fucose	Vibrio crassostreae	vcra	Vibrio	incomplete route	3
fucose_degradation_isomerase	fucose	Zobellia laminariae	zla	Zobellia	incomplete route	3
phenylacetate_degradation	phenylacetate				no evidence	
phenylacetate_degradation	phenylacetate	Acinetobacter gyllenbergii	agyl	Acinetobacter	incomplete route	1
phenylacetate_degradation	phenylacetate	Pseudarthrobacter defluvii	pdel	Pseudarthrobacter	incomplete route	2
phenylacetate_degradation	phenylacetate	Paraburkholderia bryophila	pbry	Paraburkholderia	incomplete route	3
phenylacetate_degradation	phenylacetate	Burkholderia contaminans	bcon	Burkholderia	incomplete route	3
phenylacetate_degradation	phenylacetate	Burkholderia diffusa	bdf	Burkholderia	incomplete route	3
phenylacetate_degradation	phenylacetate	Burkholderia lata	bur	Burkholderia	incomplete route	3
phenylacetate_degradation	phenylacetate	Burkholderia latens	blat	Burkholderia	incomplete route	3
phenylacetate_degradation	phenylacetate	Paraburkholderia megapolitana	pmeg	Paraburkholderia	incomplete route	3
phenylacetate_degradation	phenylacetate	Burkholderia metallica	bmec	Burkholderia	incomplete route	3
phenylacetate_degradation	phenylacetate	Paraburkholderia sabiae	psaa	Paraburkholderia	incomplete route	3
phenylacetate_degradation	phenylacetate	Burkholderia seminalis	bsem	Burkholderia	incomplete route	3
phenylacetate_degradation	phenylacetate	Paraburkholderia sprentiae	pspw	Paraburkholderia	incomplete route	3
phenylacetate_degradation	phenylacetate	Paraburkholderia terrae	pter	Paraburkholderia	incomplete route	3
phenylacetate_degradation	phenylacetate	Paraburkholderia tropica	ptro	Paraburkholderia	incomplete route	3
phenylacetate_degradation	phenylacetate	Paraburkholderia xenovorans	bxb	Paraburkholderia	incomplete route	3
phenylacetate_degradation	phenylacetate	Castellaniella ginsengisoli	cgin	Castellaniella	incomplete route	5
phenylacetate_degradation	phenylacetate	Chryseobacterium gambrini	cgam	Chryseobacterium	incomplete route	3
phenylacetate_degradation	phenylacetate	Comamonas odontotermitis	codo	Comamonas	incomplete route	3
phenylacetate_degradation	phenylacetate	Cupriavidus pinatubonensis	reu	Cupriavidus	incomplete route	3
phenylacetate_degradation	phenylacetate	Delftia lacustris	dla	Delftia	incomplete route	3
phenylacetate_degradation	phenylacetate	Fibrella aestuarina	fae	Fibrella	incomplete route	7
phenylacetate_degradation	phenylacetate	Gordonia otitidis	goi	Gordonia	incomplete route	1
phenylacetate_degradation	phenylacetate	Luteibacter anthropi	lanh	Luteibacter	incomplete route	8
phenylacetate_degradation	phenylacetate	Marinobacter adhaerens	mad	Marinobacter	incomplete route	2
phenylacetate_degradation	phenylacetate	Marinomonas arctica	mard	Marinomonas	incomplete route	1
phenylacetate_degradation	phenylacetate	Micrococcus terreus	mteu	Micrococcus	incomplete route	2
phenylacetate_degradation	phenylacetate	Novosphingobium pentaromativorans	npn	Novosphingobium	incomplete route	1
phenylacetate_degradation	phenylacetate	Photobacterium ganghwense	pgh	Photobacterium	incomplete route	1
phenylacetate_degradation	phenylacetate	Pseudomonas knackmussii	pkc	Pseudomonas	incomplete route	1
phenylacetate_degradation	phenylacetate	Pseudomonas taiwanensis	ptai	Pseudomonas	incomplete route	1
phenylacetate_degradation	phenylacetate	Pyramidobacter piscolens	ppio	Pyramidobacter	incomplete route	8
galacturonate_degradation	galacturonic acid				no evidence	
galacturonate_degradation	galacturonic acid	Alteromonas stellipolaris	asq	Alteromonas	incomplete route	1
galacturonate_degradation	galacturonic acid	Bradyrhizobium daqingense	bdg	Bradyrhizobium	incomplete route	3
galacturonate_degradation	galacturonic acid	Caldalkalibacillus thermarum	cthu	Caldalkalibacillus	incomplete route	1
galacturonate_degradation	galacturonic acid	Collimonas arenae	care	Collimonas	incomplete route	3
galacturonate_degradation	galacturonic acid	Methylobacterium phyllosphaerae	mphy	Methylobacterium	incomplete route	3
galacturonate_degradation	galacturonic acid	Pantoea allii	palt	Pantoea	incomplete route	1
galacturonate_degradation	galacturonic acid	Paracoccus saliphilus	psap	Paracoccus	incomplete route	2
galacturonate_degradation	galacturonic acid	Pseudomonas lurida	pfx	Pseudomonas	incomplete route	3
galacturonate_degradation	galacturonic acid	Pseudomonas moorei	pmor	Pseudomonas	incomplete route	3
galacturonate_degradation	galacturonic acid	Stappia indica	siw	Stappia	incomplete route	2
galacturonate_degradation	galacturonic acid	Sulfitobacter dubius	sdub	Sulfitobacter	incomplete route	3
urea_hydrolysis	urea				no evidence	
urea_hydrolysis	urea	Brevundimonas naejangsanensis	bne	Brevundimonas	incomplete route	1
urea_hydrolysis	urea	Filimonas lacunae	fln	Filimonas	incomplete route	1
urea_hydrolysis	urea	Shewanella sediminis	sse	Shewanella	incomplete route	1
urea_hydrolysis	urea	Uruburuella suis	usu	Uruburuella	incomplete route	1
methylamine_degradation	methylamine				no evidence	
methylamine_degradation	methylamine	Methanococcoides methylutens	mmet	Methanococcoides	incomplete route	1
methylamine_degradation	methylamine	Methanohalophilus halophilus	mhaz	Methanohalophilus	incomplete route	1
methylamine_degradation	methylamine	Methanohalophilus mahii	mmh	Methanohalophilus	incomplete route	1
methylamine_degradation	methylamine	Methanohalophilus portucalensis	mpot	Methanohalophilus	incomplete route	1
methylamine_degradation	methylamine	Methanolobus psychrophilus	mpy	Methanolobus	incomplete route	1
methylamine_degradation	methylamine	Methanolobus zinderi	mzi	Methanolobus	incomplete route	1
methylamine_degradation	methylamine	Methanomethylovorans hollandica	mhz	Methanomethylovorans	incomplete route	1
methylamine_degradation	methylamine	Methanosalsum zhilinae	mzh	Methanosalsum	incomplete route	1
methylamine_degradation	methylamine	Methanosarcina acetivorans	mac	Methanosarcina	incomplete route	1
methylamine_degradation	methylamine	Methanosarcina barkeri	mba	Methanosarcina	incomplete route	1
methylamine_degradation	methylamine	Methanosarcina flavescens	mfz	Methanosarcina	incomplete route	1
methylamine_degradation	methylamine	Methanosarcina lacustris	mls	Methanosarcina	incomplete route	1
methylamine_degradation	methylamine	Methanosarcina mazei	mmac	Methanosarcina	incomplete route	1
methylamine_degradation	methylamine	Methanosarcina siciliae	msz	Methanosarcina	incomplete route	1
methylamine_degradation	methylamine	Methanosarcina thermophila	mthe	Methanosarcina	incomplete route	1
methylamine_degradation	methylamine	Methanosarcina vacuolata	mvc	Methanosarcina	incomplete route	1
methylamine_degradation	trimethylamine				no evidence	
methylamine_degradation	trimethylamine	Methanococcoides methylutens	mmet	Methanococcoides	incomplete route	1
methylamine_degradation	trimethylamine	Methanohalophilus halophilus	mhaz	Methanohalophilus	incomplete route	1
methylamine_degradation	trimethylamine	Methanohalophilus mahii	mmh	Methanohalophilus	incomplete route	1
methylamine_degradation	trimethylamine	Methanohalophilus portucalensis	mpot	Methanohalophilus	incomplete route	1
methylamine_degradation	trimethylamine	Methanolobus psychrophilus	mpy	Methanolobus	incomplete route	1
methylamine_degradation	trimethylamine	Methanolobus zinderi	mzi	Methanolobus	incomplete route	1
methylamine_degradation	trimethylamine	Methanomethylovorans hollandica	mhz	Methanomethylovorans	incomplete route	1
methylamine_degradation	trimethylamine	Methanosalsum zhilinae	mzh	Methanosalsum	incomplete route	1
methylamine_degradation	trimethylamine	Methanosarcina acetivorans	mac	Methanosarcina	incomplete route	1
methylamine_degradation	trimethylamine	Methanosarcina barkeri	mba	Methanosarcina	incomplete route	1
methylamine_degradation	trimethylamine	Methanosarcina flavescens	mfz	Methanosarcina	incomplete route	1
methylamine_degradation	trimethylamine	Methanosarcina horonobensis	mhor	Methanosarcina	incomplete route	1
methylamine_degradation	trimethylamine	Methanosarcina lacustris	mls	Methanosarcina	incomplete route	1
methylamine_degradation	trimethylamine	Methanosarcina mazei	mmac	Methanosarcina	incomplete route	1
methylamine_degradation	trimethylamine	Methanosarcina siciliae	msz	Methanosarcina	incomplete route	1
methylamine_degradation	trimethylamine	Methanosarcina thermophila	mthe	Methanosarcina	incomplete route	1
methylamine_degradation	trimethylamine	Methanosarcina vacuolata	mvc	Methanosarcina	incomplete route	1
citrate_fermentation	citrate				no evidence	
citrate_fermentation	citrate	Acinetobacter bereziniae	aber	Acinetobacter	incomplete route	2
citrate_fermentation	citrate	Acinetobacter guillouiae	agu	Acinetobacter	incomplete route	2
citrate_fermentation	citrate	Acinetobacter gyllenbergii	agyl	Acinetobacter	incomplete route	2
citrate_fermentation	citrate	Acinetobacter venetianus	avz	Acinetobacter	incomplete route	2
citrate_fermentation	citrate	Actinoplanes sichuanensis	asic	Actinoplanes	incomplete route	2
citrate_fermentation	citrate	Aeromonas rivuli	ariv	Aeromonas	incomplete route	2
citrate_fermentation	citrate	Bradyrhizobium oligotrophicum	aol	Bradyrhizobium	incomplete route	1
citrate_fermentation	citrate	Algimonas porphyrae	apop	Algimonas	incomplete route	2
citrate_fermentation	citrate	Ancylobacter polymorphus	apol	Ancylobacter	incomplete route	2
citrate_fermentation	citrate	Aquitalea magnusonii	amah	Aquitalea	incomplete route	2
citrate_fermentation	citrate	Pseudarthrobacter defluvii	pdel	Pseudarthrobacter	incomplete route	2
citrate_fermentation	citrate	Azospirillum humicireducens	ahu	Azospirillum	incomplete route	1
citrate_fermentation	citrate	Bacillus halotolerans	bht	Bacillus	incomplete route	2
citrate_fermentation	citrate	Bacillus safensis	bsaf	Bacillus	incomplete route	2
citrate_fermentation	citrate	Bradyrhizobium diazoefficiens	bja	Bradyrhizobium	incomplete route	1
citrate_fermentation	citrate	Brevundimonas vancanneytii	bvy	Brevundimonas	incomplete route	2
citrate_fermentation	citrate	Burkholderia arboris	bari	Burkholderia	incomplete route	2
citrate_fermentation	citrate	Paraburkholderia bryophila	pbry	Paraburkholderia	incomplete route	2
citrate_fermentation	citrate	Burkholderia contaminans	bcon	Burkholderia	incomplete route	2
citrate_fermentation	citrate	Burkholderia diffusa	bdf	Burkholderia	incomplete route	2
citrate_fermentation	citrate	Burkholderia lata	bur	Burkholderia	incomplete route	2
citrate_fermentation	citrate	Burkholderia latens	blat	Burkholderia	incomplete route	2
citrate_fermentation	citrate	Burkholderia metallica	bmec	Burkholderia	incomplete route	2
citrate_fermentation	citrate	Paraburkholderia sabiae	psaa	Paraburkholderia	incomplete route	2
citrate_fermentation	citrate	Burkholderia seminalis	bsem	Burkholderia	incomplete route	2
citrate_fermentation	citrate	Paraburkholderia sprentiae	pspw	Paraburkholderia	incomplete route	2
citrate_fermentation	citrate	Paraburkholderia xenovorans	bxb	Paraburkholderia	incomplete route	1
citrate_fermentation	citrate	Castellaniella ginsengisoli	cgin	Castellaniella	incomplete route	2
citrate_fermentation	citrate	Chelatococcus daeguensis	cdq	Chelatococcus	incomplete route	2
citrate_fermentation	citrate	Chromobacterium haemolyticum	chae	Chromobacterium	incomplete route	2
citrate_fermentation	citrate	Chryseobacterium oranimense	cora	Chryseobacterium	incomplete route	2
citrate_fermentation	citrate	Comamonas odontotermitis	codo	Comamonas	incomplete route	2
citrate_fermentation	citrate	Corynebacterium maris	cmd	Corynebacterium	incomplete route	2
citrate_fermentation	citrate	Cronobacter condimenti	ccon	Cronobacter	incomplete route	2
citrate_fermentation	citrate	Cronobacter universalis	cui	Cronobacter	incomplete route	1
citrate_fermentation	citrate	Cupriavidus pinatubonensis	reu	Cupriavidus	incomplete route	2
citrate_fermentation	citrate	Delftia lacustris	dla	Delftia	incomplete route	2
citrate_fermentation	citrate	Dinoroseobacter shibae	dsh	Dinoroseobacter	incomplete route	2
citrate_fermentation	citrate	Kosakonia oryzae	kor	Kosakonia	incomplete route	1
citrate_fermentation	citrate	Kosakonia sacchari	ksa	Kosakonia	incomplete route	1
citrate_fermentation	citrate	Ferruginibacter lapsinanis	flp	Ferruginibacter	incomplete route	2
citrate_fermentation	citrate	Gallaecimonas pentaromativorans	gpm	Gallaecimonas	incomplete route	2
citrate_fermentation	citrate	Geoalkalibacter subterraneus	gsb	Geoalkalibacter	incomplete route	2
citrate_fermentation	citrate	Halobacterium salinarum	hsl	Halobacterium	incomplete route	2
citrate_fermentation	citrate	Halorubrum ezzemoulense	hezz	Halorubrum	incomplete route	2
citrate_fermentation	citrate	Halosimplex pelagicum	hpel	Halosimplex	incomplete route	2
citrate_fermentation	citrate	Janibacter melonis	jme	Janibacter	incomplete route	2
citrate_fermentation	citrate	Kordia antarctica	kan	Kordia	incomplete route	2
citrate_fermentation	citrate	Lentibacter algarum	lalg	Lentibacter	incomplete route	2
citrate_fermentation	citrate	Luteibacter anthropi	lanh	Luteibacter	incomplete route	2
citrate_fermentation	citrate	Lysinibacillus macroides	lmac	Lysinibacillus	incomplete route	2
citrate_fermentation	citrate	Lysinibacillus xylanilyticus	lxn	Lysinibacillus	incomplete route	2
citrate_fermentation	citrate	Lysobacter capsici	lcp	Lysobacter	incomplete route	2
citrate_fermentation	citrate	Marinobacterium sediminicola	msec	Marinobacterium	incomplete route	1
citrate_fermentation	citrate	Marinomonas pontica	mpon	Marinomonas	incomplete route	1
citrate_fermentation	citrate	Methylobacterium aquaticum	maqu	Methylobacterium	incomplete route	2
citrate_fermentation	citrate	Methylobacterium nodulans	mno	Methylobacterium	incomplete route	2
citrate_fermentation	citrate	Methylobacterium oryzae	mor	Methylobacterium	incomplete route	2
citrate_fermentation	citrate	Methylobacterium phyllosphaerae	mphy	Methylobacterium	incomplete route	2
citrate_fermentation	citrate	Microbacterium azadirachtae	maza	Microbacterium	incomplete route	2
citrate_fermentation	citrate	Micrococcus terreus	mteu	Micrococcus	incomplete route	2
citrate_fermentation	citrate	Neisseria animaloris	nani	Neisseria	incomplete route	2
citrate_fermentation	citrate	Nocardia terpenica	ntp	Nocardia	incomplete route	2
citrate_fermentation	citrate	Nocardia yamanashiensis	nya	Nocardia	incomplete route	2
citrate_fermentation	citrate	Nocardioides panacisoli	npc	Nocardioides	incomplete route	2
citrate_fermentation	citrate	Paenibacillus sophorae	psop	Paenibacillus	incomplete route	2
citrate_fermentation	citrate	Palaeococcus pacificus	ppac	Palaeococcus	incomplete route	2
citrate_fermentation	citrate	Pantoea allii	palt	Pantoea	incomplete route	2
citrate_fermentation	citrate	Pantoea anthophila	pano	Pantoea	incomplete route	2
citrate_fermentation	citrate	Pantoea eucalypti	pey	Pantoea	incomplete route	2
citrate_fermentation	citrate	Pantoea vagans	pva	Pantoea	incomplete route	2
citrate_fermentation	citrate	Paracoccus saliphilus	psap	Paracoccus	incomplete route	2
citrate_fermentation	citrate	Photobacterium ganghwense	pgh	Photobacterium	incomplete route	1
citrate_fermentation	citrate	Photorhabdus luminescens	plui	Photorhabdus	incomplete route	2
citrate_fermentation	citrate	Polaromonas naphthalenivorans	pna	Polaromonas	incomplete route	2
citrate_fermentation	citrate	Providencia vermicola	pvc	Providencia	incomplete route	1
citrate_fermentation	citrate	Pseudomonas antarctica	panr	Pseudomonas	incomplete route	1
citrate_fermentation	citrate	Pseudomonas knackmussii	pkc	Pseudomonas	incomplete route	1
citrate_fermentation	citrate	Pseudomonas lurida	pfx	Pseudomonas	incomplete route	1
citrate_fermentation	citrate	Pseudomonas moorei	pmor	Pseudomonas	incomplete route	1
citrate_fermentation	citrate	Psychrobacter alimentarius	pali	Psychrobacter	incomplete route	2
citrate_fermentation	citrate	Psychrobacter cryohalolentis	pcr	Psychrobacter	incomplete route	2
citrate_fermentation	citrate	Rhodococcus triatomae	rtm	Rhodococcus	incomplete route	2
citrate_fermentation	citrate	Rummeliibacillus stabekisii	rst	Rummeliibacillus	incomplete route	2
citrate_fermentation	citrate	Serratia fonticola	sfg	Serratia	incomplete route	1
citrate_fermentation	citrate	Serratia nematodiphila	snem	Serratia	incomplete route	2
citrate_fermentation	citrate	Shewanella chilikensis	schk	Shewanella	incomplete route	1
citrate_fermentation	citrate	Shewanella loihica	slo	Shewanella	incomplete route	1
citrate_fermentation	citrate	Snodgrassella alvi	salv	Snodgrassella	incomplete route	2
citrate_fermentation	citrate	Sphingomonas hankookensis	shan	Sphingomonas	incomplete route	2
citrate_fermentation	citrate	Stappia indica	siw	Stappia	incomplete route	2
citrate_fermentation	citrate	Stenotrophomonas pavanii	spaq	Stenotrophomonas	incomplete route	2
citrate_fermentation	citrate	Sulfitobacter dubius	sdub	Sulfitobacter	incomplete route	2
citrate_fermentation	citrate	Sulfurihydrogenibium azorense	saf	Sulfurihydrogenibium	incomplete route	2
citrate_fermentation	citrate	Advenella kashmirensis	aka	Advenella	incomplete route	2
citrate_fermentation	citrate	Advenella mimigardefordensis	amim	Advenella	incomplete route	2
citrate_fermentation	citrate	Thalassospira tepidiphila	ttb	Thalassospira	incomplete route	2
citrate_fermentation	citrate	Hydrogenovibrio thermophilus	htr	Hydrogenovibrio	incomplete route	2
citrate_fermentation	citrate	Thiothrix lacustris	tlc	Thiothrix	incomplete route	2
citrate_fermentation	citrate	Vibrio sinaloensis	vsi	Vibrio	incomplete route	1
citrate_fermentation	citrate	Virgibacillus dokdonensis	vpn	Virgibacillus	incomplete route	2
citrate_fermentation	citrate	Yersinia aleksiciae	yak	Yersinia	incomplete route	1
citrate_fermentation	citrate	Yersinia entomophaga	yeg	Yersinia	incomplete route	1
starch_degradation	glycogen				no evidence	
starch_degradation	glycogen	Actinomyces timonensis	atin	Actinomyces	incomplete route	1
starch_degradation	glycogen	Alteromonas stellipolaris	asq	Alteromonas	incomplete route	1
starch_degradation	glycogen	Amycolatopsis thermalba	athm	Amycolatopsis	incomplete route	1
starch_degradation	glycogen	Aquitalea magnusonii	amah	Aquitalea	incomplete route	2
starch_degradation	glycogen	Arcanobacterium phocisimile	apho	Arcanobacterium	incomplete route	1
starch_degradation	glycogen	Pseudarthrobacter defluvii	pdel	Pseudarthrobacter	incomplete route	1
starch_degradation	glycogen	Azospirillum humicireducens	ahu	Azospirillum	incomplete route	1
starch_degradation	glycogen	Celerinatantimonas diazotrophica	cdiz	Celerinatantimonas	incomplete route	1
starch_degradation	glycogen	Cobetia amphilecti	camh	Cobetia	incomplete route	1
starch_degradation	glycogen	Coraliomargarita akajimensis	caa	Coraliomargarita	incomplete route	2
starch_degradation	glycogen	Corynebacterium marinum	cmq	Corynebacterium	incomplete route	2
starch_degradation	glycogen	Deinococcus aquaticus	daqu	Deinococcus	incomplete route	1
starch_degradation	glycogen	Delftia lacustris	dla	Delftia	incomplete route	2
starch_degradation	glycogen	Dietzia timorensis	dtm	Dietzia	incomplete route	1
starch_degradation	glycogen	Fibrella aestuarina	fae	Fibrella	incomplete route	1
starch_degradation	glycogen	Gallaecimonas pentaromativorans	gpm	Gallaecimonas	incomplete route	2
starch_degradation	glycogen	Herbaspirillum hiltneri	hht	Herbaspirillum	incomplete route	2
starch_degradation	glycogen	Ignisphaera aggregans	iag	Ignisphaera	incomplete route	1
starch_degradation	glycogen	Janibacter cremeus	jcr	Janibacter	incomplete route	1
starch_degradation	glycogen	Lactobacillus amylovorus	lam	Lactobacillus	incomplete route	1
starch_degradation	glycogen	Lutaonella thermophila	ltp	Lutaonella	incomplete route	2
starch_degradation	glycogen	Marinomonas pontica	mpon	Marinomonas	incomplete route	1
starch_degradation	glycogen	Methylobacterium phyllosphaerae	mphy	Methylobacterium	incomplete route	1
starch_degradation	glycogen	Microbacterium paludicola	mpal	Microbacterium	incomplete route	1
starch_degradation	glycogen	Microterricola viridarii	mvd	Microterricola	incomplete route	1
starch_degradation	glycogen	Naasia aerilata	naei	Naasia	incomplete route	1
starch_degradation	glycogen	Paenibacillus tundrae	ptun	Paenibacillus	incomplete route	1
starch_degradation	glycogen	Pandoraea thiooxydans	ptx	Pandoraea	incomplete route	2
starch_degradation	glycogen	Paracoccus saliphilus	psap	Paracoccus	incomplete route	1
starch_degradation	glycogen	Pectobacterium aroidearum	pari	Pectobacterium	incomplete route	1
starch_degradation	glycogen	Chryseobacterium taklimakanense	ctak	Chryseobacterium	incomplete route	1
starch_degradation	glycogen	Pontibacter korlensis	pko	Pontibacter	incomplete route	1
starch_degradation	glycogen	Rothia terrae	rter	Rothia	incomplete route	1
starch_degradation	glycogen	Shewanella chilikensis	schk	Shewanella	incomplete route	2
starch_degradation	glycogen	Shewanella xiamenensis	sxm	Shewanella	incomplete route	1
starch_degradation	glycogen	Stappia indica	siw	Stappia	incomplete route	2
starch_degradation	glycogen	Sulfitobacter dubius	sdub	Sulfitobacter	incomplete route	2
starch_degradation	glycogen	Wohlfahrtiimonas chitiniclastica	wcn	Wohlfahrtiimonas	incomplete route	2
starch_degradation	dextrin				no evidence	
starch_degradation	dextrin	Alteromonas stellipolaris	asq	Alteromonas	incomplete route	1
starch_degradation	dextrin	Hoyosella subflava	asd	Hoyosella	incomplete route	1
starch_degradation	dextrin	Ancylobacter polymorphus	apol	Ancylobacter	incomplete route	1
starch_degradation	dextrin	Blastococcus saxobsidens	bsd	Blastococcus	incomplete route	1
starch_degradation	dextrin	Celerinatantimonas diazotrophica	cdiz	Celerinatantimonas	incomplete route	1
starch_degradation	dextrin	Corynebacterium halotolerans	chn	Corynebacterium	incomplete route	2
starch_degradation	dextrin	Deinococcus ficus	dfc	Deinococcus	incomplete route	1
starch_degradation	dextrin	Deinococcus wulumuqiensis	dwu	Deinococcus	incomplete route	1
starch_degradation	dextrin	Dietzia kunjamensis	dkn	Dietzia	incomplete route	1
starch_degradation	dextrin	Endozoicomonas euniceicola	eei	Endozoicomonas	incomplete route	2
starch_degradation	dextrin	Endozoicomonas montiporae	emp	Endozoicomonas	incomplete route	1
starch_degradation	dextrin	Gallaecimonas pentaromativorans	gpm	Gallaecimonas	incomplete route	2
starch_degradation	dextrin	Gordonibacter pamelaeae	gpa	Gordonibacter	incomplete route	2
starch_degradation	dextrin	Intestinimonas butyriciproducens	ibu	Intestinimonas	incomplete route	2
starch_degradation	dextrin	Marinobacter adhaerens	mad	Marinobacter	incomplete route	2
starch_degradation	dextrin	Marinomonas pontica	mpon	Marinomonas	incomplete route	1
starch_degradation	dextrin	Microbacterium azadirachtae	maza	Microbacterium	incomplete route	1
starch_degradation	dextrin	Microbispora hainanensis	mhai	Microbispora	incomplete route	1
starch_degradation	dextrin	Paenibacillus tundrae	ptun	Paenibacillus	incomplete route	1
starch_degradation	dextrin	Chryseobacterium taklimakanense	ctak	Chryseobacterium	incomplete route	1
starch_degradation	dextrin	Planococcus halocryophilus	phc	Planococcus	incomplete route	1
starch_degradation	dextrin	Pontibacter korlensis	pko	Pontibacter	incomplete route	1
starch_degradation	dextrin	Pseudoalteromonas arctica	part	Pseudoalteromonas	incomplete route	1
starch_degradation	dextrin	Rhodococcus qingshengii	rqi	Rhodococcus	incomplete route	1
starch_degradation	dextrin	Rhodopirellula baltica	rba	Rhodopirellula	incomplete route	1
starch_degradation	dextrin	Rothia aeria	raj	Rothia	incomplete route	2
starch_degradation	dextrin	Rothia terrae	rter	Rothia	incomplete route	1
starch_degradation	dextrin	Salinivibrio proteolyticus	spro	Salinivibrio	incomplete route	1
starch_degradation	dextrin	Shewanella piezotolerans	swp	Shewanella	incomplete route	1
starch_degradation	dextrin	Shewanella xiamenensis	sxm	Shewanella	incomplete route	1
starch_degradation	dextrin	Sphingobacterium siyangense	ssiy	Sphingobacterium	incomplete route	1
starch_degradation	dextrin	Sphingomonas sanxanigenens	ssan	Sphingomonas	incomplete route	1
starch_degradation	dextrin	Thermobacillus composti	tco	Thermobacillus	incomplete route	1
starch_degradation	dextrin	Weissella diestrammenae	wdi	Weissella	incomplete route	2
histidine_degradation_glutamate	histidine				no evidence	
histidine_degradation_glutamate	histidine	Acidaminococcus intestini	ain	Acidaminococcus	incomplete route	1
histidine_degradation_glutamate	histidine	Azospirillum humicireducens	ahu	Azospirillum	incomplete route	1
histidine_degradation_glutamate	histidine	Paraburkholderia terrae	pter	Paraburkholderia	incomplete route	1
histidine_degradation_glutamate	histidine	Cobetia amphilecti	camh	Cobetia	incomplete route	3
histidine_degradation_glutamate	histidine	Croceicoccus marinus	cman	Croceicoccus	incomplete route	1
histidine_degradation_glutamate	histidine	Deinococcus deserti	ddr	Deinococcus	incomplete route	1
histidine_degradation_glutamate	histidine	Marinomonas arctica	mard	Marinomonas	incomplete route	1
histidine_degradation_glutamate	histidine	Marinomonas pontica	mpon	Marinomonas	incomplete route	1
histidine_degradation_glutamate	histidine	Paracoccus saliphilus	psap	Paracoccus	incomplete route	1
histidine_degradation_glutamate	histidine	Phaeobacter inhibens	pgl	Phaeobacter	incomplete route	1
histidine_degradation_glutamate	histidine	Pseudomonas knackmussii	pkc	Pseudomonas	incomplete route	1
histidine_degradation_glutamate	histidine	Pseudomonas lurida	pfx	Pseudomonas	incomplete route	1
histidine_degradation_glutamate	histidine	Pseudomonas moorei	pmor	Pseudomonas	incomplete route	1
histidine_degradation_glutamate	histidine	Serratia nematodiphila	snem	Serratia	incomplete route	3
histidine_degradation_glutamate	histidine	Serratia ureilytica	suri	Serratia	incomplete route	1
histidine_degradation_glutamate	histidine	Stappia indica	siw	Stappia	incomplete route	1
histidine_degradation_glutamate	histidine	Thalassospira tepidiphila	ttb	Thalassospira	incomplete route	1
histidine_degradation_glutamate	histidine	Thalassospira xiamenensis	txi	Thalassospira	incomplete route	1
histidine_degradation_glutamate	histidine	Hydrogenovibrio thermophilus	htr	Hydrogenovibrio	incomplete route	4
flagellar_apparatus	motility	Acetobacter ghanensis	aghn	Acetobacter	incomplete route	8
flagellar_apparatus	motility	Acetobacter senegalensis	asz	Acetobacter	incomplete route	9
flagellar_apparatus	motility	Actinoplanes sichuanensis	asic	Actinoplanes	incomplete route	1
flagellar_apparatus	motility	Aeromonas sanarellii	asaa	Aeromonas	incomplete route	1
flagellar_apparatus	motility	Algimonas porphyrae	apop	Algimonas	incomplete route	3
flagellar_apparatus	motility	Alkalitalea saponilacus	asx	Alkalitalea	incomplete route	9
flagellar_apparatus	motility	Arthrobacter oryzae	aod	Arthrobacter	incomplete route	9
flagellar_apparatus	motility	Auritidibacter ignavus	aig	Auritidibacter	incomplete route	9
flagellar_apparatus	motility	Azospirillum oryzae	aoz	Azospirillum	incomplete route	1
flagellar_apparatus	motility	Bacillus cytotoxicus	bcy	Bacillus	incomplete route	1
flagellar_apparatus	motility	Bermanella marisrubri	bmar	Bermanella	incomplete route	1
flagellar_apparatus	motility	Brevundimonas naejangsanensis	bne	Brevundimonas	incomplete route	1
flagellar_apparatus	motility	Brevundimonas nasdae	bnd	Brevundimonas	incomplete route	1
flagellar_apparatus	motility	Brevundimonas vancanneytii	bvy	Brevundimonas	incomplete route	1
flagellar_apparatus	motility	Cobetia amphilecti	camh	Cobetia	incomplete route	9
flagellar_apparatus	motility	Comamonas odontotermitis	codo	Comamonas	incomplete route	9
flagellar_apparatus	motility	Costertonia aggregata	cagg	Costertonia	incomplete route	9
flagellar_apparatus	motility	Croceicoccus marinus	cman	Croceicoccus	incomplete route	1
flagellar_apparatus	motility	Desulfurispirillum indicum	din	Desulfurispirillum	incomplete route	1
flagellar_apparatus	motility	Dinoroseobacter shibae	dsh	Dinoroseobacter	incomplete route	2
flagellar_apparatus	motility	Dokdonella koreensis	dko	Dokdonella	incomplete route	9
flagellar_apparatus	motility	Endozoicomonas euniceicola	eei	Endozoicomonas	incomplete route	9
flagellar_apparatus	motility	Endozoicomonas montiporae	emp	Endozoicomonas	incomplete route	2
flagellar_apparatus	motility	Ethanoligenens harbinense	eha	Ethanoligenens	incomplete route	1
flagellar_apparatus	motility	Filimonas lacunae	fln	Filimonas	incomplete route	9
flagellar_apparatus	motility	Fretibacterium fastidiosum	sbr	Fretibacterium	incomplete route	8
flagellar_apparatus	motility	Gallaecimonas pentaromativorans	gpm	Gallaecimonas	incomplete route	8
flagellar_apparatus	motility	Geoalkalibacter subterraneus	gsb	Geoalkalibacter	incomplete route	1
flagellar_apparatus	motility	Gluconobacter japonicus	gjo	Gluconobacter	incomplete route	8
flagellar_apparatus	motility	Gordonibacter pamelaeae	gpa	Gordonibacter	incomplete route	9
flagellar_apparatus	motility	Halobacillus mangrovi	hmn	Halobacillus	incomplete route	9
flagellar_apparatus	motility	Halobellus limi	hlm	Halobellus	incomplete route	9
flagellar_apparatus	motility	Haloferax larsenii	hls	Haloferax	incomplete route	9
flagellar_apparatus	motility	Halorubrum ezzemoulense	hezz	Halorubrum	incomplete route	9
flagellar_apparatus	motility	Halosimplex pelagicum	hpel	Halosimplex	incomplete route	9
flagellar_apparatus	motility	Helicobacter heilmannii	hhm	Helicobacter	incomplete route	2
flagellar_apparatus	motility	Listeria marthii	lmar	Listeria	incomplete route	1
flagellar_apparatus	motility	Lysinibacillus xylanilyticus	lxn	Lysinibacillus	incomplete route	9
flagellar_apparatus	motility	Magnetococcus marinus	mgm	Magnetococcus	incomplete route	1
flagellar_apparatus	motility	Marinobacterium sediminicola	msec	Marinobacterium	incomplete route	1
flagellar_apparatus	motility	Marinomonas pontica	mpon	Marinomonas	incomplete route	7
flagellar_apparatus	motility	Marisediminicola antarctica	mant	Marisediminicola	incomplete route	1
flagellar_apparatus	motility	Methanospirillum lacunae	mlaa	Methanospirillum	incomplete route	9
flagellar_apparatus	motility	Methanospirillum stamsii	mstm	Methanospirillum	incomplete route	9
flagellar_apparatus	motility	Methylobacterium aquaticum	maqu	Methylobacterium	incomplete route	1
flagellar_apparatus	motility	Methylobacterium brachiatum	mbrc	Methylobacterium	incomplete route	1
flagellar_apparatus	motility	Methylobacterium phyllosphaerae	mphy	Methylobacterium	incomplete route	1
flagellar_apparatus	motility	Methylobacterium tardum	mtad	Methylobacterium	incomplete route	3
flagellar_apparatus	motility	Microbacterium azadirachtae	maza	Microbacterium	incomplete route	9
flagellar_apparatus	motility	Microbacterium invictum	minv	Microbacterium	incomplete route	9
flagellar_apparatus	motility	Microbacterium oryzae	moj	Microbacterium	incomplete route	2
flagellar_apparatus	motility	Microbacterium sediminis	msed	Microbacterium	incomplete route	1
flagellar_apparatus	motility	Microterricola viridarii	mvd	Microterricola	incomplete route	1
flagellar_apparatus	motility	Microvirga lotononidis	mld	Microvirga	incomplete route	2
flagellar_apparatus	motility	Mucispirillum schaedleri	msch	Mucispirillum	incomplete route	1
flagellar_apparatus	motility	Naasia aerilata	naei	Naasia	incomplete route	3
flagellar_apparatus	motility	Natrinema gari	nat	Natrinema	incomplete route	9
flagellar_apparatus	motility	Natronomonas moolapensis	nmo	Natronomonas	incomplete route	9
flagellar_apparatus	motility	Natronorubrum aibiense	nas	Natronorubrum	incomplete route	9
flagellar_apparatus	motility	Nitratireductor kimnyeongensis	nki	Nitratireductor	incomplete route	2
flagellar_apparatus	motility	Nocardioides mesophilus	nmes	Nocardioides	incomplete route	9
flagellar_apparatus	motility	Owenweeksia hongkongensis	oho	Owenweeksia	incomplete route	9
flagellar_apparatus	motility	Paenalcaligenes hominis	phn	Paenalcaligenes	incomplete route	4
flagellar_apparatus	motility	Paenibacillus sonchi	pson	Paenibacillus	incomplete route	2
flagellar_apparatus	motility	Palaeococcus pacificus	ppac	Palaeococcus	incomplete route	9
flagellar_apparatus	motility	Pedobacter steynii	psty	Pedobacter	incomplete route	9
flagellar_apparatus	motility	Leisingera caerulea	lcae	Leisingera	incomplete route	2
flagellar_apparatus	motility	Phaeobacter inhibens	pgl	Phaeobacter	incomplete route	2
flagellar_apparatus	motility	Chryseobacterium taklimakanense	ctak	Chryseobacterium	incomplete route	9
flagellar_apparatus	motility	Pseudoxanthomonas mexicana	pmex	Pseudoxanthomonas	incomplete route	1
flagellar_apparatus	motility	Rhizobium grahamii	rgr	Rhizobium	incomplete route	3
flagellar_apparatus	motility	Aliiroseovarius crassostreae	acro	Aliiroseovarius	incomplete route	2
flagellar_apparatus	motility	Shewanella aestuarii	saes	Shewanella	incomplete route	1
flagellar_apparatus	motility	Shewanella dokdonensis	sdk	Shewanella	incomplete route	1
flagellar_apparatus	motility	Shewanella vesiculosa	svm	Shewanella	incomplete route	2
flagellar_apparatus	motility	Sphingobacterium psychroaquaticum	spsc	Sphingobacterium	incomplete route	9
flagellar_apparatus	motility	Sphingomonas alpina	spap	Sphingomonas	incomplete route	1
flagellar_apparatus	motility	Stappia indica	siw	Stappia	incomplete route	1
flagellar_apparatus	motility	Sulfitobacter dubius	sdub	Sulfitobacter	incomplete route	1
flagellar_apparatus	motility	Advenella mimigardefordensis	amim	Advenella	incomplete route	9
flagellar_apparatus	motility	Thalassospira tepidiphila	ttb	Thalassospira	incomplete route	1
flagellar_apparatus	motility	Thermosulfidibacter takaii	ttk	Thermosulfidibacter	incomplete route	1
flagellar_apparatus	motility	Trabulsiella odontotermitis	toe	Trabulsiella	incomplete route	1
flagellar_apparatus	motility	Treponema putidum	tpk	Treponema	incomplete route	1
flagellar_apparatus	motility	Variovorax boronicumulans	vbo	Variovorax	incomplete route	1
flagellar_apparatus	motility	Verminephrobacter eiseniae	vei	Verminephrobacter	incomplete route	1
flagellar_apparatus	motility	Vibrio alfacsensis	vaf	Vibrio	incomplete route	1
flagellar_apparatus	motility	Vibrio gigantis	vgi	Vibrio	incomplete route	1
flagellar_apparatus	motility	Virgibacillus salarius	vss	Virgibacillus	incomplete route	2
flagellar_apparatus	motility	Herpetosiphon aurantiacus	hau	Herpetosiphon	incomplete route	9
flagellar_apparatus	motility	Sorangium cellulosum	scu	Sorangium	incomplete route	9
flagellar_apparatus	motility	Alkaliphilus oremlandii	aoe	Alkaliphilus	incomplete route	1
flagellar_apparatus	motility	Roseiflexus castenholzii	rca	Roseiflexus	incomplete route	9
flagellar_apparatus	motility	Campylobacter curvus	ccv	Campylobacter	incomplete route	1
flagellar_apparatus	motility	Clostridium beijerinckii	cbei	Clostridium	incomplete route	1
flagellar_apparatus	motility	Acidiphilium cryptum	acr	Acidiphilium	incomplete route	4
flagellar_apparatus	motility	Orientia tsutsugamushi	ots	Orientia	incomplete route	9
flagellar_apparatus	motility	Flavobacterium johnsoniae	fjo	Flavobacterium	incomplete route	9
flagellar_apparatus	motility	Bartonella bacilliformis	bbk	Bartonella	incomplete route	2
flagellar_apparatus	motility	Halorhodospira halophila	hha	Halorhodospira	incomplete route	1
flagellar_apparatus	motility	Roseobacter denitrificans	rde	Roseobacter	incomplete route	2
flagellar_apparatus	motility	Hyphomonas neptunium	hne	Hyphomonas	incomplete route	3
flagellar_apparatus	motility	Syntrophomonas wolfei	swo	Syntrophomonas	incomplete route	1
flagellar_apparatus	motility	Maricaulis maris	mmr	Maricaulis	incomplete route	1
flagellar_apparatus	motility	Listeria welshimeri	lwe	Listeria	incomplete route	1
flagellar_apparatus	motility	Cytophaga hutchinsonii	chu	Cytophaga	incomplete route	9
flagellar_apparatus	motility	Trichodesmium erythraeum	ter	Trichodesmium	incomplete route	9
flagellar_apparatus	motility	Myxococcus xanthus	mxa	Myxococcus	incomplete route	9
flagellar_apparatus	motility	Rhizobium leguminosarum	rlu	Rhizobium	incomplete route	2
flagellar_apparatus	motility	Nitrobacter hamburgensis	nha	Nitrobacter	incomplete route	1
flagellar_apparatus	motility	Erythrobacter litoralis	eli	Erythrobacter	incomplete route	9
flagellar_apparatus	motility	Salinibacter ruber	srm	Salinibacter	incomplete route	1
flagellar_apparatus	motility	Natronomonas pharaonis	nph	Natronomonas	incomplete route	9
flagellar_apparatus	motility	Trichormus variabilis	ava	Trichormus	incomplete route	9
flagellar_apparatus	motility	Nitrobacter winogradskyi	nwi	Nitrobacter	incomplete route	1
flagellar_apparatus	motility	Thermococcus kodakarensis	tko	Thermococcus	incomplete route	9
flagellar_apparatus	motility	Ruegeria pomeroyi	sil	Ruegeria	incomplete route	2
flagellar_apparatus	motility	Aromatoleum aromaticum	eba	Aromatoleum	incomplete route	9
flagellar_apparatus	motility	Mycoplasma mobile	mmo	Mycoplasma	incomplete route	9
flagellar_apparatus	motility	Bordetella parapertussis	bpa	Bordetella	incomplete route	4
flagellar_apparatus	motility	Agrobacterium fabrum	atu	Agrobacterium	incomplete route	2
flagellar_apparatus	motility	Listeria innocua	lin	Listeria	incomplete route	1
flagellar_apparatus	motility	Sinorhizobium meliloti	smi	Sinorhizobium	incomplete route	2
flagellar_apparatus	motility	Caulobacter vibrioides	ccr	Caulobacter	incomplete route	2
flagellar_apparatus	motility	Acidiphilium multivorum	amv	Acidiphilium	incomplete route	2
flagellar_apparatus	motility	Desulfovibrio piger	dpg	Desulfovibrio	incomplete route	9
flagellar_apparatus	motility	Agrobacterium tumefaciens	agr	Agrobacterium	incomplete route	2
flagellar_apparatus	motility	Ammonifex degensii	adg	Ammonifex	incomplete route	1
flagellar_apparatus	motility	Azospirillum brasilense	abf	Azospirillum	incomplete route	1
flagellar_apparatus	motility	Bradyrhizobium japonicum	bju	Bradyrhizobium	incomplete route	1
flagellar_apparatus	motility	Listeria seeligeri	lsg	Listeria	incomplete route	1
flagellar_apparatus	motility	Listeria ivanovii	liw	Listeria	incomplete route	1
flagellar_apparatus	motility	Clostridium chauvoei	cchv	Clostridium	incomplete route	1
flagellar_apparatus	motility	Isosphaera pallida	ipa	Isosphaera	incomplete route	7
flagellar_apparatus	motility	Capnocytophaga ochracea	coc	Capnocytophaga	incomplete route	9
flagellar_apparatus	motility	Denitrovibrio acetiphilus	dap	Denitrovibrio	incomplete route	1
flagellar_apparatus	motility	Acidimicrobium ferrooxidans	afo	Acidimicrobium	incomplete route	2
flagellar_apparatus	motility	Jonesia denitrificans	jde	Jonesia	incomplete route	1
flagellar_apparatus	motility	Pedobacter heparinus	phe	Pedobacter	incomplete route	9
flagellar_apparatus	motility	Chitinophaga pinensis	cpi	Chitinophaga	incomplete route	9
flagellar_apparatus	motility	Thermanaerovibrio acidaminovorans	tai	Thermanaerovibrio	incomplete route	1
flagellar_apparatus	motility	Haliangium ochraceum	hoh	Haliangium	incomplete route	9
flagellar_apparatus	motility	Microcoleus vaginatus	mvag	Microcoleus	incomplete route	9
flagellar_apparatus	motility	Roseobacter litoralis	rli	Roseobacter	incomplete route	2
flagellar_apparatus	motility	Gemella sanguinis	gsa	Gemella	incomplete route	9
flagellar_apparatus	motility	Thermococcus barophilus	tba	Thermococcus	incomplete route	9
flagellar_apparatus	motility	Chloroflexus aurantiacus	cau	Chloroflexus	incomplete route	9
flagellar_apparatus	motility	Chloroflexus aggregans	cag	Chloroflexus	incomplete route	9
flagellar_apparatus	motility	Chloroherpeton thalassium	cts	Chloroherpeton	incomplete route	9
flagellar_apparatus	motility	Geovibrio thiophilus	gtl	Geovibrio	incomplete route	1
flagellar_apparatus	motility	Gemella morbillorum	gmo	Gemella	incomplete route	9
flagellar_apparatus	motility	Helicobacter mustelae	hms	Helicobacter	incomplete route	1
flagellar_apparatus	motility	Listeria grayi	lgz	Listeria	incomplete route	1
flagellar_apparatus	motility	Nitrosomonas sp.	nit	Nitrosomonas	incomplete route	1
flagellar_apparatus	motility	Nostoc punctiforme	npu	Nostoc	incomplete route	9
flagellar_apparatus	motility	Parvularcula bermudensis	pbr	Parvularcula	incomplete route	4
flagellar_apparatus	motility	Proteus mirabilis	pvl	Proteus	incomplete route	1
flagellar_apparatus	motility	Psychroflexus torquis	ptq	Psychroflexus	incomplete route	9
flagellar_apparatus	motility	Sinorhizobium fredii	sfh	Sinorhizobium	incomplete route	2
flagellar_apparatus	motility	Rhodospirillum centenum	rce	Rhodospirillum	incomplete route	1
flagellar_apparatus	motility	Salmonella bongori	sbv	Salmonella	incomplete route	1
flagellar_apparatus	motility	Desulfovibrio desulfuricans	dds	Desulfovibrio	incomplete route	1
flagellar_apparatus	motility	Methanothermococcus okinawensis	mok	Methanothermococcus	incomplete route	9
flagellar_apparatus	motility	Methanocaldococcus fervens	mfe	Methanocaldococcus	incomplete route	9
flagellar_apparatus	motility	Hyphomicrobium denitrificans	hdt	Hyphomicrobium	incomplete route	2
flagellar_apparatus	motility	Natrialba magadii	nmg	Natrialba	incomplete route	9
flagellar_apparatus	motility	Intestinibacter bartlettii	ibr	Intestinibacter	incomplete route	9
flagellar_apparatus	motility	Roseburia faecis	rfc	Roseburia	incomplete route	1
flagellar_apparatus	motility	Halothiobacillus neapolitanus	hna	Halothiobacillus	incomplete route	1
flagellar_apparatus	motility	Phenylobacterium zucineum	pzu	Phenylobacterium	incomplete route	1
flagellar_apparatus	motility	Spiroplasma citri	sck	Spiroplasma	incomplete route	9
flagellar_apparatus	motility	Spiroplasma kunkelii	skn	Spiroplasma	incomplete route	9
flagellar_apparatus	motility	Turneriella parva	tpx	Turneriella	incomplete route	1
flagellar_apparatus	motility	Zobellia galactanivorans	zga	Zobellia	incomplete route	9
flagellar_apparatus	motility	Methylobacterium radiotolerans	mrd	Methylobacterium	incomplete route	1
flagellar_apparatus	motility	Bartonella sp.	bars	Bartonella	incomplete route	9
flagellar_apparatus	motility	Thermoanaerobacter italicus	tit	Thermoanaerobacter	incomplete route	1
flagellar_apparatus	motility	Halorubrum lacusprofundi	hla	Halorubrum	incomplete route	9
flagellar_apparatus	motility	Methanococcus voltae	mvo	Methanococcus	incomplete route	9
flagellar_apparatus	motility	Ferroglobus placidus	fpl	Ferroglobus	incomplete route	9
flagellar_apparatus	motility	Planktothrix agardhii	pagh	Planktothrix	incomplete route	9
flagellar_apparatus	motility	Comamonas sp.	comb	Comamonas	incomplete route	9
flagellar_apparatus	motility	Hungatella hathewayi	hhj	Hungatella	incomplete route	1
flagellar_apparatus	motility	Roseburia intestinalis	rix	Roseburia	incomplete route	3
flagellar_apparatus	motility	Archaeoglobus veneficus	ave	Archaeoglobus	incomplete route	9
flagellar_apparatus	motility	Providencia rustigianii	prj	Providencia	incomplete route	1
flagellar_apparatus	motility	Myxococcus fulvus	mfb	Myxococcus	incomplete route	9
flagellar_apparatus	motility	Acidithiobacillus ferrooxidans	afe	Acidithiobacillus	incomplete route	9
flagellar_apparatus	motility	Eikenella corrodens	ecor	Eikenella	incomplete route	9
flagellar_apparatus	motility	Mesorhizobium opportunistum	mop	Mesorhizobium	incomplete route	2
flagellar_apparatus	motility	Mesorhizobium australicum	mam	Mesorhizobium	incomplete route	2
flagellar_apparatus	motility	Thermococcus sibiricus	tsi	Thermococcus	incomplete route	9
flagellar_apparatus	motility	Gemella haemolysans	gha	Gemella	incomplete route	9
flagellar_apparatus	motility	Capnocytophaga sputigena	cspu	Capnocytophaga	incomplete route	9
flagellar_apparatus	motility	Capnocytophaga gingivalis	cgh	Capnocytophaga	incomplete route	9
flagellar_apparatus	motility	Saprospira grandis	sgn	Saprospira	incomplete route	9
flagellar_apparatus	motility	Marivirga tractuosa	mtt	Marivirga	incomplete route	9
flagellar_apparatus	motility	Cellulophaga algicola	cao	Cellulophaga	incomplete route	9
flagellar_apparatus	motility	Solitalea canadensis	scn	Solitalea	incomplete route	9
flagellar_apparatus	motility	Cellulomonas fimi	cfi	Cellulomonas	incomplete route	1
flagellar_apparatus	motility	Echinicola vietnamensis	evi	Echinicola	incomplete route	9
flagellar_apparatus	motility	Aciduliprofundum boonei	abi	Aciduliprofundum	incomplete route	9
flagellar_apparatus	motility	Stanieria cyanosphaera	scs	Stanieria	incomplete route	9
flagellar_apparatus	motility	Fluviicola taffensis	fte	Fluviicola	incomplete route	9
flagellar_apparatus	motility	Bartonella grahamii	bgr	Bartonella	incomplete route	9
flagellar_apparatus	motility	Anabaena cylindrica	acy	Anabaena	incomplete route	9
flagellar_apparatus	motility	Clostridium carboxidivorans	cck	Clostridium	incomplete route	1
flagellar_apparatus	motility	Thermocrinis ruber	trd	Thermocrinis	incomplete route	1
flagellar_apparatus	motility	Haloferax denitrificans	hdr	Haloferax	incomplete route	9
flagellar_apparatus	motility	Pseudomonas sp.	psmp	Pseudomonas	incomplete route	3
flagellar_apparatus	motility	Xanthomonas axonopodis	xao	Xanthomonas	incomplete route	1
flagellar_apparatus	motility	Treponema parvum	tpav	Treponema	incomplete route	1
flagellar_apparatus	motility	Halomicrobium mukohataei	halz	Halomicrobium	incomplete route	9
flagellar_apparatus	motility	Bartonella schoenbuchensis	bsch	Bartonella	incomplete route	2
flagellar_apparatus	motility	Acinetobacter oleivorans	acd	Acinetobacter	incomplete route	9
flagellar_apparatus	motility	Natrinema pallidum	npl	Natrinema	incomplete route	9
flagellar_apparatus	motility	Acetobacter tropicalis	ato	Acetobacter	incomplete route	9
flagellar_apparatus	motility	Ectothiorhodospira haloalkaliphila	hhc	Ectothiorhodospira	incomplete route	2
flagellar_apparatus	motility	Rubinisphaera brasiliensis	pbs	Rubinisphaera	incomplete route	1
flagellar_apparatus	motility	Roseburia hominis	rho	Roseburia	incomplete route	1
flagellar_apparatus	motility	Desulfovibrio sp.	delf	Desulfovibrio	incomplete route	1
flagellar_apparatus	motility	Desulfonema limicola	dli	Desulfonema	incomplete route	9
flagellar_apparatus	motility	Capnocytophaga canimorsus	ccm	Capnocytophaga	incomplete route	9
flagellar_apparatus	motility	Desulfonema magnum	dmm	Desulfonema	incomplete route	9
flagellar_apparatus	motility	Mesorhizobium erdmanii	merd	Mesorhizobium	incomplete route	2
flagellar_apparatus	motility	Rhizobium favelukesii	rhl	Rhizobium	incomplete route	2
flagellar_apparatus	motility	Ensifer aridi	eaw	Ensifer	incomplete route	3
flagellar_apparatus	motility	Mesorhizobium loti	mln	Mesorhizobium	incomplete route	2
flagellar_apparatus	motility	Rhizobium gallicum	rga	Rhizobium	incomplete route	2
flagellar_apparatus	motility	Rhizobium sullae	rsul	Rhizobium	incomplete route	2
flagellar_apparatus	motility	Bartonella clarridgeiae	bcd	Bartonella	incomplete route	2
flagellar_apparatus	motility	Komagataeibacter europaeus	keu	Komagataeibacter	incomplete route	9
flagellar_apparatus	motility	Komagataeibacter oboediens	koi	Komagataeibacter	incomplete route	9
flagellar_apparatus	motility	Metallosphaera cuprina	mcn	Metallosphaera	incomplete route	9
flagellar_apparatus	motility	Pyrococcus yayanosii	pya	Pyrococcus	incomplete route	9
flagellar_apparatus	motility	Marichromatium purpuratum	mpur	Marichromatium	incomplete route	1
flagellar_apparatus	motility	Alysiella crassa	acrs	Alysiella	incomplete route	9
flagellar_apparatus	motility	Alysiella filiformis	aff	Alysiella	incomplete route	9
flagellar_apparatus	motility	Microvirgula aerodenitrificans	maer	Microvirgula	incomplete route	1
flagellar_apparatus	motility	Thioalkalivibrio paradoxus	tti	Thioalkalivibrio	incomplete route	9
flagellar_apparatus	motility	Sporomusa sphaeroides	spax	Sporomusa	incomplete route	9
flagellar_apparatus	motility	Sporomusa malonica	smaw	Sporomusa	incomplete route	9
flagellar_apparatus	motility	Aquimarina muelleri	amue	Aquimarina	incomplete route	9
flagellar_apparatus	motility	Caloranaerobacter azorensis	cazo	Caloranaerobacter	incomplete route	1
flagellar_apparatus	motility	Conchiformibius kuhniae	ckh	Conchiformibius	incomplete route	9
flagellar_apparatus	motility	Conchiformibius steedae	cste	Conchiformibius	incomplete route	9
flagellar_apparatus	motility	Dermatophilus congolensis	dco	Dermatophilus	incomplete route	1
flagellar_apparatus	motility	Legionella israelensis	lib	Legionella	incomplete route	4
flagellar_apparatus	motility	Desulfovibrio aminophilus	dami	Desulfovibrio	incomplete route	9
flagellar_apparatus	motility	Maritalea myrionectae	mmyr	Maritalea	incomplete route	1
flagellar_apparatus	motility	Granulibacter bethesdensis	gbe	Granulibacter	incomplete route	9
flagellar_apparatus	motility	Pseudomonas fragi	pfz	Pseudomonas	incomplete route	2
flagellar_apparatus	motility	Legionella lansingensis	llg	Legionella	incomplete route	9
flagellar_apparatus	motility	Legionella sainthelensi	lsh	Legionella	incomplete route	9
flagellar_apparatus	motility	Corallococcus coralloides	ccx	Corallococcus	incomplete route	9
flagellar_apparatus	motility	Kingella kingae	kki	Kingella	incomplete route	9
flagellar_apparatus	motility	Pontibacter korlensis	pko	Pontibacter	incomplete route	9
flagellar_apparatus	motility	Cylindrospermopsis raciborskii	crk	Cylindrospermopsis	incomplete route	9
flagellar_apparatus	motility	Geobacter pickeringii	gpi	Geobacter	incomplete route	1
flagellar_apparatus	motility	Tenacibaculum ovolyticum	tov	Tenacibaculum	incomplete route	9
flagellar_apparatus	motility	Phaeobacter gallaeciensis	pgd	Phaeobacter	incomplete route	2
flagellar_apparatus	motility	Halotalea alkalilenta	haa	Halotalea	incomplete route	1
flagellar_apparatus	motility	Zobellia laminariae	zla	Zobellia	incomplete route	9
flagellar_apparatus	motility	Hyphomicrobium nitrativorans	hni	Hyphomicrobium	incomplete route	3
flagellar_apparatus	motility	Neorhizobium galegae	ngg	Neorhizobium	incomplete route	2
flagellar_apparatus	motility	Haloferax mediterranei	hme	Haloferax	incomplete route	9
flagellar_apparatus	motility	Methanocaldococcus bathoardescens	mjh	Methanocaldococcus	incomplete route	9
flagellar_apparatus	motility	Shewanella algae	salg	Shewanella	incomplete route	1
flagellar_apparatus	motility	Alteromonas australica	aaus	Alteromonas	incomplete route	1
flagellar_apparatus	motility	Thermoanaerobacter kivui	tki	Thermoanaerobacter	incomplete route	2
flagellar_apparatus	motility	Bartonella henselae	bhn	Bartonella	incomplete route	9
flagellar_apparatus	motility	Geoglobus ahangari	gah	Geoglobus	incomplete route	9
flagellar_apparatus	motility	Bifidobacterium coryneforme	bcor	Bifidobacterium	incomplete route	9
flagellar_apparatus	motility	Cellulomonas gilvus	cga	Cellulomonas	incomplete route	1
flagellar_apparatus	motility	Acetobacter pasteurianus	apk	Acetobacter	incomplete route	9
flagellar_apparatus	motility	Aeropyrum camini	acj	Aeropyrum	incomplete route	9
flagellar_apparatus	motility	Alicyclobacillus acidoterrestris	aaco	Alicyclobacillus	incomplete route	2
flagellar_apparatus	motility	Brevundimonas diminuta	bdm	Brevundimonas	incomplete route	1
flagellar_apparatus	motility	Brevundimonas vesicularis	bvc	Brevundimonas	incomplete route	1
flagellar_apparatus	motility	Campylobacter corcagiensis	ccor	Campylobacter	incomplete route	9
flagellar_apparatus	motility	Cellulomonas iranensis	cira	Cellulomonas	incomplete route	1
flagellar_apparatus	motility	Cupriavidus gilardii	cgd	Cupriavidus	incomplete route	1
flagellar_apparatus	motility	Cupriavidus oxalaticus	cox	Cupriavidus	incomplete route	1
flagellar_apparatus	motility	Cystobacter fuscus	cfus	Cystobacter	incomplete route	8
flagellar_apparatus	motility	Archangium violaceum	avm	Archangium	incomplete route	8
flagellar_apparatus	motility	Empedobacter brevis	ebv	Empedobacter	incomplete route	9
flagellar_apparatus	motility	Ensifer adhaerens	eah	Ensifer	incomplete route	2
flagellar_apparatus	motility	Geobacillus icigianus	gic	Geobacillus	incomplete route	4
flagellar_apparatus	motility	Komagataeibacter rhaeticus	kre	Komagataeibacter	incomplete route	9
flagellar_apparatus	motility	Gluconobacter albidus	gal	Gluconobacter	incomplete route	3
flagellar_apparatus	motility	Gluconobacter frateurii	gfa	Gluconobacter	incomplete route	2
flagellar_apparatus	motility	Hylemonella gracilis	hgr	Hylemonella	incomplete route	2
flagellar_apparatus	motility	Kosmotoga pacifica	kpf	Kosmotoga	incomplete route	9
flagellar_apparatus	motility	Marinobacter salarius	msr	Marinobacter	incomplete route	7
flagellar_apparatus	motility	Marinobacter similis	msx	Marinobacter	incomplete route	3
flagellar_apparatus	motility	Melittangium boletus	mbd	Melittangium	incomplete route	8
flagellar_apparatus	motility	Microbacterium oxydans	moy	Microbacterium	incomplete route	1
flagellar_apparatus	motility	Microbacterium paraoxydans	mpao	Microbacterium	incomplete route	1
flagellar_apparatus	motility	Microbacterium testaceum	mts	Microbacterium	incomplete route	9
flagellar_apparatus	motility	Paenibacillus amylolyticus	pamy	Paenibacillus	incomplete route	9
flagellar_apparatus	motility	Paenibacillus glycanilyticus	pgly	Paenibacillus	incomplete route	1
flagellar_apparatus	motility	Phycisphaera mikurensis	phm	Phycisphaera	incomplete route	1
flagellar_apparatus	motility	Pimelobacter simplex	psim	Pimelobacter	incomplete route	1
flagellar_apparatus	motility	Planktothrix rubescens	prun	Planktothrix	incomplete route	9
flagellar_apparatus	motility	Pseudomonas mediterranea	pmed	Pseudomonas	incomplete route	1
flagellar_apparatus	motility	Ramlibacter tataouinensis	rta	Ramlibacter	incomplete route	9
flagellar_apparatus	motility	Rhodomicrobium vannielii	rva	Rhodomicrobium	incomplete route	2
flagellar_apparatus	motility	Rufibacter tibetensis	rti	Rufibacter	incomplete route	9
flagellar_apparatus	motility	Sandaracinus amylolyticus	samy	Sandaracinus	incomplete route	9
flagellar_apparatus	motility	Siansivirga zeaxanthinifaciens	sze	Siansivirga	incomplete route	9
flagellar_apparatus	motility	Sinorhizobium americanum	same	Sinorhizobium	incomplete route	2
flagellar_apparatus	motility	Sphingobium amiense	sami	Sphingobium	incomplete route	1
flagellar_apparatus	motility	Thalassolituus oleivorans	tol	Thalassolituus	incomplete route	1
flagellar_apparatus	motility	Thermococcus eurythermalis	teu	Thermococcus	incomplete route	9
flagellar_apparatus	motility	Pseudothermotoga thermarum	tta	Pseudothermotoga	incomplete route	1
flagellar_apparatus	motility	Acidihalobacter prosperus	aprs	Acidihalobacter	incomplete route	1
flagellar_apparatus	motility	Xanthomonas phaseoli	xph	Xanthomonas	incomplete route	7
flagellar_apparatus	motility	Xylella taiwanensis	xtw	Xylella	incomplete route	9
