genome_id	source_bin	ena_analysis	assembly_accession	download_url	remote_filename
cmag_001	ERR4301269bin.7	ERZ12818204	GCA_946492575	https://www.ebi.ac.uk/ena/browser/api/fasta/GCA_946492575?download=true&gzip=true	cmag_001.fna.gz
cmag_002	ERR4303136bin.34	ERZ12818207	GCA_946494525	https://www.ebi.ac.uk/ena/browser/api/fasta/GCA_946494525?download=true&gzip=true	cmag_002.fna.gz
cmag_003	ERR4303137bin.12	ERZ12818195	GCA_946485935	https://www.ebi.ac.uk/ena/browser/api/fasta/GCA_946485935?download=true&gzip=true	cmag_003.fna.gz
cmag_004	ERR4303137bin.30	ERZ12818463	GCA_946493855	https://www.ebi.ac.uk/ena/browser/api/fasta/GCA_946493855?download=true&gzip=true	cmag_004.fna.gz
cmag_005	ERR4303137bin.34	ERZ12818243	GCA_946487785	https://www.ebi.ac.uk/ena/browser/api/fasta/GCA_946487785?download=true&gzip=true	cmag_005.fna.gz
cmag_006	ERR4303137bin.35	ERZ12818534	GCA_946490765	https://www.ebi.ac.uk/ena/browser/api/fasta/GCA_946490765?download=true&gzip=true	cmag_006.fna.gz
cmag_007	ERR4303138bin.28	ERZ12818468	GCA_946486945	https://www.ebi.ac.uk/ena/browser/api/fasta/GCA_946486945?download=true&gzip=true	cmag_007.fna.gz
cmag_008	ERR4303138bin.37	ERZ12818559	GCA_946493005	https://www.ebi.ac.uk/ena/browser/api/fasta/GCA_946493005?download=true&gzip=true	cmag_008.fna.gz
cmag_009	ERR4303139bin.27	ERZ12818406	GCA_946488485	https://www.ebi.ac.uk/ena/browser/api/fasta/GCA_946488485?download=true&gzip=true	cmag_009.fna.gz
cmag_010	ERR4303140bin.1	ERZ12818331	GCA_946493505	https://www.ebi.ac.uk/ena/browser/api/fasta/GCA_946493505?download=true&gzip=true	cmag_010.fna.gz
cmag_011	ERR4303147bin.12	ERZ12818566	GCA_946493535	https://www.ebi.ac.uk/ena/browser/api/fasta/GCA_946493535?download=true&gzip=true	cmag_011.fna.gz
cmag_012	ERR4303147bin.39	ERZ12818563	GCA_946493125	https://www.ebi.ac.uk/ena/browser/api/fasta/GCA_946493125?download=true&gzip=true	cmag_012.fna.gz
cmag_013	ERR4303147bin.44	ERZ12818273	GCA_946491805	https://www.ebi.ac.uk/ena/browser/api/fasta/GCA_946491805?download=true&gzip=true	cmag_013.fna.gz
cmag_014	ERR4303147bin.48	ERZ12818434	GCA_946490445	https://www.ebi.ac.uk/ena/browser/api/fasta/GCA_946490445?download=true&gzip=true	cmag_014.fna.gz
cmag_015	ERR4303147bin.52	ERZ12818409	GCA_946488505	https://www.ebi.ac.uk/ena/browser/api/fasta/GCA_946488505?download=true&gzip=true	cmag_015.fna.gz
cmag_016	ERR4303147bin.54	ERZ12818469	GCA_946492145	https://www.ebi.ac.uk/ena/browser/api/fasta/GCA_946492145?download=true&gzip=true	cmag_016.fna.gz
cmag_017	ERR4303148bin.1	ERZ12818261	GCA_946490665	https://www.ebi.ac.uk/ena/browser/api/fasta/GCA_946490665?download=true&gzip=true	cmag_017.fna.gz
cmag_018	ERR4303148bin.29	ERZ12818430	GCA_946488425	https://www.ebi.ac.uk/ena/browser/api/fasta/GCA_946488425?download=true&gzip=true	cmag_018.fna.gz
cmag_019	ERR4303149bin.21	ERZ12818283	GCA_946493825	https://www.ebi.ac.uk/ena/browser/api/fasta/GCA_946493825?download=true&gzip=true	cmag_019.fna.gz
cmag_020	ERR4303149bin.27	ERZ12818385	GCA_946493185	https://www.ebi.ac.uk/ena/browser/api/fasta/GCA_946493185?download=true&gzip=true	cmag_020.fna.gz
cmag_021	ERR4303149bin.29	ERZ12818314	GCA_946488175	https://www.ebi.ac.uk/ena/browser/api/fasta/GCA_946488175?download=true&gzip=true	cmag_021.fna.gz
cmag_022	ERR4303149bin.36	ERZ12818523	GCA_946486045	https://www.ebi.ac.uk/ena/browser/api/fasta/GCA_946486045?download=true&gzip=true	cmag_022.fna.gz
cmag_023	ERR4303150bin.25	ERZ12818521	GCA_946490815	https://www.ebi.ac.uk/ena/browser/api/fasta/GCA_946490815?download=true&gzip=true	cmag_023.fna.gz
cmag_024	ERR4303150bin.41	ERZ12818360	GCA_946486275	https://www.ebi.ac.uk/ena/browser/api/fasta/GCA_946486275?download=true&gzip=true	cmag_024.fna.gz
cmag_025	ERR4303150bin.6	ERZ12818256	GCA_946494605	https://www.ebi.ac.uk/ena/browser/api/fasta/GCA_946494605?download=true&gzip=true	cmag_025.fna.gz
cmag_026	ERR4303150bin.7	ERZ12818309	GCA_946493485	https://www.ebi.ac.uk/ena/browser/api/fasta/GCA_946493485?download=true&gzip=true	cmag_026.fna.gz
cmag_027	ERR4303151bin.10	ERZ12818262	GCA_946494425	https://www.ebi.ac.uk/ena/browser/api/fasta/GCA_946494425?download=true&gzip=true	cmag_027.fna.gz
cmag_028	ERR4303151bin.35	ERZ12818316	GCA_946488445	https://www.ebi.ac.uk/ena/browser/api/fasta/GCA_946488445?download=true&gzip=true	cmag_028.fna.gz
cmag_029	ERR4303151bin.51	ERZ12818555	GCA_946493755	https://www.ebi.ac.uk/ena/browser/api/fasta/GCA_946493755?download=true&gzip=true	cmag_029.fna.gz
cmag_030	ERR4303151bin.6	ERZ12818554	GCA_946492885	https://www.ebi.ac.uk/ena/browser/api/fasta/GCA_946492885?download=true&gzip=true	cmag_030.fna.gz
cmag_031	ERR4303152bin.33	ERZ12818211	GCA_946493885	https://www.ebi.ac.uk/ena/browser/api/fasta/GCA_946493885?download=true&gzip=true	cmag_031.fna.gz
cmag_032	ERR4303152bin.5	ERZ12818531	GCA_946486135	https://www.ebi.ac.uk/ena/browser/api/fasta/GCA_946486135?download=true&gzip=true	cmag_032.fna.gz
cmag_033	ERR4303152bin.6	ERZ12818236	GCA_946492565	https://www.ebi.ac.uk/ena/browser/api/fasta/GCA_946492565?download=true&gzip=true	cmag_033.fna.gz
cmag_034	ERR4303154bin.23	ERZ12818408	GCA_946491785	https://www.ebi.ac.uk/ena/browser/api/fasta/GCA_946491785?download=true&gzip=true	cmag_034.fna.gz
cmag_035	ERR4303154bin.29	ERZ12818237	GCA_946491795	https://www.ebi.ac.uk/ena/browser/api/fasta/GCA_946491795?download=true&gzip=true	cmag_035.fna.gz
cmag_036	ERR4303154bin.32	ERZ12818318	GCA_946492115	https://www.ebi.ac.uk/ena/browser/api/fasta/GCA_946492115?download=true&gzip=true	cmag_036.fna.gz
cmag_037	ERR4303154bin.33	ERZ12818490	GCA_946492185	https://www.ebi.ac.uk/ena/browser/api/fasta/GCA_946492185?download=true&gzip=true	cmag_037.fna.gz
cmag_038	ERR4303154bin.37	ERZ12818290	GCA_946488145	https://www.ebi.ac.uk/ena/browser/api/fasta/GCA_946488145?download=true&gzip=true	cmag_038.fna.gz
cmag_039	ERR4303154bin.7	ERZ12818276	GCA_946494495	https://www.ebi.ac.uk/ena/browser/api/fasta/GCA_946494495?download=true&gzip=true	cmag_039.fna.gz
cmag_040	ERR4303155bin.13	ERZ12818326	GCA_946484175	https://www.ebi.ac.uk/ena/browser/api/fasta/GCA_946484175?download=true&gzip=true	cmag_040.fna.gz
cmag_041	ERR4303155bin.51	ERZ12818302	GCA_946488005	https://www.ebi.ac.uk/ena/browser/api/fasta/GCA_946488005?download=true&gzip=true	cmag_041.fna.gz
cmag_042	ERR4303155bin.7	ERZ12818380	GCA_946491685	https://www.ebi.ac.uk/ena/browser/api/fasta/GCA_946491685?download=true&gzip=true	cmag_042.fna.gz
cmag_043	ERR4303155bin.77	ERZ12818467	GCA_946490825	https://www.ebi.ac.uk/ena/browser/api/fasta/GCA_946490825?download=true&gzip=true	cmag_043.fna.gz
cmag_044	ERR4303156bin.11	ERZ12818320	GCA_946493515	https://www.ebi.ac.uk/ena/browser/api/fasta/GCA_946493515?download=true&gzip=true	cmag_044.fna.gz
cmag_045	ERR4303156bin.12	ERZ12818239	GCA_946494515	https://www.ebi.ac.uk/ena/browser/api/fasta/GCA_946494515?download=true&gzip=true	cmag_045.fna.gz
cmag_046	ERR4303156bin.23	ERZ12818564	GCA_946485505	https://www.ebi.ac.uk/ena/browser/api/fasta/GCA_946485505?download=true&gzip=true	cmag_046.fna.gz
cmag_047	ERR4303156bin.5	ERZ12818304	GCA_946487775	https://www.ebi.ac.uk/ena/browser/api/fasta/GCA_946487775?download=true&gzip=true	cmag_047.fna.gz
cmag_048	ERR4303157bin.17	ERZ12818465	GCA_946491875	https://www.ebi.ac.uk/ena/browser/api/fasta/GCA_946491875?download=true&gzip=true	cmag_048.fna.gz
cmag_049	ERR4303157bin.8	ERZ12818197	GCA_946487955	https://www.ebi.ac.uk/ena/browser/api/fasta/GCA_946487955?download=true&gzip=true	cmag_049.fna.gz
cmag_050	ERR4303158bin.17	ERZ12818200	GCA_946486155	https://www.ebi.ac.uk/ena/browser/api/fasta/GCA_946486155?download=true&gzip=true	cmag_050.fna.gz
cmag_051	ERR4303158bin.24	ERZ12818330	GCA_946488815	https://www.ebi.ac.uk/ena/browser/api/fasta/GCA_946488815?download=true&gzip=true	cmag_051.fna.gz
cmag_052	ERR4303158bin.27	ERZ12818510	GCA_946492915	https://www.ebi.ac.uk/ena/browser/api/fasta/GCA_946492915?download=true&gzip=true	cmag_052.fna.gz
cmag_053	ERR4303158bin.38	ERZ12818411	GCA_946491775	https://www.ebi.ac.uk/ena/browser/api/fasta/GCA_946491775?download=true&gzip=true	cmag_053.fna.gz
cmag_054	ERR4303158bin.59	ERZ12818294	GCA_946488115	https://www.ebi.ac.uk/ena/browser/api/fasta/GCA_946488115?download=true&gzip=true	cmag_054.fna.gz
cmag_055	ERR4303158bin.61	ERZ12818551	GCA_946493845	https://www.ebi.ac.uk/ena/browser/api/fasta/GCA_946493845?download=true&gzip=true	cmag_055.fna.gz
cmag_056	ERR4303159bin.34	ERZ12818517	GCA_946486585	https://www.ebi.ac.uk/ena/browser/api/fasta/GCA_946486585?download=true&gzip=true	cmag_056.fna.gz
cmag_057	ERR4303161bin.16	ERZ12818323	GCA_946490605	https://www.ebi.ac.uk/ena/browser/api/fasta/GCA_946490605?download=true&gzip=true	cmag_057.fna.gz
cmag_058	ERR4303161bin.27	ERZ12818210	GCA_946492525	https://www.ebi.ac.uk/ena/browser/api/fasta/GCA_946492525?download=true&gzip=true	cmag_058.fna.gz
cmag_059	ERR4303161bin.36	ERZ12818322	GCA_946488305	https://www.ebi.ac.uk/ena/browser/api/fasta/GCA_946488305?download=true&gzip=true	cmag_059.fna.gz
cmag_060	ERR4303161bin.39	ERZ12818227	GCA_946494645	https://www.ebi.ac.uk/ena/browser/api/fasta/GCA_946494645?download=true&gzip=true	cmag_060.fna.gz
cmag_061	ERR4303161bin.47	ERZ12818501	GCA_946486515	https://www.ebi.ac.uk/ena/browser/api/fasta/GCA_946486515?download=true&gzip=true	cmag_061.fna.gz
cmag_062	ERR4303161bin.49	ERZ12818264	GCA_946487855	https://www.ebi.ac.uk/ena/browser/api/fasta/GCA_946487855?download=true&gzip=true	cmag_062.fna.gz
cmag_063	ERR4303161bin.86	ERZ12818414	GCA_946491745	https://www.ebi.ac.uk/ena/browser/api/fasta/GCA_946491745?download=true&gzip=true	cmag_063.fna.gz
cmag_064	ERR4303162bin.26	ERZ12818275	GCA_946490525	https://www.ebi.ac.uk/ena/browser/api/fasta/GCA_946490525?download=true&gzip=true	cmag_064.fna.gz
cmag_065	ERR4303162bin.31	ERZ12818324	GCA_946493465	https://www.ebi.ac.uk/ena/browser/api/fasta/GCA_946493465?download=true&gzip=true	cmag_065.fna.gz
cmag_066	ERR4303162bin.41	ERZ12818215	GCA_946483515	https://www.ebi.ac.uk/ena/browser/api/fasta/GCA_946483515?download=true&gzip=true	cmag_066.fna.gz
cmag_067	ERR4303162bin.8	ERZ12818222	GCA_946492545	https://www.ebi.ac.uk/ena/browser/api/fasta/GCA_946492545?download=true&gzip=true	cmag_067.fna.gz
cmag_068	ERR4303163bin.31	ERZ12818307	GCA_946490195	https://www.ebi.ac.uk/ena/browser/api/fasta/GCA_946490195?download=true&gzip=true	cmag_068.fna.gz
cmag_069	ERR4303163bin.49	ERZ12818535	GCA_946486265	https://www.ebi.ac.uk/ena/browser/api/fasta/GCA_946486265?download=true&gzip=true	cmag_069.fna.gz
cmag_070	ERR4303163bin.54	ERZ12818431	GCA_946491675	https://www.ebi.ac.uk/ena/browser/api/fasta/GCA_946491675?download=true&gzip=true	cmag_070.fna.gz
cmag_071	ERR4303163bin.60	ERZ12818312	GCA_946488155	https://www.ebi.ac.uk/ena/browser/api/fasta/GCA_946488155?download=true&gzip=true	cmag_071.fna.gz
cmag_072	ERR4303163bin.64	ERZ12818492	GCA_946490685	https://www.ebi.ac.uk/ena/browser/api/fasta/GCA_946490685?download=true&gzip=true	cmag_072.fna.gz
cmag_073	ERR4303164bin.29	ERZ12818281	GCA_946494365	https://www.ebi.ac.uk/ena/browser/api/fasta/GCA_946494365?download=true&gzip=true	cmag_073.fna.gz
cmag_074	ERR4303164bin.43	ERZ12818543	GCA_946490965	https://www.ebi.ac.uk/ena/browser/api/fasta/GCA_946490965?download=true&gzip=true	cmag_074.fna.gz
cmag_075	ERR4303164bin.45	ERZ12818274	GCA_946485115	https://www.ebi.ac.uk/ena/browser/api/fasta/GCA_946485115?download=true&gzip=true	cmag_075.fna.gz
cmag_076	ERR4303165bin.17	ERZ12818504	GCA_946492745	https://www.ebi.ac.uk/ena/browser/api/fasta/GCA_946492745?download=true&gzip=true	cmag_076.fna.gz
cmag_077	ERR4303165bin.34	ERZ12818530	GCA_946490745	https://www.ebi.ac.uk/ena/browser/api/fasta/GCA_946490745?download=true&gzip=true	cmag_077.fna.gz
cmag_078	ERR4303165bin.63	ERZ12818528	GCA_946490585	https://www.ebi.ac.uk/ena/browser/api/fasta/GCA_946490585?download=true&gzip=true	cmag_078.fna.gz
cmag_079	ERR4303169bin.21	ERZ12818500	GCA_946493805	https://www.ebi.ac.uk/ena/browser/api/fasta/GCA_946493805?download=true&gzip=true	cmag_079.fna.gz
cmag_080	ERR4303169bin.22	ERZ12818202	GCA_946492615	https://www.ebi.ac.uk/ena/browser/api/fasta/GCA_946492615?download=true&gzip=true	cmag_080.fna.gz
cmag_081	ERR4303169bin.25	ERZ12818257	GCA_946487805	https://www.ebi.ac.uk/ena/browser/api/fasta/GCA_946487805?download=true&gzip=true	cmag_081.fna.gz
cmag_082	ERR4303169bin.6	ERZ12818311	GCA_946488955	https://www.ebi.ac.uk/ena/browser/api/fasta/GCA_946488955?download=true&gzip=true	cmag_082.fna.gz
cmag_083	ERR4303170bin.3	ERZ12818223	GCA_946494585	https://www.ebi.ac.uk/ena/browser/api/fasta/GCA_946494585?download=true&gzip=true	cmag_083.fna.gz
cmag_084	ERR4303170bin.59	ERZ12818503	GCA_946490875	https://www.ebi.ac.uk/ena/browser/api/fasta/GCA_946490875?download=true&gzip=true	cmag_084.fna.gz
cmag_085	ERR4303170bin.62	ERZ12818201	GCA_946485905	https://www.ebi.ac.uk/ena/browser/api/fasta/GCA_946485905?download=true&gzip=true	cmag_085.fna.gz
cmag_086	ERR4303171bin.26	ERZ12818497	GCA_946495465	https://www.ebi.ac.uk/ena/browser/api/fasta/GCA_946495465?download=true&gzip=true	cmag_086.fna.gz
cmag_087	ERR4303171bin.43	ERZ12818297	GCA_946494685	https://www.ebi.ac.uk/ena/browser/api/fasta/GCA_946494685?download=true&gzip=true	cmag_087.fna.gz
cmag_088	ERR4303172bin.20	ERZ12818336	GCA_946491085	https://www.ebi.ac.uk/ena/browser/api/fasta/GCA_946491085?download=true&gzip=true	cmag_088.fna.gz
cmag_089	ERR4303172bin.39	ERZ12818306	GCA_946485975	https://www.ebi.ac.uk/ena/browser/api/fasta/GCA_946485975?download=true&gzip=true	cmag_089.fna.gz
cmag_090	ERR4303194bin.18	ERZ12818387	GCA_946488855	https://www.ebi.ac.uk/ena/browser/api/fasta/GCA_946488855?download=true&gzip=true	cmag_090.fna.gz
cmag_091	ERR4303194bin.54	ERZ12818552	GCA_946493095	https://www.ebi.ac.uk/ena/browser/api/fasta/GCA_946493095?download=true&gzip=true	cmag_091.fna.gz
cmag_092	ERR4303194bin.64	ERZ12818496	GCA_946493695	https://www.ebi.ac.uk/ena/browser/api/fasta/GCA_946493695?download=true&gzip=true	cmag_092.fna.gz
cmag_093	ERR4303195bin.1	ERZ12818511	GCA_946495405	https://www.ebi.ac.uk/ena/browser/api/fasta/GCA_946495405?download=true&gzip=true	cmag_093.fna.gz
cmag_094	ERR4303195bin.15	ERZ12818279	GCA_946490635	https://www.ebi.ac.uk/ena/browser/api/fasta/GCA_946490635?download=true&gzip=true	cmag_094.fna.gz
cmag_095	ERR4303195bin.34	ERZ12818565	GCA_946486545	https://www.ebi.ac.uk/ena/browser/api/fasta/GCA_946486545?download=true&gzip=true	cmag_095.fna.gz
cmag_096	ERR4303195bin.36	ERZ12818516	GCA_946492875	https://www.ebi.ac.uk/ena/browser/api/fasta/GCA_946492875?download=true&gzip=true	cmag_096.fna.gz
cmag_097	ERR4303195bin.40	ERZ12818560	GCA_946493075	https://www.ebi.ac.uk/ena/browser/api/fasta/GCA_946493075?download=true&gzip=true	cmag_097.fna.gz
cmag_098	ERR4303195bin.50	ERZ12818289	GCA_946484155	https://www.ebi.ac.uk/ena/browser/api/fasta/GCA_946484155?download=true&gzip=true	cmag_098.fna.gz
cmag_099	ERR4303195bin.51	ERZ12818310	GCA_946484975	https://www.ebi.ac.uk/ena/browser/api/fasta/GCA_946484975?download=true&gzip=true	cmag_099.fna.gz
cmag_100	ERR4303195bin.55	ERZ12818209	GCA_946487825	https://www.ebi.ac.uk/ena/browser/api/fasta/GCA_946487825?download=true&gzip=true	cmag_100.fna.gz
cmag_101	ERR4303196bin.52	ERZ12818253	GCA_946494355	https://www.ebi.ac.uk/ena/browser/api/fasta/GCA_946494355?download=true&gzip=true	cmag_101.fna.gz
cmag_102	ERR4303196bin.67	ERZ12818288	GCA_946484085	https://www.ebi.ac.uk/ena/browser/api/fasta/GCA_946484085?download=true&gzip=true	cmag_102.fna.gz
cmag_103	ERR4303197bin.23	ERZ12818214	GCA_946492605	https://www.ebi.ac.uk/ena/browser/api/fasta/GCA_946492605?download=true&gzip=true	cmag_103.fna.gz
cmag_104	ERR4303197bin.30	ERZ12818494	GCA_946492755	https://www.ebi.ac.uk/ena/browser/api/fasta/GCA_946492755?download=true&gzip=true	cmag_104.fna.gz
cmag_105	ERR4303197bin.31	ERZ12818203	GCA_946493875	https://www.ebi.ac.uk/ena/browser/api/fasta/GCA_946493875?download=true&gzip=true	cmag_105.fna.gz
cmag_106	ERR4303197bin.37	ERZ12818235	GCA_946482875	https://www.ebi.ac.uk/ena/browser/api/fasta/GCA_946482875?download=true&gzip=true	cmag_106.fna.gz
cmag_107	ERR4303197bin.62	ERZ12818405	GCA_946488875	https://www.ebi.ac.uk/ena/browser/api/fasta/GCA_946488875?download=true&gzip=true	cmag_107.fna.gz
cmag_108	ERR4303197bin.71	ERZ12818525	GCA_946482775	https://www.ebi.ac.uk/ena/browser/api/fasta/GCA_946482775?download=true&gzip=true	cmag_108.fna.gz
cmag_109	ERR4303198bin.16	ERZ12818437	GCA_946491725	https://www.ebi.ac.uk/ena/browser/api/fasta/GCA_946491725?download=true&gzip=true	cmag_109.fna.gz
cmag_110	ERR4303198bin.17	ERZ12818232	GCA_946487935	https://www.ebi.ac.uk/ena/browser/api/fasta/GCA_946487935?download=true&gzip=true	cmag_110.fna.gz
cmag_111	ERR4303198bin.23	ERZ12818241	GCA_946492585	https://www.ebi.ac.uk/ena/browser/api/fasta/GCA_946492585?download=true&gzip=true	cmag_111.fna.gz
cmag_112	ERR4303198bin.28	ERZ12818313	GCA_946493455	https://www.ebi.ac.uk/ena/browser/api/fasta/GCA_946493455?download=true&gzip=true	cmag_112.fna.gz
cmag_113	ERR4303198bin.48	ERZ12818208	GCA_946493925	https://www.ebi.ac.uk/ena/browser/api/fasta/GCA_946493925?download=true&gzip=true	cmag_113.fna.gz
cmag_114	ERR4303198bin.53	ERZ12818270	GCA_946494535	https://www.ebi.ac.uk/ena/browser/api/fasta/GCA_946494535?download=true&gzip=true	cmag_114.fna.gz
cmag_115	ERR4303198bin.62	ERZ12818556	GCA_946493785	https://www.ebi.ac.uk/ena/browser/api/fasta/GCA_946493785?download=true&gzip=true	cmag_115.fna.gz
cmag_116	ERR4303198bin.74	ERZ12818285	GCA_946487925	https://www.ebi.ac.uk/ena/browser/api/fasta/GCA_946487925?download=true&gzip=true	cmag_116.fna.gz
cmag_117	ERR4303198bin.77	ERZ12818509	GCA_946486655	https://www.ebi.ac.uk/ena/browser/api/fasta/GCA_946486655?download=true&gzip=true	cmag_117.fna.gz
cmag_118	ERR4303198bin.87	ERZ12818317	GCA_946484415	https://www.ebi.ac.uk/ena/browser/api/fasta/GCA_946484415?download=true&gzip=true	cmag_118.fna.gz
cmag_119	ERR4303198bin.91	ERZ12818315	GCA_946490385	https://www.ebi.ac.uk/ena/browser/api/fasta/GCA_946490385?download=true&gzip=true	cmag_119.fna.gz
cmag_120	ERR4303199bin.13	ERZ12818220	GCA_946494575	https://www.ebi.ac.uk/ena/browser/api/fasta/GCA_946494575?download=true&gzip=true	cmag_120.fna.gz
cmag_121	ERR4303199bin.26	ERZ12818381	GCA_946488945	https://www.ebi.ac.uk/ena/browser/api/fasta/GCA_946488945?download=true&gzip=true	cmag_121.fna.gz
cmag_122	ERR4303199bin.55	ERZ12818248	GCA_946491925	https://www.ebi.ac.uk/ena/browser/api/fasta/GCA_946491925?download=true&gzip=true	cmag_122.fna.gz
cmag_123	ERR4303199bin.8	ERZ12818325	GCA_946488355	https://www.ebi.ac.uk/ena/browser/api/fasta/GCA_946488355?download=true&gzip=true	cmag_123.fna.gz
cmag_124	ERR4303200bin.10	ERZ12818502	GCA_946486955	https://www.ebi.ac.uk/ena/browser/api/fasta/GCA_946486955?download=true&gzip=true	cmag_124.fna.gz
cmag_125	ERR4303200bin.30	ERZ12818432	GCA_946493765	https://www.ebi.ac.uk/ena/browser/api/fasta/GCA_946493765?download=true&gzip=true	cmag_125.fna.gz
cmag_126	ERR4303201bin.14	ERZ12818298	GCA_946488165	https://www.ebi.ac.uk/ena/browser/api/fasta/GCA_946488165?download=true&gzip=true	cmag_126.fna.gz
cmag_127	ERR4303201bin.25	ERZ12818388	GCA_946488845	https://www.ebi.ac.uk/ena/browser/api/fasta/GCA_946488845?download=true&gzip=true	cmag_127.fna.gz
cmag_128	ERR4303201bin.48	ERZ12818240	GCA_946494335	https://www.ebi.ac.uk/ena/browser/api/fasta/GCA_946494335?download=true&gzip=true	cmag_128.fna.gz
cmag_129	ERR4303201bin.49	ERZ12818198	GCA_946493965	https://www.ebi.ac.uk/ena/browser/api/fasta/GCA_946493965?download=true&gzip=true	cmag_129.fna.gz
cmag_130	ERR4303202bin.36	ERZ12818328	GCA_946485895	https://www.ebi.ac.uk/ena/browser/api/fasta/GCA_946485895?download=true&gzip=true	cmag_130.fna.gz
cmag_131	ERR4303202bin.39	ERZ12818538	GCA_946486345	https://www.ebi.ac.uk/ena/browser/api/fasta/GCA_946486345?download=true&gzip=true	cmag_131.fna.gz
cmag_132	ERR4303202bin.47	ERZ12818461	GCA_946493425	https://www.ebi.ac.uk/ena/browser/api/fasta/GCA_946493425?download=true&gzip=true	cmag_132.fna.gz
cmag_133	ERR4303202bin.55	ERZ12818260	GCA_946494415	https://www.ebi.ac.uk/ena/browser/api/fasta/GCA_946494415?download=true&gzip=true	cmag_133.fna.gz
cmag_134	ERR4303202bin.87	ERZ12818550	GCA_946491545	https://www.ebi.ac.uk/ena/browser/api/fasta/GCA_946491545?download=true&gzip=true	cmag_134.fna.gz
cmag_135	ERR4303202bin.9	ERZ12818512	GCA_946486635	https://www.ebi.ac.uk/ena/browser/api/fasta/GCA_946486635?download=true&gzip=true	cmag_135.fna.gz
cmag_136	ERR4303216bin.24	ERZ12818258	GCA_946494405	https://www.ebi.ac.uk/ena/browser/api/fasta/GCA_946494405?download=true&gzip=true	cmag_136.fna.gz
cmag_137	ERR4303216bin.25	ERZ12818267	GCA_946487945	https://www.ebi.ac.uk/ena/browser/api/fasta/GCA_946487945?download=true&gzip=true	cmag_137.fna.gz
cmag_138	ERR4303216bin.37	ERZ12818229	GCA_946488015	https://www.ebi.ac.uk/ena/browser/api/fasta/GCA_946488015?download=true&gzip=true	cmag_138.fna.gz
cmag_139	ERR4303216bin.38	ERZ12818518	GCA_946495265	https://www.ebi.ac.uk/ena/browser/api/fasta/GCA_946495265?download=true&gzip=true	cmag_139.fna.gz
cmag_140	ERR4303216bin.9	ERZ12818524	GCA_946491105	https://www.ebi.ac.uk/ena/browser/api/fasta/GCA_946491105?download=true&gzip=true	cmag_140.fna.gz
cmag_141	ERR4303218bin.13	ERZ12818541	GCA_946490695	https://www.ebi.ac.uk/ena/browser/api/fasta/GCA_946490695?download=true&gzip=true	cmag_141.fna.gz
cmag_142	ERR4303218bin.35	ERZ12818196	GCA_946482955	https://www.ebi.ac.uk/ena/browser/api/fasta/GCA_946482955?download=true&gzip=true	cmag_142.fna.gz
cmag_143	ERR4303218bin.48	ERZ12818269	GCA_946494485	https://www.ebi.ac.uk/ena/browser/api/fasta/GCA_946494485?download=true&gzip=true	cmag_143.fna.gz
cmag_144	ERR4303218bin.57	ERZ12818205	GCA_946484195	https://www.ebi.ac.uk/ena/browser/api/fasta/GCA_946484195?download=true&gzip=true	cmag_144.fna.gz
cmag_145	ERR4303218bin.59	ERZ12818192	GCA_946493155	https://www.ebi.ac.uk/ena/browser/api/fasta/GCA_946493155?download=true&gzip=true	cmag_145.fna.gz
cmag_146	ERR4303218bin.72	ERZ12818505	GCA_946490795	https://www.ebi.ac.uk/ena/browser/api/fasta/GCA_946490795?download=true&gzip=true	cmag_146.fna.gz
cmag_147	ERR4303219bin.15	ERZ12818301	GCA_946490375	https://www.ebi.ac.uk/ena/browser/api/fasta/GCA_946490375?download=true&gzip=true	cmag_147.fna.gz
cmag_148	ERR4303219bin.38	ERZ12818382	GCA_946488825	https://www.ebi.ac.uk/ena/browser/api/fasta/GCA_946488825?download=true&gzip=true	cmag_148.fna.gz
cmag_149	ERR4303219bin.47	ERZ12818259	GCA_946487975	https://www.ebi.ac.uk/ena/browser/api/fasta/GCA_946487975?download=true&gzip=true	cmag_149.fna.gz
cmag_150	ERR4303219bin.56	ERZ12818194	GCA_946494015	https://www.ebi.ac.uk/ena/browser/api/fasta/GCA_946494015?download=true&gzip=true	cmag_150.fna.gz
cmag_151	ERR4303219bin.59	ERZ12818520	GCA_946495375	https://www.ebi.ac.uk/ena/browser/api/fasta/GCA_946495375?download=true&gzip=true	cmag_151.fna.gz
cmag_152	ERR4303219bin.84	ERZ12818412	GCA_946488375	https://www.ebi.ac.uk/ena/browser/api/fasta/GCA_946488375?download=true&gzip=true	cmag_152.fna.gz
cmag_153	ERR4303219bin.89	ERZ12818299	GCA_946493525	https://www.ebi.ac.uk/ena/browser/api/fasta/GCA_946493525?download=true&gzip=true	cmag_153.fna.gz
cmag_154	ERR4303221bin.11	ERZ12818212	GCA_946492535	https://www.ebi.ac.uk/ena/browser/api/fasta/GCA_946492535?download=true&gzip=true	cmag_154.fna.gz
cmag_155	ERR4303221bin.5	ERZ12818529	GCA_946488725	https://www.ebi.ac.uk/ena/browser/api/fasta/GCA_946488725?download=true&gzip=true	cmag_155.fna.gz
cmag_156	ERR4303221bin.83	ERZ12818278	GCA_946487965	https://www.ebi.ac.uk/ena/browser/api/fasta/GCA_946487965?download=true&gzip=true	cmag_156.fna.gz
cmag_157	ERR4303222bin.38	ERZ12818280	GCA_946492135	https://www.ebi.ac.uk/ena/browser/api/fasta/GCA_946492135?download=true&gzip=true	cmag_157.fna.gz
cmag_158	ERR4303222bin.53	ERZ12818266	GCA_946494445	https://www.ebi.ac.uk/ena/browser/api/fasta/GCA_946494445?download=true&gzip=true	cmag_158.fna.gz
cmag_159	ERR4303222bin.56	ERZ12818441	GCA_946492865	https://www.ebi.ac.uk/ena/browser/api/fasta/GCA_946492865?download=true&gzip=true	cmag_159.fna.gz
cmag_160	ERR4303222bin.74	ERZ12818231	GCA_946491665	https://www.ebi.ac.uk/ena/browser/api/fasta/GCA_946491665?download=true&gzip=true	cmag_160.fna.gz
cmag_161	ERR4304397bin.22	ERZ12818218	GCA_946492515	https://www.ebi.ac.uk/ena/browser/api/fasta/GCA_946492515?download=true&gzip=true	cmag_161.fna.gz
cmag_162	ERR4304397bin.39	ERZ12818539	GCA_946490465	https://www.ebi.ac.uk/ena/browser/api/fasta/GCA_946490465?download=true&gzip=true	cmag_162.fna.gz
cmag_163	ERR4304397bin.60	ERZ12818265	GCA_946487985	https://www.ebi.ac.uk/ena/browser/api/fasta/GCA_946487985?download=true&gzip=true	cmag_163.fna.gz
cmag_164	ERR4304397bin.63	ERZ12818293	GCA_946491715	https://www.ebi.ac.uk/ena/browser/api/fasta/GCA_946491715?download=true&gzip=true	cmag_164.fna.gz
cmag_165	ERR4304450_ERR4303136_ERR4303150bin.29	ERZ14231443	GCA_947251715	https://www.ebi.ac.uk/ena/browser/api/fasta/GCA_947251715?download=true&gzip=true	cmag_165.fna.gz
cmag_166	ERR4304450_ERR4303136_ERR4303150bin.49	ERZ14231450	GCA_947251905	https://www.ebi.ac.uk/ena/browser/api/fasta/GCA_947251905?download=true&gzip=true	cmag_166.fna.gz
cmag_167	ERR4304450_ERR4303136_ERR4303150bin.93	ERZ14231451	GCA_947251885	https://www.ebi.ac.uk/ena/browser/api/fasta/GCA_947251885?download=true&gzip=true	cmag_167.fna.gz
cmag_168	ERR4304450bin.12	ERZ12818462	GCA_946491825	https://www.ebi.ac.uk/ena/browser/api/fasta/GCA_946491825?download=true&gzip=true	cmag_168.fna.gz
cmag_169	ERR4304450bin.39	ERZ12818545	GCA_946491065	https://www.ebi.ac.uk/ena/browser/api/fasta/GCA_946491065?download=true&gzip=true	cmag_169.fna.gz
cmag_170	ERR4304450bin.42	ERZ12818358	GCA_946482785	https://www.ebi.ac.uk/ena/browser/api/fasta/GCA_946482785?download=true&gzip=true	cmag_170.fna.gz
cmag_171	ERR4304450bin.52	ERZ12818199	GCA_946493085	https://www.ebi.ac.uk/ena/browser/api/fasta/GCA_946493085?download=true&gzip=true	cmag_171.fna.gz
cmag_172	ERR4304450bin.54	ERZ12818327	GCA_946493775	https://www.ebi.ac.uk/ena/browser/api/fasta/GCA_946493775?download=true&gzip=true	cmag_172.fna.gz
cmag_173	ERR4304450bin.57	ERZ12818439	GCA_946491955	https://www.ebi.ac.uk/ena/browser/api/fasta/GCA_946491955?download=true&gzip=true	cmag_173.fna.gz
cmag_174	ERR4304450bin.64	ERZ12818206	GCA_946487795	https://www.ebi.ac.uk/ena/browser/api/fasta/GCA_946487795?download=true&gzip=true	cmag_174.fna.gz
cmag_175	ERR4304450bin.69	ERZ12818254	GCA_946491855	https://www.ebi.ac.uk/ena/browser/api/fasta/GCA_946491855?download=true&gzip=true	cmag_175.fna.gz
cmag_176	ERR4304450bin.81	ERZ12818536	GCA_946490535	https://www.ebi.ac.uk/ena/browser/api/fasta/GCA_946490535?download=true&gzip=true	cmag_176.fna.gz
cmag_177	ERR4304451bin.12	ERZ12818225	GCA_946482995	https://www.ebi.ac.uk/ena/browser/api/fasta/GCA_946482995?download=true&gzip=true	cmag_177.fna.gz
cmag_178	ERR4304451bin.13	ERZ12818354	GCA_946491755	https://www.ebi.ac.uk/ena/browser/api/fasta/GCA_946491755?download=true&gzip=true	cmag_178.fna.gz
cmag_179	ERR4304451bin.35	ERZ12818250	GCA_946492475	https://www.ebi.ac.uk/ena/browser/api/fasta/GCA_946492475?download=true&gzip=true	cmag_179.fna.gz
cmag_180	ERR4304451bin.39	ERZ12818246	GCA_946494475	https://www.ebi.ac.uk/ena/browser/api/fasta/GCA_946494475?download=true&gzip=true	cmag_180.fna.gz
cmag_181	ERR4304451bin.41	ERZ12818413	GCA_946488985	https://www.ebi.ac.uk/ena/browser/api/fasta/GCA_946488985?download=true&gzip=true	cmag_181.fna.gz
cmag_182	ERR4304451bin.49	ERZ12818464	GCA_946488905	https://www.ebi.ac.uk/ena/browser/api/fasta/GCA_946488905?download=true&gzip=true	cmag_182.fna.gz
cmag_183	ERR4304451bin.5	ERZ12818263	GCA_946493025	https://www.ebi.ac.uk/ena/browser/api/fasta/GCA_946493025?download=true&gzip=true	cmag_183.fna.gz
cmag_184	ERR4304451bin.56	ERZ12818245	GCA_946491705	https://www.ebi.ac.uk/ena/browser/api/fasta/GCA_946491705?download=true&gzip=true	cmag_184.fna.gz
cmag_185	ERR4304451bin.59	ERZ12818533	GCA_946491075	https://www.ebi.ac.uk/ena/browser/api/fasta/GCA_946491075?download=true&gzip=true	cmag_185.fna.gz
cmag_186	ERR4304451bin.67	ERZ12818329	GCA_946488335	https://www.ebi.ac.uk/ena/browser/api/fasta/GCA_946488335?download=true&gzip=true	cmag_186.fna.gz
cmag_187	ERR4304452bin.111	ERZ12818252	GCA_946486375	https://www.ebi.ac.uk/ena/browser/api/fasta/GCA_946486375?download=true&gzip=true	cmag_187.fna.gz
cmag_188	ERR4304452bin.33	ERZ12818383	GCA_946491735	https://www.ebi.ac.uk/ena/browser/api/fasta/GCA_946491735?download=true&gzip=true	cmag_188.fna.gz
cmag_189	ERR4304452bin.4	ERZ12818540	GCA_946490475	https://www.ebi.ac.uk/ena/browser/api/fasta/GCA_946490475?download=true&gzip=true	cmag_189.fna.gz
cmag_190	ERR4304452bin.53	ERZ12818286	GCA_946490045	https://www.ebi.ac.uk/ena/browser/api/fasta/GCA_946490045?download=true&gzip=true	cmag_190.fna.gz
cmag_191	ERR4304452bin.57	ERZ12818233	GCA_946487895	https://www.ebi.ac.uk/ena/browser/api/fasta/GCA_946487895?download=true&gzip=true	cmag_191.fna.gz
cmag_192	ERR4304452bin.7	ERZ12818522	GCA_946486165	https://www.ebi.ac.uk/ena/browser/api/fasta/GCA_946486165?download=true&gzip=true	cmag_192.fna.gz
cmag_193	ERR4304452bin.8	ERZ12818356	GCA_946488805	https://www.ebi.ac.uk/ena/browser/api/fasta/GCA_946488805?download=true&gzip=true	cmag_193.fna.gz
cmag_194	ERR4304452bin.98	ERZ12818321	GCA_946489875	https://www.ebi.ac.uk/ena/browser/api/fasta/GCA_946489875?download=true&gzip=true	cmag_194.fna.gz
cmag_195	ERR4304454bin.101	ERZ12818339	GCA_946491125	https://www.ebi.ac.uk/ena/browser/api/fasta/GCA_946491125?download=true&gzip=true	cmag_195.fna.gz
cmag_196	ERR4304454bin.104	ERZ12818562	GCA_946494375	https://www.ebi.ac.uk/ena/browser/api/fasta/GCA_946494375?download=true&gzip=true	cmag_196.fna.gz
cmag_197	ERR4304454bin.106	ERZ12818548	GCA_946490575	https://www.ebi.ac.uk/ena/browser/api/fasta/GCA_946490575?download=true&gzip=true	cmag_197.fna.gz
cmag_198	ERR4304454bin.11	ERZ12818514	GCA_946490805	https://www.ebi.ac.uk/ena/browser/api/fasta/GCA_946490805?download=true&gzip=true	cmag_198.fna.gz
cmag_199	ERR4304454bin.35	ERZ12818515	GCA_946486465	https://www.ebi.ac.uk/ena/browser/api/fasta/GCA_946486465?download=true&gzip=true	cmag_199.fna.gz
cmag_200	ERR4304454bin.40	ERZ12818384	GCA_946488225	https://www.ebi.ac.uk/ena/browser/api/fasta/GCA_946488225?download=true&gzip=true	cmag_200.fna.gz
cmag_201	ERR4304454bin.62	ERZ12818226	GCA_946492595	https://www.ebi.ac.uk/ena/browser/api/fasta/GCA_946492595?download=true&gzip=true	cmag_201.fna.gz
cmag_202	ERR4304454bin.69	ERZ12818291	GCA_946491655	https://www.ebi.ac.uk/ena/browser/api/fasta/GCA_946491655?download=true&gzip=true	cmag_202.fna.gz
cmag_203	ERR4304454bin.7	ERZ12818244	GCA_946494465	https://www.ebi.ac.uk/ena/browser/api/fasta/GCA_946494465?download=true&gzip=true	cmag_203.fna.gz
cmag_204	ERR4304454bin.74	ERZ12818221	GCA_946492625	https://www.ebi.ac.uk/ena/browser/api/fasta/GCA_946492625?download=true&gzip=true	cmag_204.fna.gz
cmag_205	ERR4304454bin.8	ERZ12818436	GCA_946493815	https://www.ebi.ac.uk/ena/browser/api/fasta/GCA_946493815?download=true&gzip=true	cmag_205.fna.gz
cmag_206	ERR4304454bin.85	ERZ12818542	GCA_946485835	https://www.ebi.ac.uk/ena/browser/api/fasta/GCA_946485835?download=true&gzip=true	cmag_206.fna.gz
cmag_207	ERR4304454bin.91	ERZ12818495	GCA_946486445	https://www.ebi.ac.uk/ena/browser/api/fasta/GCA_946486445?download=true&gzip=true	cmag_207.fna.gz
cmag_208	ERR4304455bin.104	ERZ12818355	GCA_946486285	https://www.ebi.ac.uk/ena/browser/api/fasta/GCA_946486285?download=true&gzip=true	cmag_208.fna.gz
cmag_209	ERR4304455bin.16	ERZ12818549	GCA_946490565	https://www.ebi.ac.uk/ena/browser/api/fasta/GCA_946490565?download=true&gzip=true	cmag_209.fna.gz
cmag_210	ERR4304455bin.18	ERZ12818308	GCA_946493835	https://www.ebi.ac.uk/ena/browser/api/fasta/GCA_946493835?download=true&gzip=true	cmag_210.fna.gz
cmag_211	ERR4304455bin.34	ERZ12818296	GCA_946483525	https://www.ebi.ac.uk/ena/browser/api/fasta/GCA_946483525?download=true&gzip=true	cmag_211.fna.gz
cmag_212	ERR4304455bin.46	ERZ12818219	GCA_946494635	https://www.ebi.ac.uk/ena/browser/api/fasta/GCA_946494635?download=true&gzip=true	cmag_212.fna.gz
cmag_213	ERR4304455bin.49	ERZ12818234	GCA_946494565	https://www.ebi.ac.uk/ena/browser/api/fasta/GCA_946494565?download=true&gzip=true	cmag_213.fna.gz
cmag_214	ERR4304455bin.70	ERZ12818433	GCA_946486795	https://www.ebi.ac.uk/ena/browser/api/fasta/GCA_946486795?download=true&gzip=true	cmag_214.fna.gz
cmag_215	ERR4304455bin.71	ERZ12818332	GCA_946493475	https://www.ebi.ac.uk/ena/browser/api/fasta/GCA_946493475?download=true&gzip=true	cmag_215.fna.gz
cmag_216	ERR4304455bin.75	ERZ12818334	GCA_946483495	https://www.ebi.ac.uk/ena/browser/api/fasta/GCA_946483495?download=true&gzip=true	cmag_216.fna.gz
cmag_217	ERR4304455bin.84	ERZ12818255	GCA_946494435	https://www.ebi.ac.uk/ena/browser/api/fasta/GCA_946494435?download=true&gzip=true	cmag_217.fna.gz
cmag_218	ERR4304456bin.102	ERZ12818526	GCA_946495415	https://www.ebi.ac.uk/ena/browser/api/fasta/GCA_946495415?download=true&gzip=true	cmag_218.fna.gz
cmag_219	ERR4304456bin.13	ERZ12818319	GCA_946486065	https://www.ebi.ac.uk/ena/browser/api/fasta/GCA_946486065?download=true&gzip=true	cmag_219.fna.gz
cmag_220	ERR4304456bin.14	ERZ12818300	GCA_946492125	https://www.ebi.ac.uk/ena/browser/api/fasta/GCA_946492125?download=true&gzip=true	cmag_220.fna.gz
cmag_221	ERR4304456bin.19	ERZ12818435	GCA_946488345	https://www.ebi.ac.uk/ena/browser/api/fasta/GCA_946488345?download=true&gzip=true	cmag_221.fna.gz
cmag_222	ERR4304456bin.21	ERZ12818561	GCA_946492985	https://www.ebi.ac.uk/ena/browser/api/fasta/GCA_946492985?download=true&gzip=true	cmag_222.fna.gz
cmag_223	ERR4304456bin.30	ERZ12818357	GCA_946482905	https://www.ebi.ac.uk/ena/browser/api/fasta/GCA_946482905?download=true&gzip=true	cmag_223.fna.gz
cmag_224	ERR4304456bin.40	ERZ12818217	GCA_946488065	https://www.ebi.ac.uk/ena/browser/api/fasta/GCA_946488065?download=true&gzip=true	cmag_224.fna.gz
cmag_225	ERR4304456bin.46	ERZ12818386	GCA_946488925	https://www.ebi.ac.uk/ena/browser/api/fasta/GCA_946488925?download=true&gzip=true	cmag_225.fna.gz
cmag_226	ERR4304456bin.54	ERZ12818249	GCA_946487915	https://www.ebi.ac.uk/ena/browser/api/fasta/GCA_946487915?download=true&gzip=true	cmag_226.fna.gz
cmag_227	ERR4304456bin.56	ERZ12818338	GCA_946485945	https://www.ebi.ac.uk/ena/browser/api/fasta/GCA_946485945?download=true&gzip=true	cmag_227.fna.gz
cmag_228	ERR4304456bin.59	ERZ12818507	GCA_946491095	https://www.ebi.ac.uk/ena/browser/api/fasta/GCA_946491095?download=true&gzip=true	cmag_228.fna.gz
cmag_229	ERR4304456bin.6	ERZ12818344	GCA_946490955	https://www.ebi.ac.uk/ena/browser/api/fasta/GCA_946490955?download=true&gzip=true	cmag_229.fna.gz
cmag_230	ERR4304456bin.61	ERZ12818333	GCA_946490845	https://www.ebi.ac.uk/ena/browser/api/fasta/GCA_946490845?download=true&gzip=true	cmag_230.fna.gz
cmag_231	ERR4304456bin.84	ERZ12818224	GCA_946494625	https://www.ebi.ac.uk/ena/browser/api/fasta/GCA_946494625?download=true&gzip=true	cmag_231.fna.gz
cmag_232	ERR4304504bin.1	ERZ12818407	GCA_946493795	https://www.ebi.ac.uk/ena/browser/api/fasta/GCA_946493795?download=true&gzip=true	cmag_232.fna.gz
cmag_233	ERR4304504bin.13	ERZ12818305	GCA_946487905	https://www.ebi.ac.uk/ena/browser/api/fasta/GCA_946487905?download=true&gzip=true	cmag_233.fna.gz
cmag_234	ERR4304504bin.21	ERZ12818491	GCA_946493575	https://www.ebi.ac.uk/ena/browser/api/fasta/GCA_946493575?download=true&gzip=true	cmag_234.fna.gz
cmag_235	ERR4304504bin.46	ERZ12818466	GCA_946486925	https://www.ebi.ac.uk/ena/browser/api/fasta/GCA_946486925?download=true&gzip=true	cmag_235.fna.gz
cmag_236	ERR4304504bin.6	ERZ12818303	GCA_946493495	https://www.ebi.ac.uk/ena/browser/api/fasta/GCA_946493495?download=true&gzip=true	cmag_236.fna.gz
cmag_237	ERR4304504bin.60	ERZ12818230	GCA_946482895	https://www.ebi.ac.uk/ena/browser/api/fasta/GCA_946482895?download=true&gzip=true	cmag_237.fna.gz
cmag_238	ERR4304504bin.66	ERZ12818546	GCA_946485175	https://www.ebi.ac.uk/ena/browser/api/fasta/GCA_946485175?download=true&gzip=true	cmag_238.fna.gz
cmag_239	ERR4304504bin.75	ERZ12818268	GCA_946490655	https://www.ebi.ac.uk/ena/browser/api/fasta/GCA_946490655?download=true&gzip=true	cmag_239.fna.gz
cmag_240	ERR4304504bin.79	ERZ12818242	GCA_946487835	https://www.ebi.ac.uk/ena/browser/api/fasta/GCA_946487835?download=true&gzip=true	cmag_240.fna.gz
cmag_241	ERR4304504bin.8	ERZ12818295	GCA_946488135	https://www.ebi.ac.uk/ena/browser/api/fasta/GCA_946488135?download=true&gzip=true	cmag_241.fna.gz
cmag_242	ERR4304504bin.9	ERZ12818527	GCA_946490725	https://www.ebi.ac.uk/ena/browser/api/fasta/GCA_946490725?download=true&gzip=true	cmag_242.fna.gz
cmag_243	ERR4304505bin.10	ERZ12818247	GCA_946482855	https://www.ebi.ac.uk/ena/browser/api/fasta/GCA_946482855?download=true&gzip=true	cmag_243.fna.gz
cmag_244	ERR4304505bin.105	ERZ12818292	GCA_946490675	https://www.ebi.ac.uk/ena/browser/api/fasta/GCA_946490675?download=true&gzip=true	cmag_244.fna.gz
cmag_245	ERR4304505bin.107	ERZ12818353	GCA_946482935	https://www.ebi.ac.uk/ena/browser/api/fasta/GCA_946482935?download=true&gzip=true	cmag_245.fna.gz
cmag_246	ERR4304505bin.31	ERZ12818193	GCA_946492635	https://www.ebi.ac.uk/ena/browser/api/fasta/GCA_946492635?download=true&gzip=true	cmag_246.fna.gz
cmag_247	ERR4304505bin.4	ERZ12818506	GCA_946495395	https://www.ebi.ac.uk/ena/browser/api/fasta/GCA_946495395?download=true&gzip=true	cmag_247.fna.gz
cmag_248	ERR4304505bin.61	ERZ12818251	GCA_946494615	https://www.ebi.ac.uk/ena/browser/api/fasta/GCA_946494615?download=true&gzip=true	cmag_248.fna.gz
cmag_249	ERR4304505bin.69	ERZ12818513	GCA_946494345	https://www.ebi.ac.uk/ena/browser/api/fasta/GCA_946494345?download=true&gzip=true	cmag_249.fna.gz
cmag_250	ERR4304505bin.95	ERZ12818272	GCA_946485445	https://www.ebi.ac.uk/ena/browser/api/fasta/GCA_946485445?download=true&gzip=true	cmag_250.fna.gz
cmag_251	ERR4304580bin.21	ERZ12818547	GCA_946490455	https://www.ebi.ac.uk/ena/browser/api/fasta/GCA_946490455?download=true&gzip=true	cmag_251.fna.gz
cmag_252	ERR4304580bin.33	ERZ12818410	GCA_946488275	https://www.ebi.ac.uk/ena/browser/api/fasta/GCA_946488275?download=true&gzip=true	cmag_252.fna.gz
cmag_253	ERR4304580bin.57	ERZ12818335	GCA_946491975	https://www.ebi.ac.uk/ena/browser/api/fasta/GCA_946491975?download=true&gzip=true	cmag_253.fna.gz
cmag_254	ERR4304580bin.59	ERZ12818277	GCA_946487845	https://www.ebi.ac.uk/ena/browser/api/fasta/GCA_946487845?download=true&gzip=true	cmag_254.fna.gz
cmag_255	ERR4304580bin.85	ERZ12818544	GCA_946490595	https://www.ebi.ac.uk/ena/browser/api/fasta/GCA_946490595?download=true&gzip=true	cmag_255.fna.gz
cmag_256	ERR4304580bin.90	ERZ12818519	GCA_946494505	https://www.ebi.ac.uk/ena/browser/api/fasta/GCA_946494505?download=true&gzip=true	cmag_256.fna.gz
cmag_257	ERR4304580bin.95	ERZ12818346	GCA_946491045	https://www.ebi.ac.uk/ena/browser/api/fasta/GCA_946491045?download=true&gzip=true	cmag_257.fna.gz
cmag_258	ERR4304580bin.96	ERZ12818537	GCA_946490615	https://www.ebi.ac.uk/ena/browser/api/fasta/GCA_946490615?download=true&gzip=true	cmag_258.fna.gz
cmag_259	ERR4304669bin.23	ERZ12818558	GCA_946492975	https://www.ebi.ac.uk/ena/browser/api/fasta/GCA_946492975?download=true&gzip=true	cmag_259.fna.gz
cmag_260	ERR4304669bin.6	ERZ12818287	GCA_946494545	https://www.ebi.ac.uk/ena/browser/api/fasta/GCA_946494545?download=true&gzip=true	cmag_260.fna.gz
cmag_261	ERR4304808bin.27	ERZ12818282	GCA_946494455	https://www.ebi.ac.uk/ena/browser/api/fasta/GCA_946494455?download=true&gzip=true	cmag_261.fna.gz
cmag_262	ERR4304808bin.28	ERZ12818340	GCA_946488605	https://www.ebi.ac.uk/ena/browser/api/fasta/GCA_946488605?download=true&gzip=true	cmag_262.fna.gz
cmag_263	ERR4304808bin.56	ERZ12818470	GCA_946486855	https://www.ebi.ac.uk/ena/browser/api/fasta/GCA_946486855?download=true&gzip=true	cmag_263.fna.gz
cmag_264	ERR4336989bin.10	ERZ12818284	GCA_946494595	https://www.ebi.ac.uk/ena/browser/api/fasta/GCA_946494595?download=true&gzip=true	cmag_264.fna.gz
cmag_265	ERR4336989bin.105	ERZ12818379	GCA_946485415	https://www.ebi.ac.uk/ena/browser/api/fasta/GCA_946485415?download=true&gzip=true	cmag_265.fna.gz
cmag_266	ERR4336989bin.122	ERZ12818498	GCA_946493305	https://www.ebi.ac.uk/ena/browser/api/fasta/GCA_946493305?download=true&gzip=true	cmag_266.fna.gz
cmag_267	ERR4336989bin.124	ERZ12818213	GCA_946493935	https://www.ebi.ac.uk/ena/browser/api/fasta/GCA_946493935?download=true&gzip=true	cmag_267.fna.gz
cmag_268	ERR4336989bin.13	ERZ12818359	GCA_946488525	https://www.ebi.ac.uk/ena/browser/api/fasta/GCA_946488525?download=true&gzip=true	cmag_268.fna.gz
cmag_269	ERR4336989bin.2	ERZ12818508	GCA_946494385	https://www.ebi.ac.uk/ena/browser/api/fasta/GCA_946494385?download=true&gzip=true	cmag_269.fna.gz
cmag_270	ERR4336989bin.22	ERZ12818238	GCA_946491915	https://www.ebi.ac.uk/ena/browser/api/fasta/GCA_946491915?download=true&gzip=true	cmag_270.fna.gz
cmag_271	ERR4336989bin.33	ERZ12818493	GCA_946492155	https://www.ebi.ac.uk/ena/browser/api/fasta/GCA_946492155?download=true&gzip=true	cmag_271.fna.gz
cmag_272	ERR4336989bin.57	ERZ12818557	GCA_946492195	https://www.ebi.ac.uk/ena/browser/api/fasta/GCA_946492195?download=true&gzip=true	cmag_272.fna.gz
cmag_273	ERR4336989bin.58	ERZ12818228	GCA_946492555	https://www.ebi.ac.uk/ena/browser/api/fasta/GCA_946492555?download=true&gzip=true	cmag_273.fna.gz
cmag_275	ERR4336989bin.75	ERZ12818553	GCA_946493115	https://www.ebi.ac.uk/ena/browser/api/fasta/GCA_946493115?download=true&gzip=true	cmag_275.fna.gz
cmag_276	ERR4336989bin.79	ERZ12818216	GCA_946494555	https://www.ebi.ac.uk/ena/browser/api/fasta/GCA_946494555?download=true&gzip=true	cmag_276.fna.gz
cmag_277	ERR4336989bin.8	ERZ12818532	GCA_946482835	https://www.ebi.ac.uk/ena/browser/api/fasta/GCA_946482835?download=true&gzip=true	cmag_277.fna.gz
cmag_278	ERR4336989bin.81	ERZ12818271	GCA_946494395	https://www.ebi.ac.uk/ena/browser/api/fasta/GCA_946494395?download=true&gzip=true	cmag_278.fna.gz
cmag_279	ERR4336989bin.82	ERZ12818499	GCA_946493745	https://www.ebi.ac.uk/ena/browser/api/fasta/GCA_946493745?download=true&gzip=true	cmag_279.fna.gz
cmag_280	ERR4336989bin.97	ERZ12818361	GCA_946486295	https://www.ebi.ac.uk/ena/browser/api/fasta/GCA_946486295?download=true&gzip=true	cmag_280.fna.gz
cmag_281	ERR4835843_bin.17	ERZ12818568	GCA_946495945	https://www.ebi.ac.uk/ena/browser/api/fasta/GCA_946495945?download=true&gzip=true	cmag_281.fna.gz
cmag_282	ERR4835843_bin.18	ERZ12818885	GCA_946500335	https://www.ebi.ac.uk/ena/browser/api/fasta/GCA_946500335?download=true&gzip=true	cmag_282.fna.gz
cmag_283	ERR4835846_bin.12	ERZ12818618	GCA_946499365	https://www.ebi.ac.uk/ena/browser/api/fasta/GCA_946499365?download=true&gzip=true	cmag_283.fna.gz
cmag_284	ERR4835846_bin.20	ERZ12818752	GCA_946500185	https://www.ebi.ac.uk/ena/browser/api/fasta/GCA_946500185?download=true&gzip=true	cmag_284.fna.gz
cmag_285	ERR4835846_bin.27	ERZ12819105	GCA_946496585	https://www.ebi.ac.uk/ena/browser/api/fasta/GCA_946496585?download=true&gzip=true	cmag_285.fna.gz
cmag_286	ERR4835846_bin.30	ERZ12819048	GCA_946497805	https://www.ebi.ac.uk/ena/browser/api/fasta/GCA_946497805?download=true&gzip=true	cmag_286.fna.gz
cmag_287	ERR4835846_bin.32	ERZ12818798	GCA_946499755	https://www.ebi.ac.uk/ena/browser/api/fasta/GCA_946499755?download=true&gzip=true	cmag_287.fna.gz
cmag_288	ERR4835847_bin.22	ERZ12819091	GCA_946498715	https://www.ebi.ac.uk/ena/browser/api/fasta/GCA_946498715?download=true&gzip=true	cmag_288.fna.gz
cmag_289	ERR4835848_bin.12	ERZ12818809	GCA_946497075	https://www.ebi.ac.uk/ena/browser/api/fasta/GCA_946497075?download=true&gzip=true	cmag_289.fna.gz
cmag_290	ERR4835848_bin.3	ERZ12818788	GCA_946498685	https://www.ebi.ac.uk/ena/browser/api/fasta/GCA_946498685?download=true&gzip=true	cmag_290.fna.gz
cmag_291	ERR4835851_bin.23	ERZ12818723	GCA_946499725	https://www.ebi.ac.uk/ena/browser/api/fasta/GCA_946499725?download=true&gzip=true	cmag_291.fna.gz
cmag_292	ERR4835851_bin.26	ERZ12819108	GCA_946498655	https://www.ebi.ac.uk/ena/browser/api/fasta/GCA_946498655?download=true&gzip=true	cmag_292.fna.gz
cmag_293	ERR4835853_bin.15	ERZ12818918	GCA_946497665	https://www.ebi.ac.uk/ena/browser/api/fasta/GCA_946497665?download=true&gzip=true	cmag_293.fna.gz
cmag_294	ERR4835853_bin.4	ERZ12818792	GCA_946500125	https://www.ebi.ac.uk/ena/browser/api/fasta/GCA_946500125?download=true&gzip=true	cmag_294.fna.gz
cmag_295	ERR4835854_bin.13	ERZ12818714	GCA_946499505	https://www.ebi.ac.uk/ena/browser/api/fasta/GCA_946499505?download=true&gzip=true	cmag_295.fna.gz
cmag_296	ERR4835856_bin.17	ERZ12818765	GCA_946498675	https://www.ebi.ac.uk/ena/browser/api/fasta/GCA_946498675?download=true&gzip=true	cmag_296.fna.gz
cmag_297	ERR4835857_bin.2	ERZ12818992	GCA_946500605	https://www.ebi.ac.uk/ena/browser/api/fasta/GCA_946500605?download=true&gzip=true	cmag_297.fna.gz
cmag_298	ERR4835858_bin.17	ERZ12818572	GCA_946496405	https://www.ebi.ac.uk/ena/browser/api/fasta/GCA_946496405?download=true&gzip=true	cmag_298.fna.gz
cmag_299	ERR4835858_bin.25	ERZ12819031	GCA_946499095	https://www.ebi.ac.uk/ena/browser/api/fasta/GCA_946499095?download=true&gzip=true	cmag_299.fna.gz
cmag_300	ERR4835858_bin.7	ERZ12818937	GCA_946498445	https://www.ebi.ac.uk/ena/browser/api/fasta/GCA_946498445?download=true&gzip=true	cmag_300.fna.gz
cmag_301	ERR4835859_bin.17	ERZ12818626	GCA_946495795	https://www.ebi.ac.uk/ena/browser/api/fasta/GCA_946495795?download=true&gzip=true	cmag_301.fna.gz
cmag_302	ERR4835860_bin.12	ERZ12818684	GCA_946496835	https://www.ebi.ac.uk/ena/browser/api/fasta/GCA_946496835?download=true&gzip=true	cmag_302.fna.gz
cmag_303	ERR4835860_bin.27	ERZ12818698	GCA_946500175	https://www.ebi.ac.uk/ena/browser/api/fasta/GCA_946500175?download=true&gzip=true	cmag_303.fna.gz
cmag_304	ERR4835861_bin.18	ERZ12819111	GCA_946496395	https://www.ebi.ac.uk/ena/browser/api/fasta/GCA_946496395?download=true&gzip=true	cmag_304.fna.gz
cmag_305	ERR4835861_bin.32	ERZ12818879	GCA_946496625	https://www.ebi.ac.uk/ena/browser/api/fasta/GCA_946496625?download=true&gzip=true	cmag_305.fna.gz
cmag_306	ERR4835861_bin.33	ERZ12818997	GCA_946495665	https://www.ebi.ac.uk/ena/browser/api/fasta/GCA_946495665?download=true&gzip=true	cmag_306.fna.gz
cmag_307	ERR4835861_bin.40	ERZ12818751	GCA_946499905	https://www.ebi.ac.uk/ena/browser/api/fasta/GCA_946499905?download=true&gzip=true	cmag_307.fna.gz
cmag_308	ERR4835863_bin.21	ERZ12818615	GCA_946499115	https://www.ebi.ac.uk/ena/browser/api/fasta/GCA_946499115?download=true&gzip=true	cmag_308.fna.gz
cmag_309	ERR4835864_bin.19	ERZ12818851	GCA_946495975	https://www.ebi.ac.uk/ena/browser/api/fasta/GCA_946495975?download=true&gzip=true	cmag_309.fna.gz
cmag_310	ERR4835864_bin.21	ERZ12818965	GCA_946496085	https://www.ebi.ac.uk/ena/browser/api/fasta/GCA_946496085?download=true&gzip=true	cmag_310.fna.gz
cmag_311	ERR4835864_bin.23	ERZ12818985	GCA_946500565	https://www.ebi.ac.uk/ena/browser/api/fasta/GCA_946500565?download=true&gzip=true	cmag_311.fna.gz
cmag_312	ERR4835864_bin.28	ERZ12818826	GCA_946498865	https://www.ebi.ac.uk/ena/browser/api/fasta/GCA_946498865?download=true&gzip=true	cmag_312.fna.gz
cmag_313	ERR4835864_bin.33	ERZ12818812	GCA_946496655	https://www.ebi.ac.uk/ena/browser/api/fasta/GCA_946496655?download=true&gzip=true	cmag_313.fna.gz
cmag_314	ERR4835864_bin.34	ERZ12818995	GCA_946497865	https://www.ebi.ac.uk/ena/browser/api/fasta/GCA_946497865?download=true&gzip=true	cmag_314.fna.gz
cmag_315	ERR4835864_bin.40	ERZ12818861	GCA_946495895	https://www.ebi.ac.uk/ena/browser/api/fasta/GCA_946495895?download=true&gzip=true	cmag_315.fna.gz
cmag_316	ERR4835866_bin.13	ERZ12818613	GCA_946499495	https://www.ebi.ac.uk/ena/browser/api/fasta/GCA_946499495?download=true&gzip=true	cmag_316.fna.gz
cmag_317	ERR4835866_bin.35	ERZ12818592	GCA_946500465	https://www.ebi.ac.uk/ena/browser/api/fasta/GCA_946500465?download=true&gzip=true	cmag_317.fna.gz
cmag_318	ERR4835866_bin.4	ERZ12819006	GCA_946497925	https://www.ebi.ac.uk/ena/browser/api/fasta/GCA_946497925?download=true&gzip=true	cmag_318.fna.gz
cmag_319	ERR4835866_bin.40	ERZ12818793	GCA_946499595	https://www.ebi.ac.uk/ena/browser/api/fasta/GCA_946499595?download=true&gzip=true	cmag_319.fna.gz
cmag_320	ERR4835867_bin.13	ERZ12818830	GCA_946499585	https://www.ebi.ac.uk/ena/browser/api/fasta/GCA_946499585?download=true&gzip=true	cmag_320.fna.gz
cmag_321	ERR4835868_bin.3	ERZ12818959	GCA_946496095	https://www.ebi.ac.uk/ena/browser/api/fasta/GCA_946496095?download=true&gzip=true	cmag_321.fna.gz
cmag_322	ERR4835868_bin.6	ERZ12818844	GCA_946496185	https://www.ebi.ac.uk/ena/browser/api/fasta/GCA_946496185?download=true&gzip=true	cmag_322.fna.gz
cmag_323	ERR4835869_bin.10	ERZ12818766	GCA_946499885	https://www.ebi.ac.uk/ena/browser/api/fasta/GCA_946499885?download=true&gzip=true	cmag_323.fna.gz
cmag_324	ERR4835869_bin.30	ERZ12818676	GCA_946500145	https://www.ebi.ac.uk/ena/browser/api/fasta/GCA_946500145?download=true&gzip=true	cmag_324.fna.gz
cmag_325	ERR4835869_bin.4	ERZ12819102	GCA_946496285	https://www.ebi.ac.uk/ena/browser/api/fasta/GCA_946496285?download=true&gzip=true	cmag_325.fna.gz
cmag_326	ERR4835869_bin.45	ERZ12818730	GCA_946499825	https://www.ebi.ac.uk/ena/browser/api/fasta/GCA_946499825?download=true&gzip=true	cmag_326.fna.gz
cmag_327	ERR4835869_bin.47	ERZ12818588	GCA_946498175	https://www.ebi.ac.uk/ena/browser/api/fasta/GCA_946498175?download=true&gzip=true	cmag_327.fna.gz
cmag_328	ERR4835870_bin.17	ERZ12818822	GCA_946500455	https://www.ebi.ac.uk/ena/browser/api/fasta/GCA_946500455?download=true&gzip=true	cmag_328.fna.gz
cmag_329	ERR4835871_bin.25	ERZ12818625	GCA_946498035	https://www.ebi.ac.uk/ena/browser/api/fasta/GCA_946498035?download=true&gzip=true	cmag_329.fna.gz
cmag_330	ERR4835871_bin.4	ERZ12818868	GCA_946498385	https://www.ebi.ac.uk/ena/browser/api/fasta/GCA_946498385?download=true&gzip=true	cmag_330.fna.gz
cmag_331	ERR4835932_bin.29	ERZ12819068	GCA_946496455	https://www.ebi.ac.uk/ena/browser/api/fasta/GCA_946496455?download=true&gzip=true	cmag_331.fna.gz
cmag_332	ERR4835932_bin.32	ERZ12818936	GCA_946499005	https://www.ebi.ac.uk/ena/browser/api/fasta/GCA_946499005?download=true&gzip=true	cmag_332.fna.gz
cmag_333	ERR4835932_bin.7	ERZ12819065	GCA_946497355	https://www.ebi.ac.uk/ena/browser/api/fasta/GCA_946497355?download=true&gzip=true	cmag_333.fna.gz
cmag_334	ERR4835933_bin.1	ERZ12818914	GCA_946495655	https://www.ebi.ac.uk/ena/browser/api/fasta/GCA_946495655?download=true&gzip=true	cmag_334.fna.gz
cmag_335	ERR4835934_bin.22	ERZ12819089	GCA_946497055	https://www.ebi.ac.uk/ena/browser/api/fasta/GCA_946497055?download=true&gzip=true	cmag_335.fna.gz
cmag_336	ERR4835934_bin.5	ERZ12818917	GCA_946496385	https://www.ebi.ac.uk/ena/browser/api/fasta/GCA_946496385?download=true&gzip=true	cmag_336.fna.gz
cmag_337	ERR4835935_bin.24	ERZ12818832	GCA_946499935	https://www.ebi.ac.uk/ena/browser/api/fasta/GCA_946499935?download=true&gzip=true	cmag_337.fna.gz
cmag_338	ERR4835935_bin.42	ERZ12818673	GCA_946500165	https://www.ebi.ac.uk/ena/browser/api/fasta/GCA_946500165?download=true&gzip=true	cmag_338.fna.gz
cmag_339	ERR4835990_bin.24	ERZ12819064	GCA_946496225	https://www.ebi.ac.uk/ena/browser/api/fasta/GCA_946496225?download=true&gzip=true	cmag_339.fna.gz
cmag_340	ERR4835990_bin.26	ERZ12818702	GCA_946498015	https://www.ebi.ac.uk/ena/browser/api/fasta/GCA_946498015?download=true&gzip=true	cmag_340.fna.gz
cmag_341	ERR4835990_bin.33	ERZ12819109	GCA_946500735	https://www.ebi.ac.uk/ena/browser/api/fasta/GCA_946500735?download=true&gzip=true	cmag_341.fna.gz
cmag_342	ERR4835990_bin.4	ERZ12819074	GCA_946499075	https://www.ebi.ac.uk/ena/browser/api/fasta/GCA_946499075?download=true&gzip=true	cmag_342.fna.gz
cmag_343	ERR4835991_bin.6	ERZ12818905	GCA_946500415	https://www.ebi.ac.uk/ena/browser/api/fasta/GCA_946500415?download=true&gzip=true	cmag_343.fna.gz
cmag_344	ERR4835993_bin.14	ERZ12818850	GCA_946500245	https://www.ebi.ac.uk/ena/browser/api/fasta/GCA_946500245?download=true&gzip=true	cmag_344.fna.gz
cmag_345	ERR4835993_bin.35	ERZ12818633	GCA_946499565	https://www.ebi.ac.uk/ena/browser/api/fasta/GCA_946499565?download=true&gzip=true	cmag_345.fna.gz
cmag_346	ERR4835993_bin.38	ERZ12818567	GCA_946500975	https://www.ebi.ac.uk/ena/browser/api/fasta/GCA_946500975?download=true&gzip=true	cmag_346.fna.gz
cmag_347	ERR4835994_bin.28	ERZ12818690	GCA_946498285	https://www.ebi.ac.uk/ena/browser/api/fasta/GCA_946498285?download=true&gzip=true	cmag_347.fna.gz
cmag_348	ERR4835994_bin.32	ERZ12818876	GCA_946498365	https://www.ebi.ac.uk/ena/browser/api/fasta/GCA_946498365?download=true&gzip=true	cmag_348.fna.gz
cmag_349	ERR4835994_bin.4	ERZ12818827	GCA_946499875	https://www.ebi.ac.uk/ena/browser/api/fasta/GCA_946499875?download=true&gzip=true	cmag_349.fna.gz
cmag_350	ERR4835995_bin.4	ERZ12819098	GCA_946498645	https://www.ebi.ac.uk/ena/browser/api/fasta/GCA_946498645?download=true&gzip=true	cmag_350.fna.gz
cmag_351	ERR4835995_bin.52	ERZ12818791	GCA_946498115	https://www.ebi.ac.uk/ena/browser/api/fasta/GCA_946498115?download=true&gzip=true	cmag_351.fna.gz
cmag_352	ERR4835995_bin.58	ERZ12818771	GCA_946499765	https://www.ebi.ac.uk/ena/browser/api/fasta/GCA_946499765?download=true&gzip=true	cmag_352.fna.gz
cmag_353	ERR4835996_bin.41	ERZ12818623	GCA_946495835	https://www.ebi.ac.uk/ena/browser/api/fasta/GCA_946495835?download=true&gzip=true	cmag_353.fna.gz
cmag_354	ERR4835996_bin.8	ERZ12818603	GCA_946497555	https://www.ebi.ac.uk/ena/browser/api/fasta/GCA_946497555?download=true&gzip=true	cmag_354.fna.gz
cmag_355	ERR4836027_bin.10	ERZ12818926	GCA_946500765	https://www.ebi.ac.uk/ena/browser/api/fasta/GCA_946500765?download=true&gzip=true	cmag_355.fna.gz
cmag_356	ERR4836027_bin.15	ERZ12818900	GCA_946500265	https://www.ebi.ac.uk/ena/browser/api/fasta/GCA_946500265?download=true&gzip=true	cmag_356.fna.gz
cmag_357	ERR4836027_bin.2	ERZ12818741	GCA_946498725	https://www.ebi.ac.uk/ena/browser/api/fasta/GCA_946498725?download=true&gzip=true	cmag_357.fna.gz
cmag_358	ERR4836027_bin.29	ERZ12818674	GCA_946496765	https://www.ebi.ac.uk/ena/browser/api/fasta/GCA_946496765?download=true&gzip=true	cmag_358.fna.gz
cmag_359	ERR4836028_bin.15	ERZ12818957	GCA_946500575	https://www.ebi.ac.uk/ena/browser/api/fasta/GCA_946500575?download=true&gzip=true	cmag_359.fna.gz
cmag_360	ERR4836028_bin.18	ERZ12818920	GCA_946497105	https://www.ebi.ac.uk/ena/browser/api/fasta/GCA_946497105?download=true&gzip=true	cmag_360.fna.gz
cmag_361	ERR4836028_bin.8	ERZ12818596	GCA_946500825	https://www.ebi.ac.uk/ena/browser/api/fasta/GCA_946500825?download=true&gzip=true	cmag_361.fna.gz
cmag_362	ERR4836036_bin.3	ERZ12818855	GCA_946495525	https://www.ebi.ac.uk/ena/browser/api/fasta/GCA_946495525?download=true&gzip=true	cmag_362.fna.gz
cmag_363	ERR4836036_bin.31	ERZ12818591	GCA_946500775	https://www.ebi.ac.uk/ena/browser/api/fasta/GCA_946500775?download=true&gzip=true	cmag_363.fna.gz
cmag_364	ERR4836036_bin.37	ERZ12818840	GCA_946499785	https://www.ebi.ac.uk/ena/browser/api/fasta/GCA_946499785?download=true&gzip=true	cmag_364.fna.gz
cmag_365	ERR4836036_bin.41	ERZ12818849	GCA_946499625	https://www.ebi.ac.uk/ena/browser/api/fasta/GCA_946499625?download=true&gzip=true	cmag_365.fna.gz
cmag_366	ERR4836036_bin.47	ERZ12818852	GCA_946499715	https://www.ebi.ac.uk/ena/browser/api/fasta/GCA_946499715?download=true&gzip=true	cmag_366.fna.gz
cmag_367	ERR4836036_bin.5	ERZ12818722	GCA_946496055	https://www.ebi.ac.uk/ena/browser/api/fasta/GCA_946496055?download=true&gzip=true	cmag_367.fna.gz
cmag_368	ERR4836037_bin.21	ERZ12818629	GCA_946499445	https://www.ebi.ac.uk/ena/browser/api/fasta/GCA_946499445?download=true&gzip=true	cmag_368.fna.gz
cmag_369	ERR4836037_bin.28	ERZ12818846	GCA_946499855	https://www.ebi.ac.uk/ena/browser/api/fasta/GCA_946499855?download=true&gzip=true	cmag_369.fna.gz
cmag_370	ERR4836885_bin.19	ERZ12818982	GCA_946498775	https://www.ebi.ac.uk/ena/browser/api/fasta/GCA_946498775?download=true&gzip=true	cmag_370.fna.gz
cmag_371	ERR4836885_bin.39	ERZ12818715	GCA_946497605	https://www.ebi.ac.uk/ena/browser/api/fasta/GCA_946497605?download=true&gzip=true	cmag_371.fna.gz
cmag_372	ERR4836886_bin.12	ERZ12819056	GCA_946497675	https://www.ebi.ac.uk/ena/browser/api/fasta/GCA_946497675?download=true&gzip=true	cmag_372.fna.gz
cmag_373	ERR4836886_bin.36	ERZ12818839	GCA_946498345	https://www.ebi.ac.uk/ena/browser/api/fasta/GCA_946498345?download=true&gzip=true	cmag_373.fna.gz
cmag_374	ERR4836886_bin.6	ERZ12818862	GCA_946499275	https://www.ebi.ac.uk/ena/browser/api/fasta/GCA_946499275?download=true&gzip=true	cmag_374.fna.gz
cmag_375	ERR4836886_bin.9	ERZ12818782	GCA_946496515	https://www.ebi.ac.uk/ena/browser/api/fasta/GCA_946496515?download=true&gzip=true	cmag_375.fna.gz
cmag_376	ERR4836887_bin.32	ERZ12819001	GCA_946500745	https://www.ebi.ac.uk/ena/browser/api/fasta/GCA_946500745?download=true&gzip=true	cmag_376.fna.gz
cmag_377	ERR4836887_bin.35	ERZ12818691	GCA_946496495	https://www.ebi.ac.uk/ena/browser/api/fasta/GCA_946496495?download=true&gzip=true	cmag_377.fna.gz
cmag_378	ERR4836887_bin.5	ERZ12818624	GCA_946495875	https://www.ebi.ac.uk/ena/browser/api/fasta/GCA_946495875?download=true&gzip=true	cmag_378.fna.gz
cmag_379	ERR4836887_bin.54	ERZ12818767	GCA_946497475	https://www.ebi.ac.uk/ena/browser/api/fasta/GCA_946497475?download=true&gzip=true	cmag_379.fna.gz
cmag_380	ERR4836888_bin.14	ERZ12818670	GCA_946499985	https://www.ebi.ac.uk/ena/browser/api/fasta/GCA_946499985?download=true&gzip=true	cmag_380.fna.gz
cmag_381	ERR4836888_bin.30	ERZ12818888	GCA_946498905	https://www.ebi.ac.uk/ena/browser/api/fasta/GCA_946498905?download=true&gzip=true	cmag_381.fna.gz
cmag_382	ERR4836889_bin.13	ERZ12818738	GCA_946499925	https://www.ebi.ac.uk/ena/browser/api/fasta/GCA_946499925?download=true&gzip=true	cmag_382.fna.gz
cmag_383	ERR4836889_bin.41	ERZ12818602	GCA_946500815	https://www.ebi.ac.uk/ena/browser/api/fasta/GCA_946500815?download=true&gzip=true	cmag_383.fna.gz
cmag_384	ERR4836889_bin.9	ERZ12819081	GCA_946498505	https://www.ebi.ac.uk/ena/browser/api/fasta/GCA_946498505?download=true&gzip=true	cmag_384.fna.gz
cmag_385	ERR4836908_bin.15	ERZ12818777	GCA_946496965	https://www.ebi.ac.uk/ena/browser/api/fasta/GCA_946496965?download=true&gzip=true	cmag_385.fna.gz
cmag_386	ERR4836908_bin.3	ERZ12818703	GCA_946496375	https://www.ebi.ac.uk/ena/browser/api/fasta/GCA_946496375?download=true&gzip=true	cmag_386.fna.gz
cmag_387	ERR4836908_bin.35	ERZ12818680	GCA_946499945	https://www.ebi.ac.uk/ena/browser/api/fasta/GCA_946499945?download=true&gzip=true	cmag_387.fna.gz
cmag_388	ERR4836908_bin.42	ERZ12818707	GCA_946498085	https://www.ebi.ac.uk/ena/browser/api/fasta/GCA_946498085?download=true&gzip=true	cmag_388.fna.gz
cmag_389	ERR4836908_bin.47	ERZ12818678	GCA_946497725	https://www.ebi.ac.uk/ena/browser/api/fasta/GCA_946497725?download=true&gzip=true	cmag_389.fna.gz
cmag_390	ERR4836908_bin.48	ERZ12819009	GCA_946500685	https://www.ebi.ac.uk/ena/browser/api/fasta/GCA_946500685?download=true&gzip=true	cmag_390.fna.gz
cmag_391	ERR4836908_bin.60	ERZ12819033	GCA_946498805	https://www.ebi.ac.uk/ena/browser/api/fasta/GCA_946498805?download=true&gzip=true	cmag_391.fna.gz
cmag_392	ERR4836913_bin.14	ERZ12818616	GCA_946495545	https://www.ebi.ac.uk/ena/browser/api/fasta/GCA_946495545?download=true&gzip=true	cmag_392.fna.gz
cmag_393	ERR4836913_bin.18	ERZ12818634	GCA_946497755	https://www.ebi.ac.uk/ena/browser/api/fasta/GCA_946497755?download=true&gzip=true	cmag_393.fna.gz
cmag_394	ERR4836913_bin.8	ERZ12818886	GCA_946499235	https://www.ebi.ac.uk/ena/browser/api/fasta/GCA_946499235?download=true&gzip=true	cmag_394.fna.gz
cmag_395	ERR4836918_bin.11	ERZ12818806	GCA_946497415	https://www.ebi.ac.uk/ena/browser/api/fasta/GCA_946497415?download=true&gzip=true	cmag_395.fna.gz
cmag_396	ERR4836918_bin.17	ERZ12818946	GCA_946496915	https://www.ebi.ac.uk/ena/browser/api/fasta/GCA_946496915?download=true&gzip=true	cmag_396.fna.gz
cmag_397	ERR4836921_bin.30	ERZ12818987	GCA_946497115	https://www.ebi.ac.uk/ena/browser/api/fasta/GCA_946497115?download=true&gzip=true	cmag_397.fna.gz
cmag_398	ERR4836924_bin.33	ERZ12818643	GCA_946496665	https://www.ebi.ac.uk/ena/browser/api/fasta/GCA_946496665?download=true&gzip=true	cmag_398.fna.gz
cmag_399	ERR4836924_bin.7	ERZ12818747	GCA_946498125	https://www.ebi.ac.uk/ena/browser/api/fasta/GCA_946498125?download=true&gzip=true	cmag_399.fna.gz
cmag_400	ERR4836925_bin.12	ERZ12818838	GCA_946499845	https://www.ebi.ac.uk/ena/browser/api/fasta/GCA_946499845?download=true&gzip=true	cmag_400.fna.gz
cmag_401	ERR4836925_bin.17	ERZ12818929	GCA_946497135	https://www.ebi.ac.uk/ena/browser/api/fasta/GCA_946497135?download=true&gzip=true	cmag_401.fna.gz
cmag_402	ERR4836925_bin.9	ERZ12818877	GCA_946497175	https://www.ebi.ac.uk/ena/browser/api/fasta/GCA_946497175?download=true&gzip=true	cmag_402.fna.gz
cmag_403	ERR4836926_bin.106	ERZ12819067	GCA_946496345	https://www.ebi.ac.uk/ena/browser/api/fasta/GCA_946496345?download=true&gzip=true	cmag_403.fna.gz
cmag_404	ERR4836926_bin.107	ERZ12818799	GCA_946498885	https://www.ebi.ac.uk/ena/browser/api/fasta/GCA_946498885?download=true&gzip=true	cmag_404.fna.gz
cmag_405	ERR4836926_bin.25	ERZ12818640	GCA_946499515	https://www.ebi.ac.uk/ena/browser/api/fasta/GCA_946499515?download=true&gzip=true	cmag_405.fna.gz
cmag_406	ERR4836926_bin.28	ERZ12818775	GCA_946497325	https://www.ebi.ac.uk/ena/browser/api/fasta/GCA_946497325?download=true&gzip=true	cmag_406.fna.gz
cmag_407	ERR4836926_bin.3	ERZ12818706	GCA_946498665	https://www.ebi.ac.uk/ena/browser/api/fasta/GCA_946498665?download=true&gzip=true	cmag_407.fna.gz
cmag_408	ERR4836926_bin.42	ERZ12818705	GCA_946497965	https://www.ebi.ac.uk/ena/browser/api/fasta/GCA_946497965?download=true&gzip=true	cmag_408.fna.gz
cmag_409	ERR4836926_bin.49	ERZ12818934	GCA_946500985	https://www.ebi.ac.uk/ena/browser/api/fasta/GCA_946500985?download=true&gzip=true	cmag_409.fna.gz
cmag_410	ERR4836926_bin.59	ERZ12819020	GCA_946498965	https://www.ebi.ac.uk/ena/browser/api/fasta/GCA_946498965?download=true&gzip=true	cmag_410.fna.gz
cmag_411	ERR4836926_bin.71	ERZ12818925	GCA_946499285	https://www.ebi.ac.uk/ena/browser/api/fasta/GCA_946499285?download=true&gzip=true	cmag_411.fna.gz
cmag_412	ERR4836926_bin.83	ERZ12818641	GCA_946497485	https://www.ebi.ac.uk/ena/browser/api/fasta/GCA_946497485?download=true&gzip=true	cmag_412.fna.gz
cmag_413	ERR4836928_bin.17	ERZ12818966	GCA_946500675	https://www.ebi.ac.uk/ena/browser/api/fasta/GCA_946500675?download=true&gzip=true	cmag_413.fna.gz
cmag_414	ERR4836928_bin.22	ERZ12818801	GCA_946496475	https://www.ebi.ac.uk/ena/browser/api/fasta/GCA_946496475?download=true&gzip=true	cmag_414.fna.gz
cmag_415	ERR4836928_bin.27	ERZ12818784	GCA_946499915	https://www.ebi.ac.uk/ena/browser/api/fasta/GCA_946499915?download=true&gzip=true	cmag_415.fna.gz
cmag_416	ERR4836928_bin.7	ERZ12818939	GCA_946500535	https://www.ebi.ac.uk/ena/browser/api/fasta/GCA_946500535?download=true&gzip=true	cmag_416.fna.gz
cmag_417	ERR4836928_bin.9	ERZ12818973	GCA_946500915	https://www.ebi.ac.uk/ena/browser/api/fasta/GCA_946500915?download=true&gzip=true	cmag_417.fna.gz
cmag_418	ERR4836929_bin.13	ERZ12818910	GCA_946498755	https://www.ebi.ac.uk/ena/browser/api/fasta/GCA_946498755?download=true&gzip=true	cmag_418.fna.gz
cmag_419	ERR4836929_bin.8	ERZ12818882	GCA_946500355	https://www.ebi.ac.uk/ena/browser/api/fasta/GCA_946500355?download=true&gzip=true	cmag_419.fna.gz
cmag_420	ERR4836930_bin.26	ERZ12818923	GCA_946496565	https://www.ebi.ac.uk/ena/browser/api/fasta/GCA_946496565?download=true&gzip=true	cmag_420.fna.gz
cmag_421	ERR4836932_bin.6	ERZ12819018	GCA_946500655	https://www.ebi.ac.uk/ena/browser/api/fasta/GCA_946500655?download=true&gzip=true	cmag_421.fna.gz
cmag_422	ERR4836934_bin.21	ERZ12818604	GCA_946496175	https://www.ebi.ac.uk/ena/browser/api/fasta/GCA_946496175?download=true&gzip=true	cmag_422.fna.gz
cmag_423	ERR4836934_bin.35	ERZ12818584	GCA_946495475	https://www.ebi.ac.uk/ena/browser/api/fasta/GCA_946495475?download=true&gzip=true	cmag_423.fna.gz
cmag_424	ERR4836935_bin.21	ERZ12818824	GCA_946500065	https://www.ebi.ac.uk/ena/browser/api/fasta/GCA_946500065?download=true&gzip=true	cmag_424.fna.gz
cmag_425	ERR4836935_bin.26	ERZ12818665	GCA_946497235	https://www.ebi.ac.uk/ena/browser/api/fasta/GCA_946497235?download=true&gzip=true	cmag_425.fna.gz
cmag_426	ERR4836936_bin.13	ERZ12818644	GCA_946499525	https://www.ebi.ac.uk/ena/browser/api/fasta/GCA_946499525?download=true&gzip=true	cmag_426.fna.gz
cmag_427	ERR4836936_bin.17	ERZ12818655	GCA_946500055	https://www.ebi.ac.uk/ena/browser/api/fasta/GCA_946500055?download=true&gzip=true	cmag_427.fna.gz
cmag_428	ERR4836937_bin.12	ERZ12818617	GCA_946499205	https://www.ebi.ac.uk/ena/browser/api/fasta/GCA_946499205?download=true&gzip=true	cmag_428.fna.gz
cmag_429	ERR4836937_bin.2	ERZ12819008	GCA_946498765	https://www.ebi.ac.uk/ena/browser/api/fasta/GCA_946498765?download=true&gzip=true	cmag_429.fna.gz
cmag_431	ERR4836937_bin.35	ERZ12819007	GCA_946496155	https://www.ebi.ac.uk/ena/browser/api/fasta/GCA_946496155?download=true&gzip=true	cmag_431.fna.gz
cmag_432	ERR4836937_bin.38	ERZ12818911	GCA_946495715	https://www.ebi.ac.uk/ena/browser/api/fasta/GCA_946495715?download=true&gzip=true	cmag_432.fna.gz
cmag_433	ERR4836937_bin.47	ERZ12818657	GCA_946499485	https://www.ebi.ac.uk/ena/browser/api/fasta/GCA_946499485?download=true&gzip=true	cmag_433.fna.gz
cmag_434	ERR4836937_bin.7	ERZ12819110	GCA_946499125	https://www.ebi.ac.uk/ena/browser/api/fasta/GCA_946499125?download=true&gzip=true	cmag_434.fna.gz
cmag_435	ERR4836937_bin.9	ERZ12819010	GCA_946498545	https://www.ebi.ac.uk/ena/browser/api/fasta/GCA_946498545?download=true&gzip=true	cmag_435.fna.gz
cmag_436	ERR4836938_bin.15	ERZ12818756	GCA_946496365	https://www.ebi.ac.uk/ena/browser/api/fasta/GCA_946496365?download=true&gzip=true	cmag_436.fna.gz
cmag_437	ERR4836938_bin.26	ERZ12818654	GCA_946499675	https://www.ebi.ac.uk/ena/browser/api/fasta/GCA_946499675?download=true&gzip=true	cmag_437.fna.gz
cmag_438	ERR4836938_bin.48	ERZ12818762	GCA_946499805	https://www.ebi.ac.uk/ena/browser/api/fasta/GCA_946499805?download=true&gzip=true	cmag_438.fna.gz
cmag_439	ERR4836939_bin.20	ERZ12818628	GCA_946495805	https://www.ebi.ac.uk/ena/browser/api/fasta/GCA_946495805?download=true&gzip=true	cmag_439.fna.gz
cmag_440	ERR4836939_bin.30	ERZ12818601	GCA_946497615	https://www.ebi.ac.uk/ena/browser/api/fasta/GCA_946497615?download=true&gzip=true	cmag_440.fna.gz
cmag_441	ERR4836939_bin.40	ERZ12818932	GCA_946497215	https://www.ebi.ac.uk/ena/browser/api/fasta/GCA_946497215?download=true&gzip=true	cmag_441.fna.gz
cmag_442	ERR4836940_bin.16	ERZ12819073	GCA_946496615	https://www.ebi.ac.uk/ena/browser/api/fasta/GCA_946496615?download=true&gzip=true	cmag_442.fna.gz
cmag_443	ERR4836940_bin.30	ERZ12818605	GCA_946497775	https://www.ebi.ac.uk/ena/browser/api/fasta/GCA_946497775?download=true&gzip=true	cmag_443.fna.gz
cmag_444	ERR4836940_bin.4	ERZ12818941	GCA_946496955	https://www.ebi.ac.uk/ena/browser/api/fasta/GCA_946496955?download=true&gzip=true	cmag_444.fna.gz
cmag_445	ERR4836941_bin.10	ERZ12818711	GCA_946497535	https://www.ebi.ac.uk/ena/browser/api/fasta/GCA_946497535?download=true&gzip=true	cmag_445.fna.gz
cmag_446	ERR4836941_bin.22	ERZ12818864	GCA_946495855	https://www.ebi.ac.uk/ena/browser/api/fasta/GCA_946495855?download=true&gzip=true	cmag_446.fna.gz
cmag_447	ERR4836941_bin.42	ERZ12818789	GCA_946496825	https://www.ebi.ac.uk/ena/browser/api/fasta/GCA_946496825?download=true&gzip=true	cmag_447.fna.gz
cmag_448	ERR4836942_bin.19	ERZ12818872	GCA_946497835	https://www.ebi.ac.uk/ena/browser/api/fasta/GCA_946497835?download=true&gzip=true	cmag_448.fna.gz
cmag_449	ERR4836942_bin.46	ERZ12818694	GCA_946497155	https://www.ebi.ac.uk/ena/browser/api/fasta/GCA_946497155?download=true&gzip=true	cmag_449.fna.gz
cmag_450	ERR4836942_bin.7	ERZ12818904	GCA_946495815	https://www.ebi.ac.uk/ena/browser/api/fasta/GCA_946495815?download=true&gzip=true	cmag_450.fna.gz
cmag_451	ERR4836944_bin.18	ERZ12818679	GCA_946500105	https://www.ebi.ac.uk/ena/browser/api/fasta/GCA_946500105?download=true&gzip=true	cmag_451.fna.gz
cmag_452	ERR4836946_bin.19	ERZ12818704	GCA_946497305	https://www.ebi.ac.uk/ena/browser/api/fasta/GCA_946497305?download=true&gzip=true	cmag_452.fna.gz
cmag_453	ERR4836946_bin.32	ERZ12818746	GCA_946499965	https://www.ebi.ac.uk/ena/browser/api/fasta/GCA_946499965?download=true&gzip=true	cmag_453.fna.gz
cmag_454	ERR4836947_bin.43	ERZ12818754	GCA_946497065	https://www.ebi.ac.uk/ena/browser/api/fasta/GCA_946497065?download=true&gzip=true	cmag_454.fna.gz
cmag_455	ERR4836947_bin.46	ERZ12818570	GCA_946500845	https://www.ebi.ac.uk/ena/browser/api/fasta/GCA_946500845?download=true&gzip=true	cmag_455.fna.gz
cmag_456	ERR4836947_bin.56	ERZ12819099	GCA_946497785	https://www.ebi.ac.uk/ena/browser/api/fasta/GCA_946497785?download=true&gzip=true	cmag_456.fna.gz
cmag_457	ERR4836948_bin.29	ERZ12818955	GCA_946498485	https://www.ebi.ac.uk/ena/browser/api/fasta/GCA_946498485?download=true&gzip=true	cmag_457.fna.gz
cmag_458	ERR4836948_bin.32	ERZ12819061	GCA_946496485	https://www.ebi.ac.uk/ena/browser/api/fasta/GCA_946496485?download=true&gzip=true	cmag_458.fna.gz
cmag_459	ERR4836948_bin.4	ERZ12818699	GCA_946498075	https://www.ebi.ac.uk/ena/browser/api/fasta/GCA_946498075?download=true&gzip=true	cmag_459.fna.gz
cmag_460	ERR4836948_bin.53	ERZ12818669	GCA_946500085	https://www.ebi.ac.uk/ena/browser/api/fasta/GCA_946500085?download=true&gzip=true	cmag_460.fna.gz
cmag_461	ERR4836949_bin.12	ERZ12819013	GCA_946496075	https://www.ebi.ac.uk/ena/browser/api/fasta/GCA_946496075?download=true&gzip=true	cmag_461.fna.gz
cmag_462	ERR4836949_bin.22	ERZ12819038	GCA_946498205	https://www.ebi.ac.uk/ena/browser/api/fasta/GCA_946498205?download=true&gzip=true	cmag_462.fna.gz
cmag_463	ERR4836949_bin.36	ERZ12819029	GCA_946495565	https://www.ebi.ac.uk/ena/browser/api/fasta/GCA_946495565?download=true&gzip=true	cmag_463.fna.gz
cmag_464	ERR4836950_bin.14	ERZ12818853	GCA_946498135	https://www.ebi.ac.uk/ena/browser/api/fasta/GCA_946498135?download=true&gzip=true	cmag_464.fna.gz
cmag_465	ERR4836950_bin.18	ERZ12819092	GCA_946500715	https://www.ebi.ac.uk/ena/browser/api/fasta/GCA_946500715?download=true&gzip=true	cmag_465.fna.gz
cmag_466	ERR4836950_bin.25	ERZ12818887	GCA_946500295	https://www.ebi.ac.uk/ena/browser/api/fasta/GCA_946500295?download=true&gzip=true	cmag_466.fna.gz
cmag_467	ERR4836950_bin.3	ERZ12818581	GCA_946500885	https://www.ebi.ac.uk/ena/browser/api/fasta/GCA_946500885?download=true&gzip=true	cmag_467.fna.gz
cmag_468	ERR4836950_bin.43	ERZ12818701	GCA_946499475	https://www.ebi.ac.uk/ena/browser/api/fasta/GCA_946499475?download=true&gzip=true	cmag_468.fna.gz
cmag_469	ERR4836951_bin.32	ERZ12819017	GCA_946497745	https://www.ebi.ac.uk/ena/browser/api/fasta/GCA_946497745?download=true&gzip=true	cmag_469.fna.gz
cmag_470	ERR4836953_bin.26	ERZ12818924	GCA_946496975	https://www.ebi.ac.uk/ena/browser/api/fasta/GCA_946496975?download=true&gzip=true	cmag_470.fna.gz
cmag_471	ERR4836953_bin.28	ERZ12819080	GCA_946496195	https://www.ebi.ac.uk/ena/browser/api/fasta/GCA_946496195?download=true&gzip=true	cmag_471.fna.gz
cmag_472	ERR4836954_bin.5	ERZ12818834	GCA_946496865	https://www.ebi.ac.uk/ena/browser/api/fasta/GCA_946496865?download=true&gzip=true	cmag_472.fna.gz
cmag_473	ERR4836956_bin.17	ERZ12818977	GCA_946498275	https://www.ebi.ac.uk/ena/browser/api/fasta/GCA_946498275?download=true&gzip=true	cmag_473.fna.gz
cmag_474	ERR4836956_bin.18	ERZ12818820	GCA_946496355	https://www.ebi.ac.uk/ena/browser/api/fasta/GCA_946496355?download=true&gzip=true	cmag_474.fna.gz
cmag_475	ERR4836956_bin.24	ERZ12818573	GCA_946500865	https://www.ebi.ac.uk/ena/browser/api/fasta/GCA_946500865?download=true&gzip=true	cmag_475.fna.gz
cmag_476	ERR4836956_bin.34	ERZ12819036	GCA_946498745	https://www.ebi.ac.uk/ena/browser/api/fasta/GCA_946498745?download=true&gzip=true	cmag_476.fna.gz
cmag_477	ERR4836957_bin.16	ERZ12818978	GCA_946495555	https://www.ebi.ac.uk/ena/browser/api/fasta/GCA_946495555?download=true&gzip=true	cmag_477.fna.gz
cmag_478	ERR4836957_bin.34	ERZ12818661	GCA_946500215	https://www.ebi.ac.uk/ena/browser/api/fasta/GCA_946500215?download=true&gzip=true	cmag_478.fna.gz
cmag_479	ERR4836957_bin.5	ERZ12818695	GCA_946497165	https://www.ebi.ac.uk/ena/browser/api/fasta/GCA_946497165?download=true&gzip=true	cmag_479.fna.gz
cmag_480	ERR4836957_bin.9	ERZ12818916	GCA_946496605	https://www.ebi.ac.uk/ena/browser/api/fasta/GCA_946496605?download=true&gzip=true	cmag_480.fna.gz
cmag_481	ERR4836958_bin.14	ERZ12818731	GCA_946495865	https://www.ebi.ac.uk/ena/browser/api/fasta/GCA_946495865?download=true&gzip=true	cmag_481.fna.gz
cmag_482	ERR4836958_bin.2	ERZ12818631	GCA_946500505	https://www.ebi.ac.uk/ena/browser/api/fasta/GCA_946500505?download=true&gzip=true	cmag_482.fna.gz
cmag_483	ERR4836958_bin.25	ERZ12818666	GCA_946496775	https://www.ebi.ac.uk/ena/browser/api/fasta/GCA_946496775?download=true&gzip=true	cmag_483.fna.gz
cmag_484	ERR4836958_bin.29	ERZ12819093	GCA_946496035	https://www.ebi.ac.uk/ena/browser/api/fasta/GCA_946496035?download=true&gzip=true	cmag_484.fna.gz
cmag_485	ERR4836958_bin.33	ERZ12818642	GCA_946497645	https://www.ebi.ac.uk/ena/browser/api/fasta/GCA_946497645?download=true&gzip=true	cmag_485.fna.gz
cmag_486	ERR4836958_bin.38	ERZ12818579	GCA_946500835	https://www.ebi.ac.uk/ena/browser/api/fasta/GCA_946500835?download=true&gzip=true	cmag_486.fna.gz
cmag_487	ERR4836958_bin.39	ERZ12819077	GCA_946497245	https://www.ebi.ac.uk/ena/browser/api/fasta/GCA_946497245?download=true&gzip=true	cmag_487.fna.gz
cmag_488	ERR4836959_bin.22	ERZ12818649	GCA_946497425	https://www.ebi.ac.uk/ena/browser/api/fasta/GCA_946497425?download=true&gzip=true	cmag_488.fna.gz
cmag_489	ERR4836959_bin.28	ERZ12819079	GCA_946499105	https://www.ebi.ac.uk/ena/browser/api/fasta/GCA_946499105?download=true&gzip=true	cmag_489.fna.gz
cmag_490	ERR4836959_bin.41	ERZ12818858	GCA_946496785	https://www.ebi.ac.uk/ena/browser/api/fasta/GCA_946496785?download=true&gzip=true	cmag_490.fna.gz
cmag_491	ERR4836959_bin.7	ERZ12818745	GCA_946495965	https://www.ebi.ac.uk/ena/browser/api/fasta/GCA_946495965?download=true&gzip=true	cmag_491.fna.gz
cmag_492	ERR4836960_bin.14	ERZ12819086	GCA_946499175	https://www.ebi.ac.uk/ena/browser/api/fasta/GCA_946499175?download=true&gzip=true	cmag_492.fna.gz
cmag_493	ERR4836960_bin.34	ERZ12819057	GCA_946498635	https://www.ebi.ac.uk/ena/browser/api/fasta/GCA_946498635?download=true&gzip=true	cmag_493.fna.gz
cmag_494	ERR4836960_bin.5	ERZ12819034	GCA_946498325	https://www.ebi.ac.uk/ena/browser/api/fasta/GCA_946498325?download=true&gzip=true	cmag_494.fna.gz
cmag_495	ERR4836961_bin.23	ERZ12818622	GCA_946498255	https://www.ebi.ac.uk/ena/browser/api/fasta/GCA_946498255?download=true&gzip=true	cmag_495.fna.gz
cmag_496	ERR4836961_bin.45	ERZ12819022	GCA_946495575	https://www.ebi.ac.uk/ena/browser/api/fasta/GCA_946495575?download=true&gzip=true	cmag_496.fna.gz
cmag_497	ERR4836961_bin.58	ERZ12818983	GCA_946498535	https://www.ebi.ac.uk/ena/browser/api/fasta/GCA_946498535?download=true&gzip=true	cmag_497.fna.gz
cmag_498	ERR4836961_bin.70	ERZ12818873	GCA_946496805	https://www.ebi.ac.uk/ena/browser/api/fasta/GCA_946496805?download=true&gzip=true	cmag_498.fna.gz
cmag_499	ERR4836961_bin.71	ERZ12818580	GCA_946499155	https://www.ebi.ac.uk/ena/browser/api/fasta/GCA_946499155?download=true&gzip=true	cmag_499.fna.gz
cmag_500	ERR4836961_bin.78	ERZ12818776	GCA_946499605	https://www.ebi.ac.uk/ena/browser/api/fasta/GCA_946499605?download=true&gzip=true	cmag_500.fna.gz
cmag_501	ERR4836962_bin.31	ERZ12818821	GCA_946499135	https://www.ebi.ac.uk/ena/browser/api/fasta/GCA_946499135?download=true&gzip=true	cmag_501.fna.gz
cmag_502	ERR4836962_bin.52	ERZ12818749	GCA_946498235	https://www.ebi.ac.uk/ena/browser/api/fasta/GCA_946498235?download=true&gzip=true	cmag_502.fna.gz
cmag_503	ERR4836962_bin.59	ERZ12818578	GCA_946500855	https://www.ebi.ac.uk/ena/browser/api/fasta/GCA_946500855?download=true&gzip=true	cmag_503.fna.gz
cmag_504	ERR4836962_bin.62	ERZ12819050	GCA_946499045	https://www.ebi.ac.uk/ena/browser/api/fasta/GCA_946499045?download=true&gzip=true	cmag_504.fna.gz
cmag_505	ERR4836963_bin.73	ERZ12818797	GCA_946497935	https://www.ebi.ac.uk/ena/browser/api/fasta/GCA_946497935?download=true&gzip=true	cmag_505.fna.gz
cmag_506	ERR4836963_bin.78	ERZ12818971	GCA_946498575	https://www.ebi.ac.uk/ena/browser/api/fasta/GCA_946498575?download=true&gzip=true	cmag_506.fna.gz
cmag_507	ERR4836963_bin.79	ERZ12818748	GCA_946498165	https://www.ebi.ac.uk/ena/browser/api/fasta/GCA_946498165?download=true&gzip=true	cmag_507.fna.gz
cmag_508	ERR4836964_bin.1	ERZ12819004	GCA_946500725	https://www.ebi.ac.uk/ena/browser/api/fasta/GCA_946500725?download=true&gzip=true	cmag_508.fna.gz
cmag_509	ERR4836964_bin.18	ERZ12818804	GCA_946497545	https://www.ebi.ac.uk/ena/browser/api/fasta/GCA_946497545?download=true&gzip=true	cmag_509.fna.gz
cmag_510	ERR4836964_bin.21	ERZ12818856	GCA_946495495	https://www.ebi.ac.uk/ena/browser/api/fasta/GCA_946495495?download=true&gzip=true	cmag_510.fna.gz
cmag_511	ERR4836964_bin.23	ERZ12818682	GCA_946499555	https://www.ebi.ac.uk/ena/browser/api/fasta/GCA_946499555?download=true&gzip=true	cmag_511.fna.gz
cmag_512	ERR4836964_bin.35	ERZ12818974	GCA_946498975	https://www.ebi.ac.uk/ena/browser/api/fasta/GCA_946498975?download=true&gzip=true	cmag_512.fna.gz
cmag_513	ERR4836964_bin.45	ERZ12819063	GCA_946499065	https://www.ebi.ac.uk/ena/browser/api/fasta/GCA_946499065?download=true&gzip=true	cmag_513.fna.gz
cmag_514	ERR4836964_bin.67	ERZ12819058	GCA_946498625	https://www.ebi.ac.uk/ena/browser/api/fasta/GCA_946498625?download=true&gzip=true	cmag_514.fna.gz
cmag_515	ERR4836965_bin.64	ERZ12819046	GCA_946495735	https://www.ebi.ac.uk/ena/browser/api/fasta/GCA_946495735?download=true&gzip=true	cmag_515.fna.gz
cmag_516	ERR4836965_bin.79	ERZ12818675	GCA_946497635	https://www.ebi.ac.uk/ena/browser/api/fasta/GCA_946497635?download=true&gzip=true	cmag_516.fna.gz
cmag_517	ERR4836965_bin.80	ERZ12819049	GCA_946498785	https://www.ebi.ac.uk/ena/browser/api/fasta/GCA_946498785?download=true&gzip=true	cmag_517.fna.gz
cmag_518	ERR4836965_bin.89	ERZ12818585	GCA_946500805	https://www.ebi.ac.uk/ena/browser/api/fasta/GCA_946500805?download=true&gzip=true	cmag_518.fna.gz
cmag_519	ERR4836965_bin.9	ERZ12819090	GCA_946496105	https://www.ebi.ac.uk/ena/browser/api/fasta/GCA_946496105?download=true&gzip=true	cmag_519.fna.gz
cmag_520	ERR4836966_bin.112	ERZ12818656	GCA_946497225	https://www.ebi.ac.uk/ena/browser/api/fasta/GCA_946497225?download=true&gzip=true	cmag_520.fna.gz
cmag_521	ERR4836966_bin.15	ERZ12818848	GCA_946499655	https://www.ebi.ac.uk/ena/browser/api/fasta/GCA_946499655?download=true&gzip=true	cmag_521.fna.gz
cmag_522	ERR4836966_bin.3	ERZ12818800	GCA_946497145	https://www.ebi.ac.uk/ena/browser/api/fasta/GCA_946497145?download=true&gzip=true	cmag_522.fna.gz
cmag_523	ERR4836966_bin.38	ERZ12819045	GCA_946500665	https://www.ebi.ac.uk/ena/browser/api/fasta/GCA_946500665?download=true&gzip=true	cmag_523.fna.gz
cmag_524	ERR4836966_bin.39	ERZ12818975	GCA_946498495	https://www.ebi.ac.uk/ena/browser/api/fasta/GCA_946498495?download=true&gzip=true	cmag_524.fna.gz
cmag_525	ERR4836966_bin.50	ERZ12818945	GCA_946500635	https://www.ebi.ac.uk/ena/browser/api/fasta/GCA_946500635?download=true&gzip=true	cmag_525.fna.gz
cmag_526	ERR4836966_bin.55	ERZ12818871	GCA_946495775	https://www.ebi.ac.uk/ena/browser/api/fasta/GCA_946495775?download=true&gzip=true	cmag_526.fna.gz
cmag_527	ERR4836966_bin.76	ERZ12818725	GCA_946497795	https://www.ebi.ac.uk/ena/browser/api/fasta/GCA_946497795?download=true&gzip=true	cmag_527.fna.gz
cmag_528	ERR4836966_bin.8	ERZ12818635	GCA_946499185	https://www.ebi.ac.uk/ena/browser/api/fasta/GCA_946499185?download=true&gzip=true	cmag_528.fna.gz
cmag_529	ERR4836966_bin.81	ERZ12818734	GCA_946496415	https://www.ebi.ac.uk/ena/browser/api/fasta/GCA_946496415?download=true&gzip=true	cmag_529.fna.gz
cmag_530	ERR4836966_bin.83	ERZ12818883	GCA_946497445	https://www.ebi.ac.uk/ena/browser/api/fasta/GCA_946497445?download=true&gzip=true	cmag_530.fna.gz
cmag_531	ERR4836966_bin.91	ERZ12818884	GCA_946500315	https://www.ebi.ac.uk/ena/browser/api/fasta/GCA_946500315?download=true&gzip=true	cmag_531.fna.gz
cmag_532	ERR4968556_bin.9	ERZ12818948	GCA_946500965	https://www.ebi.ac.uk/ena/browser/api/fasta/GCA_946500965?download=true&gzip=true	cmag_532.fna.gz
cmag_533	ERR4968559_bin.17	ERZ12818609	GCA_946498855	https://www.ebi.ac.uk/ena/browser/api/fasta/GCA_946498855?download=true&gzip=true	cmag_533.fna.gz
cmag_534	ERR4968560_bin.12	ERZ12818902	GCA_946500365	https://www.ebi.ac.uk/ena/browser/api/fasta/GCA_946500365?download=true&gzip=true	cmag_534.fna.gz
cmag_535	ERR4968564_bin.11	ERZ12818619	GCA_946498195	https://www.ebi.ac.uk/ena/browser/api/fasta/GCA_946498195?download=true&gzip=true	cmag_535.fna.gz
cmag_536	ERR4968564_bin.18	ERZ12819078	GCA_946496645	https://www.ebi.ac.uk/ena/browser/api/fasta/GCA_946496645?download=true&gzip=true	cmag_536.fna.gz
cmag_537	ERR4968564_bin.7	ERZ12818893	GCA_946499255	https://www.ebi.ac.uk/ena/browser/api/fasta/GCA_946499255?download=true&gzip=true	cmag_537.fna.gz
cmag_538	ERR4968565_bin.12	ERZ12818769	GCA_946497435	https://www.ebi.ac.uk/ena/browser/api/fasta/GCA_946497435?download=true&gzip=true	cmag_538.fna.gz
cmag_539	ERR4968565_bin.23	ERZ12818594	GCA_946499145	https://www.ebi.ac.uk/ena/browser/api/fasta/GCA_946499145?download=true&gzip=true	cmag_539.fna.gz
cmag_540	ERR4968565_bin.3	ERZ12818667	GCA_946497255	https://www.ebi.ac.uk/ena/browser/api/fasta/GCA_946497255?download=true&gzip=true	cmag_540.fna.gz
cmag_541	ERR4968566_bin.20	ERZ12819107	GCA_946496255	https://www.ebi.ac.uk/ena/browser/api/fasta/GCA_946496255?download=true&gzip=true	cmag_541.fna.gz
cmag_542	ERR4968567_bin.25	ERZ12818815	GCA_946496315	https://www.ebi.ac.uk/ena/browser/api/fasta/GCA_946496315?download=true&gzip=true	cmag_542.fna.gz
cmag_543	ERR4968569_bin.27	ERZ12818907	GCA_946500545	https://www.ebi.ac.uk/ena/browser/api/fasta/GCA_946500545?download=true&gzip=true	cmag_543.fna.gz
cmag_544	ERR4968570_bin.16	ERZ12818847	GCA_946496925	https://www.ebi.ac.uk/ena/browser/api/fasta/GCA_946496925?download=true&gzip=true	cmag_544.fna.gz
cmag_545	ERR4968570_bin.31	ERZ12818836	GCA_946496025	https://www.ebi.ac.uk/ena/browser/api/fasta/GCA_946496025?download=true&gzip=true	cmag_545.fna.gz
cmag_546	ERR4968571_bin.10	ERZ12818744	GCA_946497125	https://www.ebi.ac.uk/ena/browser/api/fasta/GCA_946497125?download=true&gzip=true	cmag_546.fna.gz
cmag_547	ERR4968574_bin.18	ERZ12818582	GCA_946498225	https://www.ebi.ac.uk/ena/browser/api/fasta/GCA_946498225?download=true&gzip=true	cmag_547.fna.gz
cmag_548	ERR4968574_bin.31	ERZ12818964	GCA_946500955	https://www.ebi.ac.uk/ena/browser/api/fasta/GCA_946500955?download=true&gzip=true	cmag_548.fna.gz
cmag_549	ERR4968575_bin.35	ERZ12818835	GCA_946496045	https://www.ebi.ac.uk/ena/browser/api/fasta/GCA_946496045?download=true&gzip=true	cmag_549.fna.gz
cmag_550	ERR4968576_bin.20	ERZ12818630	GCA_946497845	https://www.ebi.ac.uk/ena/browser/api/fasta/GCA_946497845?download=true&gzip=true	cmag_550.fna.gz
cmag_551	ERR4968576_bin.9	ERZ12818687	GCA_946497625	https://www.ebi.ac.uk/ena/browser/api/fasta/GCA_946497625?download=true&gzip=true	cmag_551.fna.gz
cmag_552	ERR4968577_bin.3	ERZ12818968	GCA_946496115	https://www.ebi.ac.uk/ena/browser/api/fasta/GCA_946496115?download=true&gzip=true	cmag_552.fna.gz
cmag_553	ERR4968577_bin.33	ERZ12818908	GCA_946499375	https://www.ebi.ac.uk/ena/browser/api/fasta/GCA_946499375?download=true&gzip=true	cmag_553.fna.gz
cmag_555	ERR4968579_bin.33	ERZ12818956	GCA_946497955	https://www.ebi.ac.uk/ena/browser/api/fasta/GCA_946497955?download=true&gzip=true	cmag_555.fna.gz
cmag_556	ERR4968580_bin.12	ERZ12818718	GCA_946497905	https://www.ebi.ac.uk/ena/browser/api/fasta/GCA_946497905?download=true&gzip=true	cmag_556.fna.gz
cmag_557	ERR4968580_bin.19	ERZ12819106	GCA_946497275	https://www.ebi.ac.uk/ena/browser/api/fasta/GCA_946497275?download=true&gzip=true	cmag_557.fna.gz
cmag_558	ERR4968581_bin.26	ERZ12818686	GCA_946496725	https://www.ebi.ac.uk/ena/browser/api/fasta/GCA_946496725?download=true&gzip=true	cmag_558.fna.gz
cmag_559	ERR4968582_bin.9	ERZ12818819	GCA_946497045	https://www.ebi.ac.uk/ena/browser/api/fasta/GCA_946497045?download=true&gzip=true	cmag_559.fna.gz
cmag_560	ERR4968584_bin.51	ERZ12818593	GCA_946497875	https://www.ebi.ac.uk/ena/browser/api/fasta/GCA_946497875?download=true&gzip=true	cmag_560.fna.gz
cmag_561	ERR4968585_bin.1	ERZ12818778	GCA_946498065	https://www.ebi.ac.uk/ena/browser/api/fasta/GCA_946498065?download=true&gzip=true	cmag_561.fna.gz
cmag_562	ERR4968585_bin.28	ERZ12818859	GCA_946500235	https://www.ebi.ac.uk/ena/browser/api/fasta/GCA_946500235?download=true&gzip=true	cmag_562.fna.gz
cmag_563	ERR4968585_bin.29	ERZ12818650	GCA_946496845	https://www.ebi.ac.uk/ena/browser/api/fasta/GCA_946496845?download=true&gzip=true	cmag_563.fna.gz
cmag_564	ERR4968586_bin.17	ERZ12818632	GCA_946495685	https://www.ebi.ac.uk/ena/browser/api/fasta/GCA_946495685?download=true&gzip=true	cmag_564.fna.gz
cmag_565	ERR4968586_bin.20	ERZ12818600	GCA_946495615	https://www.ebi.ac.uk/ena/browser/api/fasta/GCA_946495615?download=true&gzip=true	cmag_565.fna.gz
cmag_566	ERR4968586_bin.6	ERZ12818662	GCA_946500135	https://www.ebi.ac.uk/ena/browser/api/fasta/GCA_946500135?download=true&gzip=true	cmag_566.fna.gz
cmag_567	ERR4968586_bin.9	ERZ12818991	GCA_946500625	https://www.ebi.ac.uk/ena/browser/api/fasta/GCA_946500625?download=true&gzip=true	cmag_567.fna.gz
cmag_568	ERR4968587_bin.12	ERZ12818590	GCA_946497895	https://www.ebi.ac.uk/ena/browser/api/fasta/GCA_946497895?download=true&gzip=true	cmag_568.fna.gz
cmag_569	ERR4968587_bin.9	ERZ12818843	GCA_946499265	https://www.ebi.ac.uk/ena/browser/api/fasta/GCA_946499265?download=true&gzip=true	cmag_569.fna.gz
cmag_570	ERR4968588_bin.12	ERZ12818829	GCA_946496265	https://www.ebi.ac.uk/ena/browser/api/fasta/GCA_946496265?download=true&gzip=true	cmag_570.fna.gz
cmag_571	ERR4968590_bin.12	ERZ12818963	GCA_946498525	https://www.ebi.ac.uk/ena/browser/api/fasta/GCA_946498525?download=true&gzip=true	cmag_571.fna.gz
cmag_572	ERR4968590_bin.2	ERZ12818732	GCA_946500025	https://www.ebi.ac.uk/ena/browser/api/fasta/GCA_946500025?download=true&gzip=true	cmag_572.fna.gz
cmag_573	ERR4968590_bin.22	ERZ12819032	GCA_946498815	https://www.ebi.ac.uk/ena/browser/api/fasta/GCA_946498815?download=true&gzip=true	cmag_573.fna.gz
cmag_574	ERR4968590_bin.38	ERZ12818658	GCA_946496575	https://www.ebi.ac.uk/ena/browser/api/fasta/GCA_946496575?download=true&gzip=true	cmag_574.fna.gz
cmag_575	ERR4968590_bin.6	ERZ12818717	GCA_946499575	https://www.ebi.ac.uk/ena/browser/api/fasta/GCA_946499575?download=true&gzip=true	cmag_575.fna.gz
cmag_576	ERR4968592_bin.39	ERZ12818759	GCA_946496735	https://www.ebi.ac.uk/ena/browser/api/fasta/GCA_946496735?download=true&gzip=true	cmag_576.fna.gz
cmag_577	ERR4968592_bin.9	ERZ12819002	GCA_946498565	https://www.ebi.ac.uk/ena/browser/api/fasta/GCA_946498565?download=true&gzip=true	cmag_577.fna.gz
cmag_578	ERR4968593_bin.10	ERZ12818646	GCA_946497465	https://www.ebi.ac.uk/ena/browser/api/fasta/GCA_946497465?download=true&gzip=true	cmag_578.fna.gz
cmag_579	ERR4968593_bin.11	ERZ12818583	GCA_946500895	https://www.ebi.ac.uk/ena/browser/api/fasta/GCA_946500895?download=true&gzip=true	cmag_579.fna.gz
cmag_580	ERR4968593_bin.22	ERZ12818805	GCA_946499835	https://www.ebi.ac.uk/ena/browser/api/fasta/GCA_946499835?download=true&gzip=true	cmag_580.fna.gz
cmag_581	ERR4968593_bin.27	ERZ12819016	GCA_946500705	https://www.ebi.ac.uk/ena/browser/api/fasta/GCA_946500705?download=true&gzip=true	cmag_581.fna.gz
cmag_582	ERR4968593_bin.55	ERZ12818610	GCA_946498145	https://www.ebi.ac.uk/ena/browser/api/fasta/GCA_946498145?download=true&gzip=true	cmag_582.fna.gz
cmag_583	ERR4968594_bin.22	ERZ12818728	GCA_946496125	https://www.ebi.ac.uk/ena/browser/api/fasta/GCA_946496125?download=true&gzip=true	cmag_583.fna.gz
cmag_584	ERR4968594_bin.36	ERZ12818713	GCA_946496145	https://www.ebi.ac.uk/ena/browser/api/fasta/GCA_946496145?download=true&gzip=true	cmag_584.fna.gz
cmag_585	ERR4968595_bin.28	ERZ12818708	GCA_946499425	https://www.ebi.ac.uk/ena/browser/api/fasta/GCA_946499425?download=true&gzip=true	cmag_585.fna.gz
cmag_586	ERR4968595_bin.6	ERZ12818742	GCA_946497185	https://www.ebi.ac.uk/ena/browser/api/fasta/GCA_946497185?download=true&gzip=true	cmag_586.fna.gz
cmag_587	ERR4968596_bin.3	ERZ12818757	GCA_946499815	https://www.ebi.ac.uk/ena/browser/api/fasta/GCA_946499815?download=true&gzip=true	cmag_587.fna.gz
cmag_588	ERR4968597_bin.16	ERZ12819037	GCA_946498825	https://www.ebi.ac.uk/ena/browser/api/fasta/GCA_946498825?download=true&gzip=true	cmag_588.fna.gz
cmag_589	ERR4968597_bin.17	ERZ12818927	GCA_946499295	https://www.ebi.ac.uk/ena/browser/api/fasta/GCA_946499295?download=true&gzip=true	cmag_589.fna.gz
cmag_590	ERR4968597_bin.38	ERZ12818772	GCA_946499975	https://www.ebi.ac.uk/ena/browser/api/fasta/GCA_946499975?download=true&gzip=true	cmag_590.fna.gz
cmag_591	ERR4968597_bin.7	ERZ12818810	GCA_946496425	https://www.ebi.ac.uk/ena/browser/api/fasta/GCA_946496425?download=true&gzip=true	cmag_591.fna.gz
cmag_592	ERR4968598_bin.19	ERZ12818807	GCA_946496895	https://www.ebi.ac.uk/ena/browser/api/fasta/GCA_946496895?download=true&gzip=true	cmag_592.fna.gz
cmag_593	ERR4968598_bin.20	ERZ12818935	GCA_946497095	https://www.ebi.ac.uk/ena/browser/api/fasta/GCA_946497095?download=true&gzip=true	cmag_593.fna.gz
cmag_594	ERR4968598_bin.22	ERZ12818989	GCA_946498245	https://www.ebi.ac.uk/ena/browser/api/fasta/GCA_946498245?download=true&gzip=true	cmag_594.fna.gz
cmag_595	ERR4968598_bin.23	ERZ12818865	GCA_946495905	https://www.ebi.ac.uk/ena/browser/api/fasta/GCA_946495905?download=true&gzip=true	cmag_595.fna.gz
cmag_596	ERR4968598_bin.3	ERZ12818700	GCA_946496275	https://www.ebi.ac.uk/ena/browser/api/fasta/GCA_946496275?download=true&gzip=true	cmag_596.fna.gz
cmag_597	ERR4968598_bin.36	ERZ12818996	GCA_946498555	https://www.ebi.ac.uk/ena/browser/api/fasta/GCA_946498555?download=true&gzip=true	cmag_597.fna.gz
cmag_598	ERR4968598_bin.42	ERZ12818783	GCA_946497205	https://www.ebi.ac.uk/ena/browser/api/fasta/GCA_946497205?download=true&gzip=true	cmag_598.fna.gz
cmag_599	ERR4968598_bin.45	ERZ12818781	GCA_946497985	https://www.ebi.ac.uk/ena/browser/api/fasta/GCA_946497985?download=true&gzip=true	cmag_599.fna.gz
cmag_600	ERR4968598_bin.54	ERZ12818921	GCA_946498415	https://www.ebi.ac.uk/ena/browser/api/fasta/GCA_946498415?download=true&gzip=true	cmag_600.fna.gz
cmag_601	ERR4968599_bin.14	ERZ12819054	GCA_946497655	https://www.ebi.ac.uk/ena/browser/api/fasta/GCA_946497655?download=true&gzip=true	cmag_601.fna.gz
cmag_602	ERR4968599_bin.3	ERZ12819083	GCA_946499085	https://www.ebi.ac.uk/ena/browser/api/fasta/GCA_946499085?download=true&gzip=true	cmag_602.fna.gz
cmag_603	ERR4968599_bin.40	ERZ12818796	GCA_946498025	https://www.ebi.ac.uk/ena/browser/api/fasta/GCA_946498025?download=true&gzip=true	cmag_603.fna.gz
cmag_604	ERR4968600_bin.1	ERZ12819085	GCA_946498735	https://www.ebi.ac.uk/ena/browser/api/fasta/GCA_946498735?download=true&gzip=true	cmag_604.fna.gz
cmag_605	ERR4968600_bin.15	ERZ12818786	GCA_946496555	https://www.ebi.ac.uk/ena/browser/api/fasta/GCA_946496555?download=true&gzip=true	cmag_605.fna.gz
cmag_606	ERR4968600_bin.3	ERZ12818753	GCA_946500195	https://www.ebi.ac.uk/ena/browser/api/fasta/GCA_946500195?download=true&gzip=true	cmag_606.fna.gz
cmag_607	ERR4968600_bin.32	ERZ12819028	GCA_946495595	https://www.ebi.ac.uk/ena/browser/api/fasta/GCA_946495595?download=true&gzip=true	cmag_607.fna.gz
cmag_608	ERR4968601_bin.23	ERZ12818760	GCA_946500035	https://www.ebi.ac.uk/ena/browser/api/fasta/GCA_946500035?download=true&gzip=true	cmag_608.fna.gz
cmag_609	ERR4968601_bin.28	ERZ12818903	GCA_946495785	https://www.ebi.ac.uk/ena/browser/api/fasta/GCA_946495785?download=true&gzip=true	cmag_609.fna.gz
cmag_610	ERR4968601_bin.51	ERZ12818825	GCA_946498005	https://www.ebi.ac.uk/ena/browser/api/fasta/GCA_946498005?download=true&gzip=true	cmag_610.fna.gz
cmag_611	ERR4968602_bin.17	ERZ12818803	GCA_946497395	https://www.ebi.ac.uk/ena/browser/api/fasta/GCA_946497395?download=true&gzip=true	cmag_611.fna.gz
cmag_612	ERR4968602_bin.25	ERZ12818962	GCA_946499345	https://www.ebi.ac.uk/ena/browser/api/fasta/GCA_946499345?download=true&gzip=true	cmag_612.fna.gz
cmag_613	ERR4968602_bin.26	ERZ12818960	GCA_946496945	https://www.ebi.ac.uk/ena/browser/api/fasta/GCA_946496945?download=true&gzip=true	cmag_613.fna.gz
cmag_614	ERR4968602_bin.3	ERZ12818750	GCA_946497825	https://www.ebi.ac.uk/ena/browser/api/fasta/GCA_946497825?download=true&gzip=true	cmag_614.fna.gz
cmag_615	ERR4968602_bin.5	ERZ12818645	GCA_946496705	https://www.ebi.ac.uk/ena/browser/api/fasta/GCA_946496705?download=true&gzip=true	cmag_615.fna.gz
cmag_616	ERR4968602_bin.57	ERZ12818685	GCA_946500115	https://www.ebi.ac.uk/ena/browser/api/fasta/GCA_946500115?download=true&gzip=true	cmag_616.fna.gz
cmag_617	ERR4968602_bin.63	ERZ12818845	GCA_946500255	https://www.ebi.ac.uk/ena/browser/api/fasta/GCA_946500255?download=true&gzip=true	cmag_617.fna.gz
cmag_618	ERR4968602_bin.67	ERZ12818677	GCA_946496745	https://www.ebi.ac.uk/ena/browser/api/fasta/GCA_946496745?download=true&gzip=true	cmag_618.fna.gz
cmag_619	ERR4968602_bin.74	ERZ12818664	GCA_946496715	https://www.ebi.ac.uk/ena/browser/api/fasta/GCA_946496715?download=true&gzip=true	cmag_619.fna.gz
cmag_620	ERR4968602_bin.80	ERZ12818770	GCA_946500005	https://www.ebi.ac.uk/ena/browser/api/fasta/GCA_946500005?download=true&gzip=true	cmag_620.fna.gz
cmag_621	ERR4968603_bin.15	ERZ12818681	GCA_946495935	https://www.ebi.ac.uk/ena/browser/api/fasta/GCA_946495935?download=true&gzip=true	cmag_621.fna.gz
cmag_622	ERR4968603_bin.24	ERZ12818950	GCA_946498355	https://www.ebi.ac.uk/ena/browser/api/fasta/GCA_946498355?download=true&gzip=true	cmag_622.fna.gz
cmag_623	ERR4968603_bin.31	ERZ12818740	GCA_946499775	https://www.ebi.ac.uk/ena/browser/api/fasta/GCA_946499775?download=true&gzip=true	cmag_623.fna.gz
cmag_624	ERR4968603_bin.35	ERZ12818597	GCA_946497815	https://www.ebi.ac.uk/ena/browser/api/fasta/GCA_946497815?download=true&gzip=true	cmag_624.fna.gz
cmag_625	ERR4968603_bin.37	ERZ12818612	GCA_946498155	https://www.ebi.ac.uk/ena/browser/api/fasta/GCA_946498155?download=true&gzip=true	cmag_625.fna.gz
cmag_626	ERR4968603_bin.41	ERZ12818967	GCA_946498835	https://www.ebi.ac.uk/ena/browser/api/fasta/GCA_946498835?download=true&gzip=true	cmag_626.fna.gz
cmag_627	ERR4968603_bin.56	ERZ12819027	GCA_946500445	https://www.ebi.ac.uk/ena/browser/api/fasta/GCA_946500445?download=true&gzip=true	cmag_627.fna.gz
cmag_628	ERR4968604_bin.20	ERZ12819082	GCA_946496295	https://www.ebi.ac.uk/ena/browser/api/fasta/GCA_946496295?download=true&gzip=true	cmag_628.fna.gz
cmag_629	ERR4968605_bin.39	ERZ12818758	GCA_946497715	https://www.ebi.ac.uk/ena/browser/api/fasta/GCA_946497715?download=true&gzip=true	cmag_629.fna.gz
cmag_630	ERR4968606_bin.18	ERZ12818638	GCA_946495675	https://www.ebi.ac.uk/ena/browser/api/fasta/GCA_946495675?download=true&gzip=true	cmag_630.fna.gz
cmag_631	ERR4968606_bin.83	ERZ12819095	GCA_946500695	https://www.ebi.ac.uk/ena/browser/api/fasta/GCA_946500695?download=true&gzip=true	cmag_631.fna.gz
cmag_632	ERR4968608_bin.33	ERZ12818595	GCA_946500875	https://www.ebi.ac.uk/ena/browser/api/fasta/GCA_946500875?download=true&gzip=true	cmag_632.fna.gz
cmag_633	ERR4968608_bin.54	ERZ12818599	GCA_946497855	https://www.ebi.ac.uk/ena/browser/api/fasta/GCA_946497855?download=true&gzip=true	cmag_633.fna.gz
cmag_634	ERR4968671_bin.1	ERZ12818878	GCA_946495705	https://www.ebi.ac.uk/ena/browser/api/fasta/GCA_946495705?download=true&gzip=true	cmag_634.fna.gz
cmag_635	ERR4968671_bin.11	ERZ12819005	GCA_946496165	https://www.ebi.ac.uk/ena/browser/api/fasta/GCA_946496165?download=true&gzip=true	cmag_635.fna.gz
cmag_636	ERR4968671_bin.17	ERZ12818944	GCA_946500525	https://www.ebi.ac.uk/ena/browser/api/fasta/GCA_946500525?download=true&gzip=true	cmag_636.fna.gz
cmag_637	ERR4968671_bin.4	ERZ12818647	GCA_946499685	https://www.ebi.ac.uk/ena/browser/api/fasta/GCA_946499685?download=true&gzip=true	cmag_637.fna.gz
cmag_638	ERR4968671_bin.51	ERZ12818627	GCA_946499465	https://www.ebi.ac.uk/ena/browser/api/fasta/GCA_946499465?download=true&gzip=true	cmag_638.fna.gz
cmag_639	ERR4968671_bin.54	ERZ12818598	GCA_946495695	https://www.ebi.ac.uk/ena/browser/api/fasta/GCA_946495695?download=true&gzip=true	cmag_639.fna.gz
cmag_640	ERR4968673_bin.37	ERZ12818961	GCA_946498995	https://www.ebi.ac.uk/ena/browser/api/fasta/GCA_946498995?download=true&gzip=true	cmag_640.fna.gz
cmag_641	ERR4968673_bin.41	ERZ12818814	GCA_946496305	https://www.ebi.ac.uk/ena/browser/api/fasta/GCA_946496305?download=true&gzip=true	cmag_641.fna.gz
cmag_642	ERR4968678_bin.24	ERZ12818984	GCA_946495485	https://www.ebi.ac.uk/ena/browser/api/fasta/GCA_946495485?download=true&gzip=true	cmag_642.fna.gz
cmag_643	ERR4968678_bin.28	ERZ12818867	GCA_946498915	https://www.ebi.ac.uk/ena/browser/api/fasta/GCA_946498915?download=true&gzip=true	cmag_643.fna.gz
cmag_644	ERR4968678_bin.37	ERZ12819087	GCA_946498515	https://www.ebi.ac.uk/ena/browser/api/fasta/GCA_946498515?download=true&gzip=true	cmag_644.fna.gz
cmag_645	ERR4968678_bin.39	ERZ12818733	GCA_946495925	https://www.ebi.ac.uk/ena/browser/api/fasta/GCA_946495925?download=true&gzip=true	cmag_645.fna.gz
cmag_646	ERR4968678_bin.5	ERZ12818811	GCA_946496815	https://www.ebi.ac.uk/ena/browser/api/fasta/GCA_946496815?download=true&gzip=true	cmag_646.fna.gz
cmag_647	ERR4968678_bin.54	ERZ12818761	GCA_946497405	https://www.ebi.ac.uk/ena/browser/api/fasta/GCA_946497405?download=true&gzip=true	cmag_647.fna.gz
cmag_648	ERR4968678_bin.68	ERZ12818692	GCA_946498265	https://www.ebi.ac.uk/ena/browser/api/fasta/GCA_946498265?download=true&gzip=true	cmag_648.fna.gz
cmag_649	ERR4968681_bin.18	ERZ12819011	GCA_946496065	https://www.ebi.ac.uk/ena/browser/api/fasta/GCA_946496065?download=true&gzip=true	cmag_649.fna.gz
cmag_650	ERR4968681_bin.22	ERZ12818981	GCA_946498215	https://www.ebi.ac.uk/ena/browser/api/fasta/GCA_946498215?download=true&gzip=true	cmag_650.fna.gz
cmag_651	ERR4968681_bin.4	ERZ12818689	GCA_946496995	https://www.ebi.ac.uk/ena/browser/api/fasta/GCA_946496995?download=true&gzip=true	cmag_651.fna.gz
cmag_652	ERR4968681_bin.50	ERZ12818817	GCA_946496885	https://www.ebi.ac.uk/ena/browser/api/fasta/GCA_946496885?download=true&gzip=true	cmag_652.fna.gz
cmag_653	ERR4968687_bin.20	ERZ12818608	GCA_946497765	https://www.ebi.ac.uk/ena/browser/api/fasta/GCA_946497765?download=true&gzip=true	cmag_653.fna.gz
cmag_654	ERR4968687_bin.22	ERZ12818940	GCA_946499325	https://www.ebi.ac.uk/ena/browser/api/fasta/GCA_946499325?download=true&gzip=true	cmag_654.fna.gz
cmag_655	ERR4968687_bin.30	ERZ12818611	GCA_946499545	https://www.ebi.ac.uk/ena/browser/api/fasta/GCA_946499545?download=true&gzip=true	cmag_655.fna.gz
cmag_656	ERR4968687_bin.40	ERZ12818668	GCA_946499435	https://www.ebi.ac.uk/ena/browser/api/fasta/GCA_946499435?download=true&gzip=true	cmag_656.fna.gz
cmag_657	ERR4968687_bin.45	ERZ12818816	GCA_946497005	https://www.ebi.ac.uk/ena/browser/api/fasta/GCA_946497005?download=true&gzip=true	cmag_657.fna.gz
cmag_658	ERR4968687_bin.63	ERZ12818880	GCA_946500225	https://www.ebi.ac.uk/ena/browser/api/fasta/GCA_946500225?download=true&gzip=true	cmag_658.fna.gz
cmag_659	ERR4968687_bin.69	ERZ12818589	GCA_946498295	https://www.ebi.ac.uk/ena/browser/api/fasta/GCA_946498295?download=true&gzip=true	cmag_659.fna.gz
cmag_660	ERR4968704_bin.2	ERZ12818890	GCA_946497015	https://www.ebi.ac.uk/ena/browser/api/fasta/GCA_946497015?download=true&gzip=true	cmag_660.fna.gz
cmag_661	ERR4968704_bin.38	ERZ12819053	GCA_946496505	https://www.ebi.ac.uk/ena/browser/api/fasta/GCA_946496505?download=true&gzip=true	cmag_661.fna.gz
cmag_662	ERR4968704_bin.39	ERZ12818653	GCA_946497335	https://www.ebi.ac.uk/ena/browser/api/fasta/GCA_946497335?download=true&gzip=true	cmag_662.fna.gz
cmag_663	ERR4968704_bin.51	ERZ12818577	GCA_946500785	https://www.ebi.ac.uk/ena/browser/api/fasta/GCA_946500785?download=true&gzip=true	cmag_663.fna.gz
cmag_664	ERR4968704_bin.83	ERZ12819100	GCA_946496685	https://www.ebi.ac.uk/ena/browser/api/fasta/GCA_946496685?download=true&gzip=true	cmag_664.fna.gz
cmag_665	ERR4968705_bin.113	ERZ12818831	GCA_946496985	https://www.ebi.ac.uk/ena/browser/api/fasta/GCA_946496985?download=true&gzip=true	cmag_665.fna.gz
cmag_666	ERR4968705_bin.24	ERZ12818712	GCA_946500205	https://www.ebi.ac.uk/ena/browser/api/fasta/GCA_946500205?download=true&gzip=true	cmag_666.fna.gz
cmag_667	ERR4968705_bin.27	ERZ12818930	GCA_946499315	https://www.ebi.ac.uk/ena/browser/api/fasta/GCA_946499315?download=true&gzip=true	cmag_667.fna.gz
cmag_668	ERR4968705_bin.43	ERZ12818897	GCA_946498455	https://www.ebi.ac.uk/ena/browser/api/fasta/GCA_946498455?download=true&gzip=true	cmag_668.fna.gz
cmag_669	ERR4968705_bin.53	ERZ12818720	GCA_946497915	https://www.ebi.ac.uk/ena/browser/api/fasta/GCA_946497915?download=true&gzip=true	cmag_669.fna.gz
cmag_670	ERR4968705_bin.54	ERZ12819094	GCA_946496015	https://www.ebi.ac.uk/ena/browser/api/fasta/GCA_946496015?download=true&gzip=true	cmag_670.fna.gz
cmag_671	ERR4968705_bin.90	ERZ12819062	GCA_946497375	https://www.ebi.ac.uk/ena/browser/api/fasta/GCA_946497375?download=true&gzip=true	cmag_671.fna.gz
cmag_672	ERR4968711_bin.16	ERZ12818993	GCA_946498955	https://www.ebi.ac.uk/ena/browser/api/fasta/GCA_946498955?download=true&gzip=true	cmag_672.fna.gz
cmag_673	ERR4968711_bin.17	ERZ12818663	GCA_946497265	https://www.ebi.ac.uk/ena/browser/api/fasta/GCA_946497265?download=true&gzip=true	cmag_673.fna.gz
cmag_674	ERR4968711_bin.19	ERZ12819084	GCA_946497285	https://www.ebi.ac.uk/ena/browser/api/fasta/GCA_946497285?download=true&gzip=true	cmag_674.fna.gz
cmag_675	ERR4968711_bin.32	ERZ12818818	GCA_946499895	https://www.ebi.ac.uk/ena/browser/api/fasta/GCA_946499895?download=true&gzip=true	cmag_675.fna.gz
cmag_676	ERR4968711_bin.38	ERZ12819000	GCA_946498095	https://www.ebi.ac.uk/ena/browser/api/fasta/GCA_946498095?download=true&gzip=true	cmag_676.fna.gz
cmag_677	ERR4968711_bin.58	ERZ12819035	GCA_946495845	https://www.ebi.ac.uk/ena/browser/api/fasta/GCA_946495845?download=true&gzip=true	cmag_677.fna.gz
cmag_678	ERR4968711_bin.9	ERZ12818660	GCA_946499735	https://www.ebi.ac.uk/ena/browser/api/fasta/GCA_946499735?download=true&gzip=true	cmag_678.fna.gz
cmag_679	ERR4968712_bin.107	ERZ12818768	GCA_946500095	https://www.ebi.ac.uk/ena/browser/api/fasta/GCA_946500095?download=true&gzip=true	cmag_679.fna.gz
cmag_680	ERR4968712_bin.113	ERZ12819041	GCA_946495725	https://www.ebi.ac.uk/ena/browser/api/fasta/GCA_946495725?download=true&gzip=true	cmag_680.fna.gz
cmag_681	ERR4968712_bin.124	ERZ12819014	GCA_946498615	https://www.ebi.ac.uk/ena/browser/api/fasta/GCA_946498615?download=true&gzip=true	cmag_681.fna.gz
cmag_682	ERR4968712_bin.129	ERZ12818837	GCA_946500075	https://www.ebi.ac.uk/ena/browser/api/fasta/GCA_946500075?download=true&gzip=true	cmag_682.fna.gz
cmag_683	ERR4968712_bin.26	ERZ12819023	GCA_946498315	https://www.ebi.ac.uk/ena/browser/api/fasta/GCA_946498315?download=true&gzip=true	cmag_683.fna.gz
cmag_684	ERR4968712_bin.40	ERZ12818637	GCA_946499195	https://www.ebi.ac.uk/ena/browser/api/fasta/GCA_946499195?download=true&gzip=true	cmag_684.fna.gz
cmag_685	ERR4968712_bin.49	ERZ12819071	GCA_946496335	https://www.ebi.ac.uk/ena/browser/api/fasta/GCA_946496335?download=true&gzip=true	cmag_685.fna.gz
cmag_686	ERR4968712_bin.50	ERZ12818841	GCA_946496935	https://www.ebi.ac.uk/ena/browser/api/fasta/GCA_946496935?download=true&gzip=true	cmag_686.fna.gz
cmag_687	ERR4968712_bin.51	ERZ12818696	GCA_946496695	https://www.ebi.ac.uk/ena/browser/api/fasta/GCA_946496695?download=true&gzip=true	cmag_687.fna.gz
cmag_688	ERR4968712_bin.54	ERZ12818721	GCA_946495625	https://www.ebi.ac.uk/ena/browser/api/fasta/GCA_946495625?download=true&gzip=true	cmag_688.fna.gz
cmag_689	ERR4968712_bin.56	ERZ12819070	GCA_946497315	https://www.ebi.ac.uk/ena/browser/api/fasta/GCA_946497315?download=true&gzip=true	cmag_689.fna.gz
cmag_690	ERR4968712_bin.57	ERZ12818710	GCA_946497945	https://www.ebi.ac.uk/ena/browser/api/fasta/GCA_946497945?download=true&gzip=true	cmag_690.fna.gz
cmag_691	ERR4968712_bin.64	ERZ12818928	GCA_946500375	https://www.ebi.ac.uk/ena/browser/api/fasta/GCA_946500375?download=true&gzip=true	cmag_691.fna.gz
cmag_692	ERR4968712_bin.70	ERZ12818990	GCA_946498585	https://www.ebi.ac.uk/ena/browser/api/fasta/GCA_946498585?download=true&gzip=true	cmag_692.fna.gz
cmag_693	ERR4968712_bin.78	ERZ12818889	GCA_946498465	https://www.ebi.ac.uk/ena/browser/api/fasta/GCA_946498465?download=true&gzip=true	cmag_693.fna.gz
cmag_694	ERR4968712_bin.84	ERZ12819096	GCA_946496245	https://www.ebi.ac.uk/ena/browser/api/fasta/GCA_946496245?download=true&gzip=true	cmag_694.fna.gz
cmag_695	ERR4968712_bin.88	ERZ12819039	GCA_946499355	https://www.ebi.ac.uk/ena/browser/api/fasta/GCA_946499355?download=true&gzip=true	cmag_695.fna.gz
cmag_696	ERR4968712_bin.9	ERZ12819015	GCA_946497975	https://www.ebi.ac.uk/ena/browser/api/fasta/GCA_946497975?download=true&gzip=true	cmag_696.fna.gz
cmag_697	ERR4968712_bin.98	ERZ12818709	GCA_946498105	https://www.ebi.ac.uk/ena/browser/api/fasta/GCA_946498105?download=true&gzip=true	cmag_697.fna.gz
cmag_698	ERR4969053_bin.1	ERZ12818913	GCA_946500385	https://www.ebi.ac.uk/ena/browser/api/fasta/GCA_946500385?download=true&gzip=true	cmag_698.fna.gz
cmag_699	ERR4969053_bin.15	ERZ12818671	GCA_946496205	https://www.ebi.ac.uk/ena/browser/api/fasta/GCA_946496205?download=true&gzip=true	cmag_699.fna.gz
cmag_700	ERR4969053_bin.24	ERZ12818881	GCA_946500285	https://www.ebi.ac.uk/ena/browser/api/fasta/GCA_946500285?download=true&gzip=true	cmag_700.fna.gz
cmag_701	ERR4969053_bin.25	ERZ12818648	GCA_946499455	https://www.ebi.ac.uk/ena/browser/api/fasta/GCA_946499455?download=true&gzip=true	cmag_701.fna.gz
cmag_702	ERR4969053_bin.26	ERZ12818828	GCA_946498055	https://www.ebi.ac.uk/ena/browser/api/fasta/GCA_946498055?download=true&gzip=true	cmag_702.fna.gz
cmag_703	ERR4969053_bin.29	ERZ12818693	GCA_946499415	https://www.ebi.ac.uk/ena/browser/api/fasta/GCA_946499415?download=true&gzip=true	cmag_703.fna.gz
cmag_704	ERR4969053_bin.40	ERZ12818697	GCA_946500155	https://www.ebi.ac.uk/ena/browser/api/fasta/GCA_946500155?download=true&gzip=true	cmag_704.fna.gz
cmag_705	ERR4969053_bin.41	ERZ12818943	GCA_946500945	https://www.ebi.ac.uk/ena/browser/api/fasta/GCA_946500945?download=true&gzip=true	cmag_705.fna.gz
cmag_706	ERR4969053_bin.48	ERZ12818870	GCA_946500015	https://www.ebi.ac.uk/ena/browser/api/fasta/GCA_946500015?download=true&gzip=true	cmag_706.fna.gz
cmag_707	ERR4969053_bin.54	ERZ12818683	GCA_946497575	https://www.ebi.ac.uk/ena/browser/api/fasta/GCA_946497575?download=true&gzip=true	cmag_707.fna.gz
cmag_708	ERR4969053_bin.55	ERZ12818869	GCA_946498405	https://www.ebi.ac.uk/ena/browser/api/fasta/GCA_946498405?download=true&gzip=true	cmag_708.fna.gz
cmag_709	ERR4969053_bin.72	ERZ12819055	GCA_946500755	https://www.ebi.ac.uk/ena/browser/api/fasta/GCA_946500755?download=true&gzip=true	cmag_709.fna.gz
cmag_710	ERR4969053_bin.79	ERZ12818639	GCA_946497685	https://www.ebi.ac.uk/ena/browser/api/fasta/GCA_946497685?download=true&gzip=true	cmag_710.fna.gz
cmag_711	ERR4969053_bin.8	ERZ12818979	GCA_946500935	https://www.ebi.ac.uk/ena/browser/api/fasta/GCA_946500935?download=true&gzip=true	cmag_711.fna.gz
cmag_712	ERR4969053_bin.82	ERZ12818970	GCA_946500905	https://www.ebi.ac.uk/ena/browser/api/fasta/GCA_946500905?download=true&gzip=true	cmag_712.fna.gz
cmag_713	ERR4969053_bin.83	ERZ12818780	GCA_946496855	https://www.ebi.ac.uk/ena/browser/api/fasta/GCA_946496855?download=true&gzip=true	cmag_713.fna.gz
cmag_714	ERR4969053_bin.9	ERZ12818586	GCA_946500795	https://www.ebi.ac.uk/ena/browser/api/fasta/GCA_946500795?download=true&gzip=true	cmag_714.fna.gz
cmag_715	ERR4969151_bin.1	ERZ12818779	GCA_946498695	https://www.ebi.ac.uk/ena/browser/api/fasta/GCA_946498695?download=true&gzip=true	cmag_715.fna.gz
cmag_716	ERR4969151_bin.101	ERZ12818794	GCA_946497735	https://www.ebi.ac.uk/ena/browser/api/fasta/GCA_946497735?download=true&gzip=true	cmag_716.fna.gz
cmag_717	ERR4969151_bin.113	ERZ12818785	GCA_946497025	https://www.ebi.ac.uk/ena/browser/api/fasta/GCA_946497025?download=true&gzip=true	cmag_717.fna.gz
cmag_718	ERR4969151_bin.115	ERZ12819030	GCA_946499335	https://www.ebi.ac.uk/ena/browser/api/fasta/GCA_946499335?download=true&gzip=true	cmag_718.fna.gz
cmag_719	ERR4969151_bin.118	ERZ12818755	GCA_946496445	https://www.ebi.ac.uk/ena/browser/api/fasta/GCA_946496445?download=true&gzip=true	cmag_719.fna.gz
cmag_720	ERR4969151_bin.130	ERZ12818912	GCA_946499305	https://www.ebi.ac.uk/ena/browser/api/fasta/GCA_946499305?download=true&gzip=true	cmag_720.fna.gz
cmag_721	ERR4969151_bin.134	ERZ12819069	GCA_946496525	https://www.ebi.ac.uk/ena/browser/api/fasta/GCA_946496525?download=true&gzip=true	cmag_721.fna.gz
cmag_722	ERR4969151_bin.135	ERZ12818659	GCA_946496535	https://www.ebi.ac.uk/ena/browser/api/fasta/GCA_946496535?download=true&gzip=true	cmag_722.fna.gz
cmag_723	ERR4969151_bin.142	ERZ12818969	GCA_946498925	https://www.ebi.ac.uk/ena/browser/api/fasta/GCA_946498925?download=true&gzip=true	cmag_723.fna.gz
cmag_724	ERR4969151_bin.144	ERZ12818972	GCA_946498305	https://www.ebi.ac.uk/ena/browser/api/fasta/GCA_946498305?download=true&gzip=true	cmag_724.fna.gz
cmag_725	ERR4969151_bin.145	ERZ12818576	GCA_946500435	https://www.ebi.ac.uk/ena/browser/api/fasta/GCA_946500435?download=true&gzip=true	cmag_725.fna.gz
cmag_726	ERR4969151_bin.20	ERZ12818736	GCA_946500045	https://www.ebi.ac.uk/ena/browser/api/fasta/GCA_946500045?download=true&gzip=true	cmag_726.fna.gz
cmag_727	ERR4969151_bin.33	ERZ12818787	GCA_946497995	https://www.ebi.ac.uk/ena/browser/api/fasta/GCA_946497995?download=true&gzip=true	cmag_727.fna.gz
cmag_728	ERR4969151_bin.47	ERZ12819101	GCA_946499165	https://www.ebi.ac.uk/ena/browser/api/fasta/GCA_946499165?download=true&gzip=true	cmag_728.fna.gz
cmag_729	ERR4969151_bin.53	ERZ12818999	GCA_946499015	https://www.ebi.ac.uk/ena/browser/api/fasta/GCA_946499015?download=true&gzip=true	cmag_729.fna.gz
cmag_730	ERR4969151_bin.62	ERZ12818896	GCA_946499245	https://www.ebi.ac.uk/ena/browser/api/fasta/GCA_946499245?download=true&gzip=true	cmag_730.fna.gz
cmag_731	ERR4969151_bin.64	ERZ12819043	GCA_946495755	https://www.ebi.ac.uk/ena/browser/api/fasta/GCA_946495755?download=true&gzip=true	cmag_731.fna.gz
cmag_732	ERR4969151_bin.66	ERZ12818813	GCA_946498045	https://www.ebi.ac.uk/ena/browser/api/fasta/GCA_946498045?download=true&gzip=true	cmag_732.fna.gz
cmag_733	ERR4969151_bin.67	ERZ12818795	GCA_946499865	https://www.ebi.ac.uk/ena/browser/api/fasta/GCA_946499865?download=true&gzip=true	cmag_733.fna.gz
cmag_734	ERR4969151_bin.81	ERZ12818931	GCA_946496235	https://www.ebi.ac.uk/ena/browser/api/fasta/GCA_946496235?download=true&gzip=true	cmag_734.fna.gz
cmag_735	ERR4969151_bin.82	ERZ12819088	GCA_946496215	https://www.ebi.ac.uk/ena/browser/api/fasta/GCA_946496215?download=true&gzip=true	cmag_735.fna.gz
cmag_736	ERR4969151_bin.85	ERZ12818894	GCA_946498945	https://www.ebi.ac.uk/ena/browser/api/fasta/GCA_946498945?download=true&gzip=true	cmag_736.fna.gz
cmag_737	ERR4969151_bin.9	ERZ12818614	GCA_946495505	https://www.ebi.ac.uk/ena/browser/api/fasta/GCA_946495505?download=true&gzip=true	cmag_737.fna.gz
cmag_738	ERR4992195_bin.27	ERZ12818892	GCA_946500345	https://www.ebi.ac.uk/ena/browser/api/fasta/GCA_946500345?download=true&gzip=true	cmag_738.fna.gz
cmag_739	ERR4992195_bin.8	ERZ12818860	GCA_946499645	https://www.ebi.ac.uk/ena/browser/api/fasta/GCA_946499645?download=true&gzip=true	cmag_739.fna.gz
cmag_740	ERR4992208_bin.26	ERZ12818727	GCA_946499745	https://www.ebi.ac.uk/ena/browser/api/fasta/GCA_946499745?download=true&gzip=true	cmag_740.fna.gz
cmag_741	ERR4992208_bin.29	ERZ12818863	GCA_946498375	https://www.ebi.ac.uk/ena/browser/api/fasta/GCA_946498375?download=true&gzip=true	cmag_741.fna.gz
cmag_742	ERR4992208_bin.47	ERZ12818898	GCA_946500305	https://www.ebi.ac.uk/ena/browser/api/fasta/GCA_946500305?download=true&gzip=true	cmag_742.fna.gz
cmag_743	ERR4992208_bin.52	ERZ12818620	GCA_946495915	https://www.ebi.ac.uk/ena/browser/api/fasta/GCA_946495915?download=true&gzip=true	cmag_743.fna.gz
cmag_744	ERR4992208_bin.53	ERZ12818790	GCA_946500475	https://www.ebi.ac.uk/ena/browser/api/fasta/GCA_946500475?download=true&gzip=true	cmag_744.fna.gz
cmag_745	ERR4993373_bin.10	ERZ12819097	GCA_946500645	https://www.ebi.ac.uk/ena/browser/api/fasta/GCA_946500645?download=true&gzip=true	cmag_745.fna.gz
cmag_746	ERR4993373_bin.5	ERZ12818952	GCA_946498335	https://www.ebi.ac.uk/ena/browser/api/fasta/GCA_946498335?download=true&gzip=true	cmag_746.fna.gz
cmag_747	ERR4993373_bin.50	ERZ12819003	GCA_946499405	https://www.ebi.ac.uk/ena/browser/api/fasta/GCA_946499405?download=true&gzip=true	cmag_747.fna.gz
cmag_748	ERR4993373_bin.59	ERZ12818998	GCA_946498795	https://www.ebi.ac.uk/ena/browser/api/fasta/GCA_946498795?download=true&gzip=true	cmag_748.fna.gz
cmag_749	ERR4993378_bin.4	ERZ12818763	GCA_946497495	https://www.ebi.ac.uk/ena/browser/api/fasta/GCA_946497495?download=true&gzip=true	cmag_749.fna.gz
cmag_750	ERR4993378_bin.43	ERZ12819024	GCA_946498475	https://www.ebi.ac.uk/ena/browser/api/fasta/GCA_946498475?download=true&gzip=true	cmag_750.fna.gz
cmag_751	ERR4993378_bin.50	ERZ12818915	GCA_946500405	https://www.ebi.ac.uk/ena/browser/api/fasta/GCA_946500405?download=true&gzip=true	cmag_751.fna.gz
cmag_752	ERR4993378_bin.6	ERZ12818571	GCA_946498185	https://www.ebi.ac.uk/ena/browser/api/fasta/GCA_946498185?download=true&gzip=true	cmag_752.fna.gz
cmag_753	ERR4993381_bin.14	ERZ12818842	GCA_946500485	https://www.ebi.ac.uk/ena/browser/api/fasta/GCA_946500485?download=true&gzip=true	cmag_753.fna.gz
cmag_754	ERR4993381_bin.24	ERZ12818737	GCA_946496435	https://www.ebi.ac.uk/ena/browser/api/fasta/GCA_946496435?download=true&gzip=true	cmag_754.fna.gz
cmag_755	ERR4993381_bin.28	ERZ12818607	GCA_946495995	https://www.ebi.ac.uk/ena/browser/api/fasta/GCA_946495995?download=true&gzip=true	cmag_755.fna.gz
cmag_756	ERR4993381_bin.30	ERZ12819047	GCA_946499385	https://www.ebi.ac.uk/ena/browser/api/fasta/GCA_946499385?download=true&gzip=true	cmag_756.fna.gz
cmag_757	ERR4993381_bin.53	ERZ12819060	GCA_946497365	https://www.ebi.ac.uk/ena/browser/api/fasta/GCA_946497365?download=true&gzip=true	cmag_757.fna.gz
cmag_758	ERR4993381_bin.57	ERZ12818743	GCA_946495825	https://www.ebi.ac.uk/ena/browser/api/fasta/GCA_946495825?download=true&gzip=true	cmag_758.fna.gz
cmag_759	ERR4993381_bin.66	ERZ12818938	GCA_946500515	https://www.ebi.ac.uk/ena/browser/api/fasta/GCA_946500515?download=true&gzip=true	cmag_759.fna.gz
cmag_760	ERR4993381_bin.77	ERZ12819025	GCA_946495535	https://www.ebi.ac.uk/ena/browser/api/fasta/GCA_946495535?download=true&gzip=true	cmag_760.fna.gz
cmag_761	ERR4993382_bin.29	ERZ12818802	GCA_946497455	https://www.ebi.ac.uk/ena/browser/api/fasta/GCA_946497455?download=true&gzip=true	cmag_761.fna.gz
cmag_762	ERR4993382_bin.35	ERZ12819072	GCA_946496325	https://www.ebi.ac.uk/ena/browser/api/fasta/GCA_946496325?download=true&gzip=true	cmag_762.fna.gz
cmag_763	ERR4993382_bin.39	ERZ12818954	GCA_946498435	https://www.ebi.ac.uk/ena/browser/api/fasta/GCA_946498435?download=true&gzip=true	cmag_763.fna.gz
cmag_764	ERR4993662_bin.105	ERZ12819044	GCA_946499615	https://www.ebi.ac.uk/ena/browser/api/fasta/GCA_946499615?download=true&gzip=true	cmag_764.fna.gz
cmag_765	ERR4993662_bin.106	ERZ12818906	GCA_946500395	https://www.ebi.ac.uk/ena/browser/api/fasta/GCA_946500395?download=true&gzip=true	cmag_765.fna.gz
cmag_766	ERR4993662_bin.24	ERZ12818994	GCA_946498605	https://www.ebi.ac.uk/ena/browser/api/fasta/GCA_946498605?download=true&gzip=true	cmag_766.fna.gz
cmag_767	ERR4993662_bin.31	ERZ12818866	GCA_946496795	https://www.ebi.ac.uk/ena/browser/api/fasta/GCA_946496795?download=true&gzip=true	cmag_767.fna.gz
cmag_768	ERR4993662_bin.43	ERZ12818575	GCA_946500555	https://www.ebi.ac.uk/ena/browser/api/fasta/GCA_946500555?download=true&gzip=true	cmag_768.fna.gz
cmag_769	ERR4993662_bin.45	ERZ12818899	GCA_946498875	https://www.ebi.ac.uk/ena/browser/api/fasta/GCA_946498875?download=true&gzip=true	cmag_769.fna.gz
cmag_770	ERR4993662_bin.60	ERZ12818980	GCA_946495885	https://www.ebi.ac.uk/ena/browser/api/fasta/GCA_946495885?download=true&gzip=true	cmag_770.fna.gz
cmag_771	ERR4993662_bin.61	ERZ12818833	GCA_946496905	https://www.ebi.ac.uk/ena/browser/api/fasta/GCA_946496905?download=true&gzip=true	cmag_771.fna.gz
cmag_772	ERR4993662_bin.64	ERZ12818988	GCA_946498595	https://www.ebi.ac.uk/ena/browser/api/fasta/GCA_946498595?download=true&gzip=true	cmag_772.fna.gz
cmag_773	ERR4993662_bin.75	ERZ12818672	GCA_946496875	https://www.ebi.ac.uk/ena/browser/api/fasta/GCA_946496875?download=true&gzip=true	cmag_773.fna.gz
cmag_774	ERR4993662_bin.82	ERZ12818719	GCA_946497195	https://www.ebi.ac.uk/ena/browser/api/fasta/GCA_946497195?download=true&gzip=true	cmag_774.fna.gz
cmag_775	ERR7167026_bin.11	ERZ12818569	GCA_946497035	https://www.ebi.ac.uk/ena/browser/api/fasta/GCA_946497035?download=true&gzip=true	cmag_775.fna.gz
cmag_776	ERR7167028_bin.4	ERZ12818949	GCA_946499025	https://www.ebi.ac.uk/ena/browser/api/fasta/GCA_946499025?download=true&gzip=true	cmag_776.fna.gz
cmag_777	ERR7167029_bin.12	ERZ12818986	GCA_946498895	https://www.ebi.ac.uk/ena/browser/api/fasta/GCA_946498895?download=true&gzip=true	cmag_777.fna.gz
cmag_778	ERR7167029_bin.23	ERZ12819076	GCA_946498705	https://www.ebi.ac.uk/ena/browser/api/fasta/GCA_946498705?download=true&gzip=true	cmag_778.fna.gz
cmag_779	ERR7167032_bin.11	ERZ12818651	GCA_946499695	https://www.ebi.ac.uk/ena/browser/api/fasta/GCA_946499695?download=true&gzip=true	cmag_779.fna.gz
cmag_780	ERR7167033_bin.10	ERZ12818909	GCA_946498985	https://www.ebi.ac.uk/ena/browser/api/fasta/GCA_946498985?download=true&gzip=true	cmag_780.fna.gz
cmag_781	ERR7167033_bin.15	ERZ12819019	GCA_946498845	https://www.ebi.ac.uk/ena/browser/api/fasta/GCA_946498845?download=true&gzip=true	cmag_781.fna.gz
cmag_782	ERR7167033_bin.2	ERZ12818688	GCA_946496005	https://www.ebi.ac.uk/ena/browser/api/fasta/GCA_946496005?download=true&gzip=true	cmag_782.fna.gz
cmag_783	ERR7167033_bin.36	ERZ12819052	GCA_946496595	https://www.ebi.ac.uk/ena/browser/api/fasta/GCA_946496595?download=true&gzip=true	cmag_783.fna.gz
cmag_784	ERR7167034_bin.20	ERZ12818808	GCA_946499955	https://www.ebi.ac.uk/ena/browser/api/fasta/GCA_946499955?download=true&gzip=true	cmag_784.fna.gz
cmag_785	ERR7167036_bin.15	ERZ12819104	GCA_946500925	https://www.ebi.ac.uk/ena/browser/api/fasta/GCA_946500925?download=true&gzip=true	cmag_785.fna.gz
cmag_786	ERR7167036_bin.21	ERZ12819042	GCA_946495765	https://www.ebi.ac.uk/ena/browser/api/fasta/GCA_946495765?download=true&gzip=true	cmag_786.fna.gz
cmag_787	ERR7167036_bin.3	ERZ12819059	GCA_946499055	https://www.ebi.ac.uk/ena/browser/api/fasta/GCA_946499055?download=true&gzip=true	cmag_787.fna.gz
cmag_788	ERR7167037_bin.6	ERZ12818874	GCA_946495745	https://www.ebi.ac.uk/ena/browser/api/fasta/GCA_946495745?download=true&gzip=true	cmag_788.fna.gz
cmag_789	ERR7167037_bin.7	ERZ12818726	GCA_946497565	https://www.ebi.ac.uk/ena/browser/api/fasta/GCA_946497565?download=true&gzip=true	cmag_789.fna.gz
cmag_790	ERR7167041_bin.23	ERZ12818875	GCA_946499635	https://www.ebi.ac.uk/ena/browser/api/fasta/GCA_946499635?download=true&gzip=true	cmag_790.fna.gz
cmag_791	ERR7167041_bin.33	ERZ12818735	GCA_946495955	https://www.ebi.ac.uk/ena/browser/api/fasta/GCA_946495955?download=true&gzip=true	cmag_791.fna.gz
cmag_792	ERR7167042_bin.4	ERZ12818729	GCA_946497585	https://www.ebi.ac.uk/ena/browser/api/fasta/GCA_946497585?download=true&gzip=true	cmag_792.fna.gz
cmag_793	ERR7167043_bin.17	ERZ12818891	GCA_946498395	https://www.ebi.ac.uk/ena/browser/api/fasta/GCA_946498395?download=true&gzip=true	cmag_793.fna.gz
cmag_794	ERR7167044_bin.8	ERZ12819012	GCA_946495985	https://www.ebi.ac.uk/ena/browser/api/fasta/GCA_946495985?download=true&gzip=true	cmag_794.fna.gz
cmag_795	ERR7167046_bin.20	ERZ12818947	GCA_946496545	https://www.ebi.ac.uk/ena/browser/api/fasta/GCA_946496545?download=true&gzip=true	cmag_795.fna.gz
cmag_796	ERR7167046_bin.3	ERZ12819051	GCA_946500615	https://www.ebi.ac.uk/ena/browser/api/fasta/GCA_946500615?download=true&gzip=true	cmag_796.fna.gz
cmag_797	ERR7167046_bin.6	ERZ12818574	GCA_946495515	https://www.ebi.ac.uk/ena/browser/api/fasta/GCA_946495515?download=true&gzip=true	cmag_797.fna.gz
cmag_798	ERR7167047_bin.17	ERZ12819026	GCA_946500495	https://www.ebi.ac.uk/ena/browser/api/fasta/GCA_946500495?download=true&gzip=true	cmag_798.fna.gz
cmag_799	ERR7167047_bin.8	ERZ12818951	GCA_946499395	https://www.ebi.ac.uk/ena/browser/api/fasta/GCA_946499395?download=true&gzip=true	cmag_799.fna.gz
cmag_800	ERR7167048_bin.28	ERZ12819021	GCA_946495605	https://www.ebi.ac.uk/ena/browser/api/fasta/GCA_946495605?download=true&gzip=true	cmag_800.fna.gz
cmag_801	ERR7167048_bin.34	ERZ12818606	GCA_946499225	https://www.ebi.ac.uk/ena/browser/api/fasta/GCA_946499225?download=true&gzip=true	cmag_801.fna.gz
cmag_802	ERR7167048_bin.40	ERZ12818764	GCA_946497085	https://www.ebi.ac.uk/ena/browser/api/fasta/GCA_946497085?download=true&gzip=true	cmag_802.fna.gz
cmag_803	ERR7167050_bin.2	ERZ12818636	GCA_946497705	https://www.ebi.ac.uk/ena/browser/api/fasta/GCA_946497705?download=true&gzip=true	cmag_803.fna.gz
cmag_804	ERR7167052_bin.10	ERZ12818716	GCA_946497595	https://www.ebi.ac.uk/ena/browser/api/fasta/GCA_946497595?download=true&gzip=true	cmag_804.fna.gz
cmag_805	ERR7167052_bin.12	ERZ12818587	GCA_946499215	https://www.ebi.ac.uk/ena/browser/api/fasta/GCA_946499215?download=true&gzip=true	cmag_805.fna.gz
cmag_806	ERR7167053_bin.31	ERZ12818774	GCA_946497385	https://www.ebi.ac.uk/ena/browser/api/fasta/GCA_946497385?download=true&gzip=true	cmag_806.fna.gz
cmag_807	ERR7167053_bin.9	ERZ12818854	GCA_946499035	https://www.ebi.ac.uk/ena/browser/api/fasta/GCA_946499035?download=true&gzip=true	cmag_807.fna.gz
cmag_808	ERR7167059_bin.11	ERZ12818773	GCA_946496465	https://www.ebi.ac.uk/ena/browser/api/fasta/GCA_946496465?download=true&gzip=true	cmag_808.fna.gz
cmag_809	ERR7167059_bin.12	ERZ12818857	GCA_946495585	https://www.ebi.ac.uk/ena/browser/api/fasta/GCA_946495585?download=true&gzip=true	cmag_809.fna.gz
cmag_810	ERR7167062_bin.12	ERZ12818739	GCA_946499795	https://www.ebi.ac.uk/ena/browser/api/fasta/GCA_946499795?download=true&gzip=true	cmag_810.fna.gz
cmag_811	ERR7167062_bin.36	ERZ12819103	GCA_946496675	https://www.ebi.ac.uk/ena/browser/api/fasta/GCA_946496675?download=true&gzip=true	cmag_811.fna.gz
cmag_812	ERR7167062_bin.47	ERZ12818919	GCA_946497695	https://www.ebi.ac.uk/ena/browser/api/fasta/GCA_946497695?download=true&gzip=true	cmag_812.fna.gz
cmag_813	ERR7167062_bin.49	ERZ12818823	GCA_946497295	https://www.ebi.ac.uk/ena/browser/api/fasta/GCA_946497295?download=true&gzip=true	cmag_813.fna.gz
cmag_814	ERR7167063_bin.17	ERZ12818953	GCA_946498935	https://www.ebi.ac.uk/ena/browser/api/fasta/GCA_946498935?download=true&gzip=true	cmag_814.fna.gz
cmag_815	ERR7167063_bin.29	ERZ12818976	GCA_946500585	https://www.ebi.ac.uk/ena/browser/api/fasta/GCA_946500585?download=true&gzip=true	cmag_815.fna.gz
cmag_816	ERR7167063_bin.30	ERZ12818652	GCA_946496755	https://www.ebi.ac.uk/ena/browser/api/fasta/GCA_946496755?download=true&gzip=true	cmag_816.fna.gz
cmag_817	ERR7167063_bin.32	ERZ12818942	GCA_946498425	https://www.ebi.ac.uk/ena/browser/api/fasta/GCA_946498425?download=true&gzip=true	cmag_817.fna.gz
cmag_818	ERR7167064_bin.1	ERZ12819040	GCA_946497885	https://www.ebi.ac.uk/ena/browser/api/fasta/GCA_946497885?download=true&gzip=true	cmag_818.fna.gz
cmag_819	ERR7167064_bin.22	ERZ12818922	GCA_946500425	https://www.ebi.ac.uk/ena/browser/api/fasta/GCA_946500425?download=true&gzip=true	cmag_819.fna.gz
cmag_820	ERR7167064_bin.37	ERZ12819075	GCA_946497345	https://www.ebi.ac.uk/ena/browser/api/fasta/GCA_946497345?download=true&gzip=true	cmag_820.fna.gz
cmag_821	ERR7167064_bin.48	ERZ12818724	GCA_946499995	https://www.ebi.ac.uk/ena/browser/api/fasta/GCA_946499995?download=true&gzip=true	cmag_821.fna.gz
cmag_822	ERR7167219_bin.12	ERZ12818895	GCA_946500325	https://www.ebi.ac.uk/ena/browser/api/fasta/GCA_946500325?download=true&gzip=true	cmag_822.fna.gz
cmag_823	ERR7167219_bin.2	ERZ12818621	GCA_946499535	https://www.ebi.ac.uk/ena/browser/api/fasta/GCA_946499535?download=true&gzip=true	cmag_823.fna.gz
cmag_824	ERR7167219_bin.28	ERZ12818901	GCA_946500275	https://www.ebi.ac.uk/ena/browser/api/fasta/GCA_946500275?download=true&gzip=true	cmag_824.fna.gz
cmag_825	ERR7167219_bin.7	ERZ12819066	GCA_946500595	https://www.ebi.ac.uk/ena/browser/api/fasta/GCA_946500595?download=true&gzip=true	cmag_825.fna.gz
