sha256	path
134f530bfe08f54b7b33c00554cf9470ea08078981092d48f02d406b57691298	/projects/alberdilab/scratch/jpl786/projects/gifter-r10-chicken/tasks/01-mag-acquisition/mags/cmag_001.fna.gz
0d6da150b9aa27596464f1ca2afa22fd57914b1de19e82a151dd8bc8fe919cfe	/projects/alberdilab/scratch/jpl786/projects/gifter-r10-chicken/tasks/01-mag-acquisition/mags/cmag_002.fna.gz
529725d2b9df14f9bb421ada1f3e8fddf67193cf0f837d60e4cd336ae3ef7945	/projects/alberdilab/scratch/jpl786/projects/gifter-r10-chicken/tasks/01-mag-acquisition/mags/cmag_003.fna.gz
00c16cb64b1957d1f7845931d44476f283021f454c87d3c2dc00145a49729f66	/projects/alberdilab/scratch/jpl786/projects/gifter-r10-chicken/tasks/01-mag-acquisition/mags/cmag_004.fna.gz
55557ed4329ad0675261817baf9365bce61fedf937da2309b6b70cc430a8d878	/projects/alberdilab/scratch/jpl786/projects/gifter-r10-chicken/tasks/01-mag-acquisition/mags/cmag_005.fna.gz
cb294660f39f52929f7c4ab55f415c143c9b0f35b3e1c071bdd229af3efcc27c	/projects/alberdilab/scratch/jpl786/projects/gifter-r10-chicken/tasks/01-mag-acquisition/mags/cmag_006.fna.gz
15a3b77be65195ef1b3979fe53ea06f9804406bb7fcf86be073f408b4009b6c8	/projects/alberdilab/scratch/jpl786/projects/gifter-r10-chicken/tasks/01-mag-acquisition/mags/cmag_007.fna.gz
3d26eee8d04df2bd03258d3c20ddf302985dfc76ba25d227c192d075306513af	/projects/alberdilab/scratch/jpl786/projects/gifter-r10-chicken/tasks/01-mag-acquisition/mags/cmag_008.fna.gz
461bc92234ac72152eaa49743d626f7da2d07e7ac960eccb2f87c27b32b6501e	/projects/alberdilab/scratch/jpl786/projects/gifter-r10-chicken/tasks/01-mag-acquisition/mags/cmag_009.fna.gz
58539310ef77eee656fe99d239fb8e13cae195dc290002982b883b2778a58985	/projects/alberdilab/scratch/jpl786/projects/gifter-r10-chicken/tasks/01-mag-acquisition/mags/cmag_010.fna.gz
297fc56b23e0a0b12d0d8cc81327fdd6ef5336fc755adb209c75f83f2f44454c	/projects/alberdilab/scratch/jpl786/projects/gifter-r10-chicken/tasks/01-mag-acquisition/mags/cmag_011.fna.gz
ccec223e55759e13e987570a038652dee10022c6923472cff3c453741e78b742	/projects/alberdilab/scratch/jpl786/projects/gifter-r10-chicken/tasks/01-mag-acquisition/mags/cmag_012.fna.gz
be987282aa4e0b2eacd4d5795ad568c878e6b3654c8ac7fe984700b6d393bf17	/projects/alberdilab/scratch/jpl786/projects/gifter-r10-chicken/tasks/01-mag-acquisition/mags/cmag_013.fna.gz
9555c4c66c96e521b9281111eca3a7086faa5bc45ced4573e54552ca1c6e06c7	/projects/alberdilab/scratch/jpl786/projects/gifter-r10-chicken/tasks/01-mag-acquisition/mags/cmag_014.fna.gz
2882985448643111f61d95bbb96eb7453b6c1eafe2f9cc241fea95e3c8c6ab2d	/projects/alberdilab/scratch/jpl786/projects/gifter-r10-chicken/tasks/01-mag-acquisition/mags/cmag_015.fna.gz
feafe9a3df9ed69dc94beb90973cd731428378890e7787ead49a609b51af877f	/projects/alberdilab/scratch/jpl786/projects/gifter-r10-chicken/tasks/01-mag-acquisition/mags/cmag_016.fna.gz
be2610459928702f78506bef51c58998eca041e5da210a02ab9f89a355fcdbbd	/projects/alberdilab/scratch/jpl786/projects/gifter-r10-chicken/tasks/01-mag-acquisition/mags/cmag_017.fna.gz
e111956cee1b3ae6c0c2bc294ad3dd4028eb6945196b3a0d8faaf9fd8b7eb621	/projects/alberdilab/scratch/jpl786/projects/gifter-r10-chicken/tasks/01-mag-acquisition/mags/cmag_018.fna.gz
16d39e29ed7e30f0b137b96e59d2e554f2b527a989ac3b3dc02693fe93ac497d	/projects/alberdilab/scratch/jpl786/projects/gifter-r10-chicken/tasks/01-mag-acquisition/mags/cmag_019.fna.gz
b3a35155dfafe0444e2e16ed8a48ed169d2e7605e653a2e9165f4b1e4ea7c854	/projects/alberdilab/scratch/jpl786/projects/gifter-r10-chicken/tasks/01-mag-acquisition/mags/cmag_020.fna.gz
448a97c21b9eadd22bc6c57e45a2683355ccd00cbc0bb3f4d8106d47d100c48c	/projects/alberdilab/scratch/jpl786/projects/gifter-r10-chicken/tasks/01-mag-acquisition/mags/cmag_021.fna.gz
ded977f6e95a5c945b62048dc70f0a4cde1ea0fc3e317796a785006e9447d6cf	/projects/alberdilab/scratch/jpl786/projects/gifter-r10-chicken/tasks/01-mag-acquisition/mags/cmag_022.fna.gz
7a7006502ea22b4b03206efd40d7a707072c5ddbbe3c1da4d5cc33b21bc7c182	/projects/alberdilab/scratch/jpl786/projects/gifter-r10-chicken/tasks/01-mag-acquisition/mags/cmag_023.fna.gz
d9ae8841b353e4cdea206fd7892ac11c6b28725f6d3c815911311fa8dc71dd05	/projects/alberdilab/scratch/jpl786/projects/gifter-r10-chicken/tasks/01-mag-acquisition/mags/cmag_024.fna.gz
4eace80ac0012ce776af8f326b60745c787a45bc94f05bf0463f816e4b576907	/projects/alberdilab/scratch/jpl786/projects/gifter-r10-chicken/tasks/01-mag-acquisition/mags/cmag_025.fna.gz
b277fab19f11ec0c966fe4ee2584b9f03c18207459131fce345967f67635ca83	/projects/alberdilab/scratch/jpl786/projects/gifter-r10-chicken/tasks/01-mag-acquisition/mags/cmag_026.fna.gz
1f2d5ecb2222d4cb4176392256448ec4021955b87164a800ab3731249bafa6cf	/projects/alberdilab/scratch/jpl786/projects/gifter-r10-chicken/tasks/01-mag-acquisition/mags/cmag_027.fna.gz
4bba1826a0ab4f374ff10e6cecdd6e04460f1f2c2f01f6b1afdbc67c1af6a7a5	/projects/alberdilab/scratch/jpl786/projects/gifter-r10-chicken/tasks/01-mag-acquisition/mags/cmag_028.fna.gz
833deefe28451d7354153728b6376ade90d3859b5a2ed39fe1a91bb3b5fd3c07	/projects/alberdilab/scratch/jpl786/projects/gifter-r10-chicken/tasks/01-mag-acquisition/mags/cmag_029.fna.gz
065916afcfe6c2628d9d435be32316fa8454f5fec9845b27e36792fcf8cd7bae	/projects/alberdilab/scratch/jpl786/projects/gifter-r10-chicken/tasks/01-mag-acquisition/mags/cmag_030.fna.gz
83978a329b4cb5127814dfe183f83acfa8d62bc35c5b1bed17d5518321750ad2	/projects/alberdilab/scratch/jpl786/projects/gifter-r10-chicken/tasks/01-mag-acquisition/mags/cmag_031.fna.gz
018c21b0e67175e79804886ccc8f4197aac108012bf451c5a1e735c701acf114	/projects/alberdilab/scratch/jpl786/projects/gifter-r10-chicken/tasks/01-mag-acquisition/mags/cmag_032.fna.gz
706d768c49ce3e4d5a496c8bcf1f499a83af49fc207010fb16150f1a96c2e9d7	/projects/alberdilab/scratch/jpl786/projects/gifter-r10-chicken/tasks/01-mag-acquisition/mags/cmag_033.fna.gz
39d6f3d0b471518e46a004b60cdd758691e4dbdd4f1beed5163efe9e9c852211	/projects/alberdilab/scratch/jpl786/projects/gifter-r10-chicken/tasks/01-mag-acquisition/mags/cmag_034.fna.gz
567102838201029dd1079d9ee64f5ec043c0b4d5e23acea0942f3177cebde01b	/projects/alberdilab/scratch/jpl786/projects/gifter-r10-chicken/tasks/01-mag-acquisition/mags/cmag_035.fna.gz
b4cba8d963ec86c631baf5ef5c746d459305bf7a1a67739e8cfc350fc603d0a4	/projects/alberdilab/scratch/jpl786/projects/gifter-r10-chicken/tasks/01-mag-acquisition/mags/cmag_036.fna.gz
c1a514ca06b181147e9b686e0022829cce1ec8df05606d21b5bfbdf682c044ed	/projects/alberdilab/scratch/jpl786/projects/gifter-r10-chicken/tasks/01-mag-acquisition/mags/cmag_037.fna.gz
b4cfca611f6ed298d513cfb359fe245ca7c120f92c53ea34cd13e975404d6ace	/projects/alberdilab/scratch/jpl786/projects/gifter-r10-chicken/tasks/01-mag-acquisition/mags/cmag_038.fna.gz
9083dd3ebc0a00ace2462bfedc628f6d8c4530f187546b575f441ff7c7b99dc4	/projects/alberdilab/scratch/jpl786/projects/gifter-r10-chicken/tasks/01-mag-acquisition/mags/cmag_039.fna.gz
1fdcfafac35e451118b3ee5ceb639aaa37e5568b85ab2e719d837054ae9727aa	/projects/alberdilab/scratch/jpl786/projects/gifter-r10-chicken/tasks/01-mag-acquisition/mags/cmag_040.fna.gz
a678c17a245ca6ab1dbc0b223215ef6db447d0102965730d1f29c2f12099b4e5	/projects/alberdilab/scratch/jpl786/projects/gifter-r10-chicken/tasks/01-mag-acquisition/mags/cmag_041.fna.gz
5ae0c4af618d4dec7d276e344b095657770cb7329e2f6dff90f3e0930c05d5c2	/projects/alberdilab/scratch/jpl786/projects/gifter-r10-chicken/tasks/01-mag-acquisition/mags/cmag_042.fna.gz
7be2621db47898612a35bbf12a8ac6cfa18b34843ae8a329721475033054bee4	/projects/alberdilab/scratch/jpl786/projects/gifter-r10-chicken/tasks/01-mag-acquisition/mags/cmag_043.fna.gz
9a54e995225131475928be51f3f1b4e7d9c4074a90292f6eafdeeb53e6e3e303	/projects/alberdilab/scratch/jpl786/projects/gifter-r10-chicken/tasks/01-mag-acquisition/mags/cmag_044.fna.gz
905a2b410c76c6a7dbf658d77b3ee14759ebc6e13f9cd5ff1b011b5610b6b2dc	/projects/alberdilab/scratch/jpl786/projects/gifter-r10-chicken/tasks/01-mag-acquisition/mags/cmag_045.fna.gz
e0fa640769e99334a0c4df399dd60128de6f03e3087b7fe41186e35da8a002a4	/projects/alberdilab/scratch/jpl786/projects/gifter-r10-chicken/tasks/01-mag-acquisition/mags/cmag_046.fna.gz
c4b688b39c91a2d4417b1efca6b5837424fbfd6c42613f8d88c1c7ba8ab2c9ee	/projects/alberdilab/scratch/jpl786/projects/gifter-r10-chicken/tasks/01-mag-acquisition/mags/cmag_047.fna.gz
06b48a684f37aba18abffc9fb782b8ab93928d2793d50c1b7d9f67ecdd6823bb	/projects/alberdilab/scratch/jpl786/projects/gifter-r10-chicken/tasks/01-mag-acquisition/mags/cmag_048.fna.gz
b8a2fb0cd95ce7ad139736a9d46739f8e4ffc6b491fcd647dd8b76cd62e9d163	/projects/alberdilab/scratch/jpl786/projects/gifter-r10-chicken/tasks/01-mag-acquisition/mags/cmag_049.fna.gz
d3edd0ca1091444b2a618b59fd81bbc59fc6d080655b13c085dce3e52c69cf03	/projects/alberdilab/scratch/jpl786/projects/gifter-r10-chicken/tasks/01-mag-acquisition/mags/cmag_050.fna.gz
6db7e04f0fabbc18b37f2dfc4f51c3d17f47005acea2352b3b4d752d0c85d4c7	/projects/alberdilab/scratch/jpl786/projects/gifter-r10-chicken/tasks/01-mag-acquisition/mags/cmag_051.fna.gz
6785a9ecefcb0435e6edb568cb2ba7089432f328752a0768abdc05cacb2e643f	/projects/alberdilab/scratch/jpl786/projects/gifter-r10-chicken/tasks/01-mag-acquisition/mags/cmag_052.fna.gz
3ed1579c8215654cc8068f38a7be647a6dba060858265a07bcd86e873e039b69	/projects/alberdilab/scratch/jpl786/projects/gifter-r10-chicken/tasks/01-mag-acquisition/mags/cmag_053.fna.gz
1a697c2358e6ac9b549306a37c46d5e13e662d49eee91dc3e645e7903d948db4	/projects/alberdilab/scratch/jpl786/projects/gifter-r10-chicken/tasks/01-mag-acquisition/mags/cmag_054.fna.gz
3e3d3622a49a1be66fc099e46bc2e8566665803e50468eda8896f098ee7a8ada	/projects/alberdilab/scratch/jpl786/projects/gifter-r10-chicken/tasks/01-mag-acquisition/mags/cmag_055.fna.gz
37d91bf1864068f2a76f42fdd7a7aa625a1835dbe1d6d84da9081677b2a6f151	/projects/alberdilab/scratch/jpl786/projects/gifter-r10-chicken/tasks/01-mag-acquisition/mags/cmag_056.fna.gz
22de940ff9c42e7f2f152abc8d53684df7542b323421fbc2d8d6b93f87f82962	/projects/alberdilab/scratch/jpl786/projects/gifter-r10-chicken/tasks/01-mag-acquisition/mags/cmag_057.fna.gz
76a3128ddc7a5c01effa013f99cf6022a579da85baaeba7522ffd0197b90e801	/projects/alberdilab/scratch/jpl786/projects/gifter-r10-chicken/tasks/01-mag-acquisition/mags/cmag_058.fna.gz
753406deb9a4a2003d1e41fff170b7a7f345711c53414d2221ef11aebac879b0	/projects/alberdilab/scratch/jpl786/projects/gifter-r10-chicken/tasks/01-mag-acquisition/mags/cmag_059.fna.gz
e3d975bef5310253a509af82a106949c5d5f79de96a3f89f515ada47bd77c294	/projects/alberdilab/scratch/jpl786/projects/gifter-r10-chicken/tasks/01-mag-acquisition/mags/cmag_060.fna.gz
3a3c27f59f57161308c0fb6ebd81ef554f404ca5803afb7620936b1db0b2d6c1	/projects/alberdilab/scratch/jpl786/projects/gifter-r10-chicken/tasks/01-mag-acquisition/mags/cmag_061.fna.gz
85d0015850f146dff94f1c78f3abb3b141c5a6a5b4f06feb4c0a529a9f618477	/projects/alberdilab/scratch/jpl786/projects/gifter-r10-chicken/tasks/01-mag-acquisition/mags/cmag_062.fna.gz
e3186a8485deaebaafd0657e58006e12256175d09fe0bea9dedce3e369f707e9	/projects/alberdilab/scratch/jpl786/projects/gifter-r10-chicken/tasks/01-mag-acquisition/mags/cmag_063.fna.gz
f5106652ef680a1c8480e87cc84069fc06a0f9d9bc7d773efa121eb858ef186f	/projects/alberdilab/scratch/jpl786/projects/gifter-r10-chicken/tasks/01-mag-acquisition/mags/cmag_064.fna.gz
c4d3f39758bfb058327786271975900667ec5f2bbcb030d7fe09f3ef9fcf3a95	/projects/alberdilab/scratch/jpl786/projects/gifter-r10-chicken/tasks/01-mag-acquisition/mags/cmag_065.fna.gz
e7b9c580e36600e0e115c1d3d405cb9cbdaecf26a2b09471fad04ba09d1006ab	/projects/alberdilab/scratch/jpl786/projects/gifter-r10-chicken/tasks/01-mag-acquisition/mags/cmag_066.fna.gz
a6477a1d7aeaf29c230cc569cae7594dc9c8987d15112101c829ad4c32508d09	/projects/alberdilab/scratch/jpl786/projects/gifter-r10-chicken/tasks/01-mag-acquisition/mags/cmag_067.fna.gz
aa65232a4da0ef19579f433371bc2ee238d96fe64c7a2470c48f4399b719f6af	/projects/alberdilab/scratch/jpl786/projects/gifter-r10-chicken/tasks/01-mag-acquisition/mags/cmag_068.fna.gz
b71f57f63df7f45bd6c24e9901d274c68351019a6fae00e76457554fed9ad104	/projects/alberdilab/scratch/jpl786/projects/gifter-r10-chicken/tasks/01-mag-acquisition/mags/cmag_069.fna.gz
445b1ef5448f16c7111e6391b7f57c1a33bd6718723fe4d12adaf352cea939d5	/projects/alberdilab/scratch/jpl786/projects/gifter-r10-chicken/tasks/01-mag-acquisition/mags/cmag_070.fna.gz
13a99c9c4107fb1136c2b3cf3661dfc346185cab1ded8ea6c88a9506324b1ba3	/projects/alberdilab/scratch/jpl786/projects/gifter-r10-chicken/tasks/01-mag-acquisition/mags/cmag_071.fna.gz
ea441e62d2cf65bc1bf846f65d84e86d051667d1cf8a8a76bd4afc771c9d824e	/projects/alberdilab/scratch/jpl786/projects/gifter-r10-chicken/tasks/01-mag-acquisition/mags/cmag_072.fna.gz
fe16fff26ef8dd5696daaed54dbaf3266a6f604ab0068e352651defb128ad38a	/projects/alberdilab/scratch/jpl786/projects/gifter-r10-chicken/tasks/01-mag-acquisition/mags/cmag_073.fna.gz
e92fae611c323ae5729ce919a6c13922052a83a6215b713e9f3623f2e082002c	/projects/alberdilab/scratch/jpl786/projects/gifter-r10-chicken/tasks/01-mag-acquisition/mags/cmag_074.fna.gz
68d7250fed450506eebe75ae515947b7b7a359b97a610ed65aacf615d37bc2f9	/projects/alberdilab/scratch/jpl786/projects/gifter-r10-chicken/tasks/01-mag-acquisition/mags/cmag_075.fna.gz
36d86959064306890e1de9d6d77b0dc495f986e0fbf0c3ee8cefd55911d1b702	/projects/alberdilab/scratch/jpl786/projects/gifter-r10-chicken/tasks/01-mag-acquisition/mags/cmag_076.fna.gz
de84de3defa90dd10574f19cb4f2e30dcb3fc2daf000f9fdaf7696c5410bacab	/projects/alberdilab/scratch/jpl786/projects/gifter-r10-chicken/tasks/01-mag-acquisition/mags/cmag_077.fna.gz
864e09e049dfa3e22f50fd95c00e99ba86400d391653b3afe3e237dccc4976bd	/projects/alberdilab/scratch/jpl786/projects/gifter-r10-chicken/tasks/01-mag-acquisition/mags/cmag_078.fna.gz
5ecb3c3cf530d5317b1dfef46a76d1f55a65358ed74962bb06bdb05ce5fac7f0	/projects/alberdilab/scratch/jpl786/projects/gifter-r10-chicken/tasks/01-mag-acquisition/mags/cmag_079.fna.gz
392a6d71e128eb7c8ea4c51c6b4bbdef4d030a05a0b66b7278644d9a6062e1eb	/projects/alberdilab/scratch/jpl786/projects/gifter-r10-chicken/tasks/01-mag-acquisition/mags/cmag_080.fna.gz
74147370770184d2409f23fc29fd7b0f740da26b7c2a6daba639aae4fb4a9f21	/projects/alberdilab/scratch/jpl786/projects/gifter-r10-chicken/tasks/01-mag-acquisition/mags/cmag_081.fna.gz
75e633ab47f4d4ce32770658e7e9b5af0ac6f239ace2e678c0a73189359bc371	/projects/alberdilab/scratch/jpl786/projects/gifter-r10-chicken/tasks/01-mag-acquisition/mags/cmag_082.fna.gz
35057542ae338f915b98e74032e26a18c5b22e258ddbf8b590f20d194b3542dc	/projects/alberdilab/scratch/jpl786/projects/gifter-r10-chicken/tasks/01-mag-acquisition/mags/cmag_083.fna.gz
25faaa1f7d9f995fe7c1eb6e3951d950368f7f705b5439fe63df45d3c8167c8f	/projects/alberdilab/scratch/jpl786/projects/gifter-r10-chicken/tasks/01-mag-acquisition/mags/cmag_084.fna.gz
84fe476b8eb68b835d2e1dc8cc63c58e49c245ff2842db54a572fc4f2eb490fb	/projects/alberdilab/scratch/jpl786/projects/gifter-r10-chicken/tasks/01-mag-acquisition/mags/cmag_085.fna.gz
cdb3cbc2989014aff22d121645827977a144b2f1fbac3229cb72a4b117d050c5	/projects/alberdilab/scratch/jpl786/projects/gifter-r10-chicken/tasks/01-mag-acquisition/mags/cmag_086.fna.gz
19c337eea666ad2a5e1a1126372aaf909121301e9de3d9c4dc20c02c83e3cbbc	/projects/alberdilab/scratch/jpl786/projects/gifter-r10-chicken/tasks/01-mag-acquisition/mags/cmag_087.fna.gz
b1533f9cae7eb2526e770a4375a4f3a3067a968e8a8cbd1a085c888163e60d52	/projects/alberdilab/scratch/jpl786/projects/gifter-r10-chicken/tasks/01-mag-acquisition/mags/cmag_088.fna.gz
1b3bf2c185e9840352c26c8053880b6f4e7cb8cbca79f4d97b4a0af861abd6ba	/projects/alberdilab/scratch/jpl786/projects/gifter-r10-chicken/tasks/01-mag-acquisition/mags/cmag_089.fna.gz
530496bd8f8d8386c5072cb6bb9855cda903ed4268c86cea947e41941ffe11e2	/projects/alberdilab/scratch/jpl786/projects/gifter-r10-chicken/tasks/01-mag-acquisition/mags/cmag_090.fna.gz
595f45b349b144d4bebc27524a5de1130ec9d1210113b9b6d398d2e6e1cbd02d	/projects/alberdilab/scratch/jpl786/projects/gifter-r10-chicken/tasks/01-mag-acquisition/mags/cmag_091.fna.gz
98d421e9ee8b60da36449542cafbabe7478872ac36568b26278268118bfb5924	/projects/alberdilab/scratch/jpl786/projects/gifter-r10-chicken/tasks/01-mag-acquisition/mags/cmag_092.fna.gz
de9d75faed57d2bb041fd3b69c327658f24fe0d8e53a0c936a60609fdbc0ab70	/projects/alberdilab/scratch/jpl786/projects/gifter-r10-chicken/tasks/01-mag-acquisition/mags/cmag_093.fna.gz
e9b6b8cfb148f9a4f4c5c8a1efe4770421ac342c8438f2452cd6ecb395e5339a	/projects/alberdilab/scratch/jpl786/projects/gifter-r10-chicken/tasks/01-mag-acquisition/mags/cmag_094.fna.gz
1ba10b2daca6663b1b5edd920d59cadc2ea560511b39b5ebcf31885ce687d7b4	/projects/alberdilab/scratch/jpl786/projects/gifter-r10-chicken/tasks/01-mag-acquisition/mags/cmag_095.fna.gz
3af2b167c1b6ce47ef6b14b36253fcae08b40c2b0a8a1b493f2826ad31ab3dc1	/projects/alberdilab/scratch/jpl786/projects/gifter-r10-chicken/tasks/01-mag-acquisition/mags/cmag_096.fna.gz
e1edb1fe60c623130da153629b11867825effe309dec7da411bc92a973644ef3	/projects/alberdilab/scratch/jpl786/projects/gifter-r10-chicken/tasks/01-mag-acquisition/mags/cmag_097.fna.gz
52bac578b504667bd14d31c966e8692230ab3c29ca6613563f1ec745690f26cc	/projects/alberdilab/scratch/jpl786/projects/gifter-r10-chicken/tasks/01-mag-acquisition/mags/cmag_098.fna.gz
d1c709a425126799a403e7a5d1dfefd1faf832e5ccc20af318687a20f8b24227	/projects/alberdilab/scratch/jpl786/projects/gifter-r10-chicken/tasks/01-mag-acquisition/mags/cmag_099.fna.gz
fcb0776eb5fa73fbb853b9b40fac402329649233e04c3ddb9c5027ab21037938	/projects/alberdilab/scratch/jpl786/projects/gifter-r10-chicken/tasks/01-mag-acquisition/mags/cmag_100.fna.gz
67105135671ed1778b94e724237f8950fdb873918c4c13e8c39df767196058c1	/projects/alberdilab/scratch/jpl786/projects/gifter-r10-chicken/tasks/01-mag-acquisition/mags/cmag_101.fna.gz
609b1cb5827c5f720255e46e8f22985bff5bb1b661428b711fa87d95ebfb0d3b	/projects/alberdilab/scratch/jpl786/projects/gifter-r10-chicken/tasks/01-mag-acquisition/mags/cmag_102.fna.gz
11a66fc62c1bb104759c620e2819120adbedaef4d3126805cd18efcfea61f977	/projects/alberdilab/scratch/jpl786/projects/gifter-r10-chicken/tasks/01-mag-acquisition/mags/cmag_103.fna.gz
42e30d5e250402f20dec8a44d5771291ee34c48dd60d54b00fd5816c9cea6784	/projects/alberdilab/scratch/jpl786/projects/gifter-r10-chicken/tasks/01-mag-acquisition/mags/cmag_104.fna.gz
bdc587b030c506131696f5e3f1411867061a1e0d65d8deecb7d527d71f7efd9e	/projects/alberdilab/scratch/jpl786/projects/gifter-r10-chicken/tasks/01-mag-acquisition/mags/cmag_105.fna.gz
4d9e857b7f0ca3a8f93de991020af2816c933f98cd9aed840ab7c39acad18dad	/projects/alberdilab/scratch/jpl786/projects/gifter-r10-chicken/tasks/01-mag-acquisition/mags/cmag_106.fna.gz
7976d5345e3d4e361f63f5999a1ed01461577b3c69f8617c6b282d6ca18a5a61	/projects/alberdilab/scratch/jpl786/projects/gifter-r10-chicken/tasks/01-mag-acquisition/mags/cmag_107.fna.gz
f563ab99da5a0ede26b0dd3a3f9b18f0116323fab65c980eb387f495f9f3b750	/projects/alberdilab/scratch/jpl786/projects/gifter-r10-chicken/tasks/01-mag-acquisition/mags/cmag_108.fna.gz
cab7bd27e5b9cd6c403d310ce543747f5e6bb0434bceffe9566e552601343c68	/projects/alberdilab/scratch/jpl786/projects/gifter-r10-chicken/tasks/01-mag-acquisition/mags/cmag_109.fna.gz
d5acf450b87f52905282f5b824bd3a5c6ef48536b5e4b7a8b38b6a0e7e77a56c	/projects/alberdilab/scratch/jpl786/projects/gifter-r10-chicken/tasks/01-mag-acquisition/mags/cmag_110.fna.gz
fab993db7d2c83b0b40caad7d7a165116e629d06a9d1aaf045f8081da67a203d	/projects/alberdilab/scratch/jpl786/projects/gifter-r10-chicken/tasks/01-mag-acquisition/mags/cmag_111.fna.gz
de210e473714f7cc2516b961bfdee78114b3fd2c923f6015cbdd6b24531facd0	/projects/alberdilab/scratch/jpl786/projects/gifter-r10-chicken/tasks/01-mag-acquisition/mags/cmag_112.fna.gz
0eb46843a4ec0a08306f92b9de26783cae1695c519499d76435aac70097b9333	/projects/alberdilab/scratch/jpl786/projects/gifter-r10-chicken/tasks/01-mag-acquisition/mags/cmag_113.fna.gz
4e572d58da8e18e663417f0990dd936584063c173f90ebed51c2376586c79faa	/projects/alberdilab/scratch/jpl786/projects/gifter-r10-chicken/tasks/01-mag-acquisition/mags/cmag_114.fna.gz
436e49631b0092aba79e6f9e553dc9fa05d67a3e3a42bffaab9443e840ed4156	/projects/alberdilab/scratch/jpl786/projects/gifter-r10-chicken/tasks/01-mag-acquisition/mags/cmag_115.fna.gz
8f35f4a94b99ac3198cd9ba9995015be70f131a1b000fc70ef3ed74c4a378733	/projects/alberdilab/scratch/jpl786/projects/gifter-r10-chicken/tasks/01-mag-acquisition/mags/cmag_116.fna.gz
6b49bf75fe2b731ac548e1eb28202372ad01766cf585a6197382d58772ac56f0	/projects/alberdilab/scratch/jpl786/projects/gifter-r10-chicken/tasks/01-mag-acquisition/mags/cmag_117.fna.gz
6b2fc34235b4f9f32863ecef42a3f9585a0350b7ed75e0ef61de5d9d93bb4095	/projects/alberdilab/scratch/jpl786/projects/gifter-r10-chicken/tasks/01-mag-acquisition/mags/cmag_118.fna.gz
34d2f3dd41dd847712e5feae3fbb24e85fbbdbd3269f4ce41c0cb007748dac5b	/projects/alberdilab/scratch/jpl786/projects/gifter-r10-chicken/tasks/01-mag-acquisition/mags/cmag_119.fna.gz
0f68e8663268f73ae48f1c66d507e791bb2ce39e0463eb237446c187836e753e	/projects/alberdilab/scratch/jpl786/projects/gifter-r10-chicken/tasks/01-mag-acquisition/mags/cmag_120.fna.gz
ff69ec497d3d45c14d7ac130ebbc603d476ee6afc2e0a3860392af766f10d0a7	/projects/alberdilab/scratch/jpl786/projects/gifter-r10-chicken/tasks/01-mag-acquisition/mags/cmag_121.fna.gz
31f243cc61773acedbb52799cde7dca8eb0b782b3ed713f649cfec20dd681a71	/projects/alberdilab/scratch/jpl786/projects/gifter-r10-chicken/tasks/01-mag-acquisition/mags/cmag_122.fna.gz
770f06bd3c39b7fe325f0635c20576032394addcc8e18995ee775121867f90a1	/projects/alberdilab/scratch/jpl786/projects/gifter-r10-chicken/tasks/01-mag-acquisition/mags/cmag_123.fna.gz
274ad9e43014aed2b59a0224d3a5a9b85f5e1d21ef75c41a380e771c17bdca13	/projects/alberdilab/scratch/jpl786/projects/gifter-r10-chicken/tasks/01-mag-acquisition/mags/cmag_124.fna.gz
ba85c188a0da44a423059760cbacd8f640f3644d77bf8dbd516d346f11b00229	/projects/alberdilab/scratch/jpl786/projects/gifter-r10-chicken/tasks/01-mag-acquisition/mags/cmag_125.fna.gz
afe2f2469e18eb14bd66a7b065400df0a28066452d36d50360ed0ad505cdd277	/projects/alberdilab/scratch/jpl786/projects/gifter-r10-chicken/tasks/01-mag-acquisition/mags/cmag_126.fna.gz
fbb74a6e60f75ce25f02b07b1efcf87265cd93a352f9e4fef1972da1b4289fcb	/projects/alberdilab/scratch/jpl786/projects/gifter-r10-chicken/tasks/01-mag-acquisition/mags/cmag_127.fna.gz
6d5fc892f77351b4fcceed81f7d6b8c9e3d849d4b5a7c4001b8939c60a5333c9	/projects/alberdilab/scratch/jpl786/projects/gifter-r10-chicken/tasks/01-mag-acquisition/mags/cmag_128.fna.gz
eea43073d7991270e277c75ff49c6b25d41c3ce555d55fc725b5b36481ea3623	/projects/alberdilab/scratch/jpl786/projects/gifter-r10-chicken/tasks/01-mag-acquisition/mags/cmag_129.fna.gz
0424a701dace560559bd7af238e7f5504eba074789700de1ca4d85c1070de7ed	/projects/alberdilab/scratch/jpl786/projects/gifter-r10-chicken/tasks/01-mag-acquisition/mags/cmag_130.fna.gz
4030fc9a4e5a29955284ad2a9d5833364b87f68631ae84922d94d983864aa70e	/projects/alberdilab/scratch/jpl786/projects/gifter-r10-chicken/tasks/01-mag-acquisition/mags/cmag_131.fna.gz
1c86a7ae187dc50b908b6e40c6fd028894bf77f86f1af9922af83577880ef1dd	/projects/alberdilab/scratch/jpl786/projects/gifter-r10-chicken/tasks/01-mag-acquisition/mags/cmag_132.fna.gz
2a6d6d9353f021ed9e86a3532c8d8e9b7e4b793a1d7644c614dad9bdcca7d707	/projects/alberdilab/scratch/jpl786/projects/gifter-r10-chicken/tasks/01-mag-acquisition/mags/cmag_133.fna.gz
5e631522bd79019cd9383131a0d8c6bd9d3c9c99f2f6aefe2e25f9153fa225da	/projects/alberdilab/scratch/jpl786/projects/gifter-r10-chicken/tasks/01-mag-acquisition/mags/cmag_134.fna.gz
9330187e7e5e0a074776502e23c4c53ad90607b46d0e946714330fbba3be32ea	/projects/alberdilab/scratch/jpl786/projects/gifter-r10-chicken/tasks/01-mag-acquisition/mags/cmag_135.fna.gz
43fc84e71c859be63e90fe04c75909daf6661a8c8b0382518b9348b7e8aeaa10	/projects/alberdilab/scratch/jpl786/projects/gifter-r10-chicken/tasks/01-mag-acquisition/mags/cmag_136.fna.gz
3157fc890e0c86d73d7269069f0ac36dc8aea473fc75df745bdaca7ee7e2007a	/projects/alberdilab/scratch/jpl786/projects/gifter-r10-chicken/tasks/01-mag-acquisition/mags/cmag_137.fna.gz
04c298624d292444d66e9fc70cccad022b9e9ce06fa687139b44924dc6a57540	/projects/alberdilab/scratch/jpl786/projects/gifter-r10-chicken/tasks/01-mag-acquisition/mags/cmag_138.fna.gz
792e0b4af5992df3b8819e2653682cace6070cc2afcb48777d3806ab0f1d3558	/projects/alberdilab/scratch/jpl786/projects/gifter-r10-chicken/tasks/01-mag-acquisition/mags/cmag_139.fna.gz
113035155265ff3cf474f355b75bd2db5be4f2c14544859fbed005b137215229	/projects/alberdilab/scratch/jpl786/projects/gifter-r10-chicken/tasks/01-mag-acquisition/mags/cmag_140.fna.gz
ef56a972a115709c3b772d05481a25fe5d32dc5b965add3d7ecca481994f4b47	/projects/alberdilab/scratch/jpl786/projects/gifter-r10-chicken/tasks/01-mag-acquisition/mags/cmag_141.fna.gz
22e65d4d265258d9edd6584c08bb3a2c2467033c9630b95b4b3e10347d67fd86	/projects/alberdilab/scratch/jpl786/projects/gifter-r10-chicken/tasks/01-mag-acquisition/mags/cmag_142.fna.gz
f55809bb7115950568a9f3bc4f83a96c7a9e6d7660a0db01292e2971d4a45fb7	/projects/alberdilab/scratch/jpl786/projects/gifter-r10-chicken/tasks/01-mag-acquisition/mags/cmag_143.fna.gz
4dd39919bf947084fc0a86ee5f0efda997b86e03b7dba947a9c65f00ce6ce2f0	/projects/alberdilab/scratch/jpl786/projects/gifter-r10-chicken/tasks/01-mag-acquisition/mags/cmag_144.fna.gz
58a766d3176999794553cb4abbab54dfa5ce29df61fb56ae7af4437db2f9f530	/projects/alberdilab/scratch/jpl786/projects/gifter-r10-chicken/tasks/01-mag-acquisition/mags/cmag_145.fna.gz
d9f87a3d6281205632063e92c6eead26f5eddcf4793996edcee226c52a436062	/projects/alberdilab/scratch/jpl786/projects/gifter-r10-chicken/tasks/01-mag-acquisition/mags/cmag_146.fna.gz
868134cff4490c86f397063a1cadc67905a03fe809cfe71dfaed567e7b080b4a	/projects/alberdilab/scratch/jpl786/projects/gifter-r10-chicken/tasks/01-mag-acquisition/mags/cmag_147.fna.gz
dc077bc5097aa6c5272c645e1b8f5da9bb1fa4c55d20819ad6e8ac82c5539b8e	/projects/alberdilab/scratch/jpl786/projects/gifter-r10-chicken/tasks/01-mag-acquisition/mags/cmag_148.fna.gz
848b32e8aef57f941568ea04a610475d65601ae64e9f400a4d06f6605fcdf7ba	/projects/alberdilab/scratch/jpl786/projects/gifter-r10-chicken/tasks/01-mag-acquisition/mags/cmag_149.fna.gz
6e9e2e2cdbdffd9ef7c7101c8236c4d2e34b082b9f95c2bf1f0510846beef256	/projects/alberdilab/scratch/jpl786/projects/gifter-r10-chicken/tasks/01-mag-acquisition/mags/cmag_150.fna.gz
8ea2b579fbf2d2a79d2d16a42dc14855a9c5078d6383ee6ed26f4e458713724c	/projects/alberdilab/scratch/jpl786/projects/gifter-r10-chicken/tasks/01-mag-acquisition/mags/cmag_151.fna.gz
6758c823b0ffcef519d57325e1843903b1212aae57285eb1613f554a6db7ad03	/projects/alberdilab/scratch/jpl786/projects/gifter-r10-chicken/tasks/01-mag-acquisition/mags/cmag_152.fna.gz
38f0fc6d1ceba6a6d169a7559c9291c0f54aec02454c85e60692fb510f8dad7c	/projects/alberdilab/scratch/jpl786/projects/gifter-r10-chicken/tasks/01-mag-acquisition/mags/cmag_153.fna.gz
4864b18be9a0d7d52a6a184ca2f33395029e92184d68774a409ed431f884b0e6	/projects/alberdilab/scratch/jpl786/projects/gifter-r10-chicken/tasks/01-mag-acquisition/mags/cmag_154.fna.gz
4d793de678a4421c0adf6219d5a6b61afd7ae249638fcfbd50174e15dafbaa13	/projects/alberdilab/scratch/jpl786/projects/gifter-r10-chicken/tasks/01-mag-acquisition/mags/cmag_155.fna.gz
d862c0cd139fe14614ce2752f12cbb70ca98bef2660e120989c8467b9e4b9489	/projects/alberdilab/scratch/jpl786/projects/gifter-r10-chicken/tasks/01-mag-acquisition/mags/cmag_156.fna.gz
60240c0225cc4b6fb0b084f97db72f9a450ac185daacaca2bb817b972b1e0e18	/projects/alberdilab/scratch/jpl786/projects/gifter-r10-chicken/tasks/01-mag-acquisition/mags/cmag_157.fna.gz
f16ac4fca20197bf791c02ec14101bdbfcb45b4054eefc00fdfd3f3bf96f429d	/projects/alberdilab/scratch/jpl786/projects/gifter-r10-chicken/tasks/01-mag-acquisition/mags/cmag_158.fna.gz
d979c1444c8cc01585fd736c07d00d64dbe9c1d2927db887793a78c1e18407b3	/projects/alberdilab/scratch/jpl786/projects/gifter-r10-chicken/tasks/01-mag-acquisition/mags/cmag_159.fna.gz
d83174df041c04fdad4317d00b35d5430ceb28745c21df9582d75b83679f5625	/projects/alberdilab/scratch/jpl786/projects/gifter-r10-chicken/tasks/01-mag-acquisition/mags/cmag_160.fna.gz
4cdd234de9d0425ad6a84d7a42817880559d3bc00c422a5dd54957b92cb91871	/projects/alberdilab/scratch/jpl786/projects/gifter-r10-chicken/tasks/01-mag-acquisition/mags/cmag_161.fna.gz
c1385cb1cc189a540867e78bb55fa332bf9d9520ed53f879b1a2895d6757c16f	/projects/alberdilab/scratch/jpl786/projects/gifter-r10-chicken/tasks/01-mag-acquisition/mags/cmag_162.fna.gz
43d0b537f41bc6c6729cb241f3c90ea6111d496b5a51a2c2ae349e29a439319c	/projects/alberdilab/scratch/jpl786/projects/gifter-r10-chicken/tasks/01-mag-acquisition/mags/cmag_163.fna.gz
d84c7a6201b44bc04b3ab5043174b8cbff6c4db45d791dab2b39fe98ca03e7c4	/projects/alberdilab/scratch/jpl786/projects/gifter-r10-chicken/tasks/01-mag-acquisition/mags/cmag_164.fna.gz
c83c48a14b82093fbd513d53e80356f7c9e678b059fbecaf4eef6c88cd84aa28	/projects/alberdilab/scratch/jpl786/projects/gifter-r10-chicken/tasks/01-mag-acquisition/mags/cmag_165.fna.gz
0a151a416526c7db4fafc577f59cd090e8e7d007feca0a8fb43728fa20f03c2a	/projects/alberdilab/scratch/jpl786/projects/gifter-r10-chicken/tasks/01-mag-acquisition/mags/cmag_166.fna.gz
d412e3259d8fdd0bc50f74827fab9d0dd5764b5e5d32947e5561c662881c09ff	/projects/alberdilab/scratch/jpl786/projects/gifter-r10-chicken/tasks/01-mag-acquisition/mags/cmag_167.fna.gz
680a37c95d52106e6ad91c1c08759901497992a3c5849496fbab1e53677f754e	/projects/alberdilab/scratch/jpl786/projects/gifter-r10-chicken/tasks/01-mag-acquisition/mags/cmag_168.fna.gz
4f13bd6f9ba71e824fcb55f934af27faa11b8c08c420e198ef6b7bc1261f5d87	/projects/alberdilab/scratch/jpl786/projects/gifter-r10-chicken/tasks/01-mag-acquisition/mags/cmag_169.fna.gz
0971e3311637d2ee44a897d2c77f2f1c51b0ed127faef749b541bd27d26ab599	/projects/alberdilab/scratch/jpl786/projects/gifter-r10-chicken/tasks/01-mag-acquisition/mags/cmag_170.fna.gz
d43e970c667a28d8b38c8b7b8aa18d491d3d37a94b3f20518367d7f893c5d9eb	/projects/alberdilab/scratch/jpl786/projects/gifter-r10-chicken/tasks/01-mag-acquisition/mags/cmag_171.fna.gz
ccdbb8d7a6d9583609cc678852a6e939e11e55ea68800abec709196dde1b76ec	/projects/alberdilab/scratch/jpl786/projects/gifter-r10-chicken/tasks/01-mag-acquisition/mags/cmag_172.fna.gz
1e27f0fe0002130cebe95b87271de52dc43acc12ad7fa268846e16e1184d56ba	/projects/alberdilab/scratch/jpl786/projects/gifter-r10-chicken/tasks/01-mag-acquisition/mags/cmag_173.fna.gz
bdf9362d6961ccfe98decd95a1f34fbb30796aa826a821d8b93cd8b5dfe9b0ef	/projects/alberdilab/scratch/jpl786/projects/gifter-r10-chicken/tasks/01-mag-acquisition/mags/cmag_174.fna.gz
6edc40e03a9ddc67313919e793b5eaffdfa1d1abcf3b5a275487ac162923524b	/projects/alberdilab/scratch/jpl786/projects/gifter-r10-chicken/tasks/01-mag-acquisition/mags/cmag_175.fna.gz
76fe0ff161d8cbee66f69a89d4b9fd9e21405ffbe6edbd5c4f1fa8d51500dd76	/projects/alberdilab/scratch/jpl786/projects/gifter-r10-chicken/tasks/01-mag-acquisition/mags/cmag_176.fna.gz
51654955020e55c91e91baef641edc30c748878a209a2c0fef6983b296797557	/projects/alberdilab/scratch/jpl786/projects/gifter-r10-chicken/tasks/01-mag-acquisition/mags/cmag_177.fna.gz
9e14c02f424171f409ab49b3d569718ba8b8be62b1602da16df75064aeddb757	/projects/alberdilab/scratch/jpl786/projects/gifter-r10-chicken/tasks/01-mag-acquisition/mags/cmag_178.fna.gz
bf42762b71f0e52666a343a946ae2b3694c8c38a911341a5b007f095ea11d44c	/projects/alberdilab/scratch/jpl786/projects/gifter-r10-chicken/tasks/01-mag-acquisition/mags/cmag_179.fna.gz
8cab5279d29345bba44df8dae73f83c0fc40e822e034faae8daaf4437c2d667e	/projects/alberdilab/scratch/jpl786/projects/gifter-r10-chicken/tasks/01-mag-acquisition/mags/cmag_180.fna.gz
eb73e1f40683fbc119817aae8d02b5b7fe3f7cbb188567aee639741422e497d5	/projects/alberdilab/scratch/jpl786/projects/gifter-r10-chicken/tasks/01-mag-acquisition/mags/cmag_181.fna.gz
af0024fd36753052241b7a896551bcd44fbc9d0019027f0b5ab028a50fe5223d	/projects/alberdilab/scratch/jpl786/projects/gifter-r10-chicken/tasks/01-mag-acquisition/mags/cmag_182.fna.gz
d8a072521c54186abdb0cc4bbd39de8e018006331481e055902dbfa6474b18a4	/projects/alberdilab/scratch/jpl786/projects/gifter-r10-chicken/tasks/01-mag-acquisition/mags/cmag_183.fna.gz
e3716baa4eef4936c0089bb9c3fa7c8c0454c69bd45b5c95e522952b1273770b	/projects/alberdilab/scratch/jpl786/projects/gifter-r10-chicken/tasks/01-mag-acquisition/mags/cmag_184.fna.gz
f2a4dd7c7b1c31add5ed2f3b50665b21cbe68a16003be19f0df48b05ced11bae	/projects/alberdilab/scratch/jpl786/projects/gifter-r10-chicken/tasks/01-mag-acquisition/mags/cmag_185.fna.gz
72178de219c747817472cf7f576d4e14a58f3fb5b68ef0ca51dffe72e7fdbaf2	/projects/alberdilab/scratch/jpl786/projects/gifter-r10-chicken/tasks/01-mag-acquisition/mags/cmag_186.fna.gz
24d7b55d1e097815ae8d80bf2550a149d7bc992c436389eb1e3cedefcad0e3d0	/projects/alberdilab/scratch/jpl786/projects/gifter-r10-chicken/tasks/01-mag-acquisition/mags/cmag_187.fna.gz
b1a0535aa7ae2059cd96cdfe20fa683f192bec5c15e83a2bd9dcf42505620adf	/projects/alberdilab/scratch/jpl786/projects/gifter-r10-chicken/tasks/01-mag-acquisition/mags/cmag_188.fna.gz
c802a80409e46bad3196ace3235031fc0af7a49dea98df4df9dae833c5acae0c	/projects/alberdilab/scratch/jpl786/projects/gifter-r10-chicken/tasks/01-mag-acquisition/mags/cmag_189.fna.gz
950c015842214ec70242946f7b0467b316f95c428cbdedb5077ac6892b82113f	/projects/alberdilab/scratch/jpl786/projects/gifter-r10-chicken/tasks/01-mag-acquisition/mags/cmag_190.fna.gz
88e3ebd30408a570858ee2d9f73c78f73d5b67e5f3df07cd052a0551b67820ab	/projects/alberdilab/scratch/jpl786/projects/gifter-r10-chicken/tasks/01-mag-acquisition/mags/cmag_191.fna.gz
7c82ff73d9040a13beafa7800d19adb39a6460a3447c83adf585b8cb2a2618a9	/projects/alberdilab/scratch/jpl786/projects/gifter-r10-chicken/tasks/01-mag-acquisition/mags/cmag_192.fna.gz
7cc1ae9cf3d9647c88647fb51ce921c3f92792e55971973ca2cb57e860dc70f3	/projects/alberdilab/scratch/jpl786/projects/gifter-r10-chicken/tasks/01-mag-acquisition/mags/cmag_193.fna.gz
163af6d1f8524e411499f3023b1a360baabfe849fc9344759a634d0505f5dc8f	/projects/alberdilab/scratch/jpl786/projects/gifter-r10-chicken/tasks/01-mag-acquisition/mags/cmag_194.fna.gz
5b8b985ebf9cb621879f681ef824fb0f0869d13b1fdd4ef89620b1bd8ae22e15	/projects/alberdilab/scratch/jpl786/projects/gifter-r10-chicken/tasks/01-mag-acquisition/mags/cmag_195.fna.gz
004d5d1a3e471ff367e107a89433c6a789fbda7a47bc9a589a13de1015165fd0	/projects/alberdilab/scratch/jpl786/projects/gifter-r10-chicken/tasks/01-mag-acquisition/mags/cmag_196.fna.gz
5c37a10834b743e116eda76f8870b5055d392f36b59b2d23b76c5ca0f3c3c30e	/projects/alberdilab/scratch/jpl786/projects/gifter-r10-chicken/tasks/01-mag-acquisition/mags/cmag_197.fna.gz
55815bdbf8b2b81e3f44a468ab721b827d56fbce7f68f14537708574d4b94675	/projects/alberdilab/scratch/jpl786/projects/gifter-r10-chicken/tasks/01-mag-acquisition/mags/cmag_198.fna.gz
a9de205825aa5b8ba4cca2047feb15f8cd4ea42505ed6280780d7cfa6497bdcf	/projects/alberdilab/scratch/jpl786/projects/gifter-r10-chicken/tasks/01-mag-acquisition/mags/cmag_199.fna.gz
92e2e286ba8061472b9ed5ee2b3811d6dab1361dd4929685dcb4ef1b4097c181	/projects/alberdilab/scratch/jpl786/projects/gifter-r10-chicken/tasks/01-mag-acquisition/mags/cmag_200.fna.gz
0759dfb3edee790ef1ebb9836386733e535727e67152f011eca63e0338f00ab0	/projects/alberdilab/scratch/jpl786/projects/gifter-r10-chicken/tasks/01-mag-acquisition/mags/cmag_201.fna.gz
48ead0dd9b2de0dea48b3eb481ccbf761305baa01621021d64fcb2aa5726f15c	/projects/alberdilab/scratch/jpl786/projects/gifter-r10-chicken/tasks/01-mag-acquisition/mags/cmag_202.fna.gz
c34d26af865679e51c18fd1e4b4ce68da05985b579de87e45828cdac13f0235e	/projects/alberdilab/scratch/jpl786/projects/gifter-r10-chicken/tasks/01-mag-acquisition/mags/cmag_203.fna.gz
3b11d3f311371dc183da8898c14373a5549e0a88fe5819e082fc37d93066bddf	/projects/alberdilab/scratch/jpl786/projects/gifter-r10-chicken/tasks/01-mag-acquisition/mags/cmag_204.fna.gz
187c9391be3df33a02008be153a0ee7689ba83eb953a531fff541fa38a670614	/projects/alberdilab/scratch/jpl786/projects/gifter-r10-chicken/tasks/01-mag-acquisition/mags/cmag_205.fna.gz
255208dc128de4b4d557b469d6730ebcb469ff76d1baaa6aca0c43830a9c5fa8	/projects/alberdilab/scratch/jpl786/projects/gifter-r10-chicken/tasks/01-mag-acquisition/mags/cmag_206.fna.gz
570292231ce301354a89e1551d01117f45c670aa72f6fe45e5e8405416858dde	/projects/alberdilab/scratch/jpl786/projects/gifter-r10-chicken/tasks/01-mag-acquisition/mags/cmag_207.fna.gz
2dd4566a986e189a80f279c59cef45a204e328504864850a70984f6a27050ccc	/projects/alberdilab/scratch/jpl786/projects/gifter-r10-chicken/tasks/01-mag-acquisition/mags/cmag_208.fna.gz
191b51182e50c68e871191bb3dc916031a789bc2f69dc53e0aef683ee7516403	/projects/alberdilab/scratch/jpl786/projects/gifter-r10-chicken/tasks/01-mag-acquisition/mags/cmag_209.fna.gz
85c65d1a87ba7e59f9946fffdada98ac6741cf1338b6419d09d5287f7c884142	/projects/alberdilab/scratch/jpl786/projects/gifter-r10-chicken/tasks/01-mag-acquisition/mags/cmag_210.fna.gz
a9e07e9ef6a149e771423631f53b2465bd25a7537ea9d5368df972843b3dcabb	/projects/alberdilab/scratch/jpl786/projects/gifter-r10-chicken/tasks/01-mag-acquisition/mags/cmag_211.fna.gz
bcc10e3a69d9229aa77f2ad97f1d6e8d7a9d33af4ae868fb1b989c15e5c42bdf	/projects/alberdilab/scratch/jpl786/projects/gifter-r10-chicken/tasks/01-mag-acquisition/mags/cmag_212.fna.gz
d7f4c028e30b3bb9b70fdd9597352d2556c20287b4fa379fb8770da61a125573	/projects/alberdilab/scratch/jpl786/projects/gifter-r10-chicken/tasks/01-mag-acquisition/mags/cmag_213.fna.gz
ae60985e0454887e8834ce7a6082d91a8fcc85b4af0b0d68f102d02dae39fb1c	/projects/alberdilab/scratch/jpl786/projects/gifter-r10-chicken/tasks/01-mag-acquisition/mags/cmag_214.fna.gz
56148e85acecc0c2a579efd42dcd1a8833120da1be7e981a8887bc531f9ee753	/projects/alberdilab/scratch/jpl786/projects/gifter-r10-chicken/tasks/01-mag-acquisition/mags/cmag_215.fna.gz
10d63fbef4af33264708f41414bb50231cadc0305a3d11a29cf5786cf2001309	/projects/alberdilab/scratch/jpl786/projects/gifter-r10-chicken/tasks/01-mag-acquisition/mags/cmag_216.fna.gz
0f967e4d0b4ef70a4d30f5da7a6ddfbc8cfc61b9ede36bbef251cc6294a698bb	/projects/alberdilab/scratch/jpl786/projects/gifter-r10-chicken/tasks/01-mag-acquisition/mags/cmag_217.fna.gz
f33a58ab97b3267706d4cd7cbf7e6c7f292b21a84bdb44ebfc5c921c3ddf35d5	/projects/alberdilab/scratch/jpl786/projects/gifter-r10-chicken/tasks/01-mag-acquisition/mags/cmag_218.fna.gz
c84d1c6579e98175bf215e4bbbf9ff35db04d709b81391b07de62d7c96ca5854	/projects/alberdilab/scratch/jpl786/projects/gifter-r10-chicken/tasks/01-mag-acquisition/mags/cmag_219.fna.gz
675aa63fec8cc7297fa20254c9bfb870cf70cc7b8c7e0c53fc4fdf0838728443	/projects/alberdilab/scratch/jpl786/projects/gifter-r10-chicken/tasks/01-mag-acquisition/mags/cmag_220.fna.gz
1fd90027ac8fac78526fab85feffbfabc4b6f91bf4f5afef9d5b11cf6ff86b36	/projects/alberdilab/scratch/jpl786/projects/gifter-r10-chicken/tasks/01-mag-acquisition/mags/cmag_221.fna.gz
1a95c8687443792b3ac91d0b87a9ae8b4f224c254b9f07e3e571146b90ef744e	/projects/alberdilab/scratch/jpl786/projects/gifter-r10-chicken/tasks/01-mag-acquisition/mags/cmag_222.fna.gz
5321fb55e2c4a8156036e98dccf14bafd211204874cfc48af462000bc6f5b91c	/projects/alberdilab/scratch/jpl786/projects/gifter-r10-chicken/tasks/01-mag-acquisition/mags/cmag_223.fna.gz
1aa1db1bb06cfd2199ce4a3954fe81d1ac7927bd4f69d102aeb27a06361d4dc9	/projects/alberdilab/scratch/jpl786/projects/gifter-r10-chicken/tasks/01-mag-acquisition/mags/cmag_224.fna.gz
05dd0d074cb88ebc0bc36a62343b123592a51d15cf17e13066a7226b62b49cd9	/projects/alberdilab/scratch/jpl786/projects/gifter-r10-chicken/tasks/01-mag-acquisition/mags/cmag_225.fna.gz
56300e08897535f14f0941986027ecf6ca6afd239ae03edd0fc0e349a202440c	/projects/alberdilab/scratch/jpl786/projects/gifter-r10-chicken/tasks/01-mag-acquisition/mags/cmag_226.fna.gz
fbccf9bf6f5e294530e25aa373ac581d80b47918522a137029563517ceb01e08	/projects/alberdilab/scratch/jpl786/projects/gifter-r10-chicken/tasks/01-mag-acquisition/mags/cmag_227.fna.gz
0d1b347725ae98cc0813b957f131e2e6e27d89cc9de2993a51f9698ae7b93557	/projects/alberdilab/scratch/jpl786/projects/gifter-r10-chicken/tasks/01-mag-acquisition/mags/cmag_228.fna.gz
88a3dbccd92a1df0495cdf126c0c5f56b6cf1bc1e91f9a640c70b0e9599db62e	/projects/alberdilab/scratch/jpl786/projects/gifter-r10-chicken/tasks/01-mag-acquisition/mags/cmag_229.fna.gz
293fbbc7c5642020bf14faa05d648643adbe39b11ad23ad2edbe8d04ce8f61fb	/projects/alberdilab/scratch/jpl786/projects/gifter-r10-chicken/tasks/01-mag-acquisition/mags/cmag_230.fna.gz
fef81b9a69989a0690a58d192135983df02e71c46f769b863983c6cf7ef0882b	/projects/alberdilab/scratch/jpl786/projects/gifter-r10-chicken/tasks/01-mag-acquisition/mags/cmag_231.fna.gz
44f9955c411652c603517da57368df86682f1ff45bea71d57e46f0374f29b67e	/projects/alberdilab/scratch/jpl786/projects/gifter-r10-chicken/tasks/01-mag-acquisition/mags/cmag_232.fna.gz
516bcb88537d4ce4d26e76c54a8738cc911530c1dfc34fd67b9d47b8a2d5eec1	/projects/alberdilab/scratch/jpl786/projects/gifter-r10-chicken/tasks/01-mag-acquisition/mags/cmag_233.fna.gz
d7081f0a322237bc327463fa4e723b9319f045035f06f0e6aeb153f073d3669e	/projects/alberdilab/scratch/jpl786/projects/gifter-r10-chicken/tasks/01-mag-acquisition/mags/cmag_234.fna.gz
6ee54a6f90f7dee49d64068a216a3673fbbb6e2a62360ccd794d42fefcc56a64	/projects/alberdilab/scratch/jpl786/projects/gifter-r10-chicken/tasks/01-mag-acquisition/mags/cmag_235.fna.gz
cc70fef87c1f59c462b4b72479e89e2a839ab5640bf11aa131c1333617352172	/projects/alberdilab/scratch/jpl786/projects/gifter-r10-chicken/tasks/01-mag-acquisition/mags/cmag_236.fna.gz
0483e1d3639ba6ae4dd2ec5fcc041f02b7f51163304e3c87d0e7c1d6ed02af87	/projects/alberdilab/scratch/jpl786/projects/gifter-r10-chicken/tasks/01-mag-acquisition/mags/cmag_237.fna.gz
d847686191cbbea0f78fde8733b0f68e801d98f695aeaf34c96640cf55951e3b	/projects/alberdilab/scratch/jpl786/projects/gifter-r10-chicken/tasks/01-mag-acquisition/mags/cmag_238.fna.gz
fbbdbfd5a4a4cd64158c7aa9306ab039fc1d9aafce422985236d175c51559f28	/projects/alberdilab/scratch/jpl786/projects/gifter-r10-chicken/tasks/01-mag-acquisition/mags/cmag_239.fna.gz
19b91de53f6e185ee4f08208be42f90cbda5aa349628499a2fbb3cb96da94cde	/projects/alberdilab/scratch/jpl786/projects/gifter-r10-chicken/tasks/01-mag-acquisition/mags/cmag_240.fna.gz
5769db5c2add0b96367aea98d93fe9ab4c9b0660d9efe6e9de349204d5d76b7a	/projects/alberdilab/scratch/jpl786/projects/gifter-r10-chicken/tasks/01-mag-acquisition/mags/cmag_241.fna.gz
4992c2b103031eeb0a965827555bc2423f7f9ed7b2752d1cf1fbadd63349892c	/projects/alberdilab/scratch/jpl786/projects/gifter-r10-chicken/tasks/01-mag-acquisition/mags/cmag_242.fna.gz
b446e9691cc4ba195d763481fbaee30619b6c38693b8176041154a35a69d3d99	/projects/alberdilab/scratch/jpl786/projects/gifter-r10-chicken/tasks/01-mag-acquisition/mags/cmag_243.fna.gz
138e9124653e448d738ec895c6cab4f0b9ad8bb25c133c10edf8f647f9db5cdc	/projects/alberdilab/scratch/jpl786/projects/gifter-r10-chicken/tasks/01-mag-acquisition/mags/cmag_244.fna.gz
d1af7940d1a28f18ce457b73851bd9c834c95edca970006e5cbf2839e3612d61	/projects/alberdilab/scratch/jpl786/projects/gifter-r10-chicken/tasks/01-mag-acquisition/mags/cmag_245.fna.gz
d65524ab21c736ed85ef564acff59d2899a2545265e28bdf38ab47ef0feaaec7	/projects/alberdilab/scratch/jpl786/projects/gifter-r10-chicken/tasks/01-mag-acquisition/mags/cmag_246.fna.gz
c522aea208e1d95d370aaff9e346996c121d0df27fa2dddcb67667fa4a740936	/projects/alberdilab/scratch/jpl786/projects/gifter-r10-chicken/tasks/01-mag-acquisition/mags/cmag_247.fna.gz
a45027075710c1c6f44a28761043ece1b2d3a7a06806c26906f9c4afde94da36	/projects/alberdilab/scratch/jpl786/projects/gifter-r10-chicken/tasks/01-mag-acquisition/mags/cmag_248.fna.gz
23169b4f1d5e725cc0e4a9a7c1ffc96d88be20095899d0968f3e5459d39a4a89	/projects/alberdilab/scratch/jpl786/projects/gifter-r10-chicken/tasks/01-mag-acquisition/mags/cmag_249.fna.gz
80c07cbb4385f58aa3b0444c3b292ce588cc4d4cf9abb80e13e000e3811780b5	/projects/alberdilab/scratch/jpl786/projects/gifter-r10-chicken/tasks/01-mag-acquisition/mags/cmag_250.fna.gz
81dcd8bf6367b43478187b014e0642d7cd6b5e1746521251cd5432982fd3560e	/projects/alberdilab/scratch/jpl786/projects/gifter-r10-chicken/tasks/01-mag-acquisition/mags/cmag_251.fna.gz
82881f0540e17c2f72579b301441fd26efd071dab54892102a4ba03252f0aef5	/projects/alberdilab/scratch/jpl786/projects/gifter-r10-chicken/tasks/01-mag-acquisition/mags/cmag_252.fna.gz
70bd8994ad80d49a577088d312d168330fabb2bc851ea026033ce54e95071d4d	/projects/alberdilab/scratch/jpl786/projects/gifter-r10-chicken/tasks/01-mag-acquisition/mags/cmag_253.fna.gz
2616f488d3e0a6b3dfd92b9ef260e108d950c756241ced9b9101dc225661f131	/projects/alberdilab/scratch/jpl786/projects/gifter-r10-chicken/tasks/01-mag-acquisition/mags/cmag_254.fna.gz
a6f98bf51f3d6c662b966d56dd3e409b66242537bea258f97c1204acbe632c99	/projects/alberdilab/scratch/jpl786/projects/gifter-r10-chicken/tasks/01-mag-acquisition/mags/cmag_255.fna.gz
8e17905a6abc54d8b4a1cea79c8ce3ffb963590d44db7a2642b7a5974fad4612	/projects/alberdilab/scratch/jpl786/projects/gifter-r10-chicken/tasks/01-mag-acquisition/mags/cmag_256.fna.gz
99d9e0961c7e51abae3819a691200731ca85aeb3c656aa8280aeedab4bcfb01d	/projects/alberdilab/scratch/jpl786/projects/gifter-r10-chicken/tasks/01-mag-acquisition/mags/cmag_257.fna.gz
d0408c6fe658cf11208234319651b803457c0f99f158a3bbc4b7f2870b6832a3	/projects/alberdilab/scratch/jpl786/projects/gifter-r10-chicken/tasks/01-mag-acquisition/mags/cmag_258.fna.gz
669fd9a5f55ecfbfac9a417814b9532efacbd26f4f976872740ad67ea41e20fc	/projects/alberdilab/scratch/jpl786/projects/gifter-r10-chicken/tasks/01-mag-acquisition/mags/cmag_259.fna.gz
00a740ca170cfc78853beb22fca075b2a58b4b5fb45555b17f772fd4b5eb2af4	/projects/alberdilab/scratch/jpl786/projects/gifter-r10-chicken/tasks/01-mag-acquisition/mags/cmag_260.fna.gz
158f63beb2fac06f35f8c8ede73ef7f193010f9283403266f9bdb3271c158761	/projects/alberdilab/scratch/jpl786/projects/gifter-r10-chicken/tasks/01-mag-acquisition/mags/cmag_261.fna.gz
85a859fbedc7267bceb01fd2125979d5a5274e1592b6f5d5b22b735df725d3ff	/projects/alberdilab/scratch/jpl786/projects/gifter-r10-chicken/tasks/01-mag-acquisition/mags/cmag_262.fna.gz
2e94814be0b2187cf44901603866d1d14d79a5dd228c7d8a546c5d6ab37a90b8	/projects/alberdilab/scratch/jpl786/projects/gifter-r10-chicken/tasks/01-mag-acquisition/mags/cmag_263.fna.gz
82eb0d5d38c42b3b8c6d61a75c3d40cc9c17cc9e7dcf558ec2a5c549c6f2abde	/projects/alberdilab/scratch/jpl786/projects/gifter-r10-chicken/tasks/01-mag-acquisition/mags/cmag_264.fna.gz
c1c2429fcdc821838f7e829c8615ed835bf5fbd44bc17a095b52fed91dc06702	/projects/alberdilab/scratch/jpl786/projects/gifter-r10-chicken/tasks/01-mag-acquisition/mags/cmag_265.fna.gz
6ddff3effc37ba1a7070e828604430a596ed8cdbd3a0237a730744c06ac17404	/projects/alberdilab/scratch/jpl786/projects/gifter-r10-chicken/tasks/01-mag-acquisition/mags/cmag_266.fna.gz
164caeb55bf33d4243e39868bafed63cce4befbef4bcc517b8521ee0a2d50601	/projects/alberdilab/scratch/jpl786/projects/gifter-r10-chicken/tasks/01-mag-acquisition/mags/cmag_267.fna.gz
5c8beff531e7b48bccf836ea50f350b75ecbac8137bb65b8b0bd84b33a8eabab	/projects/alberdilab/scratch/jpl786/projects/gifter-r10-chicken/tasks/01-mag-acquisition/mags/cmag_268.fna.gz
b3b854d3d4d515737a0bc83942a45daadbad54bdbe94346a393a296e352dfce4	/projects/alberdilab/scratch/jpl786/projects/gifter-r10-chicken/tasks/01-mag-acquisition/mags/cmag_269.fna.gz
0258c3a4d61690516cd9c4e4e2776e4c6f8e44f597911c5c8012b1afd4b01092	/projects/alberdilab/scratch/jpl786/projects/gifter-r10-chicken/tasks/01-mag-acquisition/mags/cmag_270.fna.gz
b7df79bf6b7051c1ca2236305f5184d73a93251e2252cfcabc73e1d5ac6aa3f2	/projects/alberdilab/scratch/jpl786/projects/gifter-r10-chicken/tasks/01-mag-acquisition/mags/cmag_271.fna.gz
c1ae3e1c93906495bc1e888c442e16856da4375f158d28510b38dc2ce3b1cab6	/projects/alberdilab/scratch/jpl786/projects/gifter-r10-chicken/tasks/01-mag-acquisition/mags/cmag_272.fna.gz
8fa64b78cd0ec7600a7e66de091070b50319bf158bd15fb3cc0b867e2ed5c52f	/projects/alberdilab/scratch/jpl786/projects/gifter-r10-chicken/tasks/01-mag-acquisition/mags/cmag_273.fna.gz
1f4a3b73dfa02406a6fd7e3567ecd834a085268bda57e3bf544c2d04b2339ab1	/projects/alberdilab/scratch/jpl786/projects/gifter-r10-chicken/tasks/01-mag-acquisition/mags/cmag_275.fna.gz
200dc22c01e718f188c8029e4755336903ec4d3a78c9e86218732ab8597ad6cc	/projects/alberdilab/scratch/jpl786/projects/gifter-r10-chicken/tasks/01-mag-acquisition/mags/cmag_276.fna.gz
bf66237fd9c6db489fcd88c32466ff3952788f016c2d30bfd3005b01dd6d92a7	/projects/alberdilab/scratch/jpl786/projects/gifter-r10-chicken/tasks/01-mag-acquisition/mags/cmag_277.fna.gz
0dce97bfed86e1bc56b57e23e00e2a8d369f05ba95e40fe3bbb8960dd0a0d89e	/projects/alberdilab/scratch/jpl786/projects/gifter-r10-chicken/tasks/01-mag-acquisition/mags/cmag_278.fna.gz
205c88f89776fed968546184657a3d46bb6cbd8f956a9215d73c00b6c48586be	/projects/alberdilab/scratch/jpl786/projects/gifter-r10-chicken/tasks/01-mag-acquisition/mags/cmag_279.fna.gz
b39fb39754c1a40785c66f9d13b5ebc8b86038a739cfc42d8337dfa897cb77d4	/projects/alberdilab/scratch/jpl786/projects/gifter-r10-chicken/tasks/01-mag-acquisition/mags/cmag_280.fna.gz
edb31d9f5d867823f2fcd88e2e5ab4b2d8c8c04f666c767a28cb9267d218b191	/projects/alberdilab/scratch/jpl786/projects/gifter-r10-chicken/tasks/01-mag-acquisition/mags/cmag_281.fna.gz
1bccfb9349d82eea93e39ed559747c8a45ed09a4bd0bfe7e4c7c5d4f9e97214c	/projects/alberdilab/scratch/jpl786/projects/gifter-r10-chicken/tasks/01-mag-acquisition/mags/cmag_282.fna.gz
07de135d9f2db619263137c511e94d5fb545023fa4a0fcc682d05f9d9031d367	/projects/alberdilab/scratch/jpl786/projects/gifter-r10-chicken/tasks/01-mag-acquisition/mags/cmag_283.fna.gz
99c5def2e41a3d9cdd30cade9a5670bfb3aaa6ed7b646fa30f7e602001556740	/projects/alberdilab/scratch/jpl786/projects/gifter-r10-chicken/tasks/01-mag-acquisition/mags/cmag_284.fna.gz
904e3668cb0cb7f73fcb5f97a642364384c8d34e1fc3f239ffaf74b7e53c940d	/projects/alberdilab/scratch/jpl786/projects/gifter-r10-chicken/tasks/01-mag-acquisition/mags/cmag_285.fna.gz
e4b45aae1f7d4995fc51a6446a7a78842aa620f5d06f7f82751d8ca71ed1cab7	/projects/alberdilab/scratch/jpl786/projects/gifter-r10-chicken/tasks/01-mag-acquisition/mags/cmag_286.fna.gz
43f6687a252155a91095b9007d2184406dacc0eb4a209e4aeb681a117664e2eb	/projects/alberdilab/scratch/jpl786/projects/gifter-r10-chicken/tasks/01-mag-acquisition/mags/cmag_287.fna.gz
24cfbcc702f68e0da8c847171d740882c098915476f0d520a9d1d8c5730cb233	/projects/alberdilab/scratch/jpl786/projects/gifter-r10-chicken/tasks/01-mag-acquisition/mags/cmag_288.fna.gz
90e56640749cb152bc0f6723476d2dc5234ff28b38f4229fea2c0f9259eae3b5	/projects/alberdilab/scratch/jpl786/projects/gifter-r10-chicken/tasks/01-mag-acquisition/mags/cmag_289.fna.gz
05cb9248eeef35eb9e7a92402a6f8a9601d2c1e250673c5164bc6054f93a1af8	/projects/alberdilab/scratch/jpl786/projects/gifter-r10-chicken/tasks/01-mag-acquisition/mags/cmag_290.fna.gz
d3c647fb554e5742153cfbed4beee8b1f80c9bb682c8da2b3b55c637ccfb7d6e	/projects/alberdilab/scratch/jpl786/projects/gifter-r10-chicken/tasks/01-mag-acquisition/mags/cmag_291.fna.gz
cf61bc15c7527da6f1e036119aff1a2707570e8bb8b303043edd48ad9255e0e6	/projects/alberdilab/scratch/jpl786/projects/gifter-r10-chicken/tasks/01-mag-acquisition/mags/cmag_292.fna.gz
f47320389e877d56bc87ec2dee2dedc07650a21a7418336082237f2a9ad0a1f6	/projects/alberdilab/scratch/jpl786/projects/gifter-r10-chicken/tasks/01-mag-acquisition/mags/cmag_293.fna.gz
1194a9f7f6a71158150efdb0fd95ac701499bf18b5f2a5ae5a4fc337e89ae5c0	/projects/alberdilab/scratch/jpl786/projects/gifter-r10-chicken/tasks/01-mag-acquisition/mags/cmag_294.fna.gz
d8221234e248ac33d17742a1238030940a7ae09be987d6c703c27fb67c772c40	/projects/alberdilab/scratch/jpl786/projects/gifter-r10-chicken/tasks/01-mag-acquisition/mags/cmag_295.fna.gz
08b0fa9bae0d147b52709694ecff68569990b9e90169b3fdeeaf0d87159d99c5	/projects/alberdilab/scratch/jpl786/projects/gifter-r10-chicken/tasks/01-mag-acquisition/mags/cmag_296.fna.gz
b32e81cba5f3d5b2bbed27b4b3938d448a49417f436557ed2c522838862628bd	/projects/alberdilab/scratch/jpl786/projects/gifter-r10-chicken/tasks/01-mag-acquisition/mags/cmag_297.fna.gz
0b0673e65001b83e0f35ac7ee677ac021dc93c55126646591dceb234b26f53f2	/projects/alberdilab/scratch/jpl786/projects/gifter-r10-chicken/tasks/01-mag-acquisition/mags/cmag_298.fna.gz
b418cc17418ac9409d38a5bfeeafd9deab2dc0f0ba388b8564cacb6e0a5f7e8f	/projects/alberdilab/scratch/jpl786/projects/gifter-r10-chicken/tasks/01-mag-acquisition/mags/cmag_299.fna.gz
71ecd413bcae9e8739a2a2d4fc3512762139115514e4ba767568a40362dd838e	/projects/alberdilab/scratch/jpl786/projects/gifter-r10-chicken/tasks/01-mag-acquisition/mags/cmag_300.fna.gz
79144bcbba43523d838d4ef79751f03fba6d960094879b44cf8b287b401a97ba	/projects/alberdilab/scratch/jpl786/projects/gifter-r10-chicken/tasks/01-mag-acquisition/mags/cmag_301.fna.gz
f974cfb785d8b90facd8e3ffa92c8c92bf47ead2d0ca35f126b26a71bc9a878c	/projects/alberdilab/scratch/jpl786/projects/gifter-r10-chicken/tasks/01-mag-acquisition/mags/cmag_302.fna.gz
29dec36143c281f6b5205acddba9d0afed4885e08078c028a6ce901f8b82e210	/projects/alberdilab/scratch/jpl786/projects/gifter-r10-chicken/tasks/01-mag-acquisition/mags/cmag_303.fna.gz
fda00241cfe16b8ba735c5e015a2378c3c06dbaf41932c56bf757ed3cb516b56	/projects/alberdilab/scratch/jpl786/projects/gifter-r10-chicken/tasks/01-mag-acquisition/mags/cmag_304.fna.gz
8ecd68491ae576ec013e012693ec6612366441e9bcd5e6abd96372c04a47c20c	/projects/alberdilab/scratch/jpl786/projects/gifter-r10-chicken/tasks/01-mag-acquisition/mags/cmag_305.fna.gz
7ff0e650d5c36c29ca067c3f83c5a0fabb156e720ac4e57651111edddaa56ba2	/projects/alberdilab/scratch/jpl786/projects/gifter-r10-chicken/tasks/01-mag-acquisition/mags/cmag_306.fna.gz
daf1a950a2af0ccadd3b4e04fcbf0b7b96ea541650bd9bdf4e0f18a32864e561	/projects/alberdilab/scratch/jpl786/projects/gifter-r10-chicken/tasks/01-mag-acquisition/mags/cmag_307.fna.gz
2c694e1900b6f8277eb36a47fb03c9c8f508c9a6f280958ea5803a2ecbbd9f69	/projects/alberdilab/scratch/jpl786/projects/gifter-r10-chicken/tasks/01-mag-acquisition/mags/cmag_308.fna.gz
fee4dd9402e09a413c204a35a885aaad43db70428f2b42834264961f5d7d07a6	/projects/alberdilab/scratch/jpl786/projects/gifter-r10-chicken/tasks/01-mag-acquisition/mags/cmag_309.fna.gz
6018e9e282741c7d5ca9c8a9e27d71579c6c0d149540d214e8b1036924580508	/projects/alberdilab/scratch/jpl786/projects/gifter-r10-chicken/tasks/01-mag-acquisition/mags/cmag_310.fna.gz
2e0bf26d8a5a904532fe87d713df656635f6e1e86b4426e5cafff34de6f5c5b5	/projects/alberdilab/scratch/jpl786/projects/gifter-r10-chicken/tasks/01-mag-acquisition/mags/cmag_311.fna.gz
76cbade055bfa37a821f6b506d1325907f36c485c5a0de09970120842c5b1bfe	/projects/alberdilab/scratch/jpl786/projects/gifter-r10-chicken/tasks/01-mag-acquisition/mags/cmag_312.fna.gz
5da0fbc809d6494ecb3887e0be294fca175acfab380c391c98814dce6390cd87	/projects/alberdilab/scratch/jpl786/projects/gifter-r10-chicken/tasks/01-mag-acquisition/mags/cmag_313.fna.gz
95709a3d69fbdf7e0cacd515d10ceba4756bcbeb21f5540de2cb3b870395726d	/projects/alberdilab/scratch/jpl786/projects/gifter-r10-chicken/tasks/01-mag-acquisition/mags/cmag_314.fna.gz
c397a1caf245c1324a0726b6e139c05006256471f646de2ba802e7bdff9c78b4	/projects/alberdilab/scratch/jpl786/projects/gifter-r10-chicken/tasks/01-mag-acquisition/mags/cmag_315.fna.gz
b19ea2f6ddffcb63a258069b0b722a60509ece18e9951a1f523d92ea6b78f4cb	/projects/alberdilab/scratch/jpl786/projects/gifter-r10-chicken/tasks/01-mag-acquisition/mags/cmag_316.fna.gz
5c25f9bdb1179f6ce02b85a8e25c927042677de77db8f986bc4ebaa240ef139e	/projects/alberdilab/scratch/jpl786/projects/gifter-r10-chicken/tasks/01-mag-acquisition/mags/cmag_317.fna.gz
d379a9c3f258f71af1c84680b90313713b8bd1698747684ff9715ec0b656d418	/projects/alberdilab/scratch/jpl786/projects/gifter-r10-chicken/tasks/01-mag-acquisition/mags/cmag_318.fna.gz
2d1723321c2bd780904cdbdf29b20624d9094046a910225a113c74ec81a5cf34	/projects/alberdilab/scratch/jpl786/projects/gifter-r10-chicken/tasks/01-mag-acquisition/mags/cmag_319.fna.gz
21c8ce7d6d9b8024ea264387f384bcbca4c1bb3f86501cb0905cc9e7da77e366	/projects/alberdilab/scratch/jpl786/projects/gifter-r10-chicken/tasks/01-mag-acquisition/mags/cmag_320.fna.gz
c96c240ffc5bf6d31e026910c697b5e7042f934e494bd0cd4715f5df4d0c7768	/projects/alberdilab/scratch/jpl786/projects/gifter-r10-chicken/tasks/01-mag-acquisition/mags/cmag_321.fna.gz
503498bdd866bdfa21ecc0fd5231b801299c764902cbe94bdcac98ee865f08fd	/projects/alberdilab/scratch/jpl786/projects/gifter-r10-chicken/tasks/01-mag-acquisition/mags/cmag_322.fna.gz
6ecffa8ee5a0ac1fcc2a20885dbafd0e9a16e04b69bb323ad88c13f37e693085	/projects/alberdilab/scratch/jpl786/projects/gifter-r10-chicken/tasks/01-mag-acquisition/mags/cmag_323.fna.gz
b80dbed3ab9486a3322fc7167cd8c065f89d4d7c90a8ced2743d80314318f3b1	/projects/alberdilab/scratch/jpl786/projects/gifter-r10-chicken/tasks/01-mag-acquisition/mags/cmag_324.fna.gz
4d226274b7be18b4318b0518b0ea042de4fca70771ad01d86ff721b410a5c4ec	/projects/alberdilab/scratch/jpl786/projects/gifter-r10-chicken/tasks/01-mag-acquisition/mags/cmag_325.fna.gz
ed3f1ba285f63ba4ca71bd470c07fda5c1a1b24bb8af164f49931d2ffbaeb257	/projects/alberdilab/scratch/jpl786/projects/gifter-r10-chicken/tasks/01-mag-acquisition/mags/cmag_326.fna.gz
1f6a7931a6a731215ed6f539e56e707d55b7ccdc240b668c2cbe86889cfbfedc	/projects/alberdilab/scratch/jpl786/projects/gifter-r10-chicken/tasks/01-mag-acquisition/mags/cmag_327.fna.gz
3cecf5c7ec4971b4aa26602a7febd675292d33d755bcceb2de3a224271495488	/projects/alberdilab/scratch/jpl786/projects/gifter-r10-chicken/tasks/01-mag-acquisition/mags/cmag_328.fna.gz
25577f37619f14b870e5960ebe24be089fde4d0a01ee10386aa8a38c8a03b4c1	/projects/alberdilab/scratch/jpl786/projects/gifter-r10-chicken/tasks/01-mag-acquisition/mags/cmag_329.fna.gz
437b03593377e4e43a4fc024e88b65c4af67ddc7d4bf6595e5c56d956feda5cc	/projects/alberdilab/scratch/jpl786/projects/gifter-r10-chicken/tasks/01-mag-acquisition/mags/cmag_330.fna.gz
5796dd94c7a05dc5a4147c5b9466734e8c9f0160ee79cb4743de05ce96ec1ba8	/projects/alberdilab/scratch/jpl786/projects/gifter-r10-chicken/tasks/01-mag-acquisition/mags/cmag_331.fna.gz
f0c72145c728d17773f5adaa9ea1c49eecb0d816a1c8a542b5ddf90dccdc4282	/projects/alberdilab/scratch/jpl786/projects/gifter-r10-chicken/tasks/01-mag-acquisition/mags/cmag_332.fna.gz
4d49ecb9cda461781355338634239b1d81e35b54092f3aa2800d2b530d0361a7	/projects/alberdilab/scratch/jpl786/projects/gifter-r10-chicken/tasks/01-mag-acquisition/mags/cmag_333.fna.gz
6918b03f4e0aad43ab4bd0f6dcea300a23e4a7cf02c1406e54ecab3e6786b0fc	/projects/alberdilab/scratch/jpl786/projects/gifter-r10-chicken/tasks/01-mag-acquisition/mags/cmag_334.fna.gz
b3615648af3041b8d7154abebd6960bf4bf7071069b1f89ef7b75ff02f69466e	/projects/alberdilab/scratch/jpl786/projects/gifter-r10-chicken/tasks/01-mag-acquisition/mags/cmag_335.fna.gz
6e8d628ae4fa8735b5c17def3adf0723debe9867f30b786d7873ef86c58842b3	/projects/alberdilab/scratch/jpl786/projects/gifter-r10-chicken/tasks/01-mag-acquisition/mags/cmag_336.fna.gz
4e7814c55e4ac4b55a42aff57254375ec6b416abcfb41585ce040514a770bcb9	/projects/alberdilab/scratch/jpl786/projects/gifter-r10-chicken/tasks/01-mag-acquisition/mags/cmag_337.fna.gz
488c40dfee867674d5c6ab9b22042d845eca90023352e7ed0eb02536131655ac	/projects/alberdilab/scratch/jpl786/projects/gifter-r10-chicken/tasks/01-mag-acquisition/mags/cmag_338.fna.gz
888b879b44997ba667b379eda10ea2335439a381ba552ce0e760d29467001207	/projects/alberdilab/scratch/jpl786/projects/gifter-r10-chicken/tasks/01-mag-acquisition/mags/cmag_339.fna.gz
dda675fab60422dc511c70f3ded430e84c5e8ee0319610f20443e096b59cbac6	/projects/alberdilab/scratch/jpl786/projects/gifter-r10-chicken/tasks/01-mag-acquisition/mags/cmag_340.fna.gz
a4391b77461e4f8f635309479326e0db33633c0cdd3d56c477a557718e7c15ed	/projects/alberdilab/scratch/jpl786/projects/gifter-r10-chicken/tasks/01-mag-acquisition/mags/cmag_341.fna.gz
0e91e4ef0ab83fb8f0f8dc8a7e7a69b8cf7f1c6baca390f22a072502ed3a9cff	/projects/alberdilab/scratch/jpl786/projects/gifter-r10-chicken/tasks/01-mag-acquisition/mags/cmag_342.fna.gz
a207827acce65d2b1e60699223ce2acee3b9f6665733e33a8d6a9f1343f5b793	/projects/alberdilab/scratch/jpl786/projects/gifter-r10-chicken/tasks/01-mag-acquisition/mags/cmag_343.fna.gz
2747b05059eac24613bd44b3444e52eb6f55ed0068e8d07c74c601d94017cdec	/projects/alberdilab/scratch/jpl786/projects/gifter-r10-chicken/tasks/01-mag-acquisition/mags/cmag_344.fna.gz
2381ccaa9ea1b9fe088b4dd6fa6041241298839582a9dbbbfb720695f1bc9716	/projects/alberdilab/scratch/jpl786/projects/gifter-r10-chicken/tasks/01-mag-acquisition/mags/cmag_345.fna.gz
2b0ffabc31545c9d4bbe31d305a6958a279a1862e7105c96f44122cd8bb796fa	/projects/alberdilab/scratch/jpl786/projects/gifter-r10-chicken/tasks/01-mag-acquisition/mags/cmag_346.fna.gz
6ae700bce62ee064a63c91eeea12e715922716f26f7cb499c801e7ca48917246	/projects/alberdilab/scratch/jpl786/projects/gifter-r10-chicken/tasks/01-mag-acquisition/mags/cmag_347.fna.gz
6f878183bd5adcbee1a3a5aea00b6238276530208d9592f05490056305cd5cb3	/projects/alberdilab/scratch/jpl786/projects/gifter-r10-chicken/tasks/01-mag-acquisition/mags/cmag_348.fna.gz
d9a6ec01021104b209fe8d4d5c7d1e90a1bbe0ccadb74a9eb206cbfd122f87dc	/projects/alberdilab/scratch/jpl786/projects/gifter-r10-chicken/tasks/01-mag-acquisition/mags/cmag_349.fna.gz
00a3fd144881a178d3ca6b841bc50d8ea191a1a0c985144ccabcc1046055c2a0	/projects/alberdilab/scratch/jpl786/projects/gifter-r10-chicken/tasks/01-mag-acquisition/mags/cmag_350.fna.gz
5dea3f043d62661f9a4aa2de6cf323a8843e936142bb2857bd2f8331fc9daa0c	/projects/alberdilab/scratch/jpl786/projects/gifter-r10-chicken/tasks/01-mag-acquisition/mags/cmag_351.fna.gz
54a721d9879e01136cfbf1bd7151888782c2546b12b0a6288510064575059bf6	/projects/alberdilab/scratch/jpl786/projects/gifter-r10-chicken/tasks/01-mag-acquisition/mags/cmag_352.fna.gz
f6f873744c7abfdca41fca05537521ce2c2fe26927b0602abb20dc17c97b10f0	/projects/alberdilab/scratch/jpl786/projects/gifter-r10-chicken/tasks/01-mag-acquisition/mags/cmag_353.fna.gz
8be658589345116c05ca3f8ab929c0e455966977fdd41a5cee38dadc01ee4e3a	/projects/alberdilab/scratch/jpl786/projects/gifter-r10-chicken/tasks/01-mag-acquisition/mags/cmag_354.fna.gz
b2954296a4f850c593dd46a77ee469303fe5de1fd8a4967a282f8c2b5d7df5d4	/projects/alberdilab/scratch/jpl786/projects/gifter-r10-chicken/tasks/01-mag-acquisition/mags/cmag_355.fna.gz
1977de94e25da316e7db15fdddad478f49d17cae62c02567124ca5a4f3cf6f6b	/projects/alberdilab/scratch/jpl786/projects/gifter-r10-chicken/tasks/01-mag-acquisition/mags/cmag_356.fna.gz
0b315baaf3748fc725bf8bf66322e70578a05ffe7f37eb0701c12c2212bd7bc3	/projects/alberdilab/scratch/jpl786/projects/gifter-r10-chicken/tasks/01-mag-acquisition/mags/cmag_357.fna.gz
a641858bdc1f1c05b4d4d27b156036fdcde8de5c99e917545cf73e232643361c	/projects/alberdilab/scratch/jpl786/projects/gifter-r10-chicken/tasks/01-mag-acquisition/mags/cmag_358.fna.gz
8d1f62c35b0dc36c9bc5c0e6747182a171d06df88320779c45d2173d09563c4b	/projects/alberdilab/scratch/jpl786/projects/gifter-r10-chicken/tasks/01-mag-acquisition/mags/cmag_359.fna.gz
e0460892e5f560dbd93c356b58c7be7d7d86e957a3a7639bb9c08022ad11cf30	/projects/alberdilab/scratch/jpl786/projects/gifter-r10-chicken/tasks/01-mag-acquisition/mags/cmag_360.fna.gz
0b398d6fb4747e30ab5dbd76bb4ac3d01f413d8a79d4c0d2d12ce2ea668a7f72	/projects/alberdilab/scratch/jpl786/projects/gifter-r10-chicken/tasks/01-mag-acquisition/mags/cmag_361.fna.gz
0fc6308daa2972ca27336e1891c1c2cf4f05f4bd7c6ee188c4324a962513bc14	/projects/alberdilab/scratch/jpl786/projects/gifter-r10-chicken/tasks/01-mag-acquisition/mags/cmag_362.fna.gz
816bb6e1a0a443848b4b81f543dafe5df8b8443b72cb68106a15ebfed08af052	/projects/alberdilab/scratch/jpl786/projects/gifter-r10-chicken/tasks/01-mag-acquisition/mags/cmag_363.fna.gz
59859586e3e07bce9ff2bbdf145fe487aaa76788afb7d1c835887e20cbca7b01	/projects/alberdilab/scratch/jpl786/projects/gifter-r10-chicken/tasks/01-mag-acquisition/mags/cmag_364.fna.gz
e458f664fbd710557d1394f0a674d807713fc46519a7c48ad0f95a2ed193cef2	/projects/alberdilab/scratch/jpl786/projects/gifter-r10-chicken/tasks/01-mag-acquisition/mags/cmag_365.fna.gz
431fee69f11dab6aa67c191268745fd3f13eaef469935da4926b35f2af1a2e09	/projects/alberdilab/scratch/jpl786/projects/gifter-r10-chicken/tasks/01-mag-acquisition/mags/cmag_366.fna.gz
5ad33639ee318694d3710a7be2846899ac037585918cb31796358393e44bdedb	/projects/alberdilab/scratch/jpl786/projects/gifter-r10-chicken/tasks/01-mag-acquisition/mags/cmag_367.fna.gz
8b4bc1d642e960e8844e016573fceed5b32dac23abf5d9fb21e5b136f8583a3e	/projects/alberdilab/scratch/jpl786/projects/gifter-r10-chicken/tasks/01-mag-acquisition/mags/cmag_368.fna.gz
3111bce90e14baa83bdbb55119c3340641c5e506d885fb24d2e24bb0fad99a26	/projects/alberdilab/scratch/jpl786/projects/gifter-r10-chicken/tasks/01-mag-acquisition/mags/cmag_369.fna.gz
8695ef9ee8a845eff80b2395990db7809c5263f158fb413906a5f9ffc37b775c	/projects/alberdilab/scratch/jpl786/projects/gifter-r10-chicken/tasks/01-mag-acquisition/mags/cmag_370.fna.gz
f70f46601596f0e3ea6d17b6f1f9a3aed8beba20e87c5353265c2e13d42863fb	/projects/alberdilab/scratch/jpl786/projects/gifter-r10-chicken/tasks/01-mag-acquisition/mags/cmag_371.fna.gz
c12d67df9c9fdd37f35ada2f164cbe09aa48403afc87561478c43ef14bc5554f	/projects/alberdilab/scratch/jpl786/projects/gifter-r10-chicken/tasks/01-mag-acquisition/mags/cmag_372.fna.gz
c287eb3eed18612ce3c50b67484346591eb0768207c8ebfece3f6fd3b8f2313f	/projects/alberdilab/scratch/jpl786/projects/gifter-r10-chicken/tasks/01-mag-acquisition/mags/cmag_373.fna.gz
f5ac4b9580daf567caa5fc8dd31f0d63384d8b9130bfdd64f5ead9f70a246435	/projects/alberdilab/scratch/jpl786/projects/gifter-r10-chicken/tasks/01-mag-acquisition/mags/cmag_374.fna.gz
951eb68dd18815e46dcb390a26b105e53b0275b0709f793b38d1e1e451c3644a	/projects/alberdilab/scratch/jpl786/projects/gifter-r10-chicken/tasks/01-mag-acquisition/mags/cmag_375.fna.gz
438c19349a6d228a58aa69a02dbb23741d5655206a139059bac78569f5b7df6f	/projects/alberdilab/scratch/jpl786/projects/gifter-r10-chicken/tasks/01-mag-acquisition/mags/cmag_376.fna.gz
7d8444549efb3cfd26dcbdad234384cf5bace37bfad1f3b1dbd333b0ac8ab195	/projects/alberdilab/scratch/jpl786/projects/gifter-r10-chicken/tasks/01-mag-acquisition/mags/cmag_377.fna.gz
1588641fe57926875ddbeb6a882a135388c8aa7d92ecfb14b8a457fc1f3a12a3	/projects/alberdilab/scratch/jpl786/projects/gifter-r10-chicken/tasks/01-mag-acquisition/mags/cmag_378.fna.gz
8760e9fcc9f3f4eda45b2295fcbc0c8e2d8ff27e5ed816bd3d9b53dc444aebbe	/projects/alberdilab/scratch/jpl786/projects/gifter-r10-chicken/tasks/01-mag-acquisition/mags/cmag_379.fna.gz
b9bd376e4269c9b551f6995038a12c2046a5cbd0310c37e414e4ffff13df0857	/projects/alberdilab/scratch/jpl786/projects/gifter-r10-chicken/tasks/01-mag-acquisition/mags/cmag_380.fna.gz
415d87f35ace147a73ab1c2faba118f2c4f0f3382f396bcb10aaa13fab83b116	/projects/alberdilab/scratch/jpl786/projects/gifter-r10-chicken/tasks/01-mag-acquisition/mags/cmag_381.fna.gz
d9796906fd81c7d51fad1ef6ea3232daab64ad61f7ff775ac92782e74e0de91a	/projects/alberdilab/scratch/jpl786/projects/gifter-r10-chicken/tasks/01-mag-acquisition/mags/cmag_382.fna.gz
34badc81a669e413d463ab28553e27ca0c2c13e61f6f5eb04d9e34f0e7971da8	/projects/alberdilab/scratch/jpl786/projects/gifter-r10-chicken/tasks/01-mag-acquisition/mags/cmag_383.fna.gz
f228d80fc271247a893a1d870b50a4f234842ddd33bac8990edfd88290e4f561	/projects/alberdilab/scratch/jpl786/projects/gifter-r10-chicken/tasks/01-mag-acquisition/mags/cmag_384.fna.gz
509529da6789228e39221c41de8de5dd7212300cb9effc751c88765eadac1d24	/projects/alberdilab/scratch/jpl786/projects/gifter-r10-chicken/tasks/01-mag-acquisition/mags/cmag_385.fna.gz
f45e998416f6c85607bb7afb3b569fa06a45a8590aecf0e10f84458d4b7d57b7	/projects/alberdilab/scratch/jpl786/projects/gifter-r10-chicken/tasks/01-mag-acquisition/mags/cmag_386.fna.gz
78b682408059fce54cbebeadd65c9b19096d79ef3b32b3f5c9b07759c614ae5b	/projects/alberdilab/scratch/jpl786/projects/gifter-r10-chicken/tasks/01-mag-acquisition/mags/cmag_387.fna.gz
bb5b777a29f950548726bf19716a6be398ff560a6f68e20629d7b024edbe3129	/projects/alberdilab/scratch/jpl786/projects/gifter-r10-chicken/tasks/01-mag-acquisition/mags/cmag_388.fna.gz
9118da4f53cc4a6c05bf949e3e2f0d58e514a05f3de552a71c80a6af92331fb9	/projects/alberdilab/scratch/jpl786/projects/gifter-r10-chicken/tasks/01-mag-acquisition/mags/cmag_389.fna.gz
3d6b20c24da4076b0198c01420d826d64b29b8caa3d68ec4f07d122f08e2760b	/projects/alberdilab/scratch/jpl786/projects/gifter-r10-chicken/tasks/01-mag-acquisition/mags/cmag_390.fna.gz
c94d72b0292a8f272205fe3c80cd5bf87284d1552505f506fa5482c5424ebb53	/projects/alberdilab/scratch/jpl786/projects/gifter-r10-chicken/tasks/01-mag-acquisition/mags/cmag_391.fna.gz
35911debc83df5e96baf81d0e1d56a2aabbca47b2e070619c5b71e16d5dbeed8	/projects/alberdilab/scratch/jpl786/projects/gifter-r10-chicken/tasks/01-mag-acquisition/mags/cmag_392.fna.gz
b6d502be7a438b63a3d33963fedcd57c156c6f177dc6af271dfee832cb3d58dc	/projects/alberdilab/scratch/jpl786/projects/gifter-r10-chicken/tasks/01-mag-acquisition/mags/cmag_393.fna.gz
28f14356afcf5487f082f0ef8e3cafc0e7d24066febf625124dc967cb78f699f	/projects/alberdilab/scratch/jpl786/projects/gifter-r10-chicken/tasks/01-mag-acquisition/mags/cmag_394.fna.gz
ea4847d7f559ca0c43377b05ccd8c860826c264937b50fcb284ba635c1b7d6cb	/projects/alberdilab/scratch/jpl786/projects/gifter-r10-chicken/tasks/01-mag-acquisition/mags/cmag_395.fna.gz
d25fb3fb75be5df85309863ca142cb97cde3d9c0a744a9c9822e06f5c064027e	/projects/alberdilab/scratch/jpl786/projects/gifter-r10-chicken/tasks/01-mag-acquisition/mags/cmag_396.fna.gz
90077f49d347d103beecc22a9b05b0b2ba49d8827ec00d38dec52859ba4bbbed	/projects/alberdilab/scratch/jpl786/projects/gifter-r10-chicken/tasks/01-mag-acquisition/mags/cmag_397.fna.gz
9deb0fd171245611b914493cc6d3bbb6d5dda38d5bf21638186cf49821bfac41	/projects/alberdilab/scratch/jpl786/projects/gifter-r10-chicken/tasks/01-mag-acquisition/mags/cmag_398.fna.gz
de55045a7f6e6cca4ffebe9e9f3ff87191ef3e1e69f849bf95b7fd8ef719e421	/projects/alberdilab/scratch/jpl786/projects/gifter-r10-chicken/tasks/01-mag-acquisition/mags/cmag_399.fna.gz
74c3ca9dfdc68336aa2c810b54b32dad4596a5ea57cdd3019bd22b2cc669aa34	/projects/alberdilab/scratch/jpl786/projects/gifter-r10-chicken/tasks/01-mag-acquisition/mags/cmag_400.fna.gz
2f02841b4fd4107969f48491458bc42164d49b48322af4f9d0ec090561abb8d5	/projects/alberdilab/scratch/jpl786/projects/gifter-r10-chicken/tasks/01-mag-acquisition/mags/cmag_401.fna.gz
ef2ec39a2e36725eeedbf3b7537a4433421c06b2754db196d0fae5c19cb67fb0	/projects/alberdilab/scratch/jpl786/projects/gifter-r10-chicken/tasks/01-mag-acquisition/mags/cmag_402.fna.gz
c7a142dfcc5ed86d4d95751107e13b32e93f84ca1c5e3e66780d77a86686212f	/projects/alberdilab/scratch/jpl786/projects/gifter-r10-chicken/tasks/01-mag-acquisition/mags/cmag_403.fna.gz
721f93f431c9bf38ab77ce0b716889c0c9e87b0c3a8b20c8ad6bc040453e4143	/projects/alberdilab/scratch/jpl786/projects/gifter-r10-chicken/tasks/01-mag-acquisition/mags/cmag_404.fna.gz
e4edd00949c1a86745bb49e5c42202c8ecd52eaa6665bcd0f89715ed6e0662ce	/projects/alberdilab/scratch/jpl786/projects/gifter-r10-chicken/tasks/01-mag-acquisition/mags/cmag_405.fna.gz
4355ab80639e9145cc2ffb08c14e64cc0915700263cac7a013feef62cecefb1a	/projects/alberdilab/scratch/jpl786/projects/gifter-r10-chicken/tasks/01-mag-acquisition/mags/cmag_406.fna.gz
7784195da6da34912f79739cd80c8f2962476fca75108eb606fb71cd742bba91	/projects/alberdilab/scratch/jpl786/projects/gifter-r10-chicken/tasks/01-mag-acquisition/mags/cmag_407.fna.gz
86b129893898d9921237a0b4b819208d07376517d4fe25d9dfeb866148ba6f52	/projects/alberdilab/scratch/jpl786/projects/gifter-r10-chicken/tasks/01-mag-acquisition/mags/cmag_408.fna.gz
b7d81a8adf60181772cc91e69abd69bb3812bd7401974a28d4eec792543cffbb	/projects/alberdilab/scratch/jpl786/projects/gifter-r10-chicken/tasks/01-mag-acquisition/mags/cmag_409.fna.gz
635ddb82029f15a1e12f15b58db271d2732d3427747dc41d644da8de767dc467	/projects/alberdilab/scratch/jpl786/projects/gifter-r10-chicken/tasks/01-mag-acquisition/mags/cmag_410.fna.gz
1a79ac07f57febbe70bb498c71cca45af098af454dbe29c853205493330f67fa	/projects/alberdilab/scratch/jpl786/projects/gifter-r10-chicken/tasks/01-mag-acquisition/mags/cmag_411.fna.gz
511cc8aeeebae017064554854ff6727f0ac9b8ee4ecefe71ac8976e5a94f55db	/projects/alberdilab/scratch/jpl786/projects/gifter-r10-chicken/tasks/01-mag-acquisition/mags/cmag_412.fna.gz
175b37e69d62063e81b4dc932c620f96c463eeb651b553d74e893f97d36b3157	/projects/alberdilab/scratch/jpl786/projects/gifter-r10-chicken/tasks/01-mag-acquisition/mags/cmag_413.fna.gz
6356a53435f0e279489fbd56022a42f8903a77173b0322e3bd30cd0f97f2f45b	/projects/alberdilab/scratch/jpl786/projects/gifter-r10-chicken/tasks/01-mag-acquisition/mags/cmag_414.fna.gz
6d94547b116b70013b2f3f82b2b76ed4f4b066263f2d0da758c03bbfa8d4e535	/projects/alberdilab/scratch/jpl786/projects/gifter-r10-chicken/tasks/01-mag-acquisition/mags/cmag_415.fna.gz
62c01508012a83afbef28fddaa2244eb0663121fb7607aef9f61856b4cc39327	/projects/alberdilab/scratch/jpl786/projects/gifter-r10-chicken/tasks/01-mag-acquisition/mags/cmag_416.fna.gz
1a9e290072773ad10dbb5257817c736f2c75c6243e029d29fb3145c2b8c14ccf	/projects/alberdilab/scratch/jpl786/projects/gifter-r10-chicken/tasks/01-mag-acquisition/mags/cmag_417.fna.gz
e7759bd740e6d22ce661a16f3d4833bd9e0da74baa68457fae701a4ff3abfbe0	/projects/alberdilab/scratch/jpl786/projects/gifter-r10-chicken/tasks/01-mag-acquisition/mags/cmag_418.fna.gz
d62d3d7bfec42eb3104666925f856e064e76d06f81b4bade599621d4c058a905	/projects/alberdilab/scratch/jpl786/projects/gifter-r10-chicken/tasks/01-mag-acquisition/mags/cmag_419.fna.gz
3c7007a68868b4b5fd42f11a6386b6bc1144c7bd41ec1490ee387386ba41a842	/projects/alberdilab/scratch/jpl786/projects/gifter-r10-chicken/tasks/01-mag-acquisition/mags/cmag_420.fna.gz
ba9bd4682dccca45f82adcfa07072b26b096f636b200d7c129a6c8ed8ef01416	/projects/alberdilab/scratch/jpl786/projects/gifter-r10-chicken/tasks/01-mag-acquisition/mags/cmag_421.fna.gz
c81c7b7757ff3621f181ed7b5a395b2f3e1546c1653afb612ac07fbced9cf547	/projects/alberdilab/scratch/jpl786/projects/gifter-r10-chicken/tasks/01-mag-acquisition/mags/cmag_422.fna.gz
3f3363357a019a46fd50b3225d37824ada5a780960200a796a53fcd29bd5644e	/projects/alberdilab/scratch/jpl786/projects/gifter-r10-chicken/tasks/01-mag-acquisition/mags/cmag_423.fna.gz
af1e5fd8918a8529c42b5d35bba87adbbe93524be96a7ec63ef329adc62c23c8	/projects/alberdilab/scratch/jpl786/projects/gifter-r10-chicken/tasks/01-mag-acquisition/mags/cmag_424.fna.gz
4c0c117c2310d5b54e8b07a3f155779716667893826ff36001d7336a0fff26b4	/projects/alberdilab/scratch/jpl786/projects/gifter-r10-chicken/tasks/01-mag-acquisition/mags/cmag_425.fna.gz
a0b43317c295b8e7a02c0bdb11bfcd0581d09523bc996a4c3ee512ed8b073b40	/projects/alberdilab/scratch/jpl786/projects/gifter-r10-chicken/tasks/01-mag-acquisition/mags/cmag_426.fna.gz
5afc8b164bd2ccbd8567557054686ae926269a36e86bb379f03632130b2d4f09	/projects/alberdilab/scratch/jpl786/projects/gifter-r10-chicken/tasks/01-mag-acquisition/mags/cmag_427.fna.gz
a6c5ea275ba4f5e80f92c8330aa7e4d3a9d7f79f6cb2ffa5fbf869afa7e6f09e	/projects/alberdilab/scratch/jpl786/projects/gifter-r10-chicken/tasks/01-mag-acquisition/mags/cmag_428.fna.gz
f5fbbf50026dc82356e062a551055e0cbd39dab573805e82c412928937ad3e0e	/projects/alberdilab/scratch/jpl786/projects/gifter-r10-chicken/tasks/01-mag-acquisition/mags/cmag_429.fna.gz
0ef21cf68a115285d7257564f7f4404df211d288f7827e889a04ca76a8e321e6	/projects/alberdilab/scratch/jpl786/projects/gifter-r10-chicken/tasks/01-mag-acquisition/mags/cmag_431.fna.gz
9786f52de04098647c67129dc48524e25397720e9535c2468c1e6e547e2d59d7	/projects/alberdilab/scratch/jpl786/projects/gifter-r10-chicken/tasks/01-mag-acquisition/mags/cmag_432.fna.gz
d416a2c9f316181e9b1886040b4afd94be4c4544f22b24af8958b5f9a581016d	/projects/alberdilab/scratch/jpl786/projects/gifter-r10-chicken/tasks/01-mag-acquisition/mags/cmag_433.fna.gz
c619056590aa420501645586d2fcbba7979f6eb30e661d95d0c7e6dc0948d51c	/projects/alberdilab/scratch/jpl786/projects/gifter-r10-chicken/tasks/01-mag-acquisition/mags/cmag_434.fna.gz
f3b271313b0a71ae9ff03edc1cc2555ac422152c52fad731f6fb1c93b054e8ae	/projects/alberdilab/scratch/jpl786/projects/gifter-r10-chicken/tasks/01-mag-acquisition/mags/cmag_435.fna.gz
fa715899a0c63077afb70ac76426752ccdfebd3f2fd35a37b8e6d121b32c0ba2	/projects/alberdilab/scratch/jpl786/projects/gifter-r10-chicken/tasks/01-mag-acquisition/mags/cmag_436.fna.gz
f80a22c2bee47cd759dcc90ada2d97eebc14353bb5d880f48f840ceb6084873b	/projects/alberdilab/scratch/jpl786/projects/gifter-r10-chicken/tasks/01-mag-acquisition/mags/cmag_437.fna.gz
561d316af8c0a33bd514bd5f8541064494ece23cb734043ea2027f2754389a21	/projects/alberdilab/scratch/jpl786/projects/gifter-r10-chicken/tasks/01-mag-acquisition/mags/cmag_438.fna.gz
3ea0782f220ace591ff2d44d6009fe48321f0f92dc2d3e8ea9e7354136ae28d9	/projects/alberdilab/scratch/jpl786/projects/gifter-r10-chicken/tasks/01-mag-acquisition/mags/cmag_439.fna.gz
8f78059d42efafe5d11979a90c8cf19e21d1eb2430f86befcac0ec18ff888c46	/projects/alberdilab/scratch/jpl786/projects/gifter-r10-chicken/tasks/01-mag-acquisition/mags/cmag_440.fna.gz
b625bfb4209a7d108073808df2748d831b72a4f169307a2d22d91abe3ea21a92	/projects/alberdilab/scratch/jpl786/projects/gifter-r10-chicken/tasks/01-mag-acquisition/mags/cmag_441.fna.gz
e49aa0fbbdc6a781361faae907a94c80490a2def15b338dcd01b7650a56b9606	/projects/alberdilab/scratch/jpl786/projects/gifter-r10-chicken/tasks/01-mag-acquisition/mags/cmag_442.fna.gz
002d1f16f1f6419b3ab635d4059e3fb954ff90552a843ae0d14ca33ec51c0bd7	/projects/alberdilab/scratch/jpl786/projects/gifter-r10-chicken/tasks/01-mag-acquisition/mags/cmag_443.fna.gz
d9409880633b7af6f7b4618683f5de2f1ff16f23ba2e6a4a3a70a08d3a21925d	/projects/alberdilab/scratch/jpl786/projects/gifter-r10-chicken/tasks/01-mag-acquisition/mags/cmag_444.fna.gz
8df3379fd38e48031b0676921cc383da56b9cc6276a4de5f783bf59537f0d3c2	/projects/alberdilab/scratch/jpl786/projects/gifter-r10-chicken/tasks/01-mag-acquisition/mags/cmag_445.fna.gz
2e50e5f0d1c5824b13ef1ca089d108d1fe437cefa7a6ee0bed0a37941ff3bc8c	/projects/alberdilab/scratch/jpl786/projects/gifter-r10-chicken/tasks/01-mag-acquisition/mags/cmag_446.fna.gz
9512e428e9bff9f00cc4e0a7152b60a689cbc747c6ae2c05c9a64f6bf2f0ac0f	/projects/alberdilab/scratch/jpl786/projects/gifter-r10-chicken/tasks/01-mag-acquisition/mags/cmag_447.fna.gz
c8d93ee0382026e314bb821cb94b2901a9eb97b62f61d6f1ea6c8f9b9689949a	/projects/alberdilab/scratch/jpl786/projects/gifter-r10-chicken/tasks/01-mag-acquisition/mags/cmag_448.fna.gz
cf9496378764bbe4fcf353ab7fead603800f540003539fc9d0aadab410f0fc38	/projects/alberdilab/scratch/jpl786/projects/gifter-r10-chicken/tasks/01-mag-acquisition/mags/cmag_449.fna.gz
5fd53f2977757faf0d7946fde6121568c99b6ef10d30b493e1020f0ac9928d13	/projects/alberdilab/scratch/jpl786/projects/gifter-r10-chicken/tasks/01-mag-acquisition/mags/cmag_450.fna.gz
189927232424f1e74569ea7809ba91fa6e81132fbc34ce650020a9a6126fa29e	/projects/alberdilab/scratch/jpl786/projects/gifter-r10-chicken/tasks/01-mag-acquisition/mags/cmag_451.fna.gz
29ad60456d14d225e5ca1ee5cbe9508d534480cbbaeddacbc8addd5b3aeeb7ed	/projects/alberdilab/scratch/jpl786/projects/gifter-r10-chicken/tasks/01-mag-acquisition/mags/cmag_452.fna.gz
a2cab7aaa2a8e4be43df5cf1d380d31e8105d49125809c2871eafe1d9f37e238	/projects/alberdilab/scratch/jpl786/projects/gifter-r10-chicken/tasks/01-mag-acquisition/mags/cmag_453.fna.gz
6d70e8707ab6639843f2767671555e2e1eafc9c22dfba6d789ca45ad9d9ee0b8	/projects/alberdilab/scratch/jpl786/projects/gifter-r10-chicken/tasks/01-mag-acquisition/mags/cmag_454.fna.gz
cbb4d7663be443d791e584b1624464effcecb747c6018977dea77c574ef05f2b	/projects/alberdilab/scratch/jpl786/projects/gifter-r10-chicken/tasks/01-mag-acquisition/mags/cmag_455.fna.gz
4dd7a37587a5407c97a9b8c323ce0b6087352fefdc616d831f7d7b14a2c739a7	/projects/alberdilab/scratch/jpl786/projects/gifter-r10-chicken/tasks/01-mag-acquisition/mags/cmag_456.fna.gz
ec967d2ee17ad1d485ddd369ca05aa865fdb4d113b11c92911a1cc6c26fb12ee	/projects/alberdilab/scratch/jpl786/projects/gifter-r10-chicken/tasks/01-mag-acquisition/mags/cmag_457.fna.gz
44634b0527265b98025cb6995dbcca3ca371e8a0aabce5a32633cbfe2c091e5a	/projects/alberdilab/scratch/jpl786/projects/gifter-r10-chicken/tasks/01-mag-acquisition/mags/cmag_458.fna.gz
29e797a0fa59cf955bf33b617ec2506caf52726e2ddfa5473054d77f2dfe8158	/projects/alberdilab/scratch/jpl786/projects/gifter-r10-chicken/tasks/01-mag-acquisition/mags/cmag_459.fna.gz
cc9aa8cd800badb615c342768abfe36736ef9868e3a42b34ab1e917bae294422	/projects/alberdilab/scratch/jpl786/projects/gifter-r10-chicken/tasks/01-mag-acquisition/mags/cmag_460.fna.gz
7958dee09d560cc0c53321fa924a4b4181a2101f5f9912f352c935b9bf968902	/projects/alberdilab/scratch/jpl786/projects/gifter-r10-chicken/tasks/01-mag-acquisition/mags/cmag_461.fna.gz
62cbe875921624f1c2791e5cd4a5bcc82da493692afa50dcbaf32b2847722873	/projects/alberdilab/scratch/jpl786/projects/gifter-r10-chicken/tasks/01-mag-acquisition/mags/cmag_462.fna.gz
9472595a228e7d09e11b72639c7378b37f832a7ebb0645c7ae72c30801a28d7b	/projects/alberdilab/scratch/jpl786/projects/gifter-r10-chicken/tasks/01-mag-acquisition/mags/cmag_463.fna.gz
4f7f30b5fc528255f3c7da0bc40bfdb74a69ee0442060c9154c391e6e7c6ad06	/projects/alberdilab/scratch/jpl786/projects/gifter-r10-chicken/tasks/01-mag-acquisition/mags/cmag_464.fna.gz
33a7fe2f2c9fcf1b03dac886fb42e7234006f05c121f2e7b4f4aa1f9a4c91d10	/projects/alberdilab/scratch/jpl786/projects/gifter-r10-chicken/tasks/01-mag-acquisition/mags/cmag_465.fna.gz
89d153747937437f19d16c856acfcb1336b8ea4fca0d6a0f868fe8bf4f90caeb	/projects/alberdilab/scratch/jpl786/projects/gifter-r10-chicken/tasks/01-mag-acquisition/mags/cmag_466.fna.gz
120dda4f780193dd3cc71ce787556427e8f34ba2f366311f90dcacfabe80e708	/projects/alberdilab/scratch/jpl786/projects/gifter-r10-chicken/tasks/01-mag-acquisition/mags/cmag_467.fna.gz
ae8d5d33368b9a861f1751aa99d2a7722bd5e6f2347f0878fce8ca25eedaa0b7	/projects/alberdilab/scratch/jpl786/projects/gifter-r10-chicken/tasks/01-mag-acquisition/mags/cmag_468.fna.gz
4143606d29ecb045cc3be4ced4ce629313fb3a0f687cbc2322a8fcf93cdd7119	/projects/alberdilab/scratch/jpl786/projects/gifter-r10-chicken/tasks/01-mag-acquisition/mags/cmag_469.fna.gz
dbac59f222e33316babffd16b9f45f200f5496a54a45a3a6f588c8b3b70eeb0c	/projects/alberdilab/scratch/jpl786/projects/gifter-r10-chicken/tasks/01-mag-acquisition/mags/cmag_470.fna.gz
f4bdae7178a19b4239d79bd9cca7595674b5bd0ce51e83f0083d81313e08326a	/projects/alberdilab/scratch/jpl786/projects/gifter-r10-chicken/tasks/01-mag-acquisition/mags/cmag_471.fna.gz
943534ebfb4bb8ab8183d4229384de1191dd5582df76e83a2dc744ebe57a5223	/projects/alberdilab/scratch/jpl786/projects/gifter-r10-chicken/tasks/01-mag-acquisition/mags/cmag_472.fna.gz
cbe4e0055cc3c47b23305673a4d1ce0c1fe6478988575e1a8d5099febcec4ccf	/projects/alberdilab/scratch/jpl786/projects/gifter-r10-chicken/tasks/01-mag-acquisition/mags/cmag_473.fna.gz
79912847fa7d5672268124ffcda8789592c843703751327db6ae94445de7b5bc	/projects/alberdilab/scratch/jpl786/projects/gifter-r10-chicken/tasks/01-mag-acquisition/mags/cmag_474.fna.gz
ddac293bf60b386d8fbb63c0d6b4c359998e55391458742a828821ece6d9b594	/projects/alberdilab/scratch/jpl786/projects/gifter-r10-chicken/tasks/01-mag-acquisition/mags/cmag_475.fna.gz
54bda7f28abf26368a0749f30124fce4ca6cd095d4c052a37dabd6887029bbf6	/projects/alberdilab/scratch/jpl786/projects/gifter-r10-chicken/tasks/01-mag-acquisition/mags/cmag_476.fna.gz
d3d28b1d11fb10703b63880ca5bc6b20f255ca9025081f217488e5b82053fcc7	/projects/alberdilab/scratch/jpl786/projects/gifter-r10-chicken/tasks/01-mag-acquisition/mags/cmag_477.fna.gz
2aaa4ca9de37cf69c0b4bd27a6f5844adfa26a2368eccbe4d49c026d682090c3	/projects/alberdilab/scratch/jpl786/projects/gifter-r10-chicken/tasks/01-mag-acquisition/mags/cmag_478.fna.gz
bd80840b47cc9270be77f7c0b0a9dc99e5ec7e7684b2e6340306d7d24602aa5f	/projects/alberdilab/scratch/jpl786/projects/gifter-r10-chicken/tasks/01-mag-acquisition/mags/cmag_479.fna.gz
35af2314597e746bdd3860331000b9980a7e96ffad38f891708594e7cc8b1eb6	/projects/alberdilab/scratch/jpl786/projects/gifter-r10-chicken/tasks/01-mag-acquisition/mags/cmag_480.fna.gz
9fbe5e3f3e1403b2407641b29ac3668adc1514b18f829ac7b6c75a7675f20dac	/projects/alberdilab/scratch/jpl786/projects/gifter-r10-chicken/tasks/01-mag-acquisition/mags/cmag_481.fna.gz
2c04463c8377a0387a65250197a34700bebd609aad485c31ec2a5ffa6f004213	/projects/alberdilab/scratch/jpl786/projects/gifter-r10-chicken/tasks/01-mag-acquisition/mags/cmag_482.fna.gz
351ffc79b0c2609124023ca48c17466d64191c5d4b3bdd176fb9d5b87c415bfb	/projects/alberdilab/scratch/jpl786/projects/gifter-r10-chicken/tasks/01-mag-acquisition/mags/cmag_483.fna.gz
d294998c618caa704a8118f04065d1845286a37e0785de591a6c1f575010c4cf	/projects/alberdilab/scratch/jpl786/projects/gifter-r10-chicken/tasks/01-mag-acquisition/mags/cmag_484.fna.gz
9bf791d228934eb4f9f307e16d9d90b908857b591415bfc48ecf913c0ffe48c2	/projects/alberdilab/scratch/jpl786/projects/gifter-r10-chicken/tasks/01-mag-acquisition/mags/cmag_485.fna.gz
61ecf1891cab7e8d27d117931050e64a0817f2c074f967ace00f82a33e8e4ee5	/projects/alberdilab/scratch/jpl786/projects/gifter-r10-chicken/tasks/01-mag-acquisition/mags/cmag_486.fna.gz
c39be9c1e041adf1964ef18c1455707d436ee28364f63e5ec7d34e29afbbdaef	/projects/alberdilab/scratch/jpl786/projects/gifter-r10-chicken/tasks/01-mag-acquisition/mags/cmag_487.fna.gz
ef909f7037b24befa37c44f0d1762e6c1009a4572acb8d214d0c0fd2af895753	/projects/alberdilab/scratch/jpl786/projects/gifter-r10-chicken/tasks/01-mag-acquisition/mags/cmag_488.fna.gz
5c1b2ca64b4594dae38aea80385e108dd6162412a583ca410063c79844878e2d	/projects/alberdilab/scratch/jpl786/projects/gifter-r10-chicken/tasks/01-mag-acquisition/mags/cmag_489.fna.gz
4dae9a3c3eee76fc5e233fc70473adb9b667b14b3ffe5d4b7eed4832dde1b981	/projects/alberdilab/scratch/jpl786/projects/gifter-r10-chicken/tasks/01-mag-acquisition/mags/cmag_490.fna.gz
13c106febc9426ba7d0506d43c18cfc119cfc6eb6d28823849d6981c16f44f74	/projects/alberdilab/scratch/jpl786/projects/gifter-r10-chicken/tasks/01-mag-acquisition/mags/cmag_491.fna.gz
ca40f32deef9a5e13d3372f32e8aee9fa68c896ad581a6661a04f5eeaf98e57e	/projects/alberdilab/scratch/jpl786/projects/gifter-r10-chicken/tasks/01-mag-acquisition/mags/cmag_492.fna.gz
ba0e3dbd2ea68b65996f8217991e9ebec95782d0b33d376adbbc74ce63cbc9fd	/projects/alberdilab/scratch/jpl786/projects/gifter-r10-chicken/tasks/01-mag-acquisition/mags/cmag_493.fna.gz
d5890309972cceb7f436b873036d645b3cf8d4d9eb5b8b3c61df61e747f64625	/projects/alberdilab/scratch/jpl786/projects/gifter-r10-chicken/tasks/01-mag-acquisition/mags/cmag_494.fna.gz
0f039d516a07f8f6d8d95ea881659e7e310e72f3605c3f418cc55b555b1e78e8	/projects/alberdilab/scratch/jpl786/projects/gifter-r10-chicken/tasks/01-mag-acquisition/mags/cmag_495.fna.gz
2848dcaa071f616ba0fac754f0465b167253eb186e529d5748e85855a939d180	/projects/alberdilab/scratch/jpl786/projects/gifter-r10-chicken/tasks/01-mag-acquisition/mags/cmag_496.fna.gz
f35733daa655b9fb75b509b6e8a7760f7804969a9fdf939958449d07883ff1ef	/projects/alberdilab/scratch/jpl786/projects/gifter-r10-chicken/tasks/01-mag-acquisition/mags/cmag_497.fna.gz
d2d5b8ca3fb4a2ceb03941c3527b4fadcf9bdb40cc11510e55e3d615b57ce301	/projects/alberdilab/scratch/jpl786/projects/gifter-r10-chicken/tasks/01-mag-acquisition/mags/cmag_498.fna.gz
33ad57a8dd9b2d4cea8551dacb134394c1c5b343f1d8a5a93556d1e47a2cecfe	/projects/alberdilab/scratch/jpl786/projects/gifter-r10-chicken/tasks/01-mag-acquisition/mags/cmag_499.fna.gz
b7798d435d30e3a221dcc6bbd0d23d6a24f8f472d8705d844a466546dc711624	/projects/alberdilab/scratch/jpl786/projects/gifter-r10-chicken/tasks/01-mag-acquisition/mags/cmag_500.fna.gz
3ac1dc81e51328c632db2ee4581f73745b70600f7e2a5d92a2daa99192003653	/projects/alberdilab/scratch/jpl786/projects/gifter-r10-chicken/tasks/01-mag-acquisition/mags/cmag_501.fna.gz
e9db3579d7734c6a3b5dd5a81721b4bb3ec4ca54661acb80cf938478b37ba78d	/projects/alberdilab/scratch/jpl786/projects/gifter-r10-chicken/tasks/01-mag-acquisition/mags/cmag_502.fna.gz
37117a15fca04f193412a8cb79485799878de0ec2095f3bb22926bb27a0c81b3	/projects/alberdilab/scratch/jpl786/projects/gifter-r10-chicken/tasks/01-mag-acquisition/mags/cmag_503.fna.gz
1dc7f17a56c451269d1c4e187db56fe0797ef1505f85261ea5aa6ef082380f19	/projects/alberdilab/scratch/jpl786/projects/gifter-r10-chicken/tasks/01-mag-acquisition/mags/cmag_504.fna.gz
39732f9494ca00788daa71a1951ca92cd1396d82d60e6cc40b48101e5ee181ef	/projects/alberdilab/scratch/jpl786/projects/gifter-r10-chicken/tasks/01-mag-acquisition/mags/cmag_505.fna.gz
bda610e56478b8484861bed4494196862c72d4344d6decbedb39d0186169c639	/projects/alberdilab/scratch/jpl786/projects/gifter-r10-chicken/tasks/01-mag-acquisition/mags/cmag_506.fna.gz
0c1a53bc196715d187a70bdadf67ea75f08880318003b8a5c23392669da44172	/projects/alberdilab/scratch/jpl786/projects/gifter-r10-chicken/tasks/01-mag-acquisition/mags/cmag_507.fna.gz
556b7cbdeed82f67fb174def74ccd77dac2b325458c088afc5635aed8a98abcf	/projects/alberdilab/scratch/jpl786/projects/gifter-r10-chicken/tasks/01-mag-acquisition/mags/cmag_508.fna.gz
7501f55720aba172dd03711fe786aa1c53e363f33abed2b8bdb5b0fbf9d90606	/projects/alberdilab/scratch/jpl786/projects/gifter-r10-chicken/tasks/01-mag-acquisition/mags/cmag_509.fna.gz
78ef79eef4138a73e0c7d031554c567bdb3c29d5cffe549f05abf5b9b17323c2	/projects/alberdilab/scratch/jpl786/projects/gifter-r10-chicken/tasks/01-mag-acquisition/mags/cmag_510.fna.gz
2bc63d3b0b614d164d50d0ebb805b1b5ad3f08b71956519ffee91583b9501b31	/projects/alberdilab/scratch/jpl786/projects/gifter-r10-chicken/tasks/01-mag-acquisition/mags/cmag_511.fna.gz
aafffacf4c3c8c2b6308102f430a58899711e58bb00e6f81d26d8d9ee95ba750	/projects/alberdilab/scratch/jpl786/projects/gifter-r10-chicken/tasks/01-mag-acquisition/mags/cmag_512.fna.gz
19e1042004882bb4c4bf9537ef8d0204fcf1feae87db88048aae6fbe119c3a47	/projects/alberdilab/scratch/jpl786/projects/gifter-r10-chicken/tasks/01-mag-acquisition/mags/cmag_513.fna.gz
ecdf16c1fc607968e06cd8d518755a68197d93ab93c152c9a34370fa1288e3b1	/projects/alberdilab/scratch/jpl786/projects/gifter-r10-chicken/tasks/01-mag-acquisition/mags/cmag_514.fna.gz
048d5b52b0631c8395a24005fc608207a60fd9930ad415c2baaef3683b8ce0ad	/projects/alberdilab/scratch/jpl786/projects/gifter-r10-chicken/tasks/01-mag-acquisition/mags/cmag_515.fna.gz
37d3ab10846c4a4fe3e46500e3d59c37f20c769f181372dc1fb516a10a125ef5	/projects/alberdilab/scratch/jpl786/projects/gifter-r10-chicken/tasks/01-mag-acquisition/mags/cmag_516.fna.gz
85de58b678985636afa7b483975d7d4f4b9224f706c628ba5c7575c2158a9b8f	/projects/alberdilab/scratch/jpl786/projects/gifter-r10-chicken/tasks/01-mag-acquisition/mags/cmag_517.fna.gz
747d5e0a43f153f7a42b979133edae150854129d64d977abba725fc7486cdf8d	/projects/alberdilab/scratch/jpl786/projects/gifter-r10-chicken/tasks/01-mag-acquisition/mags/cmag_518.fna.gz
0913c57c82a97c94c3cf45c76869fe89fe510813aa510a5a2f5d3901b97db29a	/projects/alberdilab/scratch/jpl786/projects/gifter-r10-chicken/tasks/01-mag-acquisition/mags/cmag_519.fna.gz
c881fb72a5bd17fd5e4984f7ddba7706ff69690ec4982b8076c32b262ec34f0d	/projects/alberdilab/scratch/jpl786/projects/gifter-r10-chicken/tasks/01-mag-acquisition/mags/cmag_520.fna.gz
a7e9dfac4f673fe60fd3bb70fdd31cf478bcd27fe8feb93a161b29d3b8e59b29	/projects/alberdilab/scratch/jpl786/projects/gifter-r10-chicken/tasks/01-mag-acquisition/mags/cmag_521.fna.gz
9b31b5d193f21f2f4be9150f2e9c17f5bf1cef4c56b979bcb97d02b6362d98c6	/projects/alberdilab/scratch/jpl786/projects/gifter-r10-chicken/tasks/01-mag-acquisition/mags/cmag_522.fna.gz
80c0bb090a19b8ca1e9ccfac540f50e1daa2a6917a0867f99b4a56e6bc2326aa	/projects/alberdilab/scratch/jpl786/projects/gifter-r10-chicken/tasks/01-mag-acquisition/mags/cmag_523.fna.gz
0a23cfa080b818bebdb724c4cb03df4442b0badbc583f606f0935f109b649e3c	/projects/alberdilab/scratch/jpl786/projects/gifter-r10-chicken/tasks/01-mag-acquisition/mags/cmag_524.fna.gz
99b43cc1911eb237ae84167d88b2eaca7abbf2dbccc68cc60602e3a82f158fe4	/projects/alberdilab/scratch/jpl786/projects/gifter-r10-chicken/tasks/01-mag-acquisition/mags/cmag_525.fna.gz
a6acecf258517927b1a0a43e82a2ce3c6d98e402d29444bccef18e18f756f637	/projects/alberdilab/scratch/jpl786/projects/gifter-r10-chicken/tasks/01-mag-acquisition/mags/cmag_526.fna.gz
9226ef1bb99e97d2eedc57526d694f4102d9f0d0e521f19eec3ab5e04203d92d	/projects/alberdilab/scratch/jpl786/projects/gifter-r10-chicken/tasks/01-mag-acquisition/mags/cmag_527.fna.gz
4038bc97e0a92bf84e0ae7e0322c8a1d5f1d75f9dddb7e0f3e3e3113c9ea531e	/projects/alberdilab/scratch/jpl786/projects/gifter-r10-chicken/tasks/01-mag-acquisition/mags/cmag_528.fna.gz
fe01aabbb94fc6b33700648133b86fb85f5e0d9021b35ae31d774612e6b91f67	/projects/alberdilab/scratch/jpl786/projects/gifter-r10-chicken/tasks/01-mag-acquisition/mags/cmag_529.fna.gz
a3589e45f7ddfcfe21e76915014296b7dcb3576f95e864739f239f647badc844	/projects/alberdilab/scratch/jpl786/projects/gifter-r10-chicken/tasks/01-mag-acquisition/mags/cmag_530.fna.gz
3e2dd2f3b15d2f9e5ce4c9022b5047ce4ba334d7bd7443586712d2e2cbe0a4f9	/projects/alberdilab/scratch/jpl786/projects/gifter-r10-chicken/tasks/01-mag-acquisition/mags/cmag_531.fna.gz
67a645082e0fe605b0e8362f11e39730d2224204cb3a7b347cdc323ba96418a0	/projects/alberdilab/scratch/jpl786/projects/gifter-r10-chicken/tasks/01-mag-acquisition/mags/cmag_532.fna.gz
ea12df435851c2f21ab6772da0c8d65cc4a445d9eefe01f138cdb5b168f76b7b	/projects/alberdilab/scratch/jpl786/projects/gifter-r10-chicken/tasks/01-mag-acquisition/mags/cmag_533.fna.gz
4e735c39708b90a4bdd1a8bffc10374b405a89b685c5a659736a9e10b201d9ea	/projects/alberdilab/scratch/jpl786/projects/gifter-r10-chicken/tasks/01-mag-acquisition/mags/cmag_534.fna.gz
945630232e6e8a7be11ed98eec32e961822968f3d036114537013000686667e6	/projects/alberdilab/scratch/jpl786/projects/gifter-r10-chicken/tasks/01-mag-acquisition/mags/cmag_535.fna.gz
e1d6a773379639b4476cb9052a1aa3414f775ea48b1d30873f10dd34a084d0e1	/projects/alberdilab/scratch/jpl786/projects/gifter-r10-chicken/tasks/01-mag-acquisition/mags/cmag_536.fna.gz
b7f2fa6c7491a096c550e0ba76dc35057d32efa73fa6b6f2a849fe70de9bcc76	/projects/alberdilab/scratch/jpl786/projects/gifter-r10-chicken/tasks/01-mag-acquisition/mags/cmag_537.fna.gz
a422e1a93672132843e001f5e899ca522a4a8607b62a7b7f9a2194114a43bfba	/projects/alberdilab/scratch/jpl786/projects/gifter-r10-chicken/tasks/01-mag-acquisition/mags/cmag_538.fna.gz
95f9d4aff3477c3658ccb63f0f5846bd77e67757e3d4241086a64991b8dfa2ea	/projects/alberdilab/scratch/jpl786/projects/gifter-r10-chicken/tasks/01-mag-acquisition/mags/cmag_539.fna.gz
e4b2ae2a6eb83d66ee786baefa648ef6c7df96d4848e8049e6f483dd2f59ec41	/projects/alberdilab/scratch/jpl786/projects/gifter-r10-chicken/tasks/01-mag-acquisition/mags/cmag_540.fna.gz
9a08677e3b31389fdca746520b882cb8ebf9a3ad7a8f6e4b563e9d477aa147b7	/projects/alberdilab/scratch/jpl786/projects/gifter-r10-chicken/tasks/01-mag-acquisition/mags/cmag_541.fna.gz
81bdd23069174c758544c08dc71aab73570830e41f1bc0a9fba03f957216838b	/projects/alberdilab/scratch/jpl786/projects/gifter-r10-chicken/tasks/01-mag-acquisition/mags/cmag_542.fna.gz
62d495e67a31b32fb39d4b67c1fdddaf32068139bedadcce4b1f9816e40044cb	/projects/alberdilab/scratch/jpl786/projects/gifter-r10-chicken/tasks/01-mag-acquisition/mags/cmag_543.fna.gz
b694ad983c072e97d2fb3cd63db2439cb6a458ded25ba31d8627bf4011350358	/projects/alberdilab/scratch/jpl786/projects/gifter-r10-chicken/tasks/01-mag-acquisition/mags/cmag_544.fna.gz
f3bc70c079ed0ac5fd84cb32d2bc12bd8784da8786b11331b439649483db7bb8	/projects/alberdilab/scratch/jpl786/projects/gifter-r10-chicken/tasks/01-mag-acquisition/mags/cmag_545.fna.gz
94225903e66a18cfe23742c45f2e286d2a094aaeddb8dbf99e2a0193b210c39a	/projects/alberdilab/scratch/jpl786/projects/gifter-r10-chicken/tasks/01-mag-acquisition/mags/cmag_546.fna.gz
ec61c01caeff2db9eeda562c8d914ed01aefddcf6a8bff74c206742aeaaa2038	/projects/alberdilab/scratch/jpl786/projects/gifter-r10-chicken/tasks/01-mag-acquisition/mags/cmag_547.fna.gz
29ceedf6a88f871eef4ad87e9f56866d3ca054357df0c8f10b52b3af4b6de61f	/projects/alberdilab/scratch/jpl786/projects/gifter-r10-chicken/tasks/01-mag-acquisition/mags/cmag_548.fna.gz
110365471d2b9d338bcb503a3cc136786b4f0bd7e562640f119e88fd8664809e	/projects/alberdilab/scratch/jpl786/projects/gifter-r10-chicken/tasks/01-mag-acquisition/mags/cmag_549.fna.gz
f1b52ec649075a49c948d50b7b5d2bf4d6d63777c894eb01043138bcb7b549b3	/projects/alberdilab/scratch/jpl786/projects/gifter-r10-chicken/tasks/01-mag-acquisition/mags/cmag_550.fna.gz
a2fde7e45e0799811099f61f0a07cde158666629dd6c49a5e2dc1e6becfd98e5	/projects/alberdilab/scratch/jpl786/projects/gifter-r10-chicken/tasks/01-mag-acquisition/mags/cmag_551.fna.gz
22a08bbfc54a0cf8d39d6eea9d309c96228061d9cd63dcaf1dc2999a88a612e3	/projects/alberdilab/scratch/jpl786/projects/gifter-r10-chicken/tasks/01-mag-acquisition/mags/cmag_552.fna.gz
c9e6a3cf25f9672be3e3e8f20e8654dfa790cedf5788bf0819fbcaa800af4bed	/projects/alberdilab/scratch/jpl786/projects/gifter-r10-chicken/tasks/01-mag-acquisition/mags/cmag_553.fna.gz
3daecae571d5853b5695d70d7fdb0d1cda44a28d35862330a7c75a4854820222	/projects/alberdilab/scratch/jpl786/projects/gifter-r10-chicken/tasks/01-mag-acquisition/mags/cmag_555.fna.gz
d5cdf8582e77758a63dd5bebd263f635abc67c3598650dabfe62a033ef2443e3	/projects/alberdilab/scratch/jpl786/projects/gifter-r10-chicken/tasks/01-mag-acquisition/mags/cmag_556.fna.gz
b18d7097d6565171695427df6916fdbf9e3e7b51b7d69cbd2c5650f2242a7b1c	/projects/alberdilab/scratch/jpl786/projects/gifter-r10-chicken/tasks/01-mag-acquisition/mags/cmag_557.fna.gz
369cc98434253753918ef01df0c13098c44f93e8068d1a5667d5cc7e5a75e771	/projects/alberdilab/scratch/jpl786/projects/gifter-r10-chicken/tasks/01-mag-acquisition/mags/cmag_558.fna.gz
856e4e95a6350eb41ae1ebbe0d8f5e7376808aea3d589ae5e840c9835d70ddd9	/projects/alberdilab/scratch/jpl786/projects/gifter-r10-chicken/tasks/01-mag-acquisition/mags/cmag_559.fna.gz
89851aa0e7dd0b1369c4a020be636d455c436488e0e93f183effb665b4b9395e	/projects/alberdilab/scratch/jpl786/projects/gifter-r10-chicken/tasks/01-mag-acquisition/mags/cmag_560.fna.gz
1065654aa7558cf6f109712b04f9a77dc04d7ed5d7a4955a2634513b03a8afef	/projects/alberdilab/scratch/jpl786/projects/gifter-r10-chicken/tasks/01-mag-acquisition/mags/cmag_561.fna.gz
3e11bcc31dcc89738a15329f805838901f66f8f88deddd9da1adf9f240f6b842	/projects/alberdilab/scratch/jpl786/projects/gifter-r10-chicken/tasks/01-mag-acquisition/mags/cmag_562.fna.gz
185dae9380683e331ce70160ff36f2563f836b08cee08044b654fe9e17f8e576	/projects/alberdilab/scratch/jpl786/projects/gifter-r10-chicken/tasks/01-mag-acquisition/mags/cmag_563.fna.gz
b6c5b4e190b56295b354e6105f6ffd14ad075629ffe37dc262f4bebdb785cae0	/projects/alberdilab/scratch/jpl786/projects/gifter-r10-chicken/tasks/01-mag-acquisition/mags/cmag_564.fna.gz
81a47cab8746462e853c6312fc33b1d3e1c81a6b3de60c9fd6d54832d9cdfc57	/projects/alberdilab/scratch/jpl786/projects/gifter-r10-chicken/tasks/01-mag-acquisition/mags/cmag_565.fna.gz
26aaaad1fa9f96f120197a40a47bd36206d9cec6818d7a2168be1556ca835efb	/projects/alberdilab/scratch/jpl786/projects/gifter-r10-chicken/tasks/01-mag-acquisition/mags/cmag_566.fna.gz
56386abcfa423a9ab9ddfea0c3db3278adf9e9afafc9b5be8d114631a7ad1b4e	/projects/alberdilab/scratch/jpl786/projects/gifter-r10-chicken/tasks/01-mag-acquisition/mags/cmag_567.fna.gz
1495b279c2556d8ced6b5015aecfa81aba8e5bd353c689f1a01fb1fc61d0965b	/projects/alberdilab/scratch/jpl786/projects/gifter-r10-chicken/tasks/01-mag-acquisition/mags/cmag_568.fna.gz
c1ac547f9ad41f6d2b946d5047a275ee5eee1baed45d477e35dbfe2c03dc424b	/projects/alberdilab/scratch/jpl786/projects/gifter-r10-chicken/tasks/01-mag-acquisition/mags/cmag_569.fna.gz
f93d0709eeb913637c45a37d98a1f0d26d3ee8b91858ff33d6d0ea1ecdb187cd	/projects/alberdilab/scratch/jpl786/projects/gifter-r10-chicken/tasks/01-mag-acquisition/mags/cmag_570.fna.gz
03797c2a30a2ff4adb33b7965cce3fc4269db98783d48f2e6e00f58d87f1100e	/projects/alberdilab/scratch/jpl786/projects/gifter-r10-chicken/tasks/01-mag-acquisition/mags/cmag_571.fna.gz
0a75cd366fb998afac2cbe1b675ad7682d50c867fb89397c7b1f231b1d71d687	/projects/alberdilab/scratch/jpl786/projects/gifter-r10-chicken/tasks/01-mag-acquisition/mags/cmag_572.fna.gz
abb5dab1bf0ccc5cfa499515238ad30325d707e2dce482c711eb4cc238fdcf26	/projects/alberdilab/scratch/jpl786/projects/gifter-r10-chicken/tasks/01-mag-acquisition/mags/cmag_573.fna.gz
3bbb784c7d4033aca49f1a2ec5d9fda5d0b06c7342df038abb81de21a7a87848	/projects/alberdilab/scratch/jpl786/projects/gifter-r10-chicken/tasks/01-mag-acquisition/mags/cmag_574.fna.gz
989933bf2d351f10aaef5c88f8b0368ba1f97ff62af131f5bb24ee28ddfa3186	/projects/alberdilab/scratch/jpl786/projects/gifter-r10-chicken/tasks/01-mag-acquisition/mags/cmag_575.fna.gz
98c7ce66893ac8a83e8bcb54921e0decd0410490695ec9993fd75ab17d5524b9	/projects/alberdilab/scratch/jpl786/projects/gifter-r10-chicken/tasks/01-mag-acquisition/mags/cmag_576.fna.gz
329d9faf892a160f5f63eb7d4407e02ee1b9fd296d89c6549299241ce6308b73	/projects/alberdilab/scratch/jpl786/projects/gifter-r10-chicken/tasks/01-mag-acquisition/mags/cmag_577.fna.gz
684c17400b4e7e45c661a5ce173938367eaa5adfcc642afac06873cf56ee6544	/projects/alberdilab/scratch/jpl786/projects/gifter-r10-chicken/tasks/01-mag-acquisition/mags/cmag_578.fna.gz
e5559dd7fff0cab3af6012ce4c2ae113f06ac7761a49327a12f55eaed7f4e0fd	/projects/alberdilab/scratch/jpl786/projects/gifter-r10-chicken/tasks/01-mag-acquisition/mags/cmag_579.fna.gz
e783fa1b950f5cff9e34a03528f09ae7c3c599d01c28f1a56f93a1c133a08c25	/projects/alberdilab/scratch/jpl786/projects/gifter-r10-chicken/tasks/01-mag-acquisition/mags/cmag_580.fna.gz
44db268ba2dfb7a3af963c38242299efffc9044b5b9444817c143ffd4c832230	/projects/alberdilab/scratch/jpl786/projects/gifter-r10-chicken/tasks/01-mag-acquisition/mags/cmag_581.fna.gz
12195a5b22837d7f9e73e62d4892fb73fa2ca1d6a719aaecf7958f4de27eef3a	/projects/alberdilab/scratch/jpl786/projects/gifter-r10-chicken/tasks/01-mag-acquisition/mags/cmag_582.fna.gz
ecf468d5889135db5dd056180af124a45a57d3957c54a9f68f703afd6e36ba25	/projects/alberdilab/scratch/jpl786/projects/gifter-r10-chicken/tasks/01-mag-acquisition/mags/cmag_583.fna.gz
c5ab736e30e30b9852149c570895a2dc7f8097741c5a2647f79530d089a7e132	/projects/alberdilab/scratch/jpl786/projects/gifter-r10-chicken/tasks/01-mag-acquisition/mags/cmag_584.fna.gz
14d1a6436c9bc224380bb5ae6f92c9c1a1014011db5ffbdb6a41983338458f67	/projects/alberdilab/scratch/jpl786/projects/gifter-r10-chicken/tasks/01-mag-acquisition/mags/cmag_585.fna.gz
b65ce4023527bed5cdb009fd6908149cd3c2245ae3e1d34e1dded04405327592	/projects/alberdilab/scratch/jpl786/projects/gifter-r10-chicken/tasks/01-mag-acquisition/mags/cmag_586.fna.gz
360f9f6e6eb30a6aeb367a74ec5714c3552a057177ea8aee87f884813f0f9202	/projects/alberdilab/scratch/jpl786/projects/gifter-r10-chicken/tasks/01-mag-acquisition/mags/cmag_587.fna.gz
ba696ee6aab9f965f396ed2335373bd4fd7e4519a007754b443fbb014055d610	/projects/alberdilab/scratch/jpl786/projects/gifter-r10-chicken/tasks/01-mag-acquisition/mags/cmag_588.fna.gz
ed5ddb53fe16eca0fcbd9bea386725d405c01db053010565d04626d1198b8860	/projects/alberdilab/scratch/jpl786/projects/gifter-r10-chicken/tasks/01-mag-acquisition/mags/cmag_589.fna.gz
e7671aca8b9e8ad7c178870f43d8fe80eb9a18a70fc8336bde5d9a474d34c392	/projects/alberdilab/scratch/jpl786/projects/gifter-r10-chicken/tasks/01-mag-acquisition/mags/cmag_590.fna.gz
abe8f8cf4d19a618902c2e5171e5d6775faf6768f0c17542e873caefc929c960	/projects/alberdilab/scratch/jpl786/projects/gifter-r10-chicken/tasks/01-mag-acquisition/mags/cmag_591.fna.gz
cbb2a92263bf58d287337705051a50603c978822f30d4c23f4fd1e633f9dfada	/projects/alberdilab/scratch/jpl786/projects/gifter-r10-chicken/tasks/01-mag-acquisition/mags/cmag_592.fna.gz
95217920764dfb7c234572e979ae5f7d32c04863c43f4db86260dbb6675d1283	/projects/alberdilab/scratch/jpl786/projects/gifter-r10-chicken/tasks/01-mag-acquisition/mags/cmag_593.fna.gz
43634363991909a62dc6bbc11c9378077e5c007aee1b683f2563405acf1ade22	/projects/alberdilab/scratch/jpl786/projects/gifter-r10-chicken/tasks/01-mag-acquisition/mags/cmag_594.fna.gz
27eca965b39781f9e7fb76d68e06dbdc5529aced431d09b09e46a0b95c40a598	/projects/alberdilab/scratch/jpl786/projects/gifter-r10-chicken/tasks/01-mag-acquisition/mags/cmag_595.fna.gz
d5e19f7847e86bec44f0c6b29c725403b1dfe1d340b023fcba96a63da5aa4eb7	/projects/alberdilab/scratch/jpl786/projects/gifter-r10-chicken/tasks/01-mag-acquisition/mags/cmag_596.fna.gz
01f1c075a19a302f960e2a78abc016a42ff6e774981c2935039ca25a38da974c	/projects/alberdilab/scratch/jpl786/projects/gifter-r10-chicken/tasks/01-mag-acquisition/mags/cmag_597.fna.gz
daadfcfb61dcf4b3758f4c7ed588ed0b098e560adfc1a221c86575b14ce7882e	/projects/alberdilab/scratch/jpl786/projects/gifter-r10-chicken/tasks/01-mag-acquisition/mags/cmag_598.fna.gz
0433cb857a89d5b1462dba0877932fcc0c5f434f02a4c8347f8f64ab72434cb5	/projects/alberdilab/scratch/jpl786/projects/gifter-r10-chicken/tasks/01-mag-acquisition/mags/cmag_599.fna.gz
b785e8551df5727600deba214f4d8fa5040eb343031ffe9c88484e31f1b3208a	/projects/alberdilab/scratch/jpl786/projects/gifter-r10-chicken/tasks/01-mag-acquisition/mags/cmag_600.fna.gz
9214d65911079c079bbef41f6b761f02af2257fa61914db585d1e02d35759e6c	/projects/alberdilab/scratch/jpl786/projects/gifter-r10-chicken/tasks/01-mag-acquisition/mags/cmag_601.fna.gz
e0ad0f6e6ffb2a54d2753c3465d978b3153277e138c2c1e6057afed830adaad9	/projects/alberdilab/scratch/jpl786/projects/gifter-r10-chicken/tasks/01-mag-acquisition/mags/cmag_602.fna.gz
36d464079c7d29582ad7877e8551e2adb4890f7fc041e2de68a73bb65cefd1e6	/projects/alberdilab/scratch/jpl786/projects/gifter-r10-chicken/tasks/01-mag-acquisition/mags/cmag_603.fna.gz
e7522990162f81228c707da55f3851dab2106ef9ee622a056bab0c9248ffe2d0	/projects/alberdilab/scratch/jpl786/projects/gifter-r10-chicken/tasks/01-mag-acquisition/mags/cmag_604.fna.gz
971306614c7701c94d0fbfaf10aaaca261694cee384061b6ab3b4e7fd5d8d81c	/projects/alberdilab/scratch/jpl786/projects/gifter-r10-chicken/tasks/01-mag-acquisition/mags/cmag_605.fna.gz
77a9bfe861d8dc77493d7805baea151ac841d022dbd2d50f9bce8be54fc91d9d	/projects/alberdilab/scratch/jpl786/projects/gifter-r10-chicken/tasks/01-mag-acquisition/mags/cmag_606.fna.gz
6c9b8c1e7a063f4bea234e8fa3758018739fc77b8cab89129acdc30e655be14e	/projects/alberdilab/scratch/jpl786/projects/gifter-r10-chicken/tasks/01-mag-acquisition/mags/cmag_607.fna.gz
9dd8e9a3ff3919248c9723b0cf32648e2ef826fa142ee3ac43219a62c27f4654	/projects/alberdilab/scratch/jpl786/projects/gifter-r10-chicken/tasks/01-mag-acquisition/mags/cmag_608.fna.gz
29b1e9d8ce0d1ec3f23aebcf25dafbf24ae4d7eebc5b607532fcc255f31a30be	/projects/alberdilab/scratch/jpl786/projects/gifter-r10-chicken/tasks/01-mag-acquisition/mags/cmag_609.fna.gz
89ca73dd61621fa19277143bfe9b84d99b4229d28df884a6020e577ce6e0e3fe	/projects/alberdilab/scratch/jpl786/projects/gifter-r10-chicken/tasks/01-mag-acquisition/mags/cmag_610.fna.gz
12ba651e9fa8ab370bbb0a2be82261b2463c64c5350cae5d4da3fb3bd4427362	/projects/alberdilab/scratch/jpl786/projects/gifter-r10-chicken/tasks/01-mag-acquisition/mags/cmag_611.fna.gz
3d4e8c34a4b7d71549deeba261f23b5effe6eba9ce82f818e2ba42f392afcc9e	/projects/alberdilab/scratch/jpl786/projects/gifter-r10-chicken/tasks/01-mag-acquisition/mags/cmag_612.fna.gz
b824950182321912e525905572bb16d1b5ea6f40010070a1a1b20a7387ebab50	/projects/alberdilab/scratch/jpl786/projects/gifter-r10-chicken/tasks/01-mag-acquisition/mags/cmag_613.fna.gz
5cee353631ef27d7ea802d580455e0600c59dca6376426871b32ae4a48deabfa	/projects/alberdilab/scratch/jpl786/projects/gifter-r10-chicken/tasks/01-mag-acquisition/mags/cmag_614.fna.gz
5aac501251e556a1799935b048e3ee73860842f01c416e9f0276a94e99470b6a	/projects/alberdilab/scratch/jpl786/projects/gifter-r10-chicken/tasks/01-mag-acquisition/mags/cmag_615.fna.gz
bcd799d5b4a3394f4838620a101032497cabee4ed47d9d9f6710cecea5f52c03	/projects/alberdilab/scratch/jpl786/projects/gifter-r10-chicken/tasks/01-mag-acquisition/mags/cmag_616.fna.gz
a7e5c83351361df8d1673fa945c71411f45fdf03ec9970e2bc3e181dcb33bb92	/projects/alberdilab/scratch/jpl786/projects/gifter-r10-chicken/tasks/01-mag-acquisition/mags/cmag_617.fna.gz
d9e425dccae63740ca1ec2456c831375fb06ee329afb0c42854b1fada5c8d83d	/projects/alberdilab/scratch/jpl786/projects/gifter-r10-chicken/tasks/01-mag-acquisition/mags/cmag_618.fna.gz
61f144857d16ae7349382c344562b234c191c08c6e62c0d2ca3856f23f59e0b7	/projects/alberdilab/scratch/jpl786/projects/gifter-r10-chicken/tasks/01-mag-acquisition/mags/cmag_619.fna.gz
a25991d5fb1b35cee528c8cb8b87866268b4118426fb6747e0a98c857eb05af8	/projects/alberdilab/scratch/jpl786/projects/gifter-r10-chicken/tasks/01-mag-acquisition/mags/cmag_620.fna.gz
1a3364877a82fb7a6cc5212e6b04511300ad03e92f3c512ecdb010e886c873a3	/projects/alberdilab/scratch/jpl786/projects/gifter-r10-chicken/tasks/01-mag-acquisition/mags/cmag_621.fna.gz
433807bc62bae71ef760832db7c34a6d4b5c2253c223ac1cb950e1e1cf3e9ea0	/projects/alberdilab/scratch/jpl786/projects/gifter-r10-chicken/tasks/01-mag-acquisition/mags/cmag_622.fna.gz
4fcb4ea9343cabef89e656730ee46293109b2f5ed40e71d18f58a26179acda65	/projects/alberdilab/scratch/jpl786/projects/gifter-r10-chicken/tasks/01-mag-acquisition/mags/cmag_623.fna.gz
58df3d1f371ddbb76a1e84001f9c28da5d5b39a2869eaefc414140ae3ca0ed01	/projects/alberdilab/scratch/jpl786/projects/gifter-r10-chicken/tasks/01-mag-acquisition/mags/cmag_624.fna.gz
f459be1a04a85c964cb4936b2a081f56fde81e3f3233c70dbdbb821d91f378f4	/projects/alberdilab/scratch/jpl786/projects/gifter-r10-chicken/tasks/01-mag-acquisition/mags/cmag_625.fna.gz
8a62d5fd1daf567d8d479a1106ca7acce39cf5b56f89842fed6835a489718d96	/projects/alberdilab/scratch/jpl786/projects/gifter-r10-chicken/tasks/01-mag-acquisition/mags/cmag_626.fna.gz
e2d3f81a1e1447ecb76023617dc44bfbefef95ece91b17f9b306ba8a11c317f7	/projects/alberdilab/scratch/jpl786/projects/gifter-r10-chicken/tasks/01-mag-acquisition/mags/cmag_627.fna.gz
35295e54384ae418d6f8172ee75834b13e6e92e44ab73913e5bd072c6c2a3a61	/projects/alberdilab/scratch/jpl786/projects/gifter-r10-chicken/tasks/01-mag-acquisition/mags/cmag_628.fna.gz
fa3e4a5a0aa034038d7b57d68b7f84a12beff9ab9ac00b2d4ce40307d9527937	/projects/alberdilab/scratch/jpl786/projects/gifter-r10-chicken/tasks/01-mag-acquisition/mags/cmag_629.fna.gz
5e74f68350ae7ec5cc6a0d9a8737b94332daecbb41feb3514c1c9207cced872b	/projects/alberdilab/scratch/jpl786/projects/gifter-r10-chicken/tasks/01-mag-acquisition/mags/cmag_630.fna.gz
fe2e8ada67427e2b34bda666e7f25e9586cb781e52e6668c2ebd71aed143d135	/projects/alberdilab/scratch/jpl786/projects/gifter-r10-chicken/tasks/01-mag-acquisition/mags/cmag_631.fna.gz
4fc46cf095107c6c927f37ebe061696e3fcc4ba31e1330ef532985449176deb9	/projects/alberdilab/scratch/jpl786/projects/gifter-r10-chicken/tasks/01-mag-acquisition/mags/cmag_632.fna.gz
5c6c1df1d310c6387838d5be71bb3739cf50a9edf6cd60f2f76a3da148ea8653	/projects/alberdilab/scratch/jpl786/projects/gifter-r10-chicken/tasks/01-mag-acquisition/mags/cmag_633.fna.gz
d26e0ec3127dbbd544bb1a57f02b3715c52ba2572b0421285e7f63e462329733	/projects/alberdilab/scratch/jpl786/projects/gifter-r10-chicken/tasks/01-mag-acquisition/mags/cmag_634.fna.gz
d65b35980bfe3be9718e24b3069e3a581735c4bba4aa8668eba5600c9de945d2	/projects/alberdilab/scratch/jpl786/projects/gifter-r10-chicken/tasks/01-mag-acquisition/mags/cmag_635.fna.gz
251984a52b5b8de53779b4eeba20b42a73e9f3e6a3a9eef46648594f391c7d1d	/projects/alberdilab/scratch/jpl786/projects/gifter-r10-chicken/tasks/01-mag-acquisition/mags/cmag_636.fna.gz
4e5bcf06d194389b1caa66100962d41a7fa0026a0609b898300a19e882778afa	/projects/alberdilab/scratch/jpl786/projects/gifter-r10-chicken/tasks/01-mag-acquisition/mags/cmag_637.fna.gz
d1aa8a033db10cecee0ad042ae81e5fdee9133535fdb4a2d5ce0e88cee45cbc2	/projects/alberdilab/scratch/jpl786/projects/gifter-r10-chicken/tasks/01-mag-acquisition/mags/cmag_638.fna.gz
f877c69ec1c580cf2d309a23f1706ae75f0ddb37df3d743022e3b3edd7483cdf	/projects/alberdilab/scratch/jpl786/projects/gifter-r10-chicken/tasks/01-mag-acquisition/mags/cmag_639.fna.gz
c1ebbec39e8f7b055e21a82fcc5fc2721b963a5ce1e8783c245df1a7fbd9e5f4	/projects/alberdilab/scratch/jpl786/projects/gifter-r10-chicken/tasks/01-mag-acquisition/mags/cmag_640.fna.gz
355faaa2c2ad41a0222b6ea2ccc53ad1669ae08763584581a2e0f43bd775e4d3	/projects/alberdilab/scratch/jpl786/projects/gifter-r10-chicken/tasks/01-mag-acquisition/mags/cmag_641.fna.gz
57a296706795d838dc48515268af0ba7f1060fd89ac9b17b2cf39a3a2538f0c1	/projects/alberdilab/scratch/jpl786/projects/gifter-r10-chicken/tasks/01-mag-acquisition/mags/cmag_642.fna.gz
96561e423600ccddbf0a8f9de347165c4214637550f69b21e901ab823c529d24	/projects/alberdilab/scratch/jpl786/projects/gifter-r10-chicken/tasks/01-mag-acquisition/mags/cmag_643.fna.gz
5835e7dce361947b817fe8992edbf5eb7246967a90cded94df47952066186524	/projects/alberdilab/scratch/jpl786/projects/gifter-r10-chicken/tasks/01-mag-acquisition/mags/cmag_644.fna.gz
3b0862d6037aacb6003c173263cc1387f210b803e3f88dfd3c6eafb7213a5214	/projects/alberdilab/scratch/jpl786/projects/gifter-r10-chicken/tasks/01-mag-acquisition/mags/cmag_645.fna.gz
a0b6f204cb2958026eb7321b66dc5eef96a93cebafb6f417d3edbbb9d313dffa	/projects/alberdilab/scratch/jpl786/projects/gifter-r10-chicken/tasks/01-mag-acquisition/mags/cmag_646.fna.gz
76461f7c5f6386ac732293c7a14d77187409f44d4938e15e7da4c44e8b1be4da	/projects/alberdilab/scratch/jpl786/projects/gifter-r10-chicken/tasks/01-mag-acquisition/mags/cmag_647.fna.gz
6d8dde2beee190f24b4dfae3fc9b4308f99969e6e838b725ae1104607bb1d305	/projects/alberdilab/scratch/jpl786/projects/gifter-r10-chicken/tasks/01-mag-acquisition/mags/cmag_648.fna.gz
11af462fb7e4bfcae9142f2d67bd3053a7015e63df62eca258f5caa024e10d5c	/projects/alberdilab/scratch/jpl786/projects/gifter-r10-chicken/tasks/01-mag-acquisition/mags/cmag_649.fna.gz
316ebd6f6c00aaa96a3161062631f56f84d2b41f892599aa7f60bb2a9d336d70	/projects/alberdilab/scratch/jpl786/projects/gifter-r10-chicken/tasks/01-mag-acquisition/mags/cmag_650.fna.gz
9b76991518ac9b06737d676f388e66526ce9a38714f9be6991d18927472b51dc	/projects/alberdilab/scratch/jpl786/projects/gifter-r10-chicken/tasks/01-mag-acquisition/mags/cmag_651.fna.gz
36bcf06f156d3f46b27702e92f6cb1d905da6601e202ab79f7e445b39a3f980c	/projects/alberdilab/scratch/jpl786/projects/gifter-r10-chicken/tasks/01-mag-acquisition/mags/cmag_652.fna.gz
02f6e424567b29b074ebd803d323eeca62b470c8e62333bbbb65edfb4597f066	/projects/alberdilab/scratch/jpl786/projects/gifter-r10-chicken/tasks/01-mag-acquisition/mags/cmag_653.fna.gz
7157c5b4c4e2771f52ef3c8472d96254d88b7e53d29724561a9952864c6b1492	/projects/alberdilab/scratch/jpl786/projects/gifter-r10-chicken/tasks/01-mag-acquisition/mags/cmag_654.fna.gz
031096b9e5c86f4834a082deb4ed31dc54682f424105e73547c79a1f3d01df71	/projects/alberdilab/scratch/jpl786/projects/gifter-r10-chicken/tasks/01-mag-acquisition/mags/cmag_655.fna.gz
0daa6edced62de8fd49ade268d0678cbbe79173e941a76828a016a5fe95660d1	/projects/alberdilab/scratch/jpl786/projects/gifter-r10-chicken/tasks/01-mag-acquisition/mags/cmag_656.fna.gz
a082305f133ef3d4c561d7a97a59d6220e7e7ca063701d5d889b45c55c380933	/projects/alberdilab/scratch/jpl786/projects/gifter-r10-chicken/tasks/01-mag-acquisition/mags/cmag_657.fna.gz
3c28e29fa164923f3535816d99b73061d5b3debc357c871e258589b69aab7fb3	/projects/alberdilab/scratch/jpl786/projects/gifter-r10-chicken/tasks/01-mag-acquisition/mags/cmag_658.fna.gz
c1965a16631dda545a5bdac9512f79e709941fada0d3a9eb7228af24ef1b2109	/projects/alberdilab/scratch/jpl786/projects/gifter-r10-chicken/tasks/01-mag-acquisition/mags/cmag_659.fna.gz
c1f312c42b116bbcc601bd8471c9aadf093f8a388b5ed8a22bdc860beeb689fb	/projects/alberdilab/scratch/jpl786/projects/gifter-r10-chicken/tasks/01-mag-acquisition/mags/cmag_660.fna.gz
d010cc27dc489459f9a878530a542c01d271e39762b46f3c95e06d22b0fe27db	/projects/alberdilab/scratch/jpl786/projects/gifter-r10-chicken/tasks/01-mag-acquisition/mags/cmag_661.fna.gz
40824bfc7316709959bf4b5ff0e5424e9874662240bdb9ef6a3de0b0604ead6f	/projects/alberdilab/scratch/jpl786/projects/gifter-r10-chicken/tasks/01-mag-acquisition/mags/cmag_662.fna.gz
f45ae54a32f381fe108ad6efee2919947f23b8160f5bd1c9771d1d89f696aba8	/projects/alberdilab/scratch/jpl786/projects/gifter-r10-chicken/tasks/01-mag-acquisition/mags/cmag_663.fna.gz
2716f36a00411b04c824dc19c53507205d371760c1e28b95d3ad845d68a07de4	/projects/alberdilab/scratch/jpl786/projects/gifter-r10-chicken/tasks/01-mag-acquisition/mags/cmag_664.fna.gz
2c2c42017466eb89dedf334370f62f4f1bdfdde8bf104ece2590be3424541e11	/projects/alberdilab/scratch/jpl786/projects/gifter-r10-chicken/tasks/01-mag-acquisition/mags/cmag_665.fna.gz
3239a581ab8e12bf0210ee65dd35e0782f592478b216838c61666a335ad0f0ad	/projects/alberdilab/scratch/jpl786/projects/gifter-r10-chicken/tasks/01-mag-acquisition/mags/cmag_666.fna.gz
9f23679faad9d31417624905c974cbcaed5a2d8a36cdc059858684f9d5f9d877	/projects/alberdilab/scratch/jpl786/projects/gifter-r10-chicken/tasks/01-mag-acquisition/mags/cmag_667.fna.gz
7f70be68fda52c5807dae58573c78a21657b18017a6cc76d181c32994754f83d	/projects/alberdilab/scratch/jpl786/projects/gifter-r10-chicken/tasks/01-mag-acquisition/mags/cmag_668.fna.gz
96fc2aaaea0eb0f93dafd2bd9df6399ccd7d0c69b04c0679496ce82a49ed910a	/projects/alberdilab/scratch/jpl786/projects/gifter-r10-chicken/tasks/01-mag-acquisition/mags/cmag_669.fna.gz
bf708fe7b75643b72ab1ce233e143fab197e191500b6eac6554ba8b0bff686a8	/projects/alberdilab/scratch/jpl786/projects/gifter-r10-chicken/tasks/01-mag-acquisition/mags/cmag_670.fna.gz
f2547b6980136af8c26c30af91d5b2f9f6794c13b0c802d667bc40aa28c5667f	/projects/alberdilab/scratch/jpl786/projects/gifter-r10-chicken/tasks/01-mag-acquisition/mags/cmag_671.fna.gz
bc9be5b20751f60a0b8664193277204d44054541f2903dfae2f78d1acd16abad	/projects/alberdilab/scratch/jpl786/projects/gifter-r10-chicken/tasks/01-mag-acquisition/mags/cmag_672.fna.gz
9ce25c9f3fe54c9f55e8cf8d3187a6769e26a463f48c857bfd8601f3ecc15f9c	/projects/alberdilab/scratch/jpl786/projects/gifter-r10-chicken/tasks/01-mag-acquisition/mags/cmag_673.fna.gz
3ba03c4ae5f486dd8a523ff9661c043e5b3bc39a7054b8db36d5b84f0da17e2a	/projects/alberdilab/scratch/jpl786/projects/gifter-r10-chicken/tasks/01-mag-acquisition/mags/cmag_674.fna.gz
5f7c4dbd13c5c78ba2d96aabd55b8b153081b41b0c8773731a1ca97ffc42778a	/projects/alberdilab/scratch/jpl786/projects/gifter-r10-chicken/tasks/01-mag-acquisition/mags/cmag_675.fna.gz
319701bcc4da971e95465d9ac4a1ba5f8d827d02cd5c529a511afadddef1daea	/projects/alberdilab/scratch/jpl786/projects/gifter-r10-chicken/tasks/01-mag-acquisition/mags/cmag_676.fna.gz
eee1fc74e98ee2712d086e5b69a333aef498f8bce210c3ccf36b499b930063e0	/projects/alberdilab/scratch/jpl786/projects/gifter-r10-chicken/tasks/01-mag-acquisition/mags/cmag_677.fna.gz
fcdcf31db1f064ef96ca7b4e098e814f6caed4fdc68d197b864c9833a6523528	/projects/alberdilab/scratch/jpl786/projects/gifter-r10-chicken/tasks/01-mag-acquisition/mags/cmag_678.fna.gz
0c9889ffca4315af9b67bfcc7f5198434edf49cb4a491aaa145342283f2b3ba9	/projects/alberdilab/scratch/jpl786/projects/gifter-r10-chicken/tasks/01-mag-acquisition/mags/cmag_679.fna.gz
6ba491a85fb5fb977baa4f031dda46345edb076cc6b6e71ed6e01739d86598c4	/projects/alberdilab/scratch/jpl786/projects/gifter-r10-chicken/tasks/01-mag-acquisition/mags/cmag_680.fna.gz
4d4e17226759cbcb490bf37f82c683a91ad5ce5affceceb691c2072de3370311	/projects/alberdilab/scratch/jpl786/projects/gifter-r10-chicken/tasks/01-mag-acquisition/mags/cmag_681.fna.gz
510a4afebea5d5fccc58deb528984fb0180fc43c50d604704c18eaaf5a6c90fc	/projects/alberdilab/scratch/jpl786/projects/gifter-r10-chicken/tasks/01-mag-acquisition/mags/cmag_682.fna.gz
9b53963b27ace53082310cd78e3dfdde64aaaa6586705165e1aa1c6d67a8b1a1	/projects/alberdilab/scratch/jpl786/projects/gifter-r10-chicken/tasks/01-mag-acquisition/mags/cmag_683.fna.gz
2f30715a96c188298fef52f8da4910e3254b3d46607bdfccbe36d39e6985a4d9	/projects/alberdilab/scratch/jpl786/projects/gifter-r10-chicken/tasks/01-mag-acquisition/mags/cmag_684.fna.gz
c2517a78bd8467ae0a0c330d19d557464498a445c4df4e40154c9a4578395ed8	/projects/alberdilab/scratch/jpl786/projects/gifter-r10-chicken/tasks/01-mag-acquisition/mags/cmag_685.fna.gz
957780e7c3f22852b094f39ae682ca1e236d1178a30b536b23ca311943cbc8c7	/projects/alberdilab/scratch/jpl786/projects/gifter-r10-chicken/tasks/01-mag-acquisition/mags/cmag_686.fna.gz
aebd10f252a8fa28f29dc99df7b328068e4098de61bfcf57d0cc77b21901fc12	/projects/alberdilab/scratch/jpl786/projects/gifter-r10-chicken/tasks/01-mag-acquisition/mags/cmag_687.fna.gz
ac95c99623b6ef4c7984df8424f99ecdf47427f30569df567e5534eabaf38af2	/projects/alberdilab/scratch/jpl786/projects/gifter-r10-chicken/tasks/01-mag-acquisition/mags/cmag_688.fna.gz
19e1a7ea43d857b490dcbfa7cc61219824190aa3e001f4ddd28daf79b5144781	/projects/alberdilab/scratch/jpl786/projects/gifter-r10-chicken/tasks/01-mag-acquisition/mags/cmag_689.fna.gz
547991b4e62be06a51396ec014c777668f9ea5f01de5a09a163c60a2fbc7d1fe	/projects/alberdilab/scratch/jpl786/projects/gifter-r10-chicken/tasks/01-mag-acquisition/mags/cmag_690.fna.gz
81087685fc3a4a7f56101781e67232419c7bea3110d6dcead0c1c028d24d802f	/projects/alberdilab/scratch/jpl786/projects/gifter-r10-chicken/tasks/01-mag-acquisition/mags/cmag_691.fna.gz
9c8e28bc41bae1629add5433ab2e4f9973a8bdb5a10989c2c18fb32c3865913a	/projects/alberdilab/scratch/jpl786/projects/gifter-r10-chicken/tasks/01-mag-acquisition/mags/cmag_692.fna.gz
c5ea6d29aaf5117a82c35bafc70b52d79b4efabb5c4f267cf6ec60314e373073	/projects/alberdilab/scratch/jpl786/projects/gifter-r10-chicken/tasks/01-mag-acquisition/mags/cmag_693.fna.gz
d6a8238132b9e6bfa9ed3a977c71a781c402e9ae5880994c545a03239e1f95a0	/projects/alberdilab/scratch/jpl786/projects/gifter-r10-chicken/tasks/01-mag-acquisition/mags/cmag_694.fna.gz
9e79d05926ec6b4e90d22f85ca633a6fe02c6e0b34da15283fb12b151e6b50d8	/projects/alberdilab/scratch/jpl786/projects/gifter-r10-chicken/tasks/01-mag-acquisition/mags/cmag_695.fna.gz
e0b322f42bb5fd67721f99caf74b57c2f202fe739ba9dbb59a20f9c08afd087b	/projects/alberdilab/scratch/jpl786/projects/gifter-r10-chicken/tasks/01-mag-acquisition/mags/cmag_696.fna.gz
7923f0a697f9fd647a999123d1b0b7580be93551d072d0460dd32c50076cf031	/projects/alberdilab/scratch/jpl786/projects/gifter-r10-chicken/tasks/01-mag-acquisition/mags/cmag_697.fna.gz
15e943a91ded72153e4632c2e4875b8133323286148cdd30430187d91a80dfc6	/projects/alberdilab/scratch/jpl786/projects/gifter-r10-chicken/tasks/01-mag-acquisition/mags/cmag_698.fna.gz
51d133fec7280211f5203c9ac1a654f2f82e97a4a0270f980be0fab999434d36	/projects/alberdilab/scratch/jpl786/projects/gifter-r10-chicken/tasks/01-mag-acquisition/mags/cmag_699.fna.gz
cb2a75db61a85ce2d33f9f90b2f4af3988ecdd73fd87512a89aa50288a508f05	/projects/alberdilab/scratch/jpl786/projects/gifter-r10-chicken/tasks/01-mag-acquisition/mags/cmag_700.fna.gz
da6e4338097b048c2598e6e9035edf3c194ec5a319be9a81d96e6b50dfcca7a5	/projects/alberdilab/scratch/jpl786/projects/gifter-r10-chicken/tasks/01-mag-acquisition/mags/cmag_701.fna.gz
123842b31cabace842e957a660eaf808f9cf2b712dc36ea6e4d88ebcfc608137	/projects/alberdilab/scratch/jpl786/projects/gifter-r10-chicken/tasks/01-mag-acquisition/mags/cmag_702.fna.gz
d520b72be75eab4a4da22448bd29c3b34ecb2f6d927186747e2083693ae11eda	/projects/alberdilab/scratch/jpl786/projects/gifter-r10-chicken/tasks/01-mag-acquisition/mags/cmag_703.fna.gz
3ec48d705734167830ed946a1849faadb30bcaa9dc9592444f56f2d3e94d8ada	/projects/alberdilab/scratch/jpl786/projects/gifter-r10-chicken/tasks/01-mag-acquisition/mags/cmag_704.fna.gz
a4840dc9ba7c178b869cc944f09d08c15d39319da3542f9b06a43c64100cd5b3	/projects/alberdilab/scratch/jpl786/projects/gifter-r10-chicken/tasks/01-mag-acquisition/mags/cmag_705.fna.gz
866c3c5b9fbdfbee3b330dad7660cf2b3847c9b2d871fbf7a5a2868ec87ad6ce	/projects/alberdilab/scratch/jpl786/projects/gifter-r10-chicken/tasks/01-mag-acquisition/mags/cmag_706.fna.gz
452b29d486ad01c54bfec0b1dd7aa839ba74e0107e32705bbc1fa6836a77785c	/projects/alberdilab/scratch/jpl786/projects/gifter-r10-chicken/tasks/01-mag-acquisition/mags/cmag_707.fna.gz
ff26604d2c5d6f11c5e2d5984267acaf6f247bb7467d3aa4553979c138bba3fd	/projects/alberdilab/scratch/jpl786/projects/gifter-r10-chicken/tasks/01-mag-acquisition/mags/cmag_708.fna.gz
d53e6d79120e5701a9fe01c86ef2e3f7e967dfe2988c281fbe88bd834b4a8760	/projects/alberdilab/scratch/jpl786/projects/gifter-r10-chicken/tasks/01-mag-acquisition/mags/cmag_709.fna.gz
89c1daf36ae059523baaff5e14bfe29c2919955c527460afa6c653f6569ecada	/projects/alberdilab/scratch/jpl786/projects/gifter-r10-chicken/tasks/01-mag-acquisition/mags/cmag_710.fna.gz
f718f0bb69a3e7db23a7afc3cfbc1cdc2c5b50f55050ca1cc30a2034dce14b63	/projects/alberdilab/scratch/jpl786/projects/gifter-r10-chicken/tasks/01-mag-acquisition/mags/cmag_711.fna.gz
991993796f919b633cbca7e5f299aa7049cd262c20e3a2dfa979d06fe643f153	/projects/alberdilab/scratch/jpl786/projects/gifter-r10-chicken/tasks/01-mag-acquisition/mags/cmag_712.fna.gz
9a98f80b87fbda6ad3b3d4685a6502003ffc2c40658ddc77fc66306e165b09c2	/projects/alberdilab/scratch/jpl786/projects/gifter-r10-chicken/tasks/01-mag-acquisition/mags/cmag_713.fna.gz
4e1bf69ca4fac993ffcf3f749511b50242aea812b8621016fa7e47d6cc951783	/projects/alberdilab/scratch/jpl786/projects/gifter-r10-chicken/tasks/01-mag-acquisition/mags/cmag_714.fna.gz
b587a41afec138a34765130a9f408c61b2f615cb876430d0986ced5b9f79f847	/projects/alberdilab/scratch/jpl786/projects/gifter-r10-chicken/tasks/01-mag-acquisition/mags/cmag_715.fna.gz
fee05335b65b17305dce6a873df8cf5416e1cfba214f56b173f595906bbede69	/projects/alberdilab/scratch/jpl786/projects/gifter-r10-chicken/tasks/01-mag-acquisition/mags/cmag_716.fna.gz
413497e8f044ee00c2a3ef3740ac7c1e84ec3588f36f5ce35a6ffa585018a1a4	/projects/alberdilab/scratch/jpl786/projects/gifter-r10-chicken/tasks/01-mag-acquisition/mags/cmag_717.fna.gz
0e0a91e7a58c11c4e55ce7bf11851de447ddb833a8451ebe182dd0e4e203a0d0	/projects/alberdilab/scratch/jpl786/projects/gifter-r10-chicken/tasks/01-mag-acquisition/mags/cmag_718.fna.gz
3c38542f1c528836e6dbaf352a335b7981b4703f159644805655ec95518e4346	/projects/alberdilab/scratch/jpl786/projects/gifter-r10-chicken/tasks/01-mag-acquisition/mags/cmag_719.fna.gz
fe2466d28513d8c5bcbe55f94da34a5d0bf6bb2863d29f0c0baba25de9d02a4e	/projects/alberdilab/scratch/jpl786/projects/gifter-r10-chicken/tasks/01-mag-acquisition/mags/cmag_720.fna.gz
647ef183bfacd22323d276dc7219d3e275e93b453c2f17d78d70d26943ade399	/projects/alberdilab/scratch/jpl786/projects/gifter-r10-chicken/tasks/01-mag-acquisition/mags/cmag_721.fna.gz
ee07b2431d7fea1ab8d108c6e6c84da20cf56c16e88a8afbeb609300b0a972e6	/projects/alberdilab/scratch/jpl786/projects/gifter-r10-chicken/tasks/01-mag-acquisition/mags/cmag_722.fna.gz
62500da38ca2399d6eaa2d3f2c2dbd7d35307fce32c4e6a93332cb6bc4c1a6db	/projects/alberdilab/scratch/jpl786/projects/gifter-r10-chicken/tasks/01-mag-acquisition/mags/cmag_723.fna.gz
b543ab941a32471dc47d432e1472b47a17d9ce29bd76a4513726b3b9ac936622	/projects/alberdilab/scratch/jpl786/projects/gifter-r10-chicken/tasks/01-mag-acquisition/mags/cmag_724.fna.gz
6fbe7995f3ecbeb28ca38bd038bc965ef339d9f7ff0cdeaff5bb935fad5040a5	/projects/alberdilab/scratch/jpl786/projects/gifter-r10-chicken/tasks/01-mag-acquisition/mags/cmag_725.fna.gz
5c7a88163089644b49fea711a94932cf92d428da7c34248f6652426733a48ae9	/projects/alberdilab/scratch/jpl786/projects/gifter-r10-chicken/tasks/01-mag-acquisition/mags/cmag_726.fna.gz
87b547f0e044a00bf1354ca9b934e4d45c77af5fe8bb5444ddd3dfee8973ff17	/projects/alberdilab/scratch/jpl786/projects/gifter-r10-chicken/tasks/01-mag-acquisition/mags/cmag_727.fna.gz
3d04328504a32fd8b459921b908eecc1332d7136eda9c2360b0cf8bdecc41d35	/projects/alberdilab/scratch/jpl786/projects/gifter-r10-chicken/tasks/01-mag-acquisition/mags/cmag_728.fna.gz
51eb06ebd23e6e452fe5f4e2b33efb421a7ffe33a001011d72a25b8cf92bfce0	/projects/alberdilab/scratch/jpl786/projects/gifter-r10-chicken/tasks/01-mag-acquisition/mags/cmag_729.fna.gz
2edde1561462284f007bb0ff1302adcd1c3b86cb4f35a18b7a7c8c336123df7c	/projects/alberdilab/scratch/jpl786/projects/gifter-r10-chicken/tasks/01-mag-acquisition/mags/cmag_730.fna.gz
d07853b9dbc0af9150c84ffec649decec715a7091e98292e043a4b8db2f9517e	/projects/alberdilab/scratch/jpl786/projects/gifter-r10-chicken/tasks/01-mag-acquisition/mags/cmag_731.fna.gz
83e8d2d1865b42034e3f6b9ded5547cb3e0e2a15560599c531ea11c29498153d	/projects/alberdilab/scratch/jpl786/projects/gifter-r10-chicken/tasks/01-mag-acquisition/mags/cmag_732.fna.gz
d009fd6729f1a09b1d32ebc8bc59208413dc8b38b7d27b381ab12115746c1072	/projects/alberdilab/scratch/jpl786/projects/gifter-r10-chicken/tasks/01-mag-acquisition/mags/cmag_733.fna.gz
a475e6ac4d5c7bb37bfa473c53cf55877a0ab31c1cfc610f25a75e0600e6d0bf	/projects/alberdilab/scratch/jpl786/projects/gifter-r10-chicken/tasks/01-mag-acquisition/mags/cmag_734.fna.gz
c93a6c86dfbb2919187892c27f7e9482101f59d2667927bed324bcc4ad650e15	/projects/alberdilab/scratch/jpl786/projects/gifter-r10-chicken/tasks/01-mag-acquisition/mags/cmag_735.fna.gz
565d0df9a4b0b39cd94e39b8b1020919bacec1607175622c9116da3b142abd7d	/projects/alberdilab/scratch/jpl786/projects/gifter-r10-chicken/tasks/01-mag-acquisition/mags/cmag_736.fna.gz
a76f0083ec9cffcdad76783f4b1438e719becef4cfdb39a6f2b50e9b670e8092	/projects/alberdilab/scratch/jpl786/projects/gifter-r10-chicken/tasks/01-mag-acquisition/mags/cmag_737.fna.gz
e944fb4310f2da8046a81d9d213033d88b965f9c46af910301f68b02f3656f0c	/projects/alberdilab/scratch/jpl786/projects/gifter-r10-chicken/tasks/01-mag-acquisition/mags/cmag_738.fna.gz
e3e60feb6f07811f6d25d0e038baf5db19476abdb8a5463e2e45658107e9479d	/projects/alberdilab/scratch/jpl786/projects/gifter-r10-chicken/tasks/01-mag-acquisition/mags/cmag_739.fna.gz
201b29982234b3e57f7b76328d986265637957475784c1662deac63af0800820	/projects/alberdilab/scratch/jpl786/projects/gifter-r10-chicken/tasks/01-mag-acquisition/mags/cmag_740.fna.gz
f273bef69eb260074daea6eb0e273f28127338b819e38da8d172b5c0a262c6b8	/projects/alberdilab/scratch/jpl786/projects/gifter-r10-chicken/tasks/01-mag-acquisition/mags/cmag_741.fna.gz
b86a11f78e8d3f1622bb90f4e7d2f18d93d7e7db6c945b36a9c597eea2ba9ad1	/projects/alberdilab/scratch/jpl786/projects/gifter-r10-chicken/tasks/01-mag-acquisition/mags/cmag_742.fna.gz
7a562f0c34d96d4a9414179651e6393ec0a6d84d3dfc6a24b80ed23c674a030f	/projects/alberdilab/scratch/jpl786/projects/gifter-r10-chicken/tasks/01-mag-acquisition/mags/cmag_743.fna.gz
be98d29a6a2fd85857043aa6094ac67c44163bf1e3a9fe6d49a6787b01703c1f	/projects/alberdilab/scratch/jpl786/projects/gifter-r10-chicken/tasks/01-mag-acquisition/mags/cmag_744.fna.gz
aaebb518951a88010c1308abcfdbaa818398fc7b655f4f5c2c04e0a6801519ff	/projects/alberdilab/scratch/jpl786/projects/gifter-r10-chicken/tasks/01-mag-acquisition/mags/cmag_745.fna.gz
481a3b5c532e0040bc0a954e15196e0fe1f1b2529c0f2500fd74b05e6ec899af	/projects/alberdilab/scratch/jpl786/projects/gifter-r10-chicken/tasks/01-mag-acquisition/mags/cmag_746.fna.gz
0ec53027750cd8e7cc49c5c8e35f9e8ff9927e063b8f78fac461fac08b940127	/projects/alberdilab/scratch/jpl786/projects/gifter-r10-chicken/tasks/01-mag-acquisition/mags/cmag_747.fna.gz
8b0bf2ea98c81766de51cb1e15da2e662cc7ef52b3e0e97ab867266563df95a6	/projects/alberdilab/scratch/jpl786/projects/gifter-r10-chicken/tasks/01-mag-acquisition/mags/cmag_748.fna.gz
e0d4a451c449018cf5d2700c6091dc9128930ace9264f85718cd770cc14c6179	/projects/alberdilab/scratch/jpl786/projects/gifter-r10-chicken/tasks/01-mag-acquisition/mags/cmag_749.fna.gz
ff6423128e124453b4f949905c8875c5bfdaff781e5384838cfaa6c6e850093a	/projects/alberdilab/scratch/jpl786/projects/gifter-r10-chicken/tasks/01-mag-acquisition/mags/cmag_750.fna.gz
ecf8bef6493954f2673d86e3a15db8e0796a9efe194f66e66cc75664f49dbb8f	/projects/alberdilab/scratch/jpl786/projects/gifter-r10-chicken/tasks/01-mag-acquisition/mags/cmag_751.fna.gz
dcd393e3fabcf3ce8bf716fce6c3fa79d0d32f9ab92eaa7ed9e7eaa04a3693d8	/projects/alberdilab/scratch/jpl786/projects/gifter-r10-chicken/tasks/01-mag-acquisition/mags/cmag_752.fna.gz
2ceda419d0361ddb10c72e0725cfbf3eb3ecf255a08f8c5b5b2ea30a79d55fe9	/projects/alberdilab/scratch/jpl786/projects/gifter-r10-chicken/tasks/01-mag-acquisition/mags/cmag_753.fna.gz
3750f9ae67a458f266df27166ecfee45e405856cc20c6069f64c2b0eb5ef5497	/projects/alberdilab/scratch/jpl786/projects/gifter-r10-chicken/tasks/01-mag-acquisition/mags/cmag_754.fna.gz
7ef2b4914da822456302d65323678d68dd4a97cfaefab12ea1794b03f1490d89	/projects/alberdilab/scratch/jpl786/projects/gifter-r10-chicken/tasks/01-mag-acquisition/mags/cmag_755.fna.gz
6470453e4a9a5d8d1b38b4d0bacb3168b167b3d62f68c0e68d9859bdd398ae95	/projects/alberdilab/scratch/jpl786/projects/gifter-r10-chicken/tasks/01-mag-acquisition/mags/cmag_756.fna.gz
410930aad5763c0b7866082e4788a27f35ede5ef984cc3d018d94d18152b8404	/projects/alberdilab/scratch/jpl786/projects/gifter-r10-chicken/tasks/01-mag-acquisition/mags/cmag_757.fna.gz
2010c71e8f0d5f09aba94965af52a285c1dae1ab51de8f0a0339fcd258055420	/projects/alberdilab/scratch/jpl786/projects/gifter-r10-chicken/tasks/01-mag-acquisition/mags/cmag_758.fna.gz
ad82c120813d254de0fb945dc30dcdf730d81176278388232716d125c1f5e43a	/projects/alberdilab/scratch/jpl786/projects/gifter-r10-chicken/tasks/01-mag-acquisition/mags/cmag_759.fna.gz
33e037b17bfbf10361d02bda11f9a238b6a9b6741d9f0ff8348970dd563f1a61	/projects/alberdilab/scratch/jpl786/projects/gifter-r10-chicken/tasks/01-mag-acquisition/mags/cmag_760.fna.gz
b8b4b5aff8866cc77234607877184ba3c7d41817a14024066fb26851190ab666	/projects/alberdilab/scratch/jpl786/projects/gifter-r10-chicken/tasks/01-mag-acquisition/mags/cmag_761.fna.gz
b9314b565029dda26175e927965980cc43e7aa4346be0d1048c4c4ed149283b3	/projects/alberdilab/scratch/jpl786/projects/gifter-r10-chicken/tasks/01-mag-acquisition/mags/cmag_762.fna.gz
f34ed8beb159c269ab65a10b0c2a2e4fcddb02953f97ab7c6ddbb71a44698980	/projects/alberdilab/scratch/jpl786/projects/gifter-r10-chicken/tasks/01-mag-acquisition/mags/cmag_763.fna.gz
886888bb93768789a89ea79c75ce7a53c6e3b1f5169aa68630e05ab55a0bc95b	/projects/alberdilab/scratch/jpl786/projects/gifter-r10-chicken/tasks/01-mag-acquisition/mags/cmag_764.fna.gz
536bed9cef2a1d77be481157250895cebc7313149a51a2cca312a21c3977c26b	/projects/alberdilab/scratch/jpl786/projects/gifter-r10-chicken/tasks/01-mag-acquisition/mags/cmag_765.fna.gz
77c476babc64f9eafc5437e66047f348bc8c038ccbecedd8458ab36034d875ae	/projects/alberdilab/scratch/jpl786/projects/gifter-r10-chicken/tasks/01-mag-acquisition/mags/cmag_766.fna.gz
bed1d801c4fd2a3618e14fe8871ccf76da725b905799d241c0480d44c42d2cf0	/projects/alberdilab/scratch/jpl786/projects/gifter-r10-chicken/tasks/01-mag-acquisition/mags/cmag_767.fna.gz
cb3f93a40ffed2bc28efdd611c0aefa0b347b0bd2ab707a4e9f4032ee3455866	/projects/alberdilab/scratch/jpl786/projects/gifter-r10-chicken/tasks/01-mag-acquisition/mags/cmag_768.fna.gz
225506cae127f40ce64ec9442f922a984b3080d3dd099d57ca1761af71fb44fd	/projects/alberdilab/scratch/jpl786/projects/gifter-r10-chicken/tasks/01-mag-acquisition/mags/cmag_769.fna.gz
fda77b2803ecf83549be2e1b547c6df4a7d5e9a5744a5fc055fd251f78efc09f	/projects/alberdilab/scratch/jpl786/projects/gifter-r10-chicken/tasks/01-mag-acquisition/mags/cmag_770.fna.gz
aafc301a7a101cbb73054ed6e8ff6222234d7fcd61fbecb206583754ed7c8e59	/projects/alberdilab/scratch/jpl786/projects/gifter-r10-chicken/tasks/01-mag-acquisition/mags/cmag_771.fna.gz
175c7cc1e3a3f16b84e330b1bfc51e9712cde9bcf9aeb661cf3130aa5bd589ba	/projects/alberdilab/scratch/jpl786/projects/gifter-r10-chicken/tasks/01-mag-acquisition/mags/cmag_772.fna.gz
15d0fa0e9c1ad24a53a4e4a3ebcb1b742722f2b30e3e9eec8ea3c7aeae1459d1	/projects/alberdilab/scratch/jpl786/projects/gifter-r10-chicken/tasks/01-mag-acquisition/mags/cmag_773.fna.gz
f7404dda7c2eb9419a9cf716c5a6e67ff8fb58bcb0b4103e6c6f6a2dafc88cbd	/projects/alberdilab/scratch/jpl786/projects/gifter-r10-chicken/tasks/01-mag-acquisition/mags/cmag_774.fna.gz
822190dbb96a582b4ce6de3c9c74d033c04ab8c150bb43fea93dce50941a4591	/projects/alberdilab/scratch/jpl786/projects/gifter-r10-chicken/tasks/01-mag-acquisition/mags/cmag_775.fna.gz
5514448d35569ac3f124c90b93f7882df87a3225ace39248890743ccaa2582d4	/projects/alberdilab/scratch/jpl786/projects/gifter-r10-chicken/tasks/01-mag-acquisition/mags/cmag_776.fna.gz
63e438a3074a45435ab5d4a35b534eab95fe7990840c74fa53f84e23e519be5b	/projects/alberdilab/scratch/jpl786/projects/gifter-r10-chicken/tasks/01-mag-acquisition/mags/cmag_777.fna.gz
8c32211a33b163ea3b74d1f59e7c136e32877121f22f149ea7107be4410a17b9	/projects/alberdilab/scratch/jpl786/projects/gifter-r10-chicken/tasks/01-mag-acquisition/mags/cmag_778.fna.gz
6bd37ddb3f2c3b6f58bbf17f1d487d51f2c5e41f9685e85020415e39eb138ebe	/projects/alberdilab/scratch/jpl786/projects/gifter-r10-chicken/tasks/01-mag-acquisition/mags/cmag_779.fna.gz
715c31518f39b6df4b4aebdb59f2cb39712f6fcc7c8552e21a00dcdd34c38d40	/projects/alberdilab/scratch/jpl786/projects/gifter-r10-chicken/tasks/01-mag-acquisition/mags/cmag_780.fna.gz
50efa6bf1dc54a8df62d841a66c7b427ae03c4d2a73b4c84e06c09caca365663	/projects/alberdilab/scratch/jpl786/projects/gifter-r10-chicken/tasks/01-mag-acquisition/mags/cmag_781.fna.gz
79ff19943db099aa2dff6b3256768811d51ca9bd50c02b016580402f94cb33d7	/projects/alberdilab/scratch/jpl786/projects/gifter-r10-chicken/tasks/01-mag-acquisition/mags/cmag_782.fna.gz
1386cdc6082209e643e30443e34127908246a74737d7876f79d2257d69b46cc7	/projects/alberdilab/scratch/jpl786/projects/gifter-r10-chicken/tasks/01-mag-acquisition/mags/cmag_783.fna.gz
9725fbd17a4a1b26bf67cd25f6f237cb6fb25865ec2b1a6d55e153b9eb177e6b	/projects/alberdilab/scratch/jpl786/projects/gifter-r10-chicken/tasks/01-mag-acquisition/mags/cmag_784.fna.gz
fb5af4955c368215c73e97c6ea6122fc535c72842ccf94ee09cf97a0828530ed	/projects/alberdilab/scratch/jpl786/projects/gifter-r10-chicken/tasks/01-mag-acquisition/mags/cmag_785.fna.gz
93b9011f6949957341d5112c53f4be1b6d623e395434a0d0ad4e1ef6c67b0d45	/projects/alberdilab/scratch/jpl786/projects/gifter-r10-chicken/tasks/01-mag-acquisition/mags/cmag_786.fna.gz
21bad42ca371efb42dc06ff6e8075f1b433c0f8b149dff04315115f0e45d62d2	/projects/alberdilab/scratch/jpl786/projects/gifter-r10-chicken/tasks/01-mag-acquisition/mags/cmag_787.fna.gz
4689033fc1ea81e9866b7a09f413c2a2da9a262f96ba5875ff703a806029fce2	/projects/alberdilab/scratch/jpl786/projects/gifter-r10-chicken/tasks/01-mag-acquisition/mags/cmag_788.fna.gz
f4aea7afc17fa860bbe5a007f7906ef16d32047d4b1b2bee822fc3a25475c17e	/projects/alberdilab/scratch/jpl786/projects/gifter-r10-chicken/tasks/01-mag-acquisition/mags/cmag_789.fna.gz
35162f97b7b084f975a4597de492209659fdc752d95e35f4579d42acebe6e760	/projects/alberdilab/scratch/jpl786/projects/gifter-r10-chicken/tasks/01-mag-acquisition/mags/cmag_790.fna.gz
a2079578582e4634b7fc863e724ffa91afac09552b35efb30560d6dcd24633c3	/projects/alberdilab/scratch/jpl786/projects/gifter-r10-chicken/tasks/01-mag-acquisition/mags/cmag_791.fna.gz
188a9a9d18ba378bb6ebb56fffc84f4eac1f390510d20a77f1becae11d29489c	/projects/alberdilab/scratch/jpl786/projects/gifter-r10-chicken/tasks/01-mag-acquisition/mags/cmag_792.fna.gz
ec8e9c2b453edd535ed376fd0dd8b7af8546d27d9ea7c158c8b6b4f35635e8ef	/projects/alberdilab/scratch/jpl786/projects/gifter-r10-chicken/tasks/01-mag-acquisition/mags/cmag_793.fna.gz
d9c496bb887b1175d1847d6474325c0f5c053613f84d3184d92f2c09a3732637	/projects/alberdilab/scratch/jpl786/projects/gifter-r10-chicken/tasks/01-mag-acquisition/mags/cmag_794.fna.gz
316aa586a73da277029adc991d43593c81b0a22f3e2121172b5cea2f7d1e1a06	/projects/alberdilab/scratch/jpl786/projects/gifter-r10-chicken/tasks/01-mag-acquisition/mags/cmag_795.fna.gz
5a3062ad7585131679bf4ce793008a9eb62d506579c188b63cd2c00b04fefcf9	/projects/alberdilab/scratch/jpl786/projects/gifter-r10-chicken/tasks/01-mag-acquisition/mags/cmag_796.fna.gz
bad8c6ab8dd1a9b614a55a41b26ec76f9449468ad7ec97efbdfe455a3cecc8b3	/projects/alberdilab/scratch/jpl786/projects/gifter-r10-chicken/tasks/01-mag-acquisition/mags/cmag_797.fna.gz
5164cdd35a1d9cab5d8f9f9dedbe940d55721ee0f949c8af26d1b99c718dc782	/projects/alberdilab/scratch/jpl786/projects/gifter-r10-chicken/tasks/01-mag-acquisition/mags/cmag_798.fna.gz
abbeddb4b56951384e400998f639ec690b688857a1f6a6f5223f9051fdb2aa58	/projects/alberdilab/scratch/jpl786/projects/gifter-r10-chicken/tasks/01-mag-acquisition/mags/cmag_799.fna.gz
faf102ce86061e9aae1f337e680100ba0e0dca734c4201b174e085545ad86411	/projects/alberdilab/scratch/jpl786/projects/gifter-r10-chicken/tasks/01-mag-acquisition/mags/cmag_800.fna.gz
cf2e9596687e36d9441c337a2cac0767ce000b91b67a52bfd6dbf30ada15d53d	/projects/alberdilab/scratch/jpl786/projects/gifter-r10-chicken/tasks/01-mag-acquisition/mags/cmag_801.fna.gz
f34b4753b476b5f2a742e31dee1bdc71666b8fb9335dbf3b8a8e818ea23e4ccb	/projects/alberdilab/scratch/jpl786/projects/gifter-r10-chicken/tasks/01-mag-acquisition/mags/cmag_802.fna.gz
6ccc912dffa971c5fc23e05e88241d414d5b1bfdb3b7d68890f158317d45313c	/projects/alberdilab/scratch/jpl786/projects/gifter-r10-chicken/tasks/01-mag-acquisition/mags/cmag_803.fna.gz
e11862a1e0442f9adb33321aab275cb9176a39a6f1af12890766106fe5c192f4	/projects/alberdilab/scratch/jpl786/projects/gifter-r10-chicken/tasks/01-mag-acquisition/mags/cmag_804.fna.gz
4606d7ffcd42ae43aac055d1e921efbb56e0b7e873082359fe8c5c664a429757	/projects/alberdilab/scratch/jpl786/projects/gifter-r10-chicken/tasks/01-mag-acquisition/mags/cmag_805.fna.gz
2761790559dba3cb6e3a68c03791c9c0f39a7c8451b8f10c420c733893be07c8	/projects/alberdilab/scratch/jpl786/projects/gifter-r10-chicken/tasks/01-mag-acquisition/mags/cmag_806.fna.gz
c316b607dbc053fb8030e2e3f36922ccdb59eda9673f04382e36db0824f0eb33	/projects/alberdilab/scratch/jpl786/projects/gifter-r10-chicken/tasks/01-mag-acquisition/mags/cmag_807.fna.gz
65b97f866c02b31163c2e1f3cd7d047e8259e4e3fa8357cc8c1260aaed8b5814	/projects/alberdilab/scratch/jpl786/projects/gifter-r10-chicken/tasks/01-mag-acquisition/mags/cmag_808.fna.gz
e28979b62e89eedf9a95e3e6531aa9e2f2be2c1ae386ff6780fb71e9fc779bbf	/projects/alberdilab/scratch/jpl786/projects/gifter-r10-chicken/tasks/01-mag-acquisition/mags/cmag_809.fna.gz
610b82f904fd03fe009f67069b0dbf14cd2fc055d3b27ca496fbde4be0fcca84	/projects/alberdilab/scratch/jpl786/projects/gifter-r10-chicken/tasks/01-mag-acquisition/mags/cmag_810.fna.gz
340e76d12bbfce53f85a94516bd2265b76fe7e676b25836f48e5292ea7e310a4	/projects/alberdilab/scratch/jpl786/projects/gifter-r10-chicken/tasks/01-mag-acquisition/mags/cmag_811.fna.gz
9dae9dc377244a361a10fc428877cc7f886a2e2944afea91c1d4cfd0d8306310	/projects/alberdilab/scratch/jpl786/projects/gifter-r10-chicken/tasks/01-mag-acquisition/mags/cmag_812.fna.gz
a6304b80fce350cfdcd9784e6641c2113187576cc47802eb63f66d37817b1cfb	/projects/alberdilab/scratch/jpl786/projects/gifter-r10-chicken/tasks/01-mag-acquisition/mags/cmag_813.fna.gz
25440fd12371f6b52560437e9edbf80fed2bb9bee0b28e8688660a5b5f443228	/projects/alberdilab/scratch/jpl786/projects/gifter-r10-chicken/tasks/01-mag-acquisition/mags/cmag_814.fna.gz
87de1a1cf2b23da3f684b93b20a3fbac6ad1dfdb6d855c81a94dc7abbf2d14f3	/projects/alberdilab/scratch/jpl786/projects/gifter-r10-chicken/tasks/01-mag-acquisition/mags/cmag_815.fna.gz
4e593cc2d5431fd2b872897142c5847fb0045f2d52b6eff7e4689dcf1a590220	/projects/alberdilab/scratch/jpl786/projects/gifter-r10-chicken/tasks/01-mag-acquisition/mags/cmag_816.fna.gz
82dcdb24f77c43bbf987682a6aee3a8d7c60108a553d4553642c4ef5efc7584c	/projects/alberdilab/scratch/jpl786/projects/gifter-r10-chicken/tasks/01-mag-acquisition/mags/cmag_817.fna.gz
b5208e509af9a208ff3e08d6b3f2df20f6e0f528709c2a003e32489dac228e1d	/projects/alberdilab/scratch/jpl786/projects/gifter-r10-chicken/tasks/01-mag-acquisition/mags/cmag_818.fna.gz
0981963a0887134257f8831e1a7d72b70e591acadf996d966ecb5c401a25025e	/projects/alberdilab/scratch/jpl786/projects/gifter-r10-chicken/tasks/01-mag-acquisition/mags/cmag_819.fna.gz
386ffcee9e8fa548d1a975115359a29b47045b3ae7356b2e834c8d33165d16c3	/projects/alberdilab/scratch/jpl786/projects/gifter-r10-chicken/tasks/01-mag-acquisition/mags/cmag_820.fna.gz
3fc9e95f01950f6d116538a45e8de80af76e60cddee707651e18bca5cce6200c	/projects/alberdilab/scratch/jpl786/projects/gifter-r10-chicken/tasks/01-mag-acquisition/mags/cmag_821.fna.gz
8aaab9a97d27751ba4ab4c06c71625298a1e5c925ac862d0a4b33deaae77db24	/projects/alberdilab/scratch/jpl786/projects/gifter-r10-chicken/tasks/01-mag-acquisition/mags/cmag_822.fna.gz
20a10d7c8c43ecd4807b5cc966a03f37eb6163254b14d98e1cc7c2f9b0d00e7d	/projects/alberdilab/scratch/jpl786/projects/gifter-r10-chicken/tasks/01-mag-acquisition/mags/cmag_823.fna.gz
66e67cb6ad1fa7c7fa672df570d6e7bfa23291fe161f74551663f081b6a1b998	/projects/alberdilab/scratch/jpl786/projects/gifter-r10-chicken/tasks/01-mag-acquisition/mags/cmag_824.fna.gz
a2430e62f50d971d20141131e4911ef506be8a81423cfc347ed46f8a6c5528ad	/projects/alberdilab/scratch/jpl786/projects/gifter-r10-chicken/tasks/01-mag-acquisition/mags/cmag_825.fna.gz
